success,real_cvr_hop,real_cvr_endpoint,latency_sec,dataset,seed,patient_idx
True,True,True,0.00040508294478058815,uci,0,0
True,True,True,0.0002766670659184456,uci,0,1
True,True,True,0.00028000003658235073,uci,0,4
True,True,True,0.00025058293249458075,uci,0,6
True,True,True,0.00024279195349663496,uci,0,7
True,True,True,0.00024691701401025057,uci,0,8
True,True,True,0.00024687498807907104,uci,0,9
True,True,True,0.0002591250231489539,uci,0,11
True,True,True,0.0002330410061404109,uci,0,14
True,True,True,0.00023283297196030617,uci,0,16
True,True,True,0.00023695803247392178,uci,0,20
True,False,False,0.00023033400066196918,uci,0,24
True,True,True,0.0002269999822601676,uci,0,28
True,True,True,0.00023158302064985037,uci,0,30
True,True,True,0.00023862498346716166,uci,0,32
True,True,True,0.0002465830184519291,uci,0,34
True,True,True,0.0002307909308001399,uci,0,38
True,True,True,0.00022899999748915434,uci,0,39
True,True,True,0.00022812490351498127,uci,0,44
True,True,True,0.00022775004617869854,uci,0,45
True,True,True,0.00022825004998594522,uci,0,50
True,True,True,0.00024191697593778372,uci,0,52
True,True,True,0.00022770802024751902,uci,0,53
True,True,True,0.00022704096045345068,uci,0,55
True,True,True,0.00022587506100535393,uci,0,57
True,True,True,0.00030229194089770317,uci,1,6
True,True,True,0.0002613330725580454,uci,1,10
True,True,True,0.00024754100013524294,uci,1,15
True,True,True,0.0002745420206338167,uci,1,16
True,False,False,0.00023916701320558786,uci,1,19
True,True,True,0.00023999996483325958,uci,1,21
True,True,True,0.0002523750299587846,uci,1,22
True,True,True,0.0002400000812485814,uci,1,26
True,True,True,0.000254084006883204,uci,1,29
True,True,True,0.00023195799440145493,uci,1,32
True,True,True,0.0002311250427737832,uci,1,33
True,False,False,0.0002359169302508235,uci,1,39
True,True,True,0.0002317089820280671,uci,1,40
True,True,True,0.00026175007224082947,uci,1,42
True,True,True,0.00023241702001541853,uci,1,45
True,True,True,0.00023179198615252972,uci,1,52
True,True,True,0.000253707985393703,uci,1,54
True,True,True,0.00023254193365573883,uci,1,55
True,True,True,0.0002324159722775221,uci,1,56
True,True,True,0.00023362506181001663,uci,1,59
True,True,True,0.00028129108250141144,uci,2,4
True,True,True,0.0002559999702498317,uci,2,7
True,True,True,0.00024524994660168886,uci,2,8
True,True,True,0.00023820798378437757,uci,2,13
True,True,True,0.000263832975178957,uci,2,14
True,True,True,0.00023716699797660112,uci,2,17
True,True,True,0.00023862498346716166,uci,2,25
True,True,True,0.00023375009186565876,uci,2,26
True,True,True,0.00023262505419552326,uci,2,30
True,True,True,0.0002345839748159051,uci,2,32
True,True,True,0.00023266696371138096,uci,2,35
True,True,True,0.0002486670855432749,uci,2,38
True,True,True,0.0002313329605385661,uci,2,40
True,True,True,0.00023324997164309025,uci,2,42
True,True,True,0.0002312499564141035,uci,2,43
True,True,True,0.0002304170047864318,uci,2,45
True,True,True,0.00023279106244444847,uci,2,49
True,True,True,0.0002327921101823449,uci,2,50
True,True,False,0.00023829098790884018,uci,2,51
True,True,True,0.00023283297196030617,uci,2,53
True,True,True,0.00022966705728322268,uci,2,55
True,True,True,0.0002306249225512147,uci,2,56
True,True,True,0.00023079197853803635,uci,2,59
True,True,True,0.0002975830575451255,uci,3,7
True,True,True,0.0002584171015769243,uci,3,10
True,True,False,0.0002449579769745469,uci,3,12
True,True,False,0.00023837503977119923,uci,3,13
True,True,True,0.0002364999381825328,uci,3,16
True,True,True,0.0002359169302508235,uci,3,18
True,True,True,0.00023562496062368155,uci,3,20
True,True,True,0.0003390839556232095,uci,3,22
True,True,True,0.0002897090744227171,uci,3,23
True,True,True,0.0002603749744594097,uci,3,25
True,True,True,0.0002620000159367919,uci,3,26
True,True,True,0.0002599159488454461,uci,3,30
True,True,True,0.00023795897141098976,uci,3,33
True,True,True,0.00023850006982684135,uci,3,35
True,True,True,0.00023437500931322575,uci,3,39
True,True,True,0.00023670797236263752,uci,3,40
True,True,True,0.00025320902932435274,uci,3,41
True,True,True,0.0002337079495191574,uci,3,45
True,True,True,0.00023341691121459007,uci,3,47
True,True,True,0.00023183401208370924,uci,3,48
True,True,True,0.00023404101375490427,uci,3,52
True,True,True,0.0002560000866651535,uci,3,56
True,True,True,0.0002887090668082237,uci,4,3
True,True,True,0.00025529100093990564,uci,4,4
True,True,True,0.00024391699116677046,uci,4,5
True,True,True,0.00024095794651657343,uci,4,11
True,True,True,0.00023545802105218172,uci,4,14
True,True,True,0.00023308303207159042,uci,4,17
True,True,True,0.0002670829417183995,uci,4,19
True,True,True,0.00024341698735952377,uci,4,20
True,True,True,0.00023295904975384474,uci,4,23
True,True,True,0.00023270794190466404,uci,4,27
True,True,True,0.000230959034524858,uci,4,32
True,True,True,0.00023345800582319498,uci,4,33
True,True,True,0.00023204204626381397,uci,4,34
True,True,True,0.00024999992456287146,uci,4,36
True,False,False,0.0002313329605385661,uci,4,37
True,True,True,0.00024262501392513514,uci,4,38
True,True,True,0.00023141701240092516,uci,4,40
True,True,True,0.00023116706870496273,uci,4,42
True,True,True,0.00023062503896653652,uci,4,44
True,True,True,0.0002365419641137123,uci,4,45
True,True,True,0.0002531249774619937,uci,4,57
True,True,True,0.00023033295292407274,uci,4,58
True,True,True,0.0002335419412702322,uci,4,59
True,True,True,0.0022414580453187227,nhanes_real,0,1
True,True,True,0.0019692500354722142,nhanes_real,0,2
True,True,True,0.001884666969999671,nhanes_real,0,5
True,True,True,0.0018054170068353415,nhanes_real,0,6
True,True,True,0.0018093340331688523,nhanes_real,0,7
True,True,True,0.0018071250524371862,nhanes_real,0,8
True,True,True,0.00178304105065763,nhanes_real,0,9
True,True,True,0.0018197500612586737,nhanes_real,0,11
True,True,True,0.0017842089291661978,nhanes_real,0,12
True,True,True,0.001789415953680873,nhanes_real,0,13
True,True,True,0.0018226249376311898,nhanes_real,0,14
True,True,True,0.0017845419934019446,nhanes_real,0,17
True,True,True,0.0018201250350102782,nhanes_real,0,21
True,True,True,0.0018055839464068413,nhanes_real,0,22
True,True,True,0.0017364580417051911,nhanes_real,0,23
True,True,True,0.00179854198358953,nhanes_real,0,26
True,True,True,0.001781583996489644,nhanes_real,0,30
True,True,True,0.001792415976524353,nhanes_real,0,31
True,True,True,0.0017638340359553695,nhanes_real,0,38
True,True,True,0.0017907919827848673,nhanes_real,0,39
True,True,True,0.0017757080495357513,nhanes_real,0,41
True,True,True,0.0019073330331593752,nhanes_real,0,42
True,True,True,0.0018195419106632471,nhanes_real,0,45
True,True,True,0.0019136249320581555,nhanes_real,0,47
True,True,True,0.0017605419270694256,nhanes_real,0,51
True,True,True,0.0017710000975057483,nhanes_real,0,53
True,True,True,0.001825417042709887,nhanes_real,0,54
True,True,True,0.0018069589277729392,nhanes_real,0,56
True,True,True,0.0017850419972091913,nhanes_real,0,60
True,True,True,0.0018112920224666595,nhanes_real,0,61
True,True,True,0.0018077499698847532,nhanes_real,0,62
True,True,True,0.001795999938622117,nhanes_real,0,63
True,True,True,0.00180154200643301,nhanes_real,0,64
True,True,True,0.0018188339890912175,nhanes_real,0,65
True,True,True,0.00170729192905128,nhanes_real,0,67
True,True,True,0.0018039169954136014,nhanes_real,0,68
True,True,True,0.0017528749303892255,nhanes_real,0,70
True,True,True,0.0017509169410914183,nhanes_real,0,72
True,True,True,0.0017476669745519757,nhanes_real,0,74
True,True,True,0.0017789999255910516,nhanes_real,0,76
True,True,True,0.0018191669369116426,nhanes_real,0,78
True,True,True,0.001789041911251843,nhanes_real,0,79
True,True,True,0.0017817079788073897,nhanes_real,0,80
True,True,True,0.0017979999538511038,nhanes_real,0,83
True,True,True,0.001790667069144547,nhanes_real,0,85
True,True,True,0.0017398340860381722,nhanes_real,0,87
True,True,True,0.0017445000121369958,nhanes_real,0,88
True,True,True,0.001733834040351212,nhanes_real,0,90
True,True,True,0.0017935419455170631,nhanes_real,0,97
True,True,True,0.0017574579687789083,nhanes_real,0,99
True,True,True,0.0017541669076308608,nhanes_real,0,100
True,True,True,0.001772125018760562,nhanes_real,0,105
True,True,True,0.001788416993804276,nhanes_real,0,107
True,True,True,0.0018356669461354613,nhanes_real,0,109
True,True,True,0.0017558750696480274,nhanes_real,0,113
True,True,True,0.0017599159618839622,nhanes_real,0,115
True,True,True,0.0017984170699492097,nhanes_real,0,118
True,True,True,0.0018078749999403954,nhanes_real,0,120
True,True,True,0.0018378749955445528,nhanes_real,0,122
True,True,True,0.0018291249871253967,nhanes_real,0,123
True,True,True,0.0018153340788558125,nhanes_real,0,124
True,True,True,0.0018342500552535057,nhanes_real,0,126
True,True,True,0.0018450409406796098,nhanes_real,0,127
True,True,True,0.001745249959640205,nhanes_real,0,129
True,True,True,0.0017774159787222743,nhanes_real,0,132
True,True,True,0.0017803750233724713,nhanes_real,0,133
True,True,True,0.0017687079962342978,nhanes_real,0,134
True,True,True,0.001732666976749897,nhanes_real,0,139
True,True,True,0.0017478748923167586,nhanes_real,0,140
True,True,True,0.0017433339962735772,nhanes_real,0,143
True,True,True,0.0017978750402107835,nhanes_real,0,144
True,True,True,0.0017904590349644423,nhanes_real,0,145
True,True,True,0.0018080419395118952,nhanes_real,0,147
True,True,True,0.0017745830118656158,nhanes_real,0,149
True,True,True,0.0021275830222293735,nhanes_real,0,150
True,True,True,0.0018772500334307551,nhanes_real,0,155
True,True,True,0.001839792006649077,nhanes_real,0,156
True,True,True,0.0017662920290604234,nhanes_real,0,158
True,True,True,0.0017994169611483812,nhanes_real,0,160
True,True,True,0.001756915939040482,nhanes_real,0,162
True,True,True,0.0017430420266464353,nhanes_real,0,163
True,True,True,0.0017674999544396996,nhanes_real,0,164
True,True,True,0.0017834169557318091,nhanes_real,0,166
True,True,True,0.0017657499993219972,nhanes_real,0,167
True,True,True,0.0017691249959170818,nhanes_real,0,168
True,True,True,0.001738124992698431,nhanes_real,0,171
True,True,True,0.0017430409789085388,nhanes_real,0,173
True,True,True,0.0017315000295639038,nhanes_real,0,174
True,True,True,0.0017368340631946921,nhanes_real,0,179
True,True,True,0.0017427500570192933,nhanes_real,0,180
True,True,True,0.0017547920579090714,nhanes_real,0,187
True,True,True,0.0017701660981401801,nhanes_real,0,188
True,True,True,0.0017501669935882092,nhanes_real,0,189
True,True,True,0.0017599579878151417,nhanes_real,0,191
True,True,True,0.0017604170134291053,nhanes_real,0,194
True,True,True,0.0016942920628935099,nhanes_real,0,195
True,True,True,0.0017667500069364905,nhanes_real,0,196
True,True,True,0.0017530419863760471,nhanes_real,0,197
True,True,True,0.001720709027722478,nhanes_real,0,198
True,True,True,0.001754750031977892,nhanes_real,0,199
True,True,True,0.0017602089792490005,nhanes_real,0,200
True,True,True,0.0017838330240920186,nhanes_real,0,201
True,True,True,0.0017588749760761857,nhanes_real,0,204
True,True,True,0.00179704197216779,nhanes_real,0,208
True,True,True,0.0017156250542029738,nhanes_real,0,212
True,True,True,0.0017087080050259829,nhanes_real,0,214
True,True,True,0.0017823749221861362,nhanes_real,0,215
True,True,True,0.0017040000529959798,nhanes_real,0,218
True,True,True,0.0017505420837551355,nhanes_real,0,219
True,True,True,0.0017526670126244426,nhanes_real,0,220
True,True,True,0.0017026669811457396,nhanes_real,0,223
True,True,True,0.0017425839323550463,nhanes_real,0,224
True,True,True,0.001789166941307485,nhanes_real,0,226
True,True,True,0.0018017080146819353,nhanes_real,0,229
True,True,True,0.0017139168921858072,nhanes_real,0,234
True,True,True,0.0017435409827157855,nhanes_real,0,235
True,True,True,0.0017275840509682894,nhanes_real,0,236
True,True,True,0.0017760000191628933,nhanes_real,0,238
True,True,True,0.0017276250291615725,nhanes_real,0,239
True,True,True,0.0017708330415189266,nhanes_real,0,241
True,True,True,0.0017130839405581355,nhanes_real,0,242
True,True,True,0.0017733750864863396,nhanes_real,0,245
True,True,True,0.0018415830563753843,nhanes_real,0,246
True,True,True,0.0017473329789936543,nhanes_real,0,247
True,True,True,0.001778332982212305,nhanes_real,0,249
True,True,True,0.0017722920747473836,nhanes_real,0,250
True,True,True,0.0017207079799845815,nhanes_real,0,254
True,True,True,0.0017139590345323086,nhanes_real,0,255
True,True,True,0.0017614170210435987,nhanes_real,0,256
True,True,True,0.0017401250079274178,nhanes_real,0,257
True,True,True,0.0017354580340906978,nhanes_real,0,264
True,True,True,0.002366625005379319,nhanes_real,0,265
True,True,True,0.0020618749549612403,nhanes_real,0,267
True,True,True,0.0018847920000553131,nhanes_real,0,270
True,True,True,0.001967458054423332,nhanes_real,0,273
True,True,True,0.001791624934412539,nhanes_real,0,278
True,True,True,0.0018146670190617442,nhanes_real,0,281
True,True,True,0.0017781660426408052,nhanes_real,0,282
True,True,True,0.001764416927471757,nhanes_real,0,286
True,True,True,0.0017717910232022405,nhanes_real,0,291
True,True,True,0.0017552919453009963,nhanes_real,0,292
True,True,True,0.0017786250682547688,nhanes_real,0,293
True,True,True,0.0017804999370127916,nhanes_real,0,296
True,True,True,0.001802167040295899,nhanes_real,0,297
True,True,True,0.0019073749426752329,nhanes_real,0,298
True,True,True,0.0017895419150590897,nhanes_real,0,300
True,True,True,0.001788875088095665,nhanes_real,0,303
True,True,True,0.0017863750690594316,nhanes_real,0,304
True,True,True,0.0017605000175535679,nhanes_real,0,306
True,True,True,0.0017794161103665829,nhanes_real,0,308
True,True,True,0.0017992079956457019,nhanes_real,0,312
True,True,True,0.0017916250508278608,nhanes_real,0,313
True,True,True,0.0018045000033453107,nhanes_real,0,314
True,True,True,0.0017601250438019633,nhanes_real,0,316
True,True,True,0.0017929159803315997,nhanes_real,0,317
True,True,True,0.001786625012755394,nhanes_real,0,318
True,True,True,0.0017759579932317138,nhanes_real,0,320
True,True,True,0.0017669170629233122,nhanes_real,0,323
True,True,True,0.0017487499862909317,nhanes_real,0,325
True,True,True,0.0018117500003427267,nhanes_real,0,327
True,True,True,0.0018077499698847532,nhanes_real,0,328
True,True,True,0.0017267080256715417,nhanes_real,0,330
True,True,True,0.0019586250418797135,nhanes_real,0,331
True,True,True,0.001803291030228138,nhanes_real,0,332
True,True,True,0.0017787499818950891,nhanes_real,0,335
True,True,True,0.001845250022597611,nhanes_real,0,338
True,True,True,0.0017458329675719142,nhanes_real,0,339
True,True,True,0.0017408330459147692,nhanes_real,0,344
True,True,True,0.0017947079613804817,nhanes_real,0,348
True,True,True,0.0017832500161603093,nhanes_real,0,349
True,True,True,0.0018251249566674232,nhanes_real,0,351
True,True,True,0.0018029999919235706,nhanes_real,0,353
True,True,True,0.0017638750141486526,nhanes_real,0,356
True,True,True,0.0018211660208180547,nhanes_real,0,358
True,True,True,0.0017733749700710177,nhanes_real,0,360
True,True,True,0.0018044590251520276,nhanes_real,0,361
True,True,True,0.0018343329429626465,nhanes_real,0,362
True,True,True,0.0018284170655533671,nhanes_real,0,363
True,True,True,0.0018056250410154462,nhanes_real,0,368
True,True,True,0.0017484580166637897,nhanes_real,0,371
True,True,True,0.0019356670090928674,nhanes_real,0,374
True,True,True,0.002012041979469359,nhanes_real,0,375
True,True,True,0.001862625009380281,nhanes_real,0,386
True,True,True,0.001728666014969349,nhanes_real,0,392
True,True,True,0.0017618749989196658,nhanes_real,0,398
True,True,True,0.0018100420711562037,nhanes_real,0,400
True,True,True,0.0017826249822974205,nhanes_real,0,401
True,True,True,0.0017583750886842608,nhanes_real,0,402
True,True,True,0.001790915965102613,nhanes_real,0,403
True,True,True,0.0017404590034857392,nhanes_real,0,410
True,True,True,0.0017538330284878612,nhanes_real,0,411
True,True,True,0.0017950839828699827,nhanes_real,0,412
True,True,True,0.001718916930258274,nhanes_real,0,416
True,True,True,0.0017968750325962901,nhanes_real,0,417
True,True,True,0.0017681668978184462,nhanes_real,0,418
True,True,True,0.0018182500498369336,nhanes_real,0,419
True,True,True,0.0017697089351713657,nhanes_real,0,420
True,True,True,0.001786417094990611,nhanes_real,0,421
True,True,True,0.001758459024131298,nhanes_real,0,422
True,True,True,0.001769291004166007,nhanes_real,0,424
True,True,True,0.0017758330795913935,nhanes_real,0,426
True,True,True,0.0017652499955147505,nhanes_real,0,427
True,True,True,0.001740667037665844,nhanes_real,0,428
True,True,True,0.001737041980959475,nhanes_real,0,429
True,True,True,0.0017552500357851386,nhanes_real,0,430
True,True,True,0.0017672079848125577,nhanes_real,0,431
True,True,True,0.0017899579834192991,nhanes_real,0,433
True,True,True,0.0017561250133439898,nhanes_real,0,434
True,True,True,0.001761208986863494,nhanes_real,0,436
True,True,True,0.001805791980586946,nhanes_real,0,437
True,True,True,0.0018168330425396562,nhanes_real,0,444
True,True,True,0.0017518340609967709,nhanes_real,0,446
True,True,True,0.0017994169611483812,nhanes_real,0,448
True,True,True,0.0017794580198824406,nhanes_real,0,449
True,True,True,0.0017715840367600322,nhanes_real,0,452
True,True,True,0.0017571670468896627,nhanes_real,0,454
True,True,True,0.001736750011332333,nhanes_real,0,458
True,True,True,0.0018064589239656925,nhanes_real,0,459
True,True,True,0.0017698339652270079,nhanes_real,0,460
True,True,True,0.0017908749869093299,nhanes_real,0,461
True,True,True,0.001742459018714726,nhanes_real,0,463
True,True,True,0.0018396250670775771,nhanes_real,0,464
True,True,True,0.0017834589816629887,nhanes_real,0,466
True,True,True,0.0017922919942066073,nhanes_real,0,468
True,True,True,0.0018536249408498406,nhanes_real,0,469
True,True,True,0.0017343750223517418,nhanes_real,0,475
True,True,True,0.001788209076039493,nhanes_real,0,476
True,True,True,0.001797541044652462,nhanes_real,0,477
True,True,True,0.0017554169753566384,nhanes_real,0,482
True,True,True,0.001733875018544495,nhanes_real,0,483
True,True,True,0.001754040946252644,nhanes_real,0,484
True,True,True,0.0017960419645532966,nhanes_real,0,489
True,True,True,0.001786625012755394,nhanes_real,0,490
True,True,True,0.0017927499720826745,nhanes_real,0,491
True,True,True,0.0017789590638130903,nhanes_real,0,497
True,True,True,0.001746875001117587,nhanes_real,0,502
True,True,True,0.0018084170296788216,nhanes_real,0,509
True,True,True,0.0017923340201377869,nhanes_real,0,516
True,True,True,0.0017915830248966813,nhanes_real,0,518
True,True,True,0.0017590000061318278,nhanes_real,0,521
True,True,True,0.0017371249850839376,nhanes_real,0,524
True,True,True,0.0017929590540006757,nhanes_real,0,527
True,True,True,0.0018022910226136446,nhanes_real,0,529
True,True,True,0.0018429590854793787,nhanes_real,0,530
True,True,True,0.0017762499628588557,nhanes_real,0,531
True,True,True,0.0017748330719769,nhanes_real,0,535
True,True,True,0.0017645840998739004,nhanes_real,0,536
True,True,True,0.0018426250899210572,nhanes_real,0,537
True,True,True,0.001913582906126976,nhanes_real,0,544
True,True,True,0.0017707919469103217,nhanes_real,0,549
True,True,True,0.0017859580693766475,nhanes_real,0,550
True,True,True,0.0017628750065341592,nhanes_real,0,555
True,True,True,0.0017580419080331922,nhanes_real,0,556
True,True,True,0.0018656249158084393,nhanes_real,0,557
True,True,True,0.001846708939410746,nhanes_real,0,558
True,True,True,0.0018804579740390182,nhanes_real,0,562
True,True,True,0.0017608749913051724,nhanes_real,0,564
True,True,True,0.0018114580307155848,nhanes_real,0,567
True,True,True,0.001780083985067904,nhanes_real,0,568
True,True,True,0.0017474170308560133,nhanes_real,0,569
True,True,True,0.001768167014233768,nhanes_real,0,579
True,True,True,0.0017802079673856497,nhanes_real,0,580
True,True,True,0.00177800003439188,nhanes_real,0,582
True,True,True,0.0017445840639993548,nhanes_real,0,585
True,True,True,0.001840457902289927,nhanes_real,0,586
True,True,True,0.0018237500917166471,nhanes_real,0,587
True,True,True,0.0018309579463675618,nhanes_real,0,590
True,True,True,0.001797082950361073,nhanes_real,0,594
True,True,True,0.0018059579888358712,nhanes_real,0,599
True,True,True,0.001783333020284772,nhanes_real,0,600
True,True,True,0.0017924160929396749,nhanes_real,0,601
True,True,True,0.0018710000440478325,nhanes_real,0,602
True,True,True,0.0017212090315297246,nhanes_real,0,603
True,True,True,0.0018174160504713655,nhanes_real,0,605
True,True,True,0.0017646250780671835,nhanes_real,0,607
True,True,True,0.0017340000486001372,nhanes_real,0,613
True,True,True,0.0018158339662477374,nhanes_real,0,614
True,True,True,0.0017933340277522802,nhanes_real,0,616
True,True,True,0.0017816670006141067,nhanes_real,0,618
True,True,True,0.001769291004166007,nhanes_real,0,620
True,True,True,0.0018021250143647194,nhanes_real,0,621
True,True,True,0.001812624977901578,nhanes_real,0,624
True,True,True,0.0018117500003427267,nhanes_real,0,627
True,True,True,0.0017906250432133675,nhanes_real,0,628
True,True,True,0.0017787079559639096,nhanes_real,0,629
True,True,True,0.0018146249931305647,nhanes_real,0,630
True,True,True,0.0018083330942317843,nhanes_real,0,631
True,True,True,0.001769999973475933,nhanes_real,0,633
True,True,True,0.0018114999402314425,nhanes_real,0,634
True,True,True,0.0017527920426800847,nhanes_real,0,635
True,True,True,0.0017524169525131583,nhanes_real,0,637
True,True,True,0.001915083033964038,nhanes_real,0,642
True,True,True,0.0017452089814469218,nhanes_real,0,643
True,True,True,0.0017887080321088433,nhanes_real,0,644
True,True,True,0.001789625035598874,nhanes_real,0,647
True,True,True,0.001764291082508862,nhanes_real,0,655
True,True,True,0.0017901669489219785,nhanes_real,0,660
True,True,True,0.0017458749935030937,nhanes_real,0,662
True,True,True,0.0018595419824123383,nhanes_real,0,664
True,True,True,0.0017988330218940973,nhanes_real,0,665
True,True,True,0.0017563749570399523,nhanes_real,0,668
True,True,True,0.0017490839818492532,nhanes_real,0,671
True,True,True,0.0017335840966552496,nhanes_real,0,672
True,True,True,0.0017504580318927765,nhanes_real,0,679
True,True,True,0.00178416701965034,nhanes_real,0,684
True,True,True,0.0017238750588148832,nhanes_real,0,687
True,True,True,0.001961416914127767,nhanes_real,0,690
True,True,True,0.0017859169747680426,nhanes_real,0,694
True,True,True,0.0017920839600265026,nhanes_real,0,695
True,True,True,0.0017775839660316706,nhanes_real,0,698
True,True,True,0.001805500010959804,nhanes_real,0,699
True,True,True,0.0017886669375002384,nhanes_real,0,700
True,True,True,0.0017735830042511225,nhanes_real,0,703
True,True,True,0.0017706250073388219,nhanes_real,0,705
True,True,True,0.0017631660448387265,nhanes_real,0,707
True,True,True,0.0017787920078262687,nhanes_real,0,708
True,True,True,0.0017683750484138727,nhanes_real,0,710
True,True,True,0.001815625000745058,nhanes_real,0,711
True,True,True,0.0018298750510439277,nhanes_real,0,712
True,True,True,0.0018430829513818026,nhanes_real,0,713
True,True,True,0.0017667500069364905,nhanes_real,0,716
True,True,True,0.0017856659833341837,nhanes_real,0,718
True,True,True,0.001783458050340414,nhanes_real,0,719
True,True,True,0.00173437490593642,nhanes_real,0,720
True,True,True,0.001747541013173759,nhanes_real,0,721
True,True,True,0.0017797080799937248,nhanes_real,0,722
True,True,True,0.0017868340946733952,nhanes_real,0,723
True,True,True,0.0017661669990047812,nhanes_real,0,724
True,True,True,0.0017336660530418158,nhanes_real,0,725
True,True,True,0.001794292009435594,nhanes_real,0,726
True,True,True,0.0018069169018417597,nhanes_real,0,728
True,True,True,0.0017925420543178916,nhanes_real,0,729
True,True,True,0.0018119169399142265,nhanes_real,0,730
True,True,True,0.0017418330535292625,nhanes_real,0,734
True,True,True,0.0019862080225721,nhanes_real,0,735
True,True,True,0.001824209000915289,nhanes_real,0,739
True,True,True,0.001765207969583571,nhanes_real,0,742
True,True,True,0.0017976670060306787,nhanes_real,0,744
True,True,True,0.0018017500406131148,nhanes_real,0,746
True,True,True,0.0018189579714089632,nhanes_real,0,747
True,True,True,0.0018070000223815441,nhanes_real,0,750
True,True,True,0.0018300419906154275,nhanes_real,0,751
True,True,True,0.001758374972268939,nhanes_real,0,752
True,True,True,0.0018083329778164625,nhanes_real,0,753
True,True,True,0.0018097090069204569,nhanes_real,0,755
True,True,True,0.0018317089416086674,nhanes_real,0,759
True,True,True,0.0017583329463377595,nhanes_real,0,760
True,True,True,0.0017574999947100878,nhanes_real,0,764
True,True,True,0.0017788329860195518,nhanes_real,0,765
True,True,True,0.0017643339233472943,nhanes_real,0,767
True,True,True,0.0018065000185742974,nhanes_real,0,769
True,True,True,0.001758415950462222,nhanes_real,0,773
True,True,True,0.0017658330034464598,nhanes_real,0,774
True,True,True,0.0018092079553753138,nhanes_real,0,775
True,True,True,0.0017587909242138267,nhanes_real,0,777
True,True,True,0.001799750025384128,nhanes_real,0,782
True,True,True,0.0017852919409051538,nhanes_real,0,783
True,True,True,0.0018004160374403,nhanes_real,0,786
True,True,True,0.0018216250464320183,nhanes_real,0,788
True,True,True,0.0017657920252531767,nhanes_real,0,790
True,True,True,0.001794625073671341,nhanes_real,0,792
True,True,True,0.0017912910552695394,nhanes_real,0,794
True,True,True,0.001793834031559527,nhanes_real,0,796
True,True,True,0.0017903329571709037,nhanes_real,0,797
True,True,True,0.0017817089101299644,nhanes_real,0,801
True,True,True,0.001757291960529983,nhanes_real,0,803
True,True,True,0.0017464999109506607,nhanes_real,0,805
True,True,True,0.0018193749710917473,nhanes_real,0,808
True,True,True,0.0017945829313248396,nhanes_real,0,809
True,True,True,0.0017769169062376022,nhanes_real,0,811
True,True,True,0.0017780829221010208,nhanes_real,0,813
True,True,True,0.0018075000261887908,nhanes_real,0,814
True,True,True,0.0017727090744301677,nhanes_real,0,815
True,True,True,0.0017419169889762998,nhanes_real,0,816
True,True,True,0.0017784159863367677,nhanes_real,0,817
True,True,True,0.0017482918919995427,nhanes_real,0,820
True,True,True,0.002451583044603467,nhanes_real,0,821
True,True,True,0.0018497080309316516,nhanes_real,0,822
True,True,True,0.001834792084991932,nhanes_real,0,823
True,True,True,0.001758666941896081,nhanes_real,0,824
True,True,True,0.001785542001016438,nhanes_real,0,828
True,True,True,0.0018085410119965672,nhanes_real,0,830
True,True,True,0.001824457896873355,nhanes_real,0,831
True,True,True,0.001819124910980463,nhanes_real,0,838
True,True,True,0.0018117500003427267,nhanes_real,0,839
True,True,True,0.0018130840035155416,nhanes_real,0,841
True,True,True,0.0018697499763220549,nhanes_real,0,845
True,True,True,0.0018203749787062407,nhanes_real,0,846
True,True,True,0.0017522919224575162,nhanes_real,0,847
True,True,True,0.0017215419793501496,nhanes_real,0,848
True,True,True,0.0017544170841574669,nhanes_real,0,849
True,True,True,0.0017348750261589885,nhanes_real,0,852
True,True,True,0.0017255829880014062,nhanes_real,0,854
True,True,True,0.0016909580444917083,nhanes_real,0,855
True,True,True,0.0017715829890221357,nhanes_real,0,856
True,True,True,0.0017109580803662539,nhanes_real,0,858
True,True,True,0.0017872089520096779,nhanes_real,0,859
True,True,True,0.0017095000948756933,nhanes_real,0,861
True,True,True,0.0017177080735564232,nhanes_real,0,862
True,True,True,0.0017072079936042428,nhanes_real,0,863
True,True,True,0.001740792067721486,nhanes_real,0,864
True,True,True,0.0017024169210344553,nhanes_real,0,866
True,True,True,0.0018062919843941927,nhanes_real,0,875
True,True,True,0.00167404196690768,nhanes_real,0,876
True,True,True,0.0017559160478413105,nhanes_real,0,878
True,True,True,0.0016804580809548497,nhanes_real,0,879
True,True,True,0.0017146249301731586,nhanes_real,0,881
True,True,True,0.0016941659850999713,nhanes_real,0,882
True,True,True,0.00173558306414634,nhanes_real,0,883
True,True,True,0.0017400420038029552,nhanes_real,0,884
True,True,True,0.0017424160614609718,nhanes_real,0,888
True,True,True,0.001745416084304452,nhanes_real,0,891
True,True,True,0.001696875086054206,nhanes_real,0,892
True,True,True,0.001731499913148582,nhanes_real,0,895
True,True,True,0.00173858308698982,nhanes_real,0,896
True,True,True,0.0017177079571411014,nhanes_real,0,897
True,True,True,0.0018222499638795853,nhanes_real,0,898
True,True,True,0.0017690410604700446,nhanes_real,0,901
True,True,True,0.0017673750407993793,nhanes_real,0,902
True,True,True,0.0017348339315503836,nhanes_real,0,904
True,True,True,0.003087916993536055,nhanes_real,1,0
True,True,True,0.002886542002670467,nhanes_real,1,4
True,True,True,0.0025468330131843686,nhanes_real,1,7
True,True,True,0.002217083005234599,nhanes_real,1,8
True,True,True,0.002044333959929645,nhanes_real,1,9
True,True,True,0.001996499951928854,nhanes_real,1,11
True,True,True,0.0019045000663027167,nhanes_real,1,12
True,True,True,0.0018562499899417162,nhanes_real,1,13
True,True,True,0.0018856660462915897,nhanes_real,1,14
True,True,True,0.0019323339220136404,nhanes_real,1,16
True,True,True,0.0018552920082584023,nhanes_real,1,17
True,True,True,0.001756999990902841,nhanes_real,1,19
True,True,True,0.0018428330076858401,nhanes_real,1,20
True,True,True,0.0017412080196663737,nhanes_real,1,21
True,True,True,0.0018137500155717134,nhanes_real,1,22
True,True,True,0.0018176250159740448,nhanes_real,1,23
True,True,True,0.00201645796187222,nhanes_real,1,26
True,True,True,0.0018031660001724958,nhanes_real,1,30
True,True,True,0.0018222919898107648,nhanes_real,1,31
True,True,True,0.0017677090363577008,nhanes_real,1,33
True,True,True,0.0018254579044878483,nhanes_real,1,39
True,True,True,0.0017507500015199184,nhanes_real,1,40
True,True,True,0.0017987500177696347,nhanes_real,1,41
True,True,True,0.0018004169687628746,nhanes_real,1,42
True,True,True,0.0018914170796051621,nhanes_real,1,44
True,True,True,0.0017871250165626407,nhanes_real,1,45
True,True,True,0.00183666602242738,nhanes_real,1,50
True,True,True,0.001767875044606626,nhanes_real,1,51
True,True,True,0.0017756669549271464,nhanes_real,1,53
True,True,True,0.0017413339810445905,nhanes_real,1,55
True,True,True,0.001820000004954636,nhanes_real,1,59
True,True,True,0.0018247088883072138,nhanes_real,1,61
True,True,True,0.0018967919750139117,nhanes_real,1,62
True,True,True,0.0017937499796971679,nhanes_real,1,66
True,True,True,0.0018144170753657818,nhanes_real,1,67
True,True,True,0.0018169169779866934,nhanes_real,1,69
True,True,True,0.0018326250137761235,nhanes_real,1,70
True,True,True,0.0018701659282669425,nhanes_real,1,72
True,True,True,0.0017879580846056342,nhanes_real,1,73
True,True,True,0.0018319590017199516,nhanes_real,1,74
True,True,True,0.0018735830672085285,nhanes_real,1,75
True,True,True,0.0017491659382358193,nhanes_real,1,76
True,True,True,0.0018563750199973583,nhanes_real,1,78
True,True,True,0.001768958056345582,nhanes_real,1,82
True,True,True,0.0018225839594379067,nhanes_real,1,85
True,True,True,0.0017486249562352896,nhanes_real,1,88
True,True,True,0.0018149170791730285,nhanes_real,1,89
True,True,True,0.0018364579882472754,nhanes_real,1,93
True,True,True,0.001853416906669736,nhanes_real,1,94
True,True,True,0.0028648750158026814,nhanes_real,1,97
True,True,True,0.0021343750413507223,nhanes_real,1,98
True,True,True,0.0019165829289704561,nhanes_real,1,99
True,True,True,0.0019338750280439854,nhanes_real,1,101
True,True,True,0.0019105839310213923,nhanes_real,1,102
True,True,True,0.001987791038118303,nhanes_real,1,103
True,True,True,0.002329541021026671,nhanes_real,1,104
True,True,True,0.001908291014842689,nhanes_real,1,106
True,True,True,0.0018757920479401946,nhanes_real,1,107
True,True,True,0.0018795840442180634,nhanes_real,1,108
True,True,True,0.0018569170497357845,nhanes_real,1,110
True,True,True,0.0018136670114472508,nhanes_real,1,111
True,True,True,0.0019156249472871423,nhanes_real,1,116
True,True,True,0.0018284160178154707,nhanes_real,1,117
True,True,True,0.0019888340029865503,nhanes_real,1,120
True,True,True,0.0019304999150335789,nhanes_real,1,122
True,True,True,0.002137750037945807,nhanes_real,1,123
True,True,True,0.0019087500404566526,nhanes_real,1,127
True,True,True,0.0019145829137414694,nhanes_real,1,128
True,True,True,0.0018556249560788274,nhanes_real,1,131
True,True,True,0.002297458006069064,nhanes_real,1,132
True,True,True,0.0020197919802740216,nhanes_real,1,133
True,True,True,0.001887249993160367,nhanes_real,1,135
True,True,True,0.001890541985630989,nhanes_real,1,137
True,True,True,0.0017669169465079904,nhanes_real,1,138
True,True,True,0.0022070829290896654,nhanes_real,1,142
True,True,True,0.0020098750246688724,nhanes_real,1,146
True,True,True,0.002008417039178312,nhanes_real,1,147
True,True,True,0.0019656659569591284,nhanes_real,1,150
True,True,True,0.0020220830338075757,nhanes_real,1,153
True,True,True,0.0019368749344721437,nhanes_real,1,156
True,True,True,0.001984125003218651,nhanes_real,1,158
True,True,True,0.0019595420453697443,nhanes_real,1,159
True,True,True,0.002058124984614551,nhanes_real,1,160
True,True,True,0.0021410409826785326,nhanes_real,1,162
True,True,True,0.00184449995867908,nhanes_real,1,165
True,True,True,0.001821582904085517,nhanes_real,1,167
True,True,True,0.001858582952991128,nhanes_real,1,168
True,True,True,0.0017783750081434846,nhanes_real,1,170
True,True,True,0.0018208329565823078,nhanes_real,1,175
True,True,True,0.0018117920262739062,nhanes_real,1,177
True,True,True,0.0018309169681742787,nhanes_real,1,180
True,True,True,0.0018270830623805523,nhanes_real,1,185
True,True,True,0.0019066660897806287,nhanes_real,1,190
True,True,True,0.0018203329527750611,nhanes_real,1,191
True,True,True,0.0017857920611277223,nhanes_real,1,193
True,True,True,0.0018087499774992466,nhanes_real,1,194
True,True,True,0.001866249949671328,nhanes_real,1,198
True,True,True,0.001798250013962388,nhanes_real,1,200
True,True,True,0.0017777920002117753,nhanes_real,1,203
True,True,True,0.001817332929931581,nhanes_real,1,204
True,True,True,0.0018063749885186553,nhanes_real,1,206
True,True,True,0.0018032080261036754,nhanes_real,1,207
True,True,True,0.0021905830362811685,nhanes_real,1,208
True,True,True,0.001859834068454802,nhanes_real,1,211
True,True,True,0.0017782500945031643,nhanes_real,1,215
True,True,True,0.0017411250155419111,nhanes_real,1,223
True,True,True,0.001693375059403479,nhanes_real,1,224
True,True,True,0.0017806660616770387,nhanes_real,1,225
True,True,True,0.001708833035081625,nhanes_real,1,227
True,True,True,0.0018100839806720614,nhanes_real,1,228
True,True,True,0.001715708989650011,nhanes_real,1,231
True,True,True,0.0017620420549064875,nhanes_real,1,236
True,True,True,0.002097334014251828,nhanes_real,1,237
True,True,True,0.0018057499546557665,nhanes_real,1,238
True,True,True,0.0017658330034464598,nhanes_real,1,240
True,True,True,0.001734041958115995,nhanes_real,1,242
True,True,True,0.0017518328968435526,nhanes_real,1,245
True,True,True,0.0016999170184135437,nhanes_real,1,246
True,True,True,0.0018150829710066319,nhanes_real,1,247
True,True,True,0.0016880419570952654,nhanes_real,1,248
True,True,True,0.0018172920681536198,nhanes_real,1,249
True,True,True,0.001776625053025782,nhanes_real,1,252
True,True,True,0.0020085840951651335,nhanes_real,1,254
True,True,True,0.0019780000438913703,nhanes_real,1,255
True,True,True,0.0027442090213298798,nhanes_real,1,256
True,True,True,0.0025413340190425515,nhanes_real,1,259
True,True,True,0.0024982080794870853,nhanes_real,1,260
True,True,True,0.0020149999763816595,nhanes_real,1,261
True,True,True,0.001818499993532896,nhanes_real,1,267
True,True,True,0.0017951249610632658,nhanes_real,1,268
True,True,True,0.0018245410174131393,nhanes_real,1,270
True,True,True,0.0018495420226827264,nhanes_real,1,273
True,True,True,0.0018327500438317657,nhanes_real,1,274
True,True,True,0.0018491250229999423,nhanes_real,1,275
True,True,True,0.001792999915778637,nhanes_real,1,277
True,True,True,0.0018309999722987413,nhanes_real,1,278
True,True,True,0.0017732910346239805,nhanes_real,1,280
True,True,True,0.0017731670523062348,nhanes_real,1,281
True,True,True,0.0017917499644681811,nhanes_real,1,283
True,True,True,0.0017927500884979963,nhanes_real,1,285
True,True,True,0.0018379170214757323,nhanes_real,1,287
True,True,True,0.0018602920463308692,nhanes_real,1,291
True,True,True,0.0017811249708756804,nhanes_real,1,292
True,True,True,0.001816708012484014,nhanes_real,1,293
True,True,True,0.0018035409739241004,nhanes_real,1,294
True,True,True,0.0017704589990898967,nhanes_real,1,296
True,True,True,0.0018244170350953937,nhanes_real,1,297
True,True,True,0.0017969169421121478,nhanes_real,1,299
True,True,True,0.0018289170693606138,nhanes_real,1,300
True,True,True,0.0020840000361204147,nhanes_real,1,301
True,True,True,0.001929250080138445,nhanes_real,1,303
True,True,True,0.001942667062394321,nhanes_real,1,307
True,True,True,0.0018990420503541827,nhanes_real,1,309
True,True,True,0.001956333057023585,nhanes_real,1,314
True,True,True,0.0025377910351380706,nhanes_real,1,316
True,True,True,0.0022512919967994094,nhanes_real,1,317
True,True,True,0.0018813330680131912,nhanes_real,1,318
True,True,True,0.001792999915778637,nhanes_real,1,319
True,True,True,0.0018423330038785934,nhanes_real,1,321
True,True,True,0.0018057080451399088,nhanes_real,1,322
True,True,True,0.0019031669944524765,nhanes_real,1,324
True,True,True,0.0019989170832559466,nhanes_real,1,325
True,True,True,0.0017756669549271464,nhanes_real,1,332
True,True,True,0.0018417909741401672,nhanes_real,1,333
True,True,True,0.0018824590370059013,nhanes_real,1,335
True,True,True,0.0018340409733355045,nhanes_real,1,336
True,True,True,0.0017682909965515137,nhanes_real,1,337
True,True,True,0.0017744170036166906,nhanes_real,1,338
True,True,True,0.0017774589359760284,nhanes_real,1,339
True,True,True,0.001837416086345911,nhanes_real,1,343
True,True,True,0.0020345839438959956,nhanes_real,1,344
True,True,True,0.0018052910454571247,nhanes_real,1,352
True,True,True,0.0018367500742897391,nhanes_real,1,357
True,True,True,0.0017976670060306787,nhanes_real,1,359
True,True,True,0.001806874992325902,nhanes_real,1,363
True,True,True,0.001771042007021606,nhanes_real,1,364
True,True,True,0.0018316670320928097,nhanes_real,1,365
True,True,True,0.0017369999550282955,nhanes_real,1,366
True,True,True,0.0018085830379277468,nhanes_real,1,368
True,True,True,0.0019895839504897594,nhanes_real,1,371
True,True,True,0.0019858339801430702,nhanes_real,1,377
True,True,True,0.002097291056998074,nhanes_real,1,380
True,True,True,0.002574915997684002,nhanes_real,1,381
True,True,True,0.002311167074367404,nhanes_real,1,383
True,True,True,0.0024994169361889362,nhanes_real,1,385
True,True,True,0.0027695419266819954,nhanes_real,1,386
True,True,True,0.002408374915830791,nhanes_real,1,387
True,True,True,0.0019292919896543026,nhanes_real,1,392
True,True,True,0.0020549589535221457,nhanes_real,1,393
True,True,True,0.0018510420341044664,nhanes_real,1,394
True,True,True,0.0017959170509129763,nhanes_real,1,395
True,False,False,0.0017209160141646862,nhanes_real,1,398
True,True,True,0.0018397499807178974,nhanes_real,1,401
True,True,True,0.0017901669489219785,nhanes_real,1,404
True,True,True,0.001824666978791356,nhanes_real,1,405
True,True,True,0.0018034999957308173,nhanes_real,1,407
True,True,True,0.0018125420901924372,nhanes_real,1,410
True,True,True,0.0018657500622794032,nhanes_real,1,411
True,True,True,0.002133707981556654,nhanes_real,1,412
True,True,True,0.0020566669991239905,nhanes_real,1,415
True,True,True,0.0018092909594997764,nhanes_real,1,417
True,True,True,0.0019348340574651957,nhanes_real,1,418
True,True,True,0.001956416992470622,nhanes_real,1,419
True,True,True,0.0018260000506415963,nhanes_real,1,420
True,True,True,0.0019786249613389373,nhanes_real,1,421
True,True,True,0.0019029999384656549,nhanes_real,1,422
True,True,True,0.001782375038601458,nhanes_real,1,423
True,True,True,0.002064291969873011,nhanes_real,1,427
True,True,True,0.0018729169387370348,nhanes_real,1,429
True,True,True,0.001801125006750226,nhanes_real,1,430
True,True,True,0.0019536669133231044,nhanes_real,1,431
True,True,True,0.001994792022742331,nhanes_real,1,433
True,True,True,0.0017857910133898258,nhanes_real,1,436
True,True,True,0.002087291912175715,nhanes_real,1,437
True,True,True,0.002094124909490347,nhanes_real,1,438
True,True,True,0.0018614169675856829,nhanes_real,1,446
True,True,True,0.0019946249667555094,nhanes_real,1,454
True,True,True,0.0018505830084905028,nhanes_real,1,459
True,True,True,0.0018849590560421348,nhanes_real,1,461
True,True,True,0.001827416941523552,nhanes_real,1,462
True,True,True,0.0019174580229446292,nhanes_real,1,465
True,True,True,0.0021045829635113478,nhanes_real,1,466
True,True,True,0.001845667022280395,nhanes_real,1,472
True,True,True,0.0019942920189350843,nhanes_real,1,473
True,True,True,0.0018136251019313931,nhanes_real,1,479
True,True,True,0.002003250061534345,nhanes_real,1,481
True,True,True,0.0018338750815019011,nhanes_real,1,484
True,True,True,0.0018121249740943313,nhanes_real,1,485
True,True,True,0.0019764589378610253,nhanes_real,1,488
True,True,True,0.0018298330251127481,nhanes_real,1,489
True,True,True,0.0018760000821202993,nhanes_real,1,490
True,True,True,0.0020496250363066792,nhanes_real,1,491
True,True,True,0.0018635829910635948,nhanes_real,1,492
True,True,True,0.0018577920272946358,nhanes_real,1,493
True,True,True,0.0019961249781772494,nhanes_real,1,496
True,True,True,0.0018570419633761048,nhanes_real,1,497
True,True,True,0.001851834007538855,nhanes_real,1,498
True,True,True,0.0020801249193027616,nhanes_real,1,499
True,True,True,0.001982665969990194,nhanes_real,1,502
True,True,True,0.0018382499692961574,nhanes_real,1,504
True,True,True,0.0021255830070003867,nhanes_real,1,505
True,True,True,0.0019818750442937016,nhanes_real,1,506
True,True,True,0.001777915982529521,nhanes_real,1,507
True,True,True,0.0019725830061361194,nhanes_real,1,509
True,True,True,0.0018299591029062867,nhanes_real,1,513
True,True,True,0.0020519589306786656,nhanes_real,1,517
True,True,True,0.0020878330105915666,nhanes_real,1,521
True,True,True,0.0018701249500736594,nhanes_real,1,523
True,True,True,0.0018943339819088578,nhanes_real,1,524
True,True,True,0.001820207922719419,nhanes_real,1,525
True,True,True,0.0018125839997082949,nhanes_real,1,526
True,True,True,0.0018269169377163053,nhanes_real,1,527
True,True,True,0.0018261669902130961,nhanes_real,1,528
True,True,True,0.0018740840023383498,nhanes_real,1,529
True,True,True,0.0017445000121369958,nhanes_real,1,531
True,True,True,0.002047250047326088,nhanes_real,1,532
True,True,True,0.0019589579897001386,nhanes_real,1,534
True,True,True,0.001808249973692,nhanes_real,1,535
True,True,True,0.001942416070960462,nhanes_real,1,537
True,True,True,0.0018303339602425694,nhanes_real,1,540
True,True,True,0.0018774160416796803,nhanes_real,1,541
True,True,True,0.001803999999538064,nhanes_real,1,543
True,True,True,0.0018432500073686242,nhanes_real,1,544
True,True,True,0.0017752500716596842,nhanes_real,1,546
True,True,True,0.0019341250881552696,nhanes_real,1,554
True,True,True,0.0019828330259770155,nhanes_real,1,555
True,True,True,0.0017628750065341592,nhanes_real,1,556
True,True,True,0.001774249947629869,nhanes_real,1,557
True,True,True,0.0020296659786254168,nhanes_real,1,559
True,True,True,0.0018250829307362437,nhanes_real,1,561
True,True,True,0.0017849999712780118,nhanes_real,1,562
True,True,True,0.0019356670090928674,nhanes_real,1,563
True,True,True,0.0017477920046076179,nhanes_real,1,564
True,True,True,0.0018471659859642386,nhanes_real,1,566
True,True,True,0.0017914999043568969,nhanes_real,1,567
True,True,True,0.0021136250579729676,nhanes_real,1,568
True,True,True,0.0018225840758532286,nhanes_real,1,569
True,True,True,0.0017532500205561519,nhanes_real,1,574
True,True,True,0.0019432089757174253,nhanes_real,1,575
True,True,True,0.0019125830149278045,nhanes_real,1,577
True,True,True,0.0017087499145418406,nhanes_real,1,578
True,True,True,0.002192875021137297,nhanes_real,1,583
True,True,True,0.0017282080370932817,nhanes_real,1,584
True,True,True,0.001748958951793611,nhanes_real,1,586
True,True,True,0.0020604999735951424,nhanes_real,1,590
True,True,True,0.001890332903712988,nhanes_real,1,592
True,True,True,0.0018056670669466257,nhanes_real,1,595
True,True,True,0.0018056670669466257,nhanes_real,1,596
True,True,True,0.002020540996454656,nhanes_real,1,598
True,True,True,0.0017991249915212393,nhanes_real,1,601
True,True,True,0.0017398330383002758,nhanes_real,1,602
True,True,True,0.0019389999797567725,nhanes_real,1,605
True,True,True,0.0017701670294627547,nhanes_real,1,606
True,True,True,0.0018848750041797757,nhanes_real,1,607
True,True,True,0.0020567079773172736,nhanes_real,1,609
True,True,True,0.0019662920385599136,nhanes_real,1,610
True,True,True,0.002006000024266541,nhanes_real,1,612
True,True,True,0.00184683408588171,nhanes_real,1,614
True,True,True,0.0018152500269934535,nhanes_real,1,615
True,True,True,0.0019558341009542346,nhanes_real,1,616
True,True,True,0.0033353749895468354,nhanes_real,1,617
True,True,True,0.0023172079818323255,nhanes_real,1,620
True,True,True,0.002970334026031196,nhanes_real,1,622
True,True,True,0.0022201250540092587,nhanes_real,1,624
True,True,True,0.0018070839578285813,nhanes_real,1,626
True,True,True,0.0019283749861642718,nhanes_real,1,627
True,True,True,0.0018451670184731483,nhanes_real,1,628
True,True,True,0.0018821669509634376,nhanes_real,1,629
True,True,True,0.001838125055655837,nhanes_real,1,630
True,True,True,0.0019175000488758087,nhanes_real,1,631
True,True,True,0.0018614999717101455,nhanes_real,1,632
True,True,True,0.0022040000185370445,nhanes_real,1,634
True,True,True,0.00190100003965199,nhanes_real,1,637
True,True,True,0.002078167046420276,nhanes_real,1,640
True,True,True,0.0019167499849572778,nhanes_real,1,642
True,True,True,0.0020065419375896454,nhanes_real,1,644
True,True,True,0.001857916940934956,nhanes_real,1,645
True,True,True,0.001983082969672978,nhanes_real,1,646
True,True,True,0.001784082967787981,nhanes_real,1,647
True,True,True,0.0018382909474894404,nhanes_real,1,649
True,True,True,0.001794166979379952,nhanes_real,1,651
True,True,True,0.002092708949930966,nhanes_real,1,652
True,True,True,0.0018021659925580025,nhanes_real,1,653
True,True,True,0.0018298750510439277,nhanes_real,1,654
True,True,True,0.001750833005644381,nhanes_real,1,655
True,True,True,0.0017527500167489052,nhanes_real,1,657
True,True,True,0.0017569579649716616,nhanes_real,1,658
True,True,True,0.0017502909759059548,nhanes_real,1,660
True,True,True,0.0017947079613804817,nhanes_real,1,664
True,True,True,0.0017495420761406422,nhanes_real,1,666
True,True,True,0.0017607089830562472,nhanes_real,1,668
True,True,True,0.001836917013861239,nhanes_real,1,671
True,True,True,0.0016981660155579448,nhanes_real,1,672
True,True,True,0.0017390839057043195,nhanes_real,1,681
True,True,True,0.001668750075623393,nhanes_real,1,683
True,True,True,0.0017276250291615725,nhanes_real,1,684
True,True,True,0.0016775409458205104,nhanes_real,1,685
True,True,True,0.0017556250095367432,nhanes_real,1,686
True,True,True,0.0017031249590218067,nhanes_real,1,687
True,True,True,0.001750208088196814,nhanes_real,1,689
True,True,True,0.0022764999885112047,nhanes_real,1,692
True,True,True,0.002300000051036477,nhanes_real,1,694
True,True,True,0.00202866701874882,nhanes_real,1,696
True,True,True,0.001907917088828981,nhanes_real,1,698
True,True,True,0.0018362499540671706,nhanes_real,1,699
True,True,True,0.0018468749476596713,nhanes_real,1,706
True,True,True,0.0017884159460663795,nhanes_real,1,708
True,True,True,0.0017671659588813782,nhanes_real,1,709
True,True,True,0.0026736670406535268,nhanes_real,1,713
True,True,True,0.0018619579495862126,nhanes_real,1,714
True,True,True,0.0018906670156866312,nhanes_real,1,715
True,True,True,0.0020071250619366765,nhanes_real,1,717
True,True,True,0.0021632499992847443,nhanes_real,1,718
True,True,True,0.0018869589548557997,nhanes_real,1,723
True,True,True,0.001971874968148768,nhanes_real,1,724
True,True,True,0.001837208983488381,nhanes_real,1,725
True,True,True,0.0017920839600265026,nhanes_real,1,728
True,True,True,0.0018149579409509897,nhanes_real,1,732
True,True,True,0.0018517920980229974,nhanes_real,1,737
True,True,True,0.001871334039606154,nhanes_real,1,738
True,True,True,0.002140166936442256,nhanes_real,1,741
True,True,True,0.0018480420112609863,nhanes_real,1,742
True,True,True,0.001773625030182302,nhanes_real,1,743
True,True,True,0.0017414579633623362,nhanes_real,1,744
True,True,True,0.0017980829579755664,nhanes_real,1,745
True,True,True,0.0016839170129969716,nhanes_real,1,746
True,True,True,0.0017372920410707593,nhanes_real,1,747
True,True,True,0.0017343750223517418,nhanes_real,1,748
True,True,True,0.0017354160081595182,nhanes_real,1,752
True,True,True,0.0017015408957377076,nhanes_real,1,754
True,True,True,0.0018266249680891633,nhanes_real,1,755
True,True,True,0.0016864580102264881,nhanes_real,1,758
True,True,True,0.0017759579932317138,nhanes_real,1,759
True,True,True,0.001752333017066121,nhanes_real,1,760
True,True,True,0.0016965409740805626,nhanes_real,1,761
True,True,True,0.001653707935474813,nhanes_real,1,763
True,True,True,0.0017272919649258256,nhanes_real,1,765
True,True,True,0.0017985840095207095,nhanes_real,1,772
True,True,True,0.0017954169306904078,nhanes_real,1,781
True,True,True,0.0016930419951677322,nhanes_real,1,782
True,True,True,0.0017678329022601247,nhanes_real,1,785
True,True,True,0.0022007920779287815,nhanes_real,1,787
True,True,True,0.0018344579730182886,nhanes_real,1,793
True,True,True,0.0017791250720620155,nhanes_real,1,795
True,True,True,0.0017921669641509652,nhanes_real,1,797
True,True,True,0.0017652499955147505,nhanes_real,1,798
True,True,True,0.0016782500315457582,nhanes_real,1,799
True,True,True,0.001782541978172958,nhanes_real,1,801
True,True,True,0.0017654579132795334,nhanes_real,1,804
True,True,True,0.0017201249720528722,nhanes_real,1,805
True,True,True,0.0018166659865528345,nhanes_real,1,809
True,True,True,0.0020987079478800297,nhanes_real,1,810
True,True,True,0.0019037079764530063,nhanes_real,1,812
True,True,True,0.0018021250143647194,nhanes_real,1,814
True,True,True,0.001927749952301383,nhanes_real,1,816
True,True,True,0.001797499950043857,nhanes_real,1,819
True,True,True,0.001796709024347365,nhanes_real,1,820
True,True,True,0.0022292089415714145,nhanes_real,1,821
True,True,True,0.0024745420087128878,nhanes_real,1,822
True,True,True,0.0021392080234363675,nhanes_real,1,823
True,True,True,0.002045791014097631,nhanes_real,1,824
True,True,True,0.0018328340956941247,nhanes_real,1,828
True,True,True,0.0018160420004278421,nhanes_real,1,830
True,True,True,0.0018174999859184027,nhanes_real,1,832
True,True,True,0.0017964999424293637,nhanes_real,1,833
True,True,True,0.00178920803591609,nhanes_real,1,834
True,True,True,0.0017820419743657112,nhanes_real,1,837
True,True,True,0.0018025829922407866,nhanes_real,1,838
True,True,True,0.0017734169960021973,nhanes_real,1,841
True,True,True,0.0019524580566212535,nhanes_real,1,843
True,True,True,0.0020964170107617974,nhanes_real,1,845
True,True,True,0.0018411659402772784,nhanes_real,1,846
True,True,True,0.0017535000806674361,nhanes_real,1,847
True,True,True,0.001832874957472086,nhanes_real,1,855
True,True,True,0.001759916078299284,nhanes_real,1,856
True,True,True,0.001740792067721486,nhanes_real,1,857
True,True,True,0.0017360409256070852,nhanes_real,1,858
True,True,True,0.0017895419150590897,nhanes_real,1,859
True,True,True,0.0017423330573365092,nhanes_real,1,861
True,True,True,0.0017781250644475222,nhanes_real,1,863
True,True,True,0.0017267089569941163,nhanes_real,1,864
True,True,True,0.0017779170302674174,nhanes_real,1,867
True,True,True,0.0017227089265361428,nhanes_real,1,869
True,True,True,0.0017777920002117753,nhanes_real,1,870
True,True,True,0.0016590419691056013,nhanes_real,1,871
True,True,True,0.0017992500215768814,nhanes_real,1,873
True,True,True,0.0017052500043064356,nhanes_real,1,876
True,True,True,0.0017207079799845815,nhanes_real,1,877
True,True,True,0.0016712079523131251,nhanes_real,1,879
True,True,True,0.0018291249871253967,nhanes_real,1,880
True,True,True,0.0016574999317526817,nhanes_real,1,881
True,True,True,0.0019586249254643917,nhanes_real,1,885
True,True,True,0.0018547080690041184,nhanes_real,1,887
True,True,True,0.0018697910709306598,nhanes_real,1,888
True,True,True,0.0017829160206019878,nhanes_real,1,891
True,True,True,0.0018034579697996378,nhanes_real,1,893
True,True,True,0.0018862920114770532,nhanes_real,1,896
True,True,True,0.0017979999538511038,nhanes_real,1,899
True,True,True,0.00178883399348706,nhanes_real,1,900
True,True,True,0.0018404590664431453,nhanes_real,1,901
True,True,True,0.001822749967686832,nhanes_real,1,902
True,True,True,0.0018197089666500688,nhanes_real,1,903
True,True,True,0.001879333984106779,nhanes_real,1,905
True,True,True,0.0017817079788073897,nhanes_real,1,906
True,True,True,0.0017812089063227177,nhanes_real,1,907
True,True,True,0.0022453749552369118,nhanes_real,2,0
True,True,True,0.0018191670533269644,nhanes_real,2,4
True,True,True,0.0017295829020440578,nhanes_real,2,5
True,True,True,0.0017737919697538018,nhanes_real,2,7
True,True,True,0.001693958998657763,nhanes_real,2,8
True,True,True,0.0017118750838562846,nhanes_real,2,10
True,True,True,0.0017343750223517418,nhanes_real,2,11
True,True,True,0.0016777500277385116,nhanes_real,2,12
True,True,True,0.0016895419685170054,nhanes_real,2,13
True,True,True,0.0016956249019131064,nhanes_real,2,14
True,True,True,0.001646541990339756,nhanes_real,2,17
True,True,True,0.0016617919318377972,nhanes_real,2,18
True,True,True,0.0016977089690044522,nhanes_real,2,19
True,True,True,0.0016779169673100114,nhanes_real,2,22
True,True,True,0.0016680409898981452,nhanes_real,2,23
True,True,True,0.0017186249606311321,nhanes_real,2,25
True,True,True,0.0017185419565066695,nhanes_real,2,26
True,True,True,0.0016700829146429896,nhanes_real,2,28
True,True,True,0.001703500049188733,nhanes_real,2,29
True,True,True,0.0017052080947905779,nhanes_real,2,32
True,True,True,0.0016944999806582928,nhanes_real,2,33
True,True,True,0.0016949999844655395,nhanes_real,2,34
True,True,True,0.0016587920254096389,nhanes_real,2,39
True,True,True,0.001699834014289081,nhanes_real,2,40
True,True,True,0.0017067500157281756,nhanes_real,2,41
True,True,True,0.001680874964222312,nhanes_real,2,43
True,True,True,0.0017045409185811877,nhanes_real,2,45
True,True,True,0.0016913749277591705,nhanes_real,2,46
True,True,True,0.001667457981966436,nhanes_real,2,47
True,True,True,0.001679499982856214,nhanes_real,2,48
True,True,True,0.0016885841032490134,nhanes_real,2,49
True,True,True,0.001709125004708767,nhanes_real,2,52
True,True,True,0.0016857499722391367,nhanes_real,2,54
True,True,True,0.001736333011649549,nhanes_real,2,57
True,True,True,0.0016301249852403998,nhanes_real,2,62
True,True,True,0.0017181250732392073,nhanes_real,2,63
True,True,True,0.0016589999431744218,nhanes_real,2,64
True,True,True,0.001873499946668744,nhanes_real,2,65
True,True,True,0.002025958034209907,nhanes_real,2,66
True,True,True,0.0017905420390889049,nhanes_real,2,69
True,True,True,0.0018159999744966626,nhanes_real,2,73
True,True,True,0.0017357500037178397,nhanes_real,2,74
True,True,True,0.001744624925777316,nhanes_real,2,76
True,True,True,0.001783790998160839,nhanes_real,2,77
True,True,True,0.0017182080773636699,nhanes_real,2,78
True,True,True,0.0017320840852335095,nhanes_real,2,80
True,True,True,0.0017277500592172146,nhanes_real,2,82
True,True,True,0.0017764579970389605,nhanes_real,2,83
True,True,True,0.0017465410055592656,nhanes_real,2,84
True,True,True,0.001764708082191646,nhanes_real,2,87
True,True,True,0.0017455839551985264,nhanes_real,2,88
True,True,True,0.001765332999639213,nhanes_real,2,91
True,True,True,0.0017162919975817204,nhanes_real,2,94
True,True,True,0.0016895000590011477,nhanes_real,2,95
True,True,True,0.0017332910792902112,nhanes_real,2,97
True,True,True,0.0017530419863760471,nhanes_real,2,100
True,True,True,0.0017180420691147447,nhanes_real,2,101
True,True,True,0.00176379201002419,nhanes_real,2,102
True,True,True,0.0017374589806422591,nhanes_real,2,104
True,True,True,0.0017602919833734632,nhanes_real,2,105
True,True,True,0.0017958329990506172,nhanes_real,2,107
True,True,True,0.0017623750027269125,nhanes_real,2,108
True,True,True,0.0017275840509682894,nhanes_real,2,110
True,True,True,0.0017307079397141933,nhanes_real,2,112
True,True,True,0.0017857080092653632,nhanes_real,2,115
True,True,True,0.001750374911352992,nhanes_real,2,116
True,True,True,0.0017290409887209535,nhanes_real,2,118
True,True,True,0.0017616249388083816,nhanes_real,2,121
True,True,True,0.0017900409875437617,nhanes_real,2,123
True,True,True,0.0017295840661972761,nhanes_real,2,125
True,True,True,0.0017542090499773622,nhanes_real,2,126
True,True,True,0.0017644170438870788,nhanes_real,2,127
True,True,True,0.0017400829819962382,nhanes_real,2,128
True,True,True,0.0017337079625576735,nhanes_real,2,129
True,True,True,0.0017607909394428134,nhanes_real,2,132
True,True,True,0.0017436660127714276,nhanes_real,2,133
True,True,True,0.0017646669875830412,nhanes_real,2,138
True,True,True,0.0017237920546904206,nhanes_real,2,140
True,True,True,0.0017687079962342978,nhanes_real,2,143
True,True,True,0.0017762500792741776,nhanes_real,2,145
True,True,True,0.0017827909905463457,nhanes_real,2,146
True,True,True,0.001729500014334917,nhanes_real,2,147
True,True,True,0.0017370410496369004,nhanes_real,2,148
True,True,True,0.0017289170064032078,nhanes_real,2,150
True,True,True,0.0017559999832883477,nhanes_real,2,151
True,True,True,0.0017167499754577875,nhanes_real,2,152
True,True,True,0.0017279579769819975,nhanes_real,2,154
True,True,True,0.0017939169192686677,nhanes_real,2,155
True,True,True,0.0017160000279545784,nhanes_real,2,156
True,True,True,0.0021494999527931213,nhanes_real,2,159
True,True,True,0.001932875020429492,nhanes_real,2,160
True,True,True,0.0018560410244390368,nhanes_real,2,165
True,True,True,0.0018207909306511283,nhanes_real,2,169
True,True,True,0.0017698750598356128,nhanes_real,2,173
True,True,True,0.0017790000420063734,nhanes_real,2,179
True,True,True,0.0017892089672386646,nhanes_real,2,180
True,True,True,0.0017748749814927578,nhanes_real,2,181
True,True,True,0.0018227089894935489,nhanes_real,2,183
True,True,True,0.0017368749249726534,nhanes_real,2,186
True,True,True,0.0023574589285999537,nhanes_real,2,187
True,True,True,0.0017235419945791364,nhanes_real,2,188
True,True,True,0.0016923750517889857,nhanes_real,2,190
True,True,True,0.001686417032033205,nhanes_real,2,191
True,True,True,0.0017526668962091208,nhanes_real,2,193
True,True,True,0.0017143330769613385,nhanes_real,2,194
True,True,True,0.0017284579807892442,nhanes_real,2,195
True,True,True,0.001674500061199069,nhanes_real,2,196
True,True,True,0.0016842079348862171,nhanes_real,2,198
True,True,True,0.0017042499966919422,nhanes_real,2,201
True,True,True,0.0032035839976742864,nhanes_real,2,202
True,True,True,0.002039958955720067,nhanes_real,2,204
True,True,True,0.001911916071549058,nhanes_real,2,213
True,True,True,0.0031789590138942003,nhanes_real,2,214
True,True,True,0.003237208933569491,nhanes_real,2,215
True,True,True,0.0036183750489726663,nhanes_real,2,216
True,True,True,0.0026164159644395113,nhanes_real,2,217
True,True,True,0.0036069999914616346,nhanes_real,2,218
True,True,True,0.0035269169602543116,nhanes_real,2,219
True,True,True,0.0030824579298496246,nhanes_real,2,222
True,True,True,0.002866125083528459,nhanes_real,2,224
True,True,True,0.002971000038087368,nhanes_real,2,225
True,True,True,0.003824334009550512,nhanes_real,2,227
True,True,True,0.0029307500226423144,nhanes_real,2,229
True,True,True,0.0021526250056922436,nhanes_real,2,230
True,True,True,0.002219957998022437,nhanes_real,2,235
True,True,True,0.002772417035885155,nhanes_real,2,238
True,True,True,0.0029439169447869062,nhanes_real,2,240
True,True,True,0.002516250009648502,nhanes_real,2,241
True,True,True,0.0023188330233097076,nhanes_real,2,245
True,True,True,0.002033584052696824,nhanes_real,2,251
True,True,True,0.001974874990992248,nhanes_real,2,253
True,True,True,0.0019610829185694456,nhanes_real,2,258
True,True,True,0.0019220419926568866,nhanes_real,2,259
True,True,True,0.0019069999689236283,nhanes_real,2,260
True,True,True,0.0018863750156015158,nhanes_real,2,263
True,True,True,0.0018948750803247094,nhanes_real,2,267
True,True,True,0.0027567909564822912,nhanes_real,2,273
True,True,True,0.0019106660038232803,nhanes_real,2,274
True,True,True,0.0018631659913808107,nhanes_real,2,275
True,True,True,0.0018926669145002961,nhanes_real,2,276
True,True,True,0.0018838749965652823,nhanes_real,2,282
True,True,True,0.0018499590223655105,nhanes_real,2,284
True,True,True,0.001839083037339151,nhanes_real,2,287
True,True,True,0.0018435829551890492,nhanes_real,2,290
True,True,True,0.0018363749841228127,nhanes_real,2,292
True,True,True,0.0018619999755173922,nhanes_real,2,294
True,True,True,0.0023917920188978314,nhanes_real,2,296
True,True,True,0.002145417034626007,nhanes_real,2,297
True,True,True,0.0020306670339778066,nhanes_real,2,298
True,True,True,0.00266850006300956,nhanes_real,2,299
True,True,True,0.0022230000467970967,nhanes_real,2,302
True,True,True,0.0019464590586721897,nhanes_real,2,304
True,True,True,0.0018839589320123196,nhanes_real,2,305
True,True,True,0.001989792101085186,nhanes_real,2,306
True,True,True,0.0024539580335840583,nhanes_real,2,308
True,True,True,0.0020790830021724105,nhanes_real,2,310
True,True,True,0.0021163750207051635,nhanes_real,2,311
True,True,True,0.0020937089575454593,nhanes_real,2,316
True,True,True,0.002079209079965949,nhanes_real,2,323
True,True,True,0.0021100409794598818,nhanes_real,2,324
True,True,True,0.0020379170309752226,nhanes_real,2,329
True,True,True,0.002752124913968146,nhanes_real,2,330
True,True,True,0.0019805420888587832,nhanes_real,2,331
True,True,True,0.0019097920740023255,nhanes_real,2,332
True,True,True,0.0018925420008599758,nhanes_real,2,334
True,True,True,0.001889082952402532,nhanes_real,2,335
True,True,True,0.0018580000614747405,nhanes_real,2,339
True,True,True,0.0018331250175833702,nhanes_real,2,341
True,True,True,0.0018313750624656677,nhanes_real,2,342
True,True,True,0.0018193330615758896,nhanes_real,2,344
True,True,True,0.0019398750737309456,nhanes_real,2,345
True,True,True,0.0018128749215975404,nhanes_real,2,346
True,True,True,0.0018216660246253014,nhanes_real,2,348
True,True,True,0.0018920829752460122,nhanes_real,2,349
True,True,True,0.002018083934672177,nhanes_real,2,350
True,True,True,0.003485208027996123,nhanes_real,2,354
True,True,True,0.003654333995655179,nhanes_real,2,355
True,True,True,0.0022267079912126064,nhanes_real,2,358
True,True,True,0.0039572910172864795,nhanes_real,2,360
True,True,True,0.005956375040113926,nhanes_real,2,362
True,True,True,0.003487749956548214,nhanes_real,2,365
True,True,True,0.002021874999627471,nhanes_real,2,367
True,True,True,0.0019116249168291688,nhanes_real,2,369
True,True,True,0.0019387920619919896,nhanes_real,2,372
True,True,True,0.002444665995426476,nhanes_real,2,373
True,True,True,0.0019052919233217835,nhanes_real,2,374
True,True,True,0.0018586249789223075,nhanes_real,2,375
True,True,True,0.0019083339720964432,nhanes_real,2,376
True,True,True,0.001889833016321063,nhanes_real,2,377
True,True,True,0.001823166967369616,nhanes_real,2,378
True,True,True,0.0018414589576423168,nhanes_real,2,379
True,True,True,0.0018897919217124581,nhanes_real,2,383
True,True,True,0.001822874997742474,nhanes_real,2,389
True,True,True,0.0019009169191122055,nhanes_real,2,391
True,True,True,0.0018398340325802565,nhanes_real,2,392
True,True,True,0.003673708997666836,nhanes_real,2,393
True,True,True,0.002168833976611495,nhanes_real,2,394
True,True,True,0.0019187500001862645,nhanes_real,2,395
True,True,True,0.0018677080515772104,nhanes_real,2,398
True,True,True,0.0018575829453766346,nhanes_real,2,399
True,True,True,0.001846750034019351,nhanes_real,2,404
True,True,True,0.001840875018388033,nhanes_real,2,405
True,True,True,0.0020063749980181456,nhanes_real,2,407
True,True,True,0.0018662919756025076,nhanes_real,2,413
True,True,True,0.0018309170845896006,nhanes_real,2,415
True,True,True,0.0018282500095665455,nhanes_real,2,416
True,True,True,0.0018182920757681131,nhanes_real,2,417
True,True,True,0.0017999170813709497,nhanes_real,2,418
True,True,True,0.0017795829335227609,nhanes_real,2,421
True,True,True,0.001806542044505477,nhanes_real,2,422
True,True,True,0.0018939580768346786,nhanes_real,2,423
True,True,True,0.0018697499763220549,nhanes_real,2,424
True,True,True,0.0017624999163672328,nhanes_real,2,425
True,True,True,0.0017947920132428408,nhanes_real,2,427
True,True,True,0.0018006250029429793,nhanes_real,2,429
True,True,True,0.0017964999424293637,nhanes_real,2,432
True,True,True,0.00194695801474154,nhanes_real,2,436
True,True,True,0.0018386250594630837,nhanes_real,2,440
True,True,True,0.0018710000440478325,nhanes_real,2,441
True,True,True,0.0017783750081434846,nhanes_real,2,442
True,True,True,0.0017940420657396317,nhanes_real,2,443
True,True,True,0.001808666973374784,nhanes_real,2,447
True,True,True,0.0020799579797312617,nhanes_real,2,451
True,True,True,0.001899666036479175,nhanes_real,2,452
True,True,True,0.0018435829551890492,nhanes_real,2,453
True,True,True,0.0018107080832123756,nhanes_real,2,458
True,True,True,0.0020013749599456787,nhanes_real,2,460
True,True,True,0.0018278330098837614,nhanes_real,2,461
True,True,True,0.0018062921008095145,nhanes_real,2,464
True,True,True,0.001764667103998363,nhanes_real,2,465
True,True,True,0.0017651669913902879,nhanes_real,2,470
True,True,True,0.0018926669145002961,nhanes_real,2,471
True,True,True,0.0018119580345228314,nhanes_real,2,472
True,True,True,0.0018026670441031456,nhanes_real,2,473
True,True,True,0.0017910419264808297,nhanes_real,2,474
True,True,True,0.001833791029639542,nhanes_real,2,477
True,True,True,0.0018078749999403954,nhanes_real,2,478
True,True,True,0.0017791249556466937,nhanes_real,2,479
True,True,True,0.0017850409494712949,nhanes_real,2,481
True,True,True,0.0017378749325871468,nhanes_real,2,482
True,True,True,0.0017311250558122993,nhanes_real,2,483
True,True,True,0.0017882079118862748,nhanes_real,2,484
True,True,True,0.0021106249187141657,nhanes_real,2,489
True,True,True,0.0017770000267773867,nhanes_real,2,491
True,True,True,0.0017674159025773406,nhanes_real,2,495
True,True,True,0.0018037090776488185,nhanes_real,2,498
True,True,True,0.0017397089395672083,nhanes_real,2,503
True,True,True,0.001751541974954307,nhanes_real,2,504
True,True,True,0.0017197910929098725,nhanes_real,2,507
True,True,True,0.0017144579906016588,nhanes_real,2,508
True,True,True,0.0017595409881323576,nhanes_real,2,509
True,True,True,0.001828584005124867,nhanes_real,2,510
True,True,True,0.0017895420314744115,nhanes_real,2,513
True,True,True,0.001750416005961597,nhanes_real,2,514
True,True,True,0.0017564579611644149,nhanes_real,2,515
True,True,True,0.0017886670539155602,nhanes_real,2,520
True,True,True,0.0017694580601528287,nhanes_real,2,521
True,True,True,0.0017629999201744795,nhanes_real,2,522
True,True,True,0.0017988330218940973,nhanes_real,2,523
True,True,True,0.001784833031706512,nhanes_real,2,526
True,True,True,0.0017226670170202851,nhanes_real,2,527
True,True,True,0.0017166249454021454,nhanes_real,2,528
True,True,True,0.0018701249500736594,nhanes_real,2,530
True,True,True,0.0018954590195789933,nhanes_real,2,531
True,True,True,0.001709542004391551,nhanes_real,2,536
True,True,True,0.0017146660247817636,nhanes_real,2,539
True,True,True,0.0017391250003129244,nhanes_real,2,542
True,True,True,0.0017036249628290534,nhanes_real,2,544
True,True,True,0.0017215409316122532,nhanes_real,2,545
True,True,True,0.0016577920177951455,nhanes_real,2,546
True,True,True,0.0016499159391969442,nhanes_real,2,558
True,True,True,0.001711999997496605,nhanes_real,2,559
True,True,True,0.001698667067103088,nhanes_real,2,565
True,True,True,0.0023487500147894025,nhanes_real,2,569
True,True,True,0.002260457957163453,nhanes_real,2,573
True,True,True,0.001900958945043385,nhanes_real,2,574
True,True,True,0.0021708750864490867,nhanes_real,2,582
True,True,True,0.0018309579463675618,nhanes_real,2,583
True,True,True,0.0018192919669672847,nhanes_real,2,585
True,True,True,0.0017515840008854866,nhanes_real,2,587
True,True,True,0.0017821249784901738,nhanes_real,2,588
True,True,True,0.0017642079619690776,nhanes_real,2,595
True,True,True,0.0018666669493541121,nhanes_real,2,596
True,True,True,0.0021357500227168202,nhanes_real,2,599
True,True,True,0.0019452499691396952,nhanes_real,2,600
True,True,True,0.0017892919713631272,nhanes_real,2,603
True,True,True,0.001852832967415452,nhanes_real,2,608
True,True,True,0.0018142079934477806,nhanes_real,2,609
True,True,True,0.001782334060408175,nhanes_real,2,610
True,True,True,0.0018290409352630377,nhanes_real,2,612
True,True,True,0.0018202500650659204,nhanes_real,2,614
True,True,True,0.0017430420266464353,nhanes_real,2,615
True,True,True,0.001955375075340271,nhanes_real,2,616
True,True,True,0.0018407910829409957,nhanes_real,2,617
True,True,True,0.0017899579834192991,nhanes_real,2,618
True,True,True,0.0017716250149533153,nhanes_real,2,619
True,True,True,0.0018017919501289725,nhanes_real,2,620
True,True,True,0.001714208978228271,nhanes_real,2,622
True,True,True,0.0017967080930247903,nhanes_real,2,624
True,True,True,0.0018026669276878238,nhanes_real,2,627
True,True,True,0.0017366250976920128,nhanes_real,2,630
True,True,True,0.0018034169916063547,nhanes_real,2,633
True,True,True,0.0018282500095665455,nhanes_real,2,635
True,True,True,0.0017350410344079137,nhanes_real,2,638
True,True,True,0.001786625012755394,nhanes_real,2,639
True,True,True,0.0018316250061616302,nhanes_real,2,644
True,True,True,0.001719249994494021,nhanes_real,2,645
True,True,True,0.0018248329870402813,nhanes_real,2,646
True,True,True,0.0017805419629439712,nhanes_real,2,647
True,True,True,0.001767416950315237,nhanes_real,2,651
True,True,True,0.0017900000093504786,nhanes_real,2,653
True,True,True,0.0018601249903440475,nhanes_real,2,656
True,True,True,0.0022797080455347896,nhanes_real,2,659
True,True,True,0.0018728330032899976,nhanes_real,2,661
True,True,True,0.0017943340353667736,nhanes_real,2,663
True,True,True,0.0017734160646796227,nhanes_real,2,664
True,True,True,0.0018075000261887908,nhanes_real,2,666
True,True,True,0.0018393329810351133,nhanes_real,2,669
True,True,True,0.0017819999484345317,nhanes_real,2,672
True,True,True,0.0017918749945238233,nhanes_real,2,676
True,True,True,0.0018041250295937061,nhanes_real,2,677
True,True,True,0.0017478750087320805,nhanes_real,2,680
True,True,True,0.0018125000642612576,nhanes_real,2,682
True,True,True,0.001894499990157783,nhanes_real,2,687
True,True,True,0.0017507500015199184,nhanes_real,2,689
True,True,True,0.0017683750484138727,nhanes_real,2,690
True,True,True,0.0017788750119507313,nhanes_real,2,693
True,True,True,0.0017742500640451908,nhanes_real,2,695
True,True,True,0.0017834589816629887,nhanes_real,2,696
True,True,True,0.0017832079902291298,nhanes_real,2,699
True,True,True,0.0017441670643165708,nhanes_real,2,701
True,True,True,0.0018045830074697733,nhanes_real,2,702
True,True,True,0.0017983750440180302,nhanes_real,2,712
True,True,True,0.0017421250231564045,nhanes_real,2,713
True,True,True,0.001776832970790565,nhanes_real,2,714
True,True,True,0.0017980829579755664,nhanes_real,2,716
True,True,True,0.0017644589534029365,nhanes_real,2,719
True,True,True,0.0017983330180868506,nhanes_real,2,721
True,True,True,0.001787999994121492,nhanes_real,2,725
True,True,True,0.0017279579769819975,nhanes_real,2,727
True,True,True,0.0017590840579941869,nhanes_real,2,729
True,True,True,0.0017991249915212393,nhanes_real,2,730
True,True,True,0.0017176250694319606,nhanes_real,2,731
True,True,True,0.0019816249841824174,nhanes_real,2,736
True,True,True,0.001916209002956748,nhanes_real,2,737
True,True,True,0.0018296249909326434,nhanes_real,2,738
True,True,True,0.0017649580258876085,nhanes_real,2,739
True,True,True,0.0017878749640658498,nhanes_real,2,740
True,True,True,0.0018095410196110606,nhanes_real,2,743
True,True,True,0.0017847090493887663,nhanes_real,2,747
True,True,True,0.001807625056244433,nhanes_real,2,750
True,True,True,0.0017504999414086342,nhanes_real,2,752
True,True,True,0.0018070840742439032,nhanes_real,2,754
True,True,True,0.0018434160156175494,nhanes_real,2,755
True,True,True,0.0017958750249817967,nhanes_real,2,759
True,True,True,0.001769874943420291,nhanes_real,2,764
True,True,True,0.0017935410141944885,nhanes_real,2,765
True,True,True,0.001829416025429964,nhanes_real,2,766
True,True,True,0.0017404580721631646,nhanes_real,2,767
True,True,True,0.0017909999005496502,nhanes_real,2,769
True,True,True,0.0018143750494346023,nhanes_real,2,770
True,True,True,0.0018304999684914947,nhanes_real,2,775
True,True,True,0.0017868749564513564,nhanes_real,2,779
True,True,True,0.0021260830108076334,nhanes_real,2,780
True,True,True,0.0019466670928522944,nhanes_real,2,781
True,True,True,0.0018057910492643714,nhanes_real,2,783
True,True,True,0.0017579160630702972,nhanes_real,2,786
True,True,True,0.0017885410925373435,nhanes_real,2,787
True,True,True,0.001768541056662798,nhanes_real,2,788
True,True,True,0.0018505409825593233,nhanes_real,2,795
True,True,True,0.0017765830270946026,nhanes_real,2,796
True,True,True,0.0017622089944779873,nhanes_real,2,797
True,True,True,0.0017898330697789788,nhanes_real,2,804
True,True,True,0.001859665964730084,nhanes_real,2,806
True,True,True,0.001730166026391089,nhanes_real,2,807
True,True,True,0.0017480000387877226,nhanes_real,2,808
True,True,True,0.0017318329773843288,nhanes_real,2,809
True,True,True,0.0017610000213608146,nhanes_real,2,810
True,True,True,0.0017688330262899399,nhanes_real,2,811
True,True,True,0.0017157499678432941,nhanes_real,2,813
True,True,True,0.0017573339864611626,nhanes_real,2,814
True,True,True,0.0017331249546259642,nhanes_real,2,815
True,True,True,0.001740375068038702,nhanes_real,2,818
True,True,True,0.0017791659338399768,nhanes_real,2,819
True,True,True,0.0017939580138772726,nhanes_real,2,821
True,True,True,0.0017498329980298877,nhanes_real,2,822
True,True,True,0.0017368749249726534,nhanes_real,2,823
True,True,True,0.0017205829499289393,nhanes_real,2,824
True,True,True,0.001791000016964972,nhanes_real,2,825
True,True,True,0.001724041998386383,nhanes_real,2,827
True,True,True,0.0018482910236343741,nhanes_real,2,830
True,True,True,0.001713500008918345,nhanes_real,2,833
True,True,True,0.002123874961398542,nhanes_real,2,835
True,True,True,0.002297625062055886,nhanes_real,2,838
True,True,True,0.0026782919885590672,nhanes_real,2,840
True,True,True,0.003082375042140484,nhanes_real,2,841
True,True,True,0.0023073749616742134,nhanes_real,2,844
True,True,True,0.0018165840301662683,nhanes_real,2,847
True,True,True,0.0018132090335711837,nhanes_real,2,848
True,True,True,0.001815499970689416,nhanes_real,2,849
True,True,True,0.0018138749292120337,nhanes_real,2,852
True,True,True,0.0017895420314744115,nhanes_real,2,855
True,True,True,0.0018006670288741589,nhanes_real,2,856
True,True,True,0.0017688749358057976,nhanes_real,2,861
True,True,True,0.0017803329974412918,nhanes_real,2,862
True,True,True,0.0017766249366104603,nhanes_real,2,863
True,True,True,0.0017807079711928964,nhanes_real,2,866
True,True,True,0.0018049998907372355,nhanes_real,2,867
True,True,True,0.0018010410713031888,nhanes_real,2,868
True,True,True,0.0017732499400153756,nhanes_real,2,869
True,True,True,0.001742707914672792,nhanes_real,2,881
True,True,True,0.0017476670909672976,nhanes_real,2,882
True,True,True,0.001828000065870583,nhanes_real,2,885
True,True,True,0.0018580000614747405,nhanes_real,2,886
True,True,True,0.0017957499949261546,nhanes_real,2,887
True,True,True,0.0018038749694824219,nhanes_real,2,890
True,True,True,0.0017442920943722129,nhanes_real,2,896
True,True,True,0.0017577499384060502,nhanes_real,2,899
True,True,True,0.0017924170242622495,nhanes_real,2,902
True,True,True,0.0017997079994529486,nhanes_real,2,904
True,True,True,0.0017807920230552554,nhanes_real,2,905
True,True,True,0.0018246659310534596,nhanes_real,2,906
True,True,True,0.002433457993902266,nhanes_real,3,1
True,True,True,0.0020373750012367964,nhanes_real,3,2
True,True,True,0.0018467499176040292,nhanes_real,3,6
True,True,True,0.0018321670359000564,nhanes_real,3,7
True,True,True,0.0018139589810743928,nhanes_real,3,8
True,True,True,0.001811457914300263,nhanes_real,3,9
True,True,True,0.0019650410395115614,nhanes_real,3,11
True,True,True,0.0019675830844789743,nhanes_real,3,12
True,True,True,0.0018397910753265023,nhanes_real,3,14
True,True,True,0.001815499970689416,nhanes_real,3,16
True,True,True,0.0017709999810904264,nhanes_real,3,17
True,True,True,0.0017919590463861823,nhanes_real,3,18
True,True,True,0.001796458032913506,nhanes_real,3,21
True,True,True,0.0017525829607620835,nhanes_real,3,22
True,True,True,0.0017801671056076884,nhanes_real,3,24
True,True,True,0.001759457984007895,nhanes_real,3,25
True,True,True,0.001888750004582107,nhanes_real,3,29
True,True,True,0.0017676659626886249,nhanes_real,3,33
True,True,True,0.0017657499993219972,nhanes_real,3,37
True,True,True,0.0017667500069364905,nhanes_real,3,38
True,True,True,0.0017944580176845193,nhanes_real,3,39
True,True,True,0.0018172080162912607,nhanes_real,3,40
True,True,True,0.0017637499840930104,nhanes_real,3,46
True,True,True,0.0018809579778462648,nhanes_real,3,47
True,True,True,0.0018029579659923911,nhanes_real,3,48
True,True,True,0.001837208983488381,nhanes_real,3,50
True,True,True,0.0017922919942066073,nhanes_real,3,51
True,True,True,0.001762000028975308,nhanes_real,3,52
True,True,True,0.0017222089227288961,nhanes_real,3,53
True,True,True,0.001793542061932385,nhanes_real,3,55
True,True,True,0.001762458006851375,nhanes_real,3,57
True,True,True,0.0017735410947352648,nhanes_real,3,58
True,True,True,0.0017588329501450062,nhanes_real,3,59
True,True,True,0.0017601250438019633,nhanes_real,3,61
True,True,True,0.0017889590235427022,nhanes_real,3,62
True,True,True,0.0017360409256070852,nhanes_real,3,63
True,True,True,0.0017722079064697027,nhanes_real,3,65
True,True,True,0.0017450419254601002,nhanes_real,3,66
True,True,True,0.0017744170036166906,nhanes_real,3,69
True,True,True,0.0017407500417903066,nhanes_real,3,70
True,True,True,0.001787042012438178,nhanes_real,3,72
True,True,True,0.0017690419917926192,nhanes_real,3,74
True,True,True,0.001771707902662456,nhanes_real,3,76
True,True,True,0.0017852920573204756,nhanes_real,3,80
True,True,True,0.0018252499867230654,nhanes_real,3,84
True,True,True,0.0017741669435054064,nhanes_real,3,86
True,True,True,0.0018312910106033087,nhanes_real,3,87
True,True,True,0.0021022080909460783,nhanes_real,3,91
True,True,True,0.00191837502643466,nhanes_real,3,92
True,True,True,0.0017299579922109842,nhanes_real,3,93
True,True,True,0.001789500005543232,nhanes_real,3,96
True,True,True,0.001703375019133091,nhanes_real,3,97
True,True,True,0.0017457499634474516,nhanes_real,3,98
True,True,True,0.0016768330242484808,nhanes_real,3,99
True,True,True,0.001755374949425459,nhanes_real,3,102
True,True,True,0.0016882909694686532,nhanes_real,3,103
True,True,True,0.001798582961782813,nhanes_real,3,104
True,True,True,0.002102707978338003,nhanes_real,3,105
True,True,True,0.0019352079834789038,nhanes_real,3,109
True,True,True,0.001771374954842031,nhanes_real,3,110
True,True,True,0.0017929170280694962,nhanes_real,3,112
True,True,True,0.001746875001117587,nhanes_real,3,113
True,True,True,0.0021085829939693213,nhanes_real,3,120
True,True,True,0.0018468339694663882,nhanes_real,3,121
True,True,True,0.0017845409456640482,nhanes_real,3,123
True,True,True,0.0017233339603990316,nhanes_real,3,124
True,True,True,0.0020721250912174582,nhanes_real,3,130
True,True,True,0.002102375030517578,nhanes_real,3,131
True,True,True,0.001871083048172295,nhanes_real,3,132
True,True,True,0.0018266250845044851,nhanes_real,3,133
True,True,True,0.00182862498331815,nhanes_real,3,138
True,True,True,0.0017741250339895487,nhanes_real,3,140
True,True,True,0.0018298339564353228,nhanes_real,3,147
True,True,True,0.0017976670060306787,nhanes_real,3,148
True,True,True,0.0017530829645693302,nhanes_real,3,149
True,True,True,0.0017536659725010395,nhanes_real,3,151
True,True,True,0.0019288340117782354,nhanes_real,3,153
True,True,True,0.0018705830443650484,nhanes_real,3,155
True,True,True,0.0018628330435603857,nhanes_real,3,156
True,True,True,0.001724041998386383,nhanes_real,3,158
True,True,True,0.0017738339956849813,nhanes_real,3,159
True,True,True,0.0016972500598058105,nhanes_real,3,161
True,True,True,0.0017925839638337493,nhanes_real,3,163
True,True,True,0.001687832991592586,nhanes_real,3,164
True,True,True,0.00173587491735816,nhanes_real,3,165
True,True,True,0.001645167008973658,nhanes_real,3,169
True,True,True,0.0018182500498369336,nhanes_real,3,171
True,True,True,0.0016658329404890537,nhanes_real,3,172
True,True,True,0.0017829580465331674,nhanes_real,3,174
True,True,True,0.0016583329997956753,nhanes_real,3,176
True,True,True,0.0017614170210435987,nhanes_real,3,177
True,False,False,0.001633916050195694,nhanes_real,3,178
True,True,True,0.0017356669995933771,nhanes_real,3,180
True,True,True,0.001651250058785081,nhanes_real,3,183
True,True,True,0.001753667020238936,nhanes_real,3,184
True,True,True,0.0016434999415650964,nhanes_real,3,185
True,True,True,0.001778292004019022,nhanes_real,3,189
True,True,True,0.0017019589431583881,nhanes_real,3,190
True,True,True,0.0017574579687789083,nhanes_real,3,191
True,True,True,0.0016726660542190075,nhanes_real,3,193
True,True,True,0.0017357500037178397,nhanes_real,3,194
True,True,True,0.0016744999447837472,nhanes_real,3,195
True,True,True,0.0017223749309778214,nhanes_real,3,196
True,True,True,0.0016411670949310064,nhanes_real,3,199
True,True,True,0.0017593329539522529,nhanes_real,3,202
True,True,True,0.001694709062576294,nhanes_real,3,207
True,True,True,0.0016934999730437994,nhanes_real,3,210
True,True,True,0.0017532079946249723,nhanes_real,3,212
True,True,True,0.0017445409903302789,nhanes_real,3,216
True,True,True,0.0016337500419467688,nhanes_real,3,221
True,True,True,0.0017049580346792936,nhanes_real,3,226
True,True,True,0.0016521250363439322,nhanes_real,3,227
True,True,True,0.001771167037077248,nhanes_real,3,228
True,True,True,0.001669249963015318,nhanes_real,3,238
True,True,True,0.0017478750087320805,nhanes_real,3,239
True,True,True,0.001634208019822836,nhanes_real,3,240
True,True,True,0.0017129579791799188,nhanes_real,3,242
True,True,True,0.001668082899414003,nhanes_real,3,244
True,True,True,0.0017701670294627547,nhanes_real,3,250
True,True,True,0.0016740420833230019,nhanes_real,3,251
True,True,True,0.001723041059449315,nhanes_real,3,252
True,True,True,0.0016872501000761986,nhanes_real,3,254
True,True,True,0.0017208749195560813,nhanes_real,3,259
True,True,True,0.0016466251108795404,nhanes_real,3,261
True,True,True,0.001722916029393673,nhanes_real,3,262
True,True,True,0.001679791952483356,nhanes_real,3,265
True,True,True,0.0017889579758048058,nhanes_real,3,271
True,True,True,0.0015975419664755464,nhanes_real,3,272
True,True,True,0.0017370840068906546,nhanes_real,3,275
True,True,True,0.0019137499621137977,nhanes_real,3,276
True,True,True,0.0019204580457881093,nhanes_real,3,277
True,True,True,0.0018318749498575926,nhanes_real,3,279
True,True,True,0.0018095830455422401,nhanes_real,3,280
True,True,True,0.0018047920893877745,nhanes_real,3,283
True,True,True,0.0017516249790787697,nhanes_real,3,284
True,True,True,0.0018282500095665455,nhanes_real,3,285
True,True,True,0.0018459580605849624,nhanes_real,3,288
True,True,True,0.0018350000027567148,nhanes_real,3,290
True,True,True,0.0017712499247863889,nhanes_real,3,291
True,True,True,0.001870625070296228,nhanes_real,3,292
True,True,True,0.0017905420390889049,nhanes_real,3,296
True,True,True,0.0021334169432520866,nhanes_real,3,302
True,True,True,0.0020876250928267837,nhanes_real,3,304
True,True,True,0.0020675419364124537,nhanes_real,3,308
True,True,True,0.0020987919997423887,nhanes_real,3,309
True,True,True,0.0020784171065315604,nhanes_real,3,310
True,True,True,0.002093082992359996,nhanes_real,3,311
True,True,True,0.0020092909689992666,nhanes_real,3,312
True,True,True,0.0020418750355020165,nhanes_real,3,314
True,True,True,0.00206175004132092,nhanes_real,3,318
True,True,True,0.0018755410565063357,nhanes_real,3,319
True,True,True,0.0017975829541683197,nhanes_real,3,320
True,True,True,0.0017538750544190407,nhanes_real,3,321
True,True,True,0.001842375029809773,nhanes_real,3,322
True,True,True,0.001717959064990282,nhanes_real,3,324
True,True,True,0.0017651660600677133,nhanes_real,3,326
True,True,True,0.0016771249938756227,nhanes_real,3,327
True,True,True,0.0017459581140428782,nhanes_real,3,328
True,True,True,0.0016937500331550837,nhanes_real,3,329
True,True,True,0.0017179999267682433,nhanes_real,3,332
True,True,True,0.0016737920232117176,nhanes_real,3,339
True,True,True,0.0017455830238759518,nhanes_real,3,340
True,True,True,0.0016496659955009818,nhanes_real,3,341
True,True,True,0.0017272079130634665,nhanes_real,3,342
True,True,True,0.0016684159636497498,nhanes_real,3,344
True,True,True,0.0017557910177856684,nhanes_real,3,346
True,True,True,0.0017096659867092967,nhanes_real,3,347
True,True,True,0.0017108339816331863,nhanes_real,3,348
True,True,True,0.0017795839812606573,nhanes_real,3,349
True,True,True,0.001760166953317821,nhanes_real,3,351
True,True,True,0.0016712079523131251,nhanes_real,3,357
True,True,True,0.001728041097521782,nhanes_real,3,360
True,True,True,0.001674541039392352,nhanes_real,3,365
True,True,True,0.001749041024595499,nhanes_real,3,367
True,True,True,0.0017347920220345259,nhanes_real,3,368
True,True,True,0.0017069579334929585,nhanes_real,3,369
True,True,True,0.0016803749604150653,nhanes_real,3,370
True,True,True,0.0018350420286878943,nhanes_real,3,371
True,True,True,0.0016863750061020255,nhanes_real,3,372
True,True,True,0.001757333055138588,nhanes_real,3,374
True,True,True,0.0017305000219494104,nhanes_real,3,376
True,True,True,0.0019500830676406622,nhanes_real,3,379
True,True,True,0.0016761659644544125,nhanes_real,3,380
True,True,True,0.0017316669691354036,nhanes_real,3,381
True,True,True,0.001679499982856214,nhanes_real,3,387
True,True,True,0.0017470410093665123,nhanes_real,3,388
True,True,True,0.0016606251010671258,nhanes_real,3,389
True,True,True,0.0017544159200042486,nhanes_real,3,393
True,True,True,0.0016503750812262297,nhanes_real,3,397
True,True,True,0.001711374963633716,nhanes_real,3,400
True,True,True,0.0017206249758601189,nhanes_real,3,402
True,True,True,0.0019870420219376683,nhanes_real,3,403
True,True,True,0.0017818749183788896,nhanes_real,3,404
True,True,True,0.0017970839980989695,nhanes_real,3,407
True,True,True,0.0017737080343067646,nhanes_real,3,409
True,True,True,0.0017664170591160655,nhanes_real,3,411
True,True,True,0.0018050000071525574,nhanes_real,3,412
True,True,True,0.0019012499833479524,nhanes_real,3,413
True,True,True,0.0018866249592974782,nhanes_real,3,417
True,True,True,0.001869458006694913,nhanes_real,3,418
True,True,True,0.0018018749542534351,nhanes_real,3,420
True,True,True,0.0018230830319225788,nhanes_real,3,422
True,True,True,0.0017705829814076424,nhanes_real,3,424
True,True,True,0.0017662920290604234,nhanes_real,3,430
True,True,True,0.0017780830385163426,nhanes_real,3,432
True,True,True,0.0017787499818950891,nhanes_real,3,436
True,True,True,0.0017508340533822775,nhanes_real,3,437
True,True,True,0.0018050000071525574,nhanes_real,3,438
True,True,True,0.0017372500151395798,nhanes_real,3,440
True,True,True,0.001763500040397048,nhanes_real,3,443
True,True,True,0.0018183330539613962,nhanes_real,3,444
True,True,True,0.00177950004581362,nhanes_real,3,446
True,True,True,0.0017574999947100878,nhanes_real,3,447
True,True,True,0.0017409169813618064,nhanes_real,3,451
True,True,True,0.0017496669897809625,nhanes_real,3,452
True,True,True,0.0017630408983677626,nhanes_real,3,453
True,True,True,0.001913042040541768,nhanes_real,3,456
True,True,True,0.001776082906872034,nhanes_real,3,457
True,True,True,0.0018072080565616488,nhanes_real,3,458
True,True,True,0.0017820000648498535,nhanes_real,3,459
True,True,True,0.0017848339630290866,nhanes_real,3,461
True,True,True,0.0018098329892382026,nhanes_real,3,462
True,True,True,0.0017850830918177962,nhanes_real,3,463
True,True,True,0.001785165979526937,nhanes_real,3,465
True,True,True,0.0017917499644681811,nhanes_real,3,468
True,True,True,0.0018051660154014826,nhanes_real,3,469
True,True,True,0.0017483750125393271,nhanes_real,3,472
True,True,True,0.0017987090395763516,nhanes_real,3,475
True,True,True,0.0017543749418109655,nhanes_real,3,477
True,True,True,0.0017806660616770387,nhanes_real,3,481
True,True,True,0.0018294999608770013,nhanes_real,3,483
True,True,True,0.0019971670117229223,nhanes_real,3,484
True,True,True,0.0019646669970825315,nhanes_real,3,485
True,True,True,0.0018293749308213592,nhanes_real,3,486
True,True,True,0.0018238750053569674,nhanes_real,3,487
True,True,True,0.0018565419595688581,nhanes_real,3,489
True,True,True,0.0025753750232979655,nhanes_real,3,493
True,True,True,0.0017886669375002384,nhanes_real,3,495
True,False,False,0.0017874579643830657,nhanes_real,3,500
True,True,True,0.0018092499813064933,nhanes_real,3,501
True,True,True,0.0017886250279843807,nhanes_real,3,502
True,True,True,0.0018628330435603857,nhanes_real,3,503
True,True,True,0.0017940419493243098,nhanes_real,3,506
True,True,True,0.0017994999652728438,nhanes_real,3,507
True,True,True,0.0017634170362725854,nhanes_real,3,508
True,True,True,0.0017617910634726286,nhanes_real,3,509
True,True,True,0.0017625000327825546,nhanes_real,3,511
True,True,True,0.0017903340049088001,nhanes_real,3,514
True,True,True,0.0017691669054329395,nhanes_real,3,515
True,True,True,0.0017904590349644423,nhanes_real,3,517
True,True,True,0.0017646669875830412,nhanes_real,3,518
True,True,True,0.0018207919783890247,nhanes_real,3,519
True,True,True,0.0017788329860195518,nhanes_real,3,520
True,True,True,0.0017857089405879378,nhanes_real,3,522
True,True,True,0.0017972920322790742,nhanes_real,3,524
True,True,True,0.0017752919811755419,nhanes_real,3,525
True,True,True,0.0017887079156935215,nhanes_real,3,527
True,True,True,0.0018389580072835088,nhanes_real,3,531
True,True,True,0.001776584074832499,nhanes_real,3,533
True,True,True,0.0018101660534739494,nhanes_real,3,534
True,True,True,0.0017398749478161335,nhanes_real,3,536
True,True,True,0.0017966249724850059,nhanes_real,3,537
True,True,True,0.0017508340533822775,nhanes_real,3,540
True,True,True,0.0017872500466182828,nhanes_real,3,541
True,True,True,0.0017771660350263119,nhanes_real,3,542
True,True,True,0.0017595000099390745,nhanes_real,3,544
True,True,True,0.0017962910933420062,nhanes_real,3,548
True,True,True,0.0017886250279843807,nhanes_real,3,549
True,True,True,0.0017487079603597522,nhanes_real,3,551
True,True,True,0.00214395800139755,nhanes_real,3,552
True,True,True,0.001864749938249588,nhanes_real,3,554
True,True,True,0.0018879170529544353,nhanes_real,3,556
True,True,True,0.0018467919435352087,nhanes_real,3,562
True,True,True,0.0018391249468550086,nhanes_real,3,564
True,True,True,0.001768584013916552,nhanes_real,3,566
True,True,True,0.001794499927200377,nhanes_real,3,568
True,True,True,0.0017810410354286432,nhanes_real,3,569
True,True,True,0.0018041660077869892,nhanes_real,3,570
True,True,True,0.0017750000115484,nhanes_real,3,572
True,True,True,0.0017664170591160655,nhanes_real,3,576
True,True,True,0.001777541940100491,nhanes_real,3,578
True,True,True,0.0018309169681742787,nhanes_real,3,581
True,True,True,0.0020838750060647726,nhanes_real,3,582
True,True,True,0.0018287500133737922,nhanes_real,3,584
True,True,True,0.001760208047926426,nhanes_real,3,586
True,True,True,0.0017911249306052923,nhanes_real,3,588
True,True,True,0.0017346669919788837,nhanes_real,3,590
True,True,True,0.0017918749945238233,nhanes_real,3,592
True,True,True,0.00171699991915375,nhanes_real,3,593
True,True,True,0.0017555420054122806,nhanes_real,3,598
True,True,True,0.001696250052191317,nhanes_real,3,599
True,True,True,0.0018034159438684583,nhanes_real,3,601
True,True,True,0.0017167910700663924,nhanes_real,3,602
True,True,True,0.001817166106775403,nhanes_real,3,603
True,True,True,0.0018015829846262932,nhanes_real,3,605
True,True,True,0.0017804590752348304,nhanes_real,3,610
True,True,True,0.0017112080240622163,nhanes_real,3,612
True,True,True,0.0017724999925121665,nhanes_real,3,615
True,True,True,0.0017888749716803432,nhanes_real,3,617
True,True,True,0.0018030829960480332,nhanes_real,3,618
True,True,True,0.0017638750141486526,nhanes_real,3,624
True,True,True,0.0021096249110996723,nhanes_real,3,626
True,True,True,0.0020812919829040766,nhanes_real,3,629
True,True,True,0.001879375078715384,nhanes_real,3,630
True,True,True,0.0017462919931858778,nhanes_real,3,631
True,True,True,0.001795666990801692,nhanes_real,3,633
True,True,True,0.0017877499340102077,nhanes_real,3,634
True,True,True,0.0023333749268203974,nhanes_real,3,638
True,True,True,0.0018092079553753138,nhanes_real,3,640
True,True,True,0.001805374980904162,nhanes_real,3,641
True,True,True,0.0018535410054028034,nhanes_real,3,642
True,True,True,0.0021139580057933927,nhanes_real,3,643
True,True,True,0.001865584054030478,nhanes_real,3,652
True,True,True,0.001841292018070817,nhanes_real,3,654
True,True,True,0.0018431670032441616,nhanes_real,3,655
True,True,True,0.0017087910091504455,nhanes_real,3,656
True,True,True,0.0018430419731885195,nhanes_real,3,659
True,True,True,0.001768791931681335,nhanes_real,3,660
True,True,True,0.0018556249560788274,nhanes_real,3,664
True,True,True,0.0017797909677028656,nhanes_real,3,666
True,True,True,0.001785125001333654,nhanes_real,3,667
True,True,True,0.0020704580238088965,nhanes_real,3,668
True,True,True,0.0019186249701306224,nhanes_real,3,669
True,True,True,0.001718958024866879,nhanes_real,3,670
True,True,True,0.0017420420190319419,nhanes_real,3,671
True,True,True,0.0017325000371783972,nhanes_real,3,672
True,True,True,0.0018211669521406293,nhanes_real,3,674
True,True,True,0.001765624969266355,nhanes_real,3,676
True,True,True,0.0018036250257864594,nhanes_real,3,677
True,True,True,0.0017137920949608088,nhanes_real,3,678
True,True,True,0.001788416993804276,nhanes_real,3,679
True,True,True,0.0019853749545291066,nhanes_real,3,683
True,True,True,0.0018328339792788029,nhanes_real,3,685
True,True,True,0.0018346250290051103,nhanes_real,3,688
True,True,True,0.00176445790566504,nhanes_real,3,694
True,True,True,0.001814084011130035,nhanes_real,3,698
True,True,True,0.0017912080511450768,nhanes_real,3,705
True,True,True,0.0017514589708298445,nhanes_real,3,709
True,True,True,0.001838041003793478,nhanes_real,3,711
True,True,True,0.0018432909855619073,nhanes_real,3,715
True,True,True,0.0017305410001426935,nhanes_real,3,718
True,True,True,0.001830040942877531,nhanes_real,3,719
True,True,True,0.0018052919767796993,nhanes_real,3,721
True,True,True,0.001745042041875422,nhanes_real,3,722
True,True,True,0.001842500059865415,nhanes_real,3,728
True,True,True,0.001780416932888329,nhanes_real,3,731
True,True,True,0.0017632090020924807,nhanes_real,3,732
True,True,True,0.0018302920507267118,nhanes_real,3,734
True,True,True,0.0018102079629898071,nhanes_real,3,735
True,True,True,0.0016818339936435223,nhanes_real,3,736
True,True,True,0.0017518330132588744,nhanes_real,3,737
True,True,True,0.0018559580203145742,nhanes_real,3,739
True,True,True,0.002041083062067628,nhanes_real,3,744
True,True,True,0.0018305000849068165,nhanes_real,3,749
True,True,True,0.0017890000017359853,nhanes_real,3,750
True,True,True,0.0017911669565364718,nhanes_real,3,751
True,True,True,0.0017640419537201524,nhanes_real,3,753
True,True,True,0.0018175410805270076,nhanes_real,3,755
True,True,True,0.001857583993114531,nhanes_real,3,756
True,True,True,0.0017915000207722187,nhanes_real,3,757
True,True,True,0.001773584051989019,nhanes_real,3,758
True,True,True,0.001818917109631002,nhanes_real,3,759
True,True,True,0.0018614159198477864,nhanes_real,3,760
True,True,True,0.0018110000528395176,nhanes_real,3,761
True,True,True,0.001824541948735714,nhanes_real,3,762
True,True,True,0.0017468329751864076,nhanes_real,3,764
True,True,True,0.0017751249251887202,nhanes_real,3,768
True,True,True,0.0017760000191628933,nhanes_real,3,769
True,True,True,0.001843790989369154,nhanes_real,3,773
True,True,True,0.0017781669739633799,nhanes_real,3,775
True,True,True,0.0017693330300971866,nhanes_real,3,776
True,True,True,0.0018072080565616488,nhanes_real,3,777
True,True,True,0.0017881669336929917,nhanes_real,3,778
True,True,True,0.0018435000674799085,nhanes_real,3,780
True,True,True,0.001842666999436915,nhanes_real,3,781
True,True,True,0.0017724590143188834,nhanes_real,3,782
True,True,True,0.0018332499312236905,nhanes_real,3,783
True,True,True,0.001756375073455274,nhanes_real,3,784
True,True,True,0.0018080000299960375,nhanes_real,3,785
True,True,True,0.0017844999674707651,nhanes_real,3,790
True,True,True,0.0018002500291913748,nhanes_real,3,793
True,True,True,0.0018210409907624125,nhanes_real,3,794
True,True,True,0.0017690830864012241,nhanes_real,3,796
True,True,True,0.0017918329685926437,nhanes_real,3,798
True,True,True,0.0017532500205561519,nhanes_real,3,802
True,True,True,0.001737833023071289,nhanes_real,3,805
True,True,True,0.0017964169383049011,nhanes_real,3,807
True,True,True,0.0017960419645532966,nhanes_real,3,808
True,True,True,0.001806457992643118,nhanes_real,3,809
True,True,True,0.0017759170150384307,nhanes_real,3,812
True,True,True,0.0017973328940570354,nhanes_real,3,820
True,True,True,0.00196283299010247,nhanes_real,3,824
True,True,True,0.002117166994139552,nhanes_real,3,827
True,True,True,0.0018036250257864594,nhanes_real,3,828
True,True,True,0.0018132079858332872,nhanes_real,3,830
True,True,True,0.0017101659905165434,nhanes_real,3,831
True,True,True,0.0018037499394267797,nhanes_real,3,832
True,True,True,0.0017206670017912984,nhanes_real,3,833
True,True,True,0.0017781249480322003,nhanes_real,3,834
True,True,True,0.0017312089912593365,nhanes_real,3,835
True,True,True,0.0018005829770117998,nhanes_real,3,836
True,True,True,0.0017150420462712646,nhanes_real,3,838
True,True,True,0.0019793339306488633,nhanes_real,3,839
True,True,True,0.0018222499638795853,nhanes_real,3,844
True,True,True,0.0018247499829158187,nhanes_real,3,846
True,True,True,0.0017316669691354036,nhanes_real,3,847
True,True,True,0.001834374968893826,nhanes_real,3,848
True,True,True,0.001803375082090497,nhanes_real,3,849
True,True,True,0.0017143749864771962,nhanes_real,3,854
True,True,True,0.0018001670250669122,nhanes_real,3,855
True,True,True,0.0017668330110609531,nhanes_real,3,856
True,True,True,0.0017167909536510706,nhanes_real,3,857
True,True,True,0.0017812500009313226,nhanes_real,3,858
True,True,True,0.0018014999805018306,nhanes_real,3,859
True,True,True,0.0017117500538006425,nhanes_real,3,861
True,True,True,0.0017627920024096966,nhanes_real,3,862
True,True,True,0.0018249580170959234,nhanes_real,3,863
True,True,True,0.0017750000115484,nhanes_real,3,865
True,True,True,0.0018244169186800718,nhanes_real,3,870
True,True,True,0.0018009579507634044,nhanes_real,3,871
True,True,True,0.0017850419972091913,nhanes_real,3,872
True,True,True,0.0017963749123737216,nhanes_real,3,876
True,True,True,0.0020399580243974924,nhanes_real,3,881
True,True,True,0.0018839590484276414,nhanes_real,3,887
True,True,True,0.001859957934357226,nhanes_real,3,890
True,True,True,0.0018317500362172723,nhanes_real,3,896
True,True,True,0.001830791006796062,nhanes_real,3,898
True,True,True,0.001750083058141172,nhanes_real,3,899
True,True,True,0.0017759579932317138,nhanes_real,3,903
True,True,True,0.0017222079914063215,nhanes_real,3,906
True,True,True,0.0021979589946568012,nhanes_real,4,4
True,True,True,0.0017869590083137155,nhanes_real,4,5
True,True,True,0.00172316690441221,nhanes_real,4,6
True,True,True,0.0017141660209745169,nhanes_real,4,7
True,True,True,0.0017074579373002052,nhanes_real,4,8
True,True,True,0.001758958911523223,nhanes_real,4,9
True,True,True,0.0017109999898821115,nhanes_real,4,12
True,True,True,0.0017204590840265155,nhanes_real,4,13
True,True,True,0.0017023340333253145,nhanes_real,4,15
True,True,True,0.0016847079386934638,nhanes_real,4,16
True,True,True,0.0016775409458205104,nhanes_real,4,17
True,True,True,0.001718166982755065,nhanes_real,4,21
True,True,True,0.0016801250167191029,nhanes_real,4,22
True,True,True,0.0016669159522280097,nhanes_real,4,25
True,True,True,0.0017174159875139594,nhanes_real,4,27
True,True,True,0.0016868750099092722,nhanes_real,4,30
True,True,True,0.001660333015024662,nhanes_real,4,34
True,True,True,0.0016954169841483235,nhanes_real,4,38
True,True,True,0.0016923750517889857,nhanes_real,4,39
True,True,True,0.0017112920759245753,nhanes_real,4,42
True,True,True,0.0016841249307617545,nhanes_real,4,43
True,True,True,0.0017727080266922712,nhanes_real,4,44
True,True,True,0.001965082949027419,nhanes_real,4,45
True,True,True,0.001874250010587275,nhanes_real,4,48
True,True,True,0.0018356660148128867,nhanes_real,4,49
True,True,True,0.0017816670006141067,nhanes_real,4,50
True,True,True,0.001782375038601458,nhanes_real,4,51
True,True,True,0.001751875039190054,nhanes_real,4,53
True,True,True,0.0017560420092195272,nhanes_real,4,54
True,True,True,0.001801125006750226,nhanes_real,4,55
True,True,True,0.001752333017066121,nhanes_real,4,59
True,True,True,0.0018475829856470227,nhanes_real,4,61
True,True,True,0.0017581250285729766,nhanes_real,4,63
True,True,True,0.001771042007021606,nhanes_real,4,66
True,True,True,0.0017631660448387265,nhanes_real,4,67
True,True,True,0.0017712920671328902,nhanes_real,4,68
True,True,True,0.0017685830825939775,nhanes_real,4,70
True,True,True,0.0017618749989196658,nhanes_real,4,72
True,True,True,0.0017867080168798566,nhanes_real,4,77
True,True,True,0.001749624963849783,nhanes_real,4,82
True,True,True,0.0017276250291615725,nhanes_real,4,85
True,True,True,0.0017758749891072512,nhanes_real,4,86
True,True,True,0.0018556250724941492,nhanes_real,4,88
True,True,True,0.001717166043817997,nhanes_real,4,89
True,True,True,0.0017216249834746122,nhanes_real,4,93
True,True,True,0.0016889170510694385,nhanes_real,4,94
True,True,True,0.0016905840020626783,nhanes_real,4,101
True,True,True,0.0017404170939698815,nhanes_real,4,102
True,True,True,0.0016879999311640859,nhanes_real,4,103
True,True,True,0.0017012091120705009,nhanes_real,4,104
True,True,True,0.001729791983962059,nhanes_real,4,107
True,True,True,0.0016951669240370393,nhanes_real,4,108
True,True,True,0.001722124987281859,nhanes_real,4,113
True,True,True,0.0017140840645879507,nhanes_real,4,115
True,True,True,0.0017203750321641564,nhanes_real,4,116
True,True,True,0.0020318750757724047,nhanes_real,4,119
True,True,True,0.0017080409452319145,nhanes_real,4,124
True,True,True,0.001754583092406392,nhanes_real,4,126
True,True,True,0.001686125062406063,nhanes_real,4,127
True,True,True,0.0016827500658109784,nhanes_real,4,129
True,True,True,0.001706042094156146,nhanes_real,4,130
True,True,True,0.0016616670181974769,nhanes_real,4,137
True,True,True,0.0017063749255612493,nhanes_real,4,138
True,True,True,0.0017315420554950833,nhanes_real,4,139
True,True,True,0.0017235830891877413,nhanes_real,4,140
True,True,True,0.0017543339636176825,nhanes_real,4,142
True,True,True,0.0016894589643925428,nhanes_real,4,143
True,True,True,0.0017303340137004852,nhanes_real,4,144
True,True,True,0.0016808330547064543,nhanes_real,4,146
True,True,True,0.0016840839525684714,nhanes_real,4,147
True,True,True,0.0017007910646498203,nhanes_real,4,150
True,True,True,0.0016931249992921948,nhanes_real,4,152
True,True,True,0.0016848749946802855,nhanes_real,4,153
True,True,True,0.0017439580988138914,nhanes_real,4,158
True,True,True,0.0017139579867944121,nhanes_real,4,164
True,True,True,0.0017634580144658685,nhanes_real,4,165
True,True,True,0.0017097080126404762,nhanes_real,4,168
True,True,True,0.001687500043772161,nhanes_real,4,170
True,True,True,0.001680667046457529,nhanes_real,4,174
True,True,True,0.001817750046029687,nhanes_real,4,175
True,True,True,0.0016989159630611539,nhanes_real,4,179
True,True,True,0.0017354170558974147,nhanes_real,4,182
True,True,True,0.0017801659414544702,nhanes_real,4,183
True,True,True,0.001654959050938487,nhanes_real,4,185
True,True,True,0.0020640830043703318,nhanes_real,4,188
True,True,True,0.0019507920369505882,nhanes_real,4,191
True,True,True,0.0017525419825688004,nhanes_real,4,192
True,True,True,0.0017872920725494623,nhanes_real,4,193
True,True,True,0.0017747909296303988,nhanes_real,4,194
True,True,True,0.0017484580166637897,nhanes_real,4,195
True,True,True,0.0017557089449837804,nhanes_real,4,199
True,True,True,0.0017738749738782644,nhanes_real,4,203
True,True,True,0.0017446669517084956,nhanes_real,4,205
True,True,True,0.001763832988217473,nhanes_real,4,206
True,True,True,0.001751124975271523,nhanes_real,4,210
True,True,True,0.0016901249764487147,nhanes_real,4,211
True,True,True,0.0017714588902890682,nhanes_real,4,213
True,True,True,0.001772416988387704,nhanes_real,4,214
True,True,True,0.0018124169437214732,nhanes_real,4,215
True,True,True,0.001773832947947085,nhanes_real,4,216
True,True,True,0.001799000077880919,nhanes_real,4,219
True,True,True,0.001724249916151166,nhanes_real,4,220
True,True,True,0.0017709999810904264,nhanes_real,4,225
True,True,True,0.0017668340587988496,nhanes_real,4,226
True,True,True,0.001717583043500781,nhanes_real,4,228
True,True,True,0.001774792093783617,nhanes_real,4,230
True,True,True,0.0017907919827848673,nhanes_real,4,231
True,True,True,0.0017197920242324471,nhanes_real,4,232
True,True,True,0.0017620830330997705,nhanes_real,4,235
True,True,True,0.0017975840019062161,nhanes_real,4,236
True,True,True,0.001732249977067113,nhanes_real,4,244
True,True,True,0.0017652919050306082,nhanes_real,4,248
True,True,True,0.0018719590734690428,nhanes_real,4,251
True,True,True,0.0018438330153003335,nhanes_real,4,253
True,True,True,0.002044165972620249,nhanes_real,4,256
True,True,True,0.001763917040079832,nhanes_real,4,258
True,True,True,0.0017054580384865403,nhanes_real,4,265
True,True,True,0.0016870839754119515,nhanes_real,4,266
True,True,True,0.0017528749303892255,nhanes_real,4,267
True,True,True,0.0016706670867279172,nhanes_real,4,268
True,True,True,0.0016930419951677322,nhanes_real,4,269
True,True,True,0.001750416005961597,nhanes_real,4,270
True,True,True,0.0017187499906867743,nhanes_real,4,271
True,True,True,0.0016845830250531435,nhanes_real,4,272
True,True,True,0.0016984590329229832,nhanes_real,4,274
True,True,True,0.0017256670398637652,nhanes_real,4,275
True,True,True,0.001692167017608881,nhanes_real,4,276
True,True,True,0.0016862499760463834,nhanes_real,4,278
True,True,True,0.001683040987700224,nhanes_real,4,279
True,True,True,0.0016658339882269502,nhanes_real,4,281
True,True,True,0.0018055420368909836,nhanes_real,4,283
True,True,True,0.0017825840041041374,nhanes_real,4,284
True,True,True,0.0017256670398637652,nhanes_real,4,286
True,True,True,0.001729374984279275,nhanes_real,4,287
True,True,True,0.0016669159522280097,nhanes_real,4,289
True,True,True,0.0020727500086650252,nhanes_real,4,290
True,True,True,0.0019675421062856913,nhanes_real,4,291
True,True,True,0.0017743749776855111,nhanes_real,4,293
True,True,True,0.0017827909905463457,nhanes_real,4,294
True,True,True,0.0017809579148888588,nhanes_real,4,297
True,True,True,0.0017895419150590897,nhanes_real,4,301
True,True,True,0.0017903329571709037,nhanes_real,4,302
True,True,True,0.0017824160167947412,nhanes_real,4,304
True,True,True,0.0017875409685075283,nhanes_real,4,306
True,True,True,0.001732249977067113,nhanes_real,4,307
True,True,True,0.0022684580180794,nhanes_real,4,309
True,True,True,0.0020305829821154475,nhanes_real,4,310
True,True,True,0.001879333984106779,nhanes_real,4,311
True,True,True,0.0017208750359714031,nhanes_real,4,313
True,True,True,0.0017960419645532966,nhanes_real,4,314
True,True,True,0.0017750830156728625,nhanes_real,4,315
True,True,True,0.001699749962426722,nhanes_real,4,317
True,True,True,0.0017954579088836908,nhanes_real,4,319
True,True,True,0.0017672079848125577,nhanes_real,4,320
True,True,True,0.0017243330366909504,nhanes_real,4,322
True,True,True,0.0017944580176845193,nhanes_real,4,324
True,True,True,0.001812000060454011,nhanes_real,4,326
True,True,True,0.001706375041976571,nhanes_real,4,327
True,True,True,0.00177800003439188,nhanes_real,4,332
True,True,True,0.0017458751099184155,nhanes_real,4,333
True,True,True,0.0017046659486368299,nhanes_real,4,334
True,True,True,0.0017595830140635371,nhanes_real,4,336
True,True,True,0.0017780829221010208,nhanes_real,4,337
True,True,True,0.0017529999604448676,nhanes_real,4,338
True,True,True,0.0017731250263750553,nhanes_real,4,341
True,True,True,0.0018091249512508512,nhanes_real,4,346
True,True,True,0.0020321249030530453,nhanes_real,4,347
True,True,True,0.0017625840846449137,nhanes_real,4,350
True,True,True,0.0017977079842239618,nhanes_real,4,351
True,True,True,0.0017810420831665397,nhanes_real,4,352
True,True,True,0.001787500106729567,nhanes_real,4,358
True,True,True,0.0017483339179307222,nhanes_real,4,360
True,True,True,0.0017678330186754465,nhanes_real,4,361
True,True,True,0.0017608749913051724,nhanes_real,4,362
True,True,True,0.001792500028386712,nhanes_real,4,363
True,True,True,0.0018435829551890492,nhanes_real,4,366
True,True,True,0.001875624991953373,nhanes_real,4,368
True,True,True,0.001842333935201168,nhanes_real,4,369
True,True,True,0.001798250013962388,nhanes_real,4,371
True,True,True,0.0017582920845597982,nhanes_real,4,373
True,True,True,0.0018150840187445283,nhanes_real,4,375
True,True,True,0.0017834169557318091,nhanes_real,4,376
True,True,True,0.001726958085782826,nhanes_real,4,379
True,True,True,0.0018194169970229268,nhanes_real,4,380
True,True,True,0.0017618329729884863,nhanes_real,4,381
True,True,True,0.0016972499433904886,nhanes_real,4,382
True,True,True,0.002130750101059675,nhanes_real,4,386
True,True,True,0.0018185829976573586,nhanes_real,4,387
True,True,True,0.001749000046402216,nhanes_real,4,389
True,True,True,0.0017610829090699553,nhanes_real,4,390
True,True,True,0.0017636249540373683,nhanes_real,4,391
True,True,True,0.0017814169405028224,nhanes_real,4,392
True,True,True,0.0017863340908661485,nhanes_real,4,394
True,True,True,0.0018080000299960375,nhanes_real,4,395
True,True,True,0.001982791000045836,nhanes_real,4,396
True,True,True,0.0019937920151278377,nhanes_real,4,398
True,True,True,0.0019731250358745456,nhanes_real,4,400
True,True,True,0.0018194169970229268,nhanes_real,4,402
True,True,True,0.0017760411137714982,nhanes_real,4,403
True,True,True,0.0017372500151395798,nhanes_real,4,406
True,True,True,0.0018269999418407679,nhanes_real,4,407
True,True,True,0.001888041035272181,nhanes_real,4,408
True,True,True,0.0021189579274505377,nhanes_real,4,409
True,True,True,0.002286874921992421,nhanes_real,4,410
True,True,True,0.0020589169580489397,nhanes_real,4,411
True,True,True,0.0020960839465260506,nhanes_real,4,412
True,True,True,0.002043665968813002,nhanes_real,4,413
True,True,True,0.0018933330429717898,nhanes_real,4,414
True,True,True,0.0018432909855619073,nhanes_real,4,417
True,True,True,0.0018587500089779496,nhanes_real,4,419
True,True,True,0.0018734169425442815,nhanes_real,4,422
True,True,True,0.0018388329772278666,nhanes_real,4,424
True,True,True,0.0018290419830009341,nhanes_real,4,427
True,True,True,0.0018331670435145497,nhanes_real,4,429
True,True,True,0.0018289999570697546,nhanes_real,4,434
True,True,True,0.002246874966658652,nhanes_real,4,438
True,True,True,0.0018578340532258153,nhanes_real,4,440
True,True,True,0.001867708982899785,nhanes_real,4,441
True,True,True,0.0018528330838307738,nhanes_real,4,448
True,True,True,0.0018801669357344508,nhanes_real,4,449
True,True,True,0.0018598330207169056,nhanes_real,4,450
True,True,True,0.0019084579544141889,nhanes_real,4,452
True,True,True,0.0018668330740183592,nhanes_real,4,453
True,True,True,0.0019002920016646385,nhanes_real,4,454
True,True,True,0.002978542004711926,nhanes_real,4,455
True,True,True,0.0027198749594390392,nhanes_real,4,457
True,True,True,0.002513500046916306,nhanes_real,4,458
True,True,True,0.0028206249698996544,nhanes_real,4,459
True,True,True,0.0021973340772092342,nhanes_real,4,462
True,True,True,0.0021425829036161304,nhanes_real,4,463
True,True,True,0.002099999925121665,nhanes_real,4,466
True,True,True,0.0020034159533679485,nhanes_real,4,468
True,True,True,0.002157166018150747,nhanes_real,4,469
True,True,True,0.002083707950077951,nhanes_real,4,472
True,True,True,0.00210883398540318,nhanes_real,4,475
True,True,True,0.0021792500047013164,nhanes_real,4,477
True,True,True,0.002083958010189235,nhanes_real,4,479
True,True,True,0.0021473329979926348,nhanes_real,4,481
True,True,True,0.0021460409043356776,nhanes_real,4,482
True,True,True,0.002231125021353364,nhanes_real,4,483
True,True,True,0.0021907499758526683,nhanes_real,4,485
True,True,True,0.0021271249279379845,nhanes_real,4,487
True,True,True,0.0021531250094994903,nhanes_real,4,489
True,True,True,0.0020590830827131867,nhanes_real,4,490
True,True,True,0.0017894580960273743,nhanes_real,4,492
True,True,True,0.0017414579633623362,nhanes_real,4,493
True,True,True,0.0018169169779866934,nhanes_real,4,498
True,True,True,0.001734208082780242,nhanes_real,4,499
True,True,True,0.0017898750957101583,nhanes_real,4,503
True,True,True,0.001765000051818788,nhanes_real,4,512
True,True,True,0.0017550409538671374,nhanes_real,4,515
True,True,True,0.0017593749798834324,nhanes_real,4,516
True,True,True,0.001755499979481101,nhanes_real,4,517
True,True,True,0.0017460000235587358,nhanes_real,4,518
True,True,True,0.001751124975271523,nhanes_real,4,520
True,True,True,0.0017185419565066695,nhanes_real,4,521
True,True,True,0.0022379999281838536,nhanes_real,4,522
True,True,True,0.0017762089846655726,nhanes_real,4,526
True,True,True,0.0018005419988185167,nhanes_real,4,527
True,True,True,0.0017209999496117234,nhanes_real,4,528
True,True,True,0.0017545419977977872,nhanes_real,4,533
True,True,True,0.0017195420805364847,nhanes_real,4,534
True,True,True,0.0017068339511752129,nhanes_real,4,535
True,True,True,0.0017089159227907658,nhanes_real,4,537
True,True,True,0.0017374580493196845,nhanes_real,4,538
True,True,True,0.001716041937470436,nhanes_real,4,540
True,True,True,0.0016845420468598604,nhanes_real,4,542
True,True,True,0.0016720419516786933,nhanes_real,4,543
True,True,True,0.0017466669669374824,nhanes_real,4,544
True,True,True,0.0017709999810904264,nhanes_real,4,545
True,True,True,0.0017454579938203096,nhanes_real,4,548
True,True,True,0.0019629159942269325,nhanes_real,4,551
True,True,True,0.0018004579469561577,nhanes_real,4,552
True,True,True,0.001781415892764926,nhanes_real,4,555
True,True,True,0.0017691249959170818,nhanes_real,4,559
True,True,True,0.0017906250432133675,nhanes_real,4,561
True,True,True,0.0017372919246554375,nhanes_real,4,562
True,True,True,0.0018197500612586737,nhanes_real,4,563
True,True,True,0.0018766249995678663,nhanes_real,4,564
True,True,True,0.001776083023287356,nhanes_real,4,570
True,True,True,0.0022137080086395144,nhanes_real,4,573
True,True,True,0.0018722499953582883,nhanes_real,4,574
True,True,True,0.0018420829437673092,nhanes_real,4,575
True,True,True,0.0017972500063478947,nhanes_real,4,576
True,True,True,0.001785582979209721,nhanes_real,4,577
True,True,True,0.0017153338994830847,nhanes_real,4,579
True,True,True,0.0017824169481173158,nhanes_real,4,580
True,True,True,0.0019003750057891011,nhanes_real,4,583
True,True,True,0.001742459018714726,nhanes_real,4,584
True,True,True,0.0018086249474436045,nhanes_real,4,585
True,True,True,0.0018057090928778052,nhanes_real,4,591
True,True,True,0.0017445000121369958,nhanes_real,4,592
True,True,True,0.0017171670915558934,nhanes_real,4,593
True,True,True,0.0025008749216794968,nhanes_real,4,595
True,True,True,0.001865166937932372,nhanes_real,4,598
True,True,True,0.001801457954570651,nhanes_real,4,599
True,True,True,0.001813416020013392,nhanes_real,4,602
True,True,True,0.001761042047291994,nhanes_real,4,603
True,True,True,0.0018634999869391322,nhanes_real,4,604
True,True,True,0.0018432079814374447,nhanes_real,4,606
True,True,True,0.0017895839409902692,nhanes_real,4,612
True,True,True,0.0017742920899763703,nhanes_real,4,615
True,True,True,0.0018601659685373306,nhanes_real,4,616
True,True,True,0.001779167097993195,nhanes_real,4,617
True,True,True,0.0017501669935882092,nhanes_real,4,619
True,True,True,0.0018459170823916793,nhanes_real,4,620
True,True,True,0.001773957978002727,nhanes_real,4,621
True,True,True,0.0018189169932156801,nhanes_real,4,622
True,True,True,0.0017784589435905218,nhanes_real,4,623
True,True,True,0.001783333020284772,nhanes_real,4,624
True,True,True,0.0017561250133439898,nhanes_real,4,625
True,True,True,0.0017567920731380582,nhanes_real,4,627
True,True,True,0.0017700419994071126,nhanes_real,4,628
True,True,True,0.0017453751061111689,nhanes_real,4,630
True,True,True,0.0017450409941375256,nhanes_real,4,631
True,True,True,0.0017790839774534106,nhanes_real,4,635
True,True,True,0.0017780410125851631,nhanes_real,4,637
True,True,True,0.0017867500428110361,nhanes_real,4,640
True,True,True,0.0017597500700503588,nhanes_real,4,641
True,True,True,0.0017261659959331155,nhanes_real,4,643
True,True,True,0.0017584579763934016,nhanes_real,4,645
True,True,True,0.001772833988070488,nhanes_real,4,647
True,True,True,0.00178920803591609,nhanes_real,4,648
True,True,True,0.0017602919833734632,nhanes_real,4,649
True,True,True,0.0018347080331295729,nhanes_real,4,650
True,True,True,0.0017481250688433647,nhanes_real,4,653
True,True,True,0.0017281670588999987,nhanes_real,4,660
True,True,True,0.0017962090205401182,nhanes_real,4,661
True,True,True,0.0017920000245794654,nhanes_real,4,662
True,True,True,0.0018041249131783843,nhanes_real,4,663
True,True,True,0.0017733749700710177,nhanes_real,4,664
True,True,True,0.0017867499263957143,nhanes_real,4,668
True,True,True,0.0017805419629439712,nhanes_real,4,669
True,True,True,0.0017585000023245811,nhanes_real,4,671
True,True,True,0.0017389169661328197,nhanes_real,4,673
True,True,True,0.0017685421044006944,nhanes_real,4,676
True,True,True,0.0017548330361023545,nhanes_real,4,685
True,True,True,0.001747166970744729,nhanes_real,4,689
True,True,True,0.0018007500329986215,nhanes_real,4,690
True,True,True,0.0017217090353369713,nhanes_real,4,691
True,True,True,0.0017890000017359853,nhanes_real,4,693
True,True,True,0.0018243750091642141,nhanes_real,4,694
True,True,True,0.0020341670606285334,nhanes_real,4,695
True,True,True,0.0017918340163305402,nhanes_real,4,696
True,True,True,0.0018197080353274941,nhanes_real,4,700
True,True,True,0.0017472910694777966,nhanes_real,4,705
True,True,True,0.0018414580263197422,nhanes_real,4,706
True,True,True,0.0017444579862058163,nhanes_real,4,708
True,True,True,0.0017469999147579074,nhanes_real,4,710
True,True,True,0.0017811249708756804,nhanes_real,4,711
True,True,True,0.001844666083343327,nhanes_real,4,712
True,True,True,0.001874124980531633,nhanes_real,4,713
True,True,True,0.0018149579409509897,nhanes_real,4,714
True,True,True,0.001809665933251381,nhanes_real,4,715
True,True,True,0.0017891660099849105,nhanes_real,4,720
True,True,True,0.0017987090395763516,nhanes_real,4,725
True,True,True,0.0018215000163763762,nhanes_real,4,726
True,True,True,0.0017324999207630754,nhanes_real,4,727
True,True,True,0.001764124957844615,nhanes_real,4,728
True,True,True,0.0017057909863069654,nhanes_real,4,730
True,True,True,0.0017521250993013382,nhanes_real,4,731
True,True,True,0.0017643329920247197,nhanes_real,4,732
True,True,True,0.0019655840005725622,nhanes_real,4,733
True,True,True,0.001791040995158255,nhanes_real,4,734
True,True,True,0.001748290960676968,nhanes_real,4,735
True,True,True,0.0017670829547569156,nhanes_real,4,737
True,True,True,0.0018397080712020397,nhanes_real,4,738
True,True,True,0.00177950004581362,nhanes_real,4,740
True,True,True,0.0017741250339895487,nhanes_real,4,741
True,True,True,0.0017752910498529673,nhanes_real,4,742
True,True,True,0.0017791250720620155,nhanes_real,4,743
True,True,True,0.0017937079537659883,nhanes_real,4,746
True,True,True,0.001781583996489644,nhanes_real,4,747
True,True,True,0.001740708015859127,nhanes_real,4,749
True,True,True,0.001728791045024991,nhanes_real,4,752
True,True,True,0.0018091669771820307,nhanes_real,4,754
True,True,True,0.0018042500596493483,nhanes_real,4,759
True,True,True,0.001781666069291532,nhanes_real,4,760
True,True,True,0.0017657079733908176,nhanes_real,4,763
True,True,True,0.0018755829660221934,nhanes_real,4,764
True,True,True,0.0017517500091344118,nhanes_real,4,766
True,True,True,0.0018033329397439957,nhanes_real,4,768
True,True,True,0.0017997499089688063,nhanes_real,4,769
True,True,True,0.0017925839638337493,nhanes_real,4,773
True,True,True,0.0017374579329043627,nhanes_real,4,776
True,True,True,0.0018155419966205955,nhanes_real,4,781
True,True,True,0.0017646249616518617,nhanes_real,4,785
True,True,True,0.0017342079663649201,nhanes_real,4,787
True,True,True,0.0017197499983012676,nhanes_real,4,788
True,True,True,0.0017588750924915075,nhanes_real,4,791
True,True,True,0.0018397909589111805,nhanes_real,4,794
True,True,True,0.0019052500138059258,nhanes_real,4,795
True,True,True,0.001825125073082745,nhanes_real,4,797
True,True,True,0.0017963750287890434,nhanes_real,4,801
True,True,True,0.0017747919773682952,nhanes_real,4,802
True,True,True,0.0017503750277683139,nhanes_real,4,803
True,True,True,0.0018016670364886522,nhanes_real,4,804
True,True,True,0.0017443340038880706,nhanes_real,4,805
True,True,True,0.0017505839932709932,nhanes_real,4,807
True,True,True,0.0017599589191377163,nhanes_real,4,811
True,True,True,0.0017859169747680426,nhanes_real,4,815
True,True,True,0.001777541940100491,nhanes_real,4,819
True,True,True,0.0018104580231010914,nhanes_real,4,820
True,True,True,0.0018817499512806535,nhanes_real,4,821
True,True,True,0.0017631249502301216,nhanes_real,4,825
True,True,True,0.0018047919729724526,nhanes_real,4,828
True,True,True,0.001762000028975308,nhanes_real,4,832
True,True,True,0.0017712499247863889,nhanes_real,4,837
True,True,True,0.0017534169601276517,nhanes_real,4,841
True,True,True,0.0017518330132588744,nhanes_real,4,845
True,True,True,0.0017626660410314798,nhanes_real,4,846
True,True,True,0.0017674999544396996,nhanes_real,4,848
True,True,True,0.0017918329685926437,nhanes_real,4,849
True,True,True,0.0017386249965056777,nhanes_real,4,850
True,True,True,0.0017249170923605561,nhanes_real,4,851
True,True,True,0.001784082967787981,nhanes_real,4,853
True,True,True,0.0017879580846056342,nhanes_real,4,855
True,True,True,0.0017493749037384987,nhanes_real,4,856
True,True,True,0.0017487499862909317,nhanes_real,4,857
True,True,True,0.0017385829705744982,nhanes_real,4,858
True,True,True,0.0017335000447928905,nhanes_real,4,859
True,True,True,0.0017118749674409628,nhanes_real,4,863
True,True,True,0.0017811659490689635,nhanes_real,4,866
True,True,True,0.0017678749281913042,nhanes_real,4,869
True,True,True,0.0017599579878151417,nhanes_real,4,870
True,True,True,0.001782334060408175,nhanes_real,4,871
True,True,True,0.0017781660426408052,nhanes_real,4,873
True,True,True,0.0017676670104265213,nhanes_real,4,877
True,True,True,0.0017529999604448676,nhanes_real,4,882
True,True,True,0.0017386659746989608,nhanes_real,4,884
True,True,True,0.001756999990902841,nhanes_real,4,888
True,True,True,0.0017422079108655453,nhanes_real,4,892
True,True,True,0.001762665924616158,nhanes_real,4,893
True,True,True,0.0020003330428153276,nhanes_real,4,896
True,True,True,0.001963375019840896,nhanes_real,4,898
True,True,True,0.0018376249354332685,nhanes_real,4,901
True,True,True,0.0017971249762922525,nhanes_real,4,902
True,True,True,0.0017137909308075905,nhanes_real,4,903
True,True,True,0.001732375007122755,nhanes_real,4,906
