dataset,seed,decoder,cell,tau_level,patient_idx,prune_mode,verify_mode,metric,repair_enabled,n_edges_pruned,n_edges_total,prune_seconds,graph_build_seconds,decode_seconds,success,abstained,abstain_stage,repair_status,n_steps_repaired,n_repair_attempts,repair_failure_reason,path,path_len,path_cost,decoded_cvr_hop,decoded_cvr_endpoint,viol_immutable,viol_non_decreasing,viol_age_horizon,viol_directional,kde,effort,latency_sec,repair_trigger_immutable,repair_trigger_non_decreasing,repair_trigger_age_horizon,repair_trigger_directional
uci,0,v3,old_latent_pruning,0.95,0,raw,raw,riemannian,False,7867,8040,0.0019561670487746596,0.062338000047020614,0.0005873750196769834,True,False,,not_attempted,0.0,0.0,,"[201, 79]",2.0,0.1629544049501419,True,True,False,True,False,False,-7.04908935136371,0.42521676421165466,0.0020315840374678373,,,,
uci,0,v3,old_latent_pruning,0.95,1,raw,raw,riemannian,False,7867,8040,0.0019561670487746596,0.062338000047020614,0.0005873750196769834,False,True,search,,,,,,,,,,,,,,,,0.0020318329334259033,,,,
uci,0,v3,old_latent_pruning,0.95,4,raw,raw,riemannian,False,7867,8040,0.0019561670487746596,0.062338000047020614,0.0005873750196769834,False,True,search,,,,,,,,,,,,,,,,0.0019779999274760485,,,,
uci,0,v3,old_latent_pruning,0.95,6,raw,raw,riemannian,False,7867,8040,0.0019561670487746596,0.062338000047020614,0.0005873750196769834,True,False,,not_attempted,0.0,0.0,,"[201, 9]",2.0,0.48142576217651367,True,True,False,True,False,False,-7.4306622331723915,1.3207266330718994,0.0019888340029865503,,,,
uci,0,v3,old_latent_pruning,0.95,7,raw,raw,riemannian,False,7867,8040,0.0019561670487746596,0.062338000047020614,0.0005873750196769834,True,False,,not_attempted,0.0,0.0,,"[201, 89]",2.0,0.8389263153076172,True,True,False,False,True,True,-7.1116568123785155,1.6464966535568237,0.0020548750180751085,,,,
uci,0,v3,old_latent_pruning,0.95,8,raw,raw,riemannian,False,7867,8040,0.0019561670487746596,0.062338000047020614,0.0005873750196769834,False,True,search,,,,,,,,,,,,,,,,0.0020050409948453307,,,,
uci,0,v3,old_latent_pruning,0.95,9,raw,raw,riemannian,False,7867,8040,0.0019561670487746596,0.062338000047020614,0.0005873750196769834,False,True,search,,,,,,,,,,,,,,,,0.0020682920003309846,,,,
uci,0,v3,old_latent_pruning,0.95,11,raw,raw,riemannian,False,7867,8040,0.0019561670487746596,0.062338000047020614,0.0005873750196769834,False,True,search,,,,,,,,,,,,,,,,0.00195162498857826,,,,
uci,0,v3,old_latent_pruning,0.95,14,raw,raw,riemannian,False,7867,8040,0.0019561670487746596,0.062338000047020614,0.0005873750196769834,False,True,search,,,,,,,,,,,,,,,,0.0020109169417992234,,,,
uci,0,v3,old_latent_pruning,0.95,16,raw,raw,riemannian,False,7867,8040,0.0019561670487746596,0.062338000047020614,0.0005873750196769834,False,True,search,,,,,,,,,,,,,,,,0.001955375075340271,,,,
uci,0,v3,old_latent_pruning,0.95,20,raw,raw,riemannian,False,7867,8040,0.0019561670487746596,0.062338000047020614,0.0005873750196769834,False,True,search,,,,,,,,,,,,,,,,0.001896957983262837,,,,
uci,0,v3,old_latent_pruning,0.95,26,raw,raw,riemannian,False,7867,8040,0.0019561670487746596,0.062338000047020614,0.0005873750196769834,False,True,search,,,,,,,,,,,,,,,,0.0018983340123668313,,,,
uci,0,v3,old_latent_pruning,0.95,30,raw,raw,riemannian,False,7867,8040,0.0019561670487746596,0.062338000047020614,0.0005873750196769834,True,False,,not_attempted,0.0,0.0,,"[201, 98]",2.0,0.024556057527661324,False,False,False,False,False,False,-7.61401312833582,0.07081849128007889,0.0019438749877735972,,,,
uci,0,v3,old_latent_pruning,0.95,32,raw,raw,riemannian,False,7867,8040,0.0019561670487746596,0.062338000047020614,0.0005873750196769834,False,True,search,,,,,,,,,,,,,,,,0.001926374970935285,,,,
uci,0,v3,old_latent_pruning,0.95,34,raw,raw,riemannian,False,7867,8040,0.0019561670487746596,0.062338000047020614,0.0005873750196769834,False,True,search,,,,,,,,,,,,,,,,0.0023719589225947857,,,,
uci,0,v3,old_latent_pruning,0.95,38,raw,raw,riemannian,False,7867,8040,0.0019561670487746596,0.062338000047020614,0.0005873750196769834,True,False,,not_attempted,0.0,0.0,,"[201, 117]",2.0,0.051026601344347,False,False,False,False,False,False,-7.41654970814886,0.21553975343704224,0.0019340000580996275,,,,
uci,0,v3,old_latent_pruning,0.95,44,raw,raw,riemannian,False,7867,8040,0.0019561670487746596,0.062338000047020614,0.0005873750196769834,True,False,,not_attempted,0.0,0.0,,"[201, 172]",2.0,0.01488901674747467,False,False,False,False,False,False,-7.3146096219093195,0.0681728646159172,0.0019428329542279243,,,,
uci,0,v3,old_latent_pruning,0.95,50,raw,raw,riemannian,False,7867,8040,0.0019561670487746596,0.062338000047020614,0.0005873750196769834,False,True,search,,,,,,,,,,,,,,,,0.001973791979253292,,,,
uci,0,v3,old_latent_pruning,0.95,52,raw,raw,riemannian,False,7867,8040,0.0019561670487746596,0.062338000047020614,0.0005873750196769834,False,True,search,,,,,,,,,,,,,,,,0.0018968749791383743,,,,
uci,0,v3,old_latent_pruning,0.95,53,raw,raw,riemannian,False,7867,8040,0.0019561670487746596,0.062338000047020614,0.0005873750196769834,True,False,,not_attempted,0.0,0.0,,"[201, 172]",2.0,0.11869379132986069,True,True,False,True,False,False,-7.353754556772204,0.44286707043647766,0.0019926660461351275,,,,
uci,0,v3,old_latent_pruning,0.95,55,raw,raw,riemannian,False,7867,8040,0.0019561670487746596,0.062338000047020614,0.0005873750196769834,False,True,search,,,,,,,,,,,,,,,,0.0019220419926568866,,,,
uci,0,v3,old_latent_pruning,0.95,57,raw,raw,riemannian,False,7867,8040,0.0019561670487746596,0.062338000047020614,0.0005873750196769834,False,True,search,,,,,,,,,,,,,,,,0.0019867910305038095,,,,
uci,0,v3,dsr_c1,0.95,0,decoded_naive,decoded_naive,riemannian,False,6968,8040,0.00035333295818418264,0.062338000047020614,0.0005873750196769834,True,False,,not_attempted,0.0,0.0,,"[201, 11]",2.0,0.04730228707194328,False,False,False,False,False,False,-7.040882721633205,0.10224289447069168,0.002010249998420477,,,,
uci,0,v3,dsr_c1,0.95,1,decoded_naive,decoded_naive,riemannian,False,6968,8040,0.00035333295818418264,0.062338000047020614,0.0005873750196769834,False,True,search,,,,,,,,,,,,,,,,0.002112041926011443,,,,
uci,0,v3,dsr_c1,0.95,4,decoded_naive,decoded_naive,riemannian,False,6968,8040,0.00035333295818418264,0.062338000047020614,0.0005873750196769834,True,False,,not_attempted,0.0,0.0,,"[201, 173]",2.0,0.01902465522289276,False,False,False,False,False,False,-7.611347352846405,0.041380662471055984,0.001983917085453868,,,,
uci,0,v3,dsr_c1,0.95,6,decoded_naive,decoded_naive,riemannian,False,6968,8040,0.00035333295818418264,0.062338000047020614,0.0005873750196769834,True,False,,not_attempted,0.0,0.0,,"[201, 127]",2.0,0.07632492482662201,False,False,False,False,False,False,-7.560853991657793,0.15374241769313812,0.0019638329977169633,,,,
uci,0,v3,dsr_c1,0.95,7,decoded_naive,decoded_naive,riemannian,False,6968,8040,0.00035333295818418264,0.062338000047020614,0.0005873750196769834,True,False,,not_attempted,0.0,0.0,,"[201, 114]",2.0,0.026888422667980194,False,False,False,False,False,False,-7.1466663810788855,0.09389851242303848,0.001999707892537117,,,,
uci,0,v3,dsr_c1,0.95,8,decoded_naive,decoded_naive,riemannian,False,6968,8040,0.00035333295818418264,0.062338000047020614,0.0005873750196769834,True,False,,not_attempted,0.0,0.0,,"[201, 170]",2.0,0.0638594701886177,False,False,False,False,False,False,-7.353211101937649,0.15835800766944885,0.002072791918180883,,,,
uci,0,v3,dsr_c1,0.95,9,decoded_naive,decoded_naive,riemannian,False,6968,8040,0.00035333295818418264,0.062338000047020614,0.0005873750196769834,False,True,search,,,,,,,,,,,,,,,,0.0019510829588398337,,,,
uci,0,v3,dsr_c1,0.95,11,decoded_naive,decoded_naive,riemannian,False,6968,8040,0.00035333295818418264,0.062338000047020614,0.0005873750196769834,False,True,search,,,,,,,,,,,,,,,,0.0019715840462595224,,,,
uci,0,v3,dsr_c1,0.95,14,decoded_naive,decoded_naive,riemannian,False,6968,8040,0.00035333295818418264,0.062338000047020614,0.0005873750196769834,True,False,,not_attempted,0.0,0.0,,"[201, 44]",2.0,0.017734603956341743,False,False,False,False,False,False,-7.4692938383491985,0.07859504222869873,0.002026083995588124,,,,
uci,0,v3,dsr_c1,0.95,16,decoded_naive,decoded_naive,riemannian,False,6968,8040,0.00035333295818418264,0.062338000047020614,0.0005873750196769834,True,False,,not_attempted,0.0,0.0,,"[201, 170]",2.0,0.033324819058179855,False,False,False,False,False,False,-7.351690564819085,0.12023985385894775,0.0019803750328719616,,,,
uci,0,v3,dsr_c1,0.95,20,decoded_naive,decoded_naive,riemannian,False,6968,8040,0.00035333295818418264,0.062338000047020614,0.0005873750196769834,True,False,,not_attempted,0.0,0.0,,"[201, 138, 37, 127]",4.0,0.16279399953782558,False,True,False,False,False,False,-7.534781399689946,0.3301142454147339,0.002000083099119365,,,,
uci,0,v3,dsr_c1,0.95,26,decoded_naive,decoded_naive,riemannian,False,6968,8040,0.00035333295818418264,0.062338000047020614,0.0005873750196769834,True,False,,not_attempted,0.0,0.0,,"[201, 37, 127]",3.0,0.14748768508434296,False,True,False,False,False,False,-7.540503030974456,0.3207094967365265,0.0020008329302072525,,,,
uci,0,v3,dsr_c1,0.95,30,decoded_naive,decoded_naive,riemannian,False,6968,8040,0.00035333295818418264,0.062338000047020614,0.0005873750196769834,True,False,,not_attempted,0.0,0.0,,"[201, 173]",2.0,0.019381089136004448,False,False,False,False,False,False,-7.615148124929101,0.05455798655748367,0.0020136249950155616,,,,
uci,0,v3,dsr_c1,0.95,32,decoded_naive,decoded_naive,riemannian,False,6968,8040,0.00035333295818418264,0.062338000047020614,0.0005873750196769834,False,True,search,,,,,,,,,,,,,,,,0.0019857079023495317,,,,
uci,0,v3,dsr_c1,0.95,34,decoded_naive,decoded_naive,riemannian,False,6968,8040,0.00035333295818418264,0.062338000047020614,0.0005873750196769834,True,False,,not_attempted,0.0,0.0,,"[201, 170]",2.0,0.035422105342149734,False,False,False,False,False,False,-7.35882069972131,0.17695406079292297,0.0019898329628631473,,,,
uci,0,v3,dsr_c1,0.95,38,decoded_naive,decoded_naive,riemannian,False,6968,8040,0.00035333295818418264,0.062338000047020614,0.0005873750196769834,True,False,,not_attempted,0.0,0.0,,"[201, 117]",2.0,0.051026601344347,False,False,False,False,False,False,-7.41654970814886,0.21553975343704224,0.0019905840745195746,,,,
uci,0,v3,dsr_c1,0.95,44,decoded_naive,decoded_naive,riemannian,False,6968,8040,0.00035333295818418264,0.062338000047020614,0.0005873750196769834,True,False,,not_attempted,0.0,0.0,,"[201, 172]",2.0,0.01488901674747467,False,False,False,False,False,False,-7.3146096219093195,0.0681728646159172,0.001946292002685368,,,,
uci,0,v3,dsr_c1,0.95,50,decoded_naive,decoded_naive,riemannian,False,6968,8040,0.00035333295818418264,0.062338000047020614,0.0005873750196769834,True,False,,not_attempted,0.0,0.0,,"[201, 188]",2.0,0.017699118703603745,False,False,False,False,False,False,-7.878806612276606,0.05370648205280304,0.0019965419778600335,,,,
uci,0,v3,dsr_c1,0.95,52,decoded_naive,decoded_naive,riemannian,False,6968,8040,0.00035333295818418264,0.062338000047020614,0.0005873750196769834,False,True,search,,,,,,,,,,,,,,,,0.0020257500000298023,,,,
uci,0,v3,dsr_c1,0.95,53,decoded_naive,decoded_naive,riemannian,False,6968,8040,0.00035333295818418264,0.062338000047020614,0.0005873750196769834,True,False,,not_attempted,0.0,0.0,,"[201, 170]",2.0,0.06780827045440674,False,False,False,False,False,False,-7.369581081672948,0.29196876287460327,0.0020054159685969353,,,,
uci,0,v3,dsr_c1,0.95,55,decoded_naive,decoded_naive,riemannian,False,6968,8040,0.00035333295818418264,0.062338000047020614,0.0005873750196769834,False,True,search,,,,,,,,,,,,,,,,0.0019709590123966336,,,,
uci,0,v3,dsr_c1,0.95,57,decoded_naive,decoded_naive,riemannian,False,6968,8040,0.00035333295818418264,0.062338000047020614,0.0005873750196769834,False,True,search,,,,,,,,,,,,,,,,0.001954958075657487,,,,
uci,0,v3,dsr_c1c2,0.95,0,decoded_banded,decoded_banded,riemannian,False,8040,8040,0.0002045829314738512,0.062338000047020614,0.0005873750196769834,False,True,search,,,,,,,,,,,,,,,,0.0019380419980734587,,,,
uci,0,v3,dsr_c1c2,0.95,1,decoded_banded,decoded_banded,riemannian,False,8040,8040,0.0002045829314738512,0.062338000047020614,0.0005873750196769834,False,True,search,,,,,,,,,,,,,,,,0.0019145830301567912,,,,
uci,0,v3,dsr_c1c2,0.95,4,decoded_banded,decoded_banded,riemannian,False,8040,8040,0.0002045829314738512,0.062338000047020614,0.0005873750196769834,False,True,search,,,,,,,,,,,,,,,,0.001940125017426908,,,,
uci,0,v3,dsr_c1c2,0.95,6,decoded_banded,decoded_banded,riemannian,False,8040,8040,0.0002045829314738512,0.062338000047020614,0.0005873750196769834,False,True,search,,,,,,,,,,,,,,,,0.0019023750210180879,,,,
uci,0,v3,dsr_c1c2,0.95,7,decoded_banded,decoded_banded,riemannian,False,8040,8040,0.0002045829314738512,0.062338000047020614,0.0005873750196769834,False,True,search,,,,,,,,,,,,,,,,0.0019175419583916664,,,,
uci,0,v3,dsr_c1c2,0.95,8,decoded_banded,decoded_banded,riemannian,False,8040,8040,0.0002045829314738512,0.062338000047020614,0.0005873750196769834,False,True,search,,,,,,,,,,,,,,,,0.002595958998426795,,,,
uci,0,v3,dsr_c1c2,0.95,9,decoded_banded,decoded_banded,riemannian,False,8040,8040,0.0002045829314738512,0.062338000047020614,0.0005873750196769834,False,True,search,,,,,,,,,,,,,,,,0.0020838750060647726,,,,
uci,0,v3,dsr_c1c2,0.95,11,decoded_banded,decoded_banded,riemannian,False,8040,8040,0.0002045829314738512,0.062338000047020614,0.0005873750196769834,False,True,search,,,,,,,,,,,,,,,,0.001989415963180363,,,,
uci,0,v3,dsr_c1c2,0.95,14,decoded_banded,decoded_banded,riemannian,False,8040,8040,0.0002045829314738512,0.062338000047020614,0.0005873750196769834,False,True,search,,,,,,,,,,,,,,,,0.0019807079806923866,,,,
uci,0,v3,dsr_c1c2,0.95,16,decoded_banded,decoded_banded,riemannian,False,8040,8040,0.0002045829314738512,0.062338000047020614,0.0005873750196769834,False,True,search,,,,,,,,,,,,,,,,0.0020433750469237566,,,,
uci,0,v3,dsr_c1c2,0.95,20,decoded_banded,decoded_banded,riemannian,False,8040,8040,0.0002045829314738512,0.062338000047020614,0.0005873750196769834,False,True,search,,,,,,,,,,,,,,,,0.0018447920447215438,,,,
uci,0,v3,dsr_c1c2,0.95,26,decoded_banded,decoded_banded,riemannian,False,8040,8040,0.0002045829314738512,0.062338000047020614,0.0005873750196769834,False,True,search,,,,,,,,,,,,,,,,0.001955541083589196,,,,
uci,0,v3,dsr_c1c2,0.95,30,decoded_banded,decoded_banded,riemannian,False,8040,8040,0.0002045829314738512,0.062338000047020614,0.0005873750196769834,False,True,search,,,,,,,,,,,,,,,,0.001840416924096644,,,,
uci,0,v3,dsr_c1c2,0.95,32,decoded_banded,decoded_banded,riemannian,False,8040,8040,0.0002045829314738512,0.062338000047020614,0.0005873750196769834,False,True,search,,,,,,,,,,,,,,,,0.0018841249402612448,,,,
uci,0,v3,dsr_c1c2,0.95,34,decoded_banded,decoded_banded,riemannian,False,8040,8040,0.0002045829314738512,0.062338000047020614,0.0005873750196769834,False,True,search,,,,,,,,,,,,,,,,0.001960833091288805,,,,
uci,0,v3,dsr_c1c2,0.95,38,decoded_banded,decoded_banded,riemannian,False,8040,8040,0.0002045829314738512,0.062338000047020614,0.0005873750196769834,False,True,search,,,,,,,,,,,,,,,,0.0018777500372380018,,,,
uci,0,v3,dsr_c1c2,0.95,44,decoded_banded,decoded_banded,riemannian,False,8040,8040,0.0002045829314738512,0.062338000047020614,0.0005873750196769834,False,True,search,,,,,,,,,,,,,,,,0.001922791008837521,,,,
uci,0,v3,dsr_c1c2,0.95,50,decoded_banded,decoded_banded,riemannian,False,8040,8040,0.0002045829314738512,0.062338000047020614,0.0005873750196769834,False,True,search,,,,,,,,,,,,,,,,0.0022507909452542663,,,,
uci,0,v3,dsr_c1c2,0.95,52,decoded_banded,decoded_banded,riemannian,False,8040,8040,0.0002045829314738512,0.062338000047020614,0.0005873750196769834,False,True,search,,,,,,,,,,,,,,,,0.0019174589542672038,,,,
uci,0,v3,dsr_c1c2,0.95,53,decoded_banded,decoded_banded,riemannian,False,8040,8040,0.0002045829314738512,0.062338000047020614,0.0005873750196769834,False,True,search,,,,,,,,,,,,,,,,0.001858582952991128,,,,
uci,0,v3,dsr_c1c2,0.95,55,decoded_banded,decoded_banded,riemannian,False,8040,8040,0.0002045829314738512,0.062338000047020614,0.0005873750196769834,False,True,search,,,,,,,,,,,,,,,,0.0019524170784279704,,,,
uci,0,v3,dsr_c1c2,0.95,57,decoded_banded,decoded_banded,riemannian,False,8040,8040,0.0002045829314738512,0.062338000047020614,0.0005873750196769834,False,True,search,,,,,,,,,,,,,,,,0.0018892090301960707,,,,
uci,0,v3,dsr_full,0.95,0,decoded_naive,decoded_banded,riemannian,True,6968,8040,0.0003177090547978878,0.062338000047020614,0.0005873750196769834,False,True,repair,failed,0.0,3.0,"step 1 still violates after 3 repair iterations (triggered by {'immutable': False, 'non_decreasing': True, 'age_horizon': True, 'directional': True})",,,,,,,,,,,,0.002442458993755281,False,True,True,True
uci,0,v3,dsr_full,0.95,1,decoded_naive,decoded_banded,riemannian,True,6968,8040,0.0003177090547978878,0.062338000047020614,0.0005873750196769834,False,True,search,,,,,,,,,,,,,,,,0.001983333029784262,,,,
uci,0,v3,dsr_full,0.95,4,decoded_naive,decoded_banded,riemannian,True,6968,8040,0.0003177090547978878,0.062338000047020614,0.0005873750196769834,False,True,repair,failed,0.0,3.0,"step 1 still violates after 3 repair iterations (triggered by {'immutable': False, 'non_decreasing': True, 'age_horizon': True, 'directional': True})",,,,,,,,,,,,0.002379499957896769,False,True,True,True
uci,0,v3,dsr_full,0.95,6,decoded_naive,decoded_banded,riemannian,True,6968,8040,0.0003177090547978878,0.062338000047020614,0.0005873750196769834,False,True,repair,failed,0.0,3.0,"step 1 still violates after 3 repair iterations (triggered by {'immutable': False, 'non_decreasing': True, 'age_horizon': True, 'directional': True})",,,,,,,,,,,,0.002517750021070242,False,True,True,True
uci,0,v3,dsr_full,0.95,7,decoded_naive,decoded_banded,riemannian,True,6968,8040,0.0003177090547978878,0.062338000047020614,0.0005873750196769834,False,True,repair,failed,0.0,3.0,"step 1 still violates after 3 repair iterations (triggered by {'immutable': False, 'non_decreasing': True, 'age_horizon': True, 'directional': True})",,,,,,,,,,,,0.002384625026024878,False,True,True,True
uci,0,v3,dsr_full,0.95,8,decoded_naive,decoded_banded,riemannian,True,6968,8040,0.0003177090547978878,0.062338000047020614,0.0005873750196769834,False,True,repair,failed,0.0,3.0,"step 1 still violates after 3 repair iterations (triggered by {'immutable': False, 'non_decreasing': True, 'age_horizon': True, 'directional': True})",,,,,,,,,,,,0.0023979590041562915,False,True,True,True
uci,0,v3,dsr_full,0.95,9,decoded_naive,decoded_banded,riemannian,True,6968,8040,0.0003177090547978878,0.062338000047020614,0.0005873750196769834,False,True,search,,,,,,,,,,,,,,,,0.0020151250064373016,,,,
uci,0,v3,dsr_full,0.95,11,decoded_naive,decoded_banded,riemannian,True,6968,8040,0.0003177090547978878,0.062338000047020614,0.0005873750196769834,False,True,search,,,,,,,,,,,,,,,,0.001974417013116181,,,,
uci,0,v3,dsr_full,0.95,14,decoded_naive,decoded_banded,riemannian,True,6968,8040,0.0003177090547978878,0.062338000047020614,0.0005873750196769834,False,True,repair,failed,0.0,3.0,"step 1 still violates after 3 repair iterations (triggered by {'immutable': False, 'non_decreasing': True, 'age_horizon': True, 'directional': True})",,,,,,,,,,,,0.0023805421078577638,False,True,True,True
uci,0,v3,dsr_full,0.95,16,decoded_naive,decoded_banded,riemannian,True,6968,8040,0.0003177090547978878,0.062338000047020614,0.0005873750196769834,False,True,repair,failed,0.0,3.0,"step 1 still violates after 3 repair iterations (triggered by {'immutable': False, 'non_decreasing': True, 'age_horizon': True, 'directional': True})",,,,,,,,,,,,0.002348208916373551,False,True,True,True
uci,0,v3,dsr_full,0.95,20,decoded_naive,decoded_banded,riemannian,True,6968,8040,0.0003177090547978878,0.062338000047020614,0.0005873750196769834,False,True,repair,failed,0.0,3.0,"step 1 still violates after 3 repair iterations (triggered by {'immutable': False, 'non_decreasing': True, 'age_horizon': True, 'directional': True})",,,,,,,,,,,,0.002374666975811124,False,True,True,True
uci,0,v3,dsr_full,0.95,26,decoded_naive,decoded_banded,riemannian,True,6968,8040,0.0003177090547978878,0.062338000047020614,0.0005873750196769834,False,True,repair,failed,0.0,3.0,"step 1 still violates after 3 repair iterations (triggered by {'immutable': False, 'non_decreasing': True, 'age_horizon': True, 'directional': True})",,,,,,,,,,,,0.002335291006602347,False,True,True,True
uci,0,v3,dsr_full,0.95,30,decoded_naive,decoded_banded,riemannian,True,6968,8040,0.0003177090547978878,0.062338000047020614,0.0005873750196769834,False,True,repair,failed,0.0,3.0,"step 1 still violates after 3 repair iterations (triggered by {'immutable': False, 'non_decreasing': True, 'age_horizon': True, 'directional': True})",,,,,,,,,,,,0.00236904202029109,False,True,True,True
uci,0,v3,dsr_full,0.95,32,decoded_naive,decoded_banded,riemannian,True,6968,8040,0.0003177090547978878,0.062338000047020614,0.0005873750196769834,False,True,search,,,,,,,,,,,,,,,,0.0020293750567361712,,,,
uci,0,v3,dsr_full,0.95,34,decoded_naive,decoded_banded,riemannian,True,6968,8040,0.0003177090547978878,0.062338000047020614,0.0005873750196769834,False,True,repair,failed,0.0,3.0,"step 1 still violates after 3 repair iterations (triggered by {'immutable': False, 'non_decreasing': True, 'age_horizon': True, 'directional': True})",,,,,,,,,,,,0.002345374901778996,False,True,True,True
uci,0,v3,dsr_full,0.95,38,decoded_naive,decoded_banded,riemannian,True,6968,8040,0.0003177090547978878,0.062338000047020614,0.0005873750196769834,False,True,repair,failed,0.0,3.0,"step 1 still violates after 3 repair iterations (triggered by {'immutable': False, 'non_decreasing': True, 'age_horizon': True, 'directional': True})",,,,,,,,,,,,0.00238695798907429,False,True,True,True
uci,0,v3,dsr_full,0.95,44,decoded_naive,decoded_banded,riemannian,True,6968,8040,0.0003177090547978878,0.062338000047020614,0.0005873750196769834,False,True,repair,failed,0.0,3.0,"step 1 still violates after 3 repair iterations (triggered by {'immutable': False, 'non_decreasing': True, 'age_horizon': True, 'directional': True})",,,,,,,,,,,,0.00236754200886935,False,True,True,True
uci,0,v3,dsr_full,0.95,50,decoded_naive,decoded_banded,riemannian,True,6968,8040,0.0003177090547978878,0.062338000047020614,0.0005873750196769834,False,True,repair,failed,0.0,3.0,"step 1 still violates after 3 repair iterations (triggered by {'immutable': False, 'non_decreasing': True, 'age_horizon': True, 'directional': True})",,,,,,,,,,,,0.0023870000150054693,False,True,True,True
uci,0,v3,dsr_full,0.95,52,decoded_naive,decoded_banded,riemannian,True,6968,8040,0.0003177090547978878,0.062338000047020614,0.0005873750196769834,False,True,search,,,,,,,,,,,,,,,,0.0019505000673234463,,,,
uci,0,v3,dsr_full,0.95,53,decoded_naive,decoded_banded,riemannian,True,6968,8040,0.0003177090547978878,0.062338000047020614,0.0005873750196769834,False,True,repair,failed,0.0,3.0,"step 1 still violates after 3 repair iterations (triggered by {'immutable': False, 'non_decreasing': True, 'age_horizon': True, 'directional': True})",,,,,,,,,,,,0.002355500007979572,False,True,True,True
uci,0,v3,dsr_full,0.95,55,decoded_naive,decoded_banded,riemannian,True,6968,8040,0.0003177090547978878,0.062338000047020614,0.0005873750196769834,False,True,search,,,,,,,,,,,,,,,,0.0019920830382034183,,,,
uci,0,v3,dsr_full,0.95,57,decoded_naive,decoded_banded,riemannian,True,6968,8040,0.0003177090547978878,0.062338000047020614,0.0005873750196769834,False,True,search,,,,,,,,,,,,,,,,0.001953125,,,,
uci,0,v3,dsr_full_euclidean,0.95,0,decoded_naive,decoded_banded,euclidean,True,6968,8040,0.00030683400109410286,0.062338000047020614,0.0005873750196769834,False,True,repair,failed,0.0,3.0,"step 1 still violates after 3 repair iterations (triggered by {'immutable': False, 'non_decreasing': True, 'age_horizon': True, 'directional': True})",,,,,,,,,,,,0.002381875063292682,False,True,True,True
uci,0,v3,dsr_full_euclidean,0.95,1,decoded_naive,decoded_banded,euclidean,True,6968,8040,0.00030683400109410286,0.062338000047020614,0.0005873750196769834,False,True,search,,,,,,,,,,,,,,,,0.0020000829827040434,,,,
uci,0,v3,dsr_full_euclidean,0.95,4,decoded_naive,decoded_banded,euclidean,True,6968,8040,0.00030683400109410286,0.062338000047020614,0.0005873750196769834,False,True,repair,failed,0.0,3.0,"step 1 still violates after 3 repair iterations (triggered by {'immutable': False, 'non_decreasing': True, 'age_horizon': True, 'directional': True})",,,,,,,,,,,,0.00236316688824445,False,True,True,True
uci,0,v3,dsr_full_euclidean,0.95,6,decoded_naive,decoded_banded,euclidean,True,6968,8040,0.00030683400109410286,0.062338000047020614,0.0005873750196769834,False,True,repair,failed,0.0,3.0,"step 1 still violates after 3 repair iterations (triggered by {'immutable': False, 'non_decreasing': True, 'age_horizon': True, 'directional': True})",,,,,,,,,,,,0.002372667076997459,False,True,True,True
uci,0,v3,dsr_full_euclidean,0.95,7,decoded_naive,decoded_banded,euclidean,True,6968,8040,0.00030683400109410286,0.062338000047020614,0.0005873750196769834,False,True,repair,failed,0.0,3.0,"step 1 still violates after 3 repair iterations (triggered by {'immutable': False, 'non_decreasing': True, 'age_horizon': True, 'directional': True})",,,,,,,,,,,,0.0024227920221164823,False,True,True,True
uci,0,v3,dsr_full_euclidean,0.95,8,decoded_naive,decoded_banded,euclidean,True,6968,8040,0.00030683400109410286,0.062338000047020614,0.0005873750196769834,False,True,repair,failed,0.0,3.0,"step 1 still violates after 3 repair iterations (triggered by {'immutable': False, 'non_decreasing': True, 'age_horizon': True, 'directional': True})",,,,,,,,,,,,0.0023737919982522726,False,True,True,True
uci,0,v3,dsr_full_euclidean,0.95,9,decoded_naive,decoded_banded,euclidean,True,6968,8040,0.00030683400109410286,0.062338000047020614,0.0005873750196769834,False,True,search,,,,,,,,,,,,,,,,0.0019303340231999755,,,,
uci,0,v3,dsr_full_euclidean,0.95,11,decoded_naive,decoded_banded,euclidean,True,6968,8040,0.00030683400109410286,0.062338000047020614,0.0005873750196769834,False,True,search,,,,,,,,,,,,,,,,0.0019451250554993749,,,,
uci,0,v3,dsr_full_euclidean,0.95,14,decoded_naive,decoded_banded,euclidean,True,6968,8040,0.00030683400109410286,0.062338000047020614,0.0005873750196769834,False,True,repair,failed,0.0,3.0,"step 1 still violates after 3 repair iterations (triggered by {'immutable': False, 'non_decreasing': True, 'age_horizon': True, 'directional': True})",,,,,,,,,,,,0.0023768750252202153,False,True,True,True
uci,0,v3,dsr_full_euclidean,0.95,16,decoded_naive,decoded_banded,euclidean,True,6968,8040,0.00030683400109410286,0.062338000047020614,0.0005873750196769834,False,True,repair,failed,0.0,3.0,"step 1 still violates after 3 repair iterations (triggered by {'immutable': False, 'non_decreasing': True, 'age_horizon': True, 'directional': True})",,,,,,,,,,,,0.002425209037028253,False,True,True,True
uci,0,v3,dsr_full_euclidean,0.95,20,decoded_naive,decoded_banded,euclidean,True,6968,8040,0.00030683400109410286,0.062338000047020614,0.0005873750196769834,False,True,repair,failed,0.0,3.0,"step 1 still violates after 3 repair iterations (triggered by {'immutable': False, 'non_decreasing': True, 'age_horizon': True, 'directional': True})",,,,,,,,,,,,0.002392166992649436,False,True,True,True
uci,0,v3,dsr_full_euclidean,0.95,26,decoded_naive,decoded_banded,euclidean,True,6968,8040,0.00030683400109410286,0.062338000047020614,0.0005873750196769834,False,True,repair,failed,0.0,3.0,"step 1 still violates after 3 repair iterations (triggered by {'immutable': False, 'non_decreasing': True, 'age_horizon': True, 'directional': True})",,,,,,,,,,,,0.002445832942612469,False,True,True,True
uci,0,v3,dsr_full_euclidean,0.95,30,decoded_naive,decoded_banded,euclidean,True,6968,8040,0.00030683400109410286,0.062338000047020614,0.0005873750196769834,False,True,repair,failed,0.0,3.0,"step 1 still violates after 3 repair iterations (triggered by {'immutable': False, 'non_decreasing': True, 'age_horizon': True, 'directional': True})",,,,,,,,,,,,0.0023965410655364394,False,True,True,True
uci,0,v3,dsr_full_euclidean,0.95,32,decoded_naive,decoded_banded,euclidean,True,6968,8040,0.00030683400109410286,0.062338000047020614,0.0005873750196769834,False,True,search,,,,,,,,,,,,,,,,0.0020533750066533685,,,,
uci,0,v3,dsr_full_euclidean,0.95,34,decoded_naive,decoded_banded,euclidean,True,6968,8040,0.00030683400109410286,0.062338000047020614,0.0005873750196769834,False,True,repair,failed,0.0,3.0,"step 1 still violates after 3 repair iterations (triggered by {'immutable': False, 'non_decreasing': True, 'age_horizon': True, 'directional': True})",,,,,,,,,,,,0.0024817080702632666,False,True,True,True
uci,0,v3,dsr_full_euclidean,0.95,38,decoded_naive,decoded_banded,euclidean,True,6968,8040,0.00030683400109410286,0.062338000047020614,0.0005873750196769834,False,True,repair,failed,0.0,3.0,"step 1 still violates after 3 repair iterations (triggered by {'immutable': False, 'non_decreasing': True, 'age_horizon': True, 'directional': True})",,,,,,,,,,,,0.0023669159272685647,False,True,True,True
uci,0,v3,dsr_full_euclidean,0.95,44,decoded_naive,decoded_banded,euclidean,True,6968,8040,0.00030683400109410286,0.062338000047020614,0.0005873750196769834,False,True,repair,failed,0.0,3.0,"step 1 still violates after 3 repair iterations (triggered by {'immutable': False, 'non_decreasing': True, 'age_horizon': True, 'directional': True})",,,,,,,,,,,,0.0023915000492706895,False,True,True,True
uci,0,v3,dsr_full_euclidean,0.95,50,decoded_naive,decoded_banded,euclidean,True,6968,8040,0.00030683400109410286,0.062338000047020614,0.0005873750196769834,False,True,repair,failed,0.0,3.0,"step 1 still violates after 3 repair iterations (triggered by {'immutable': False, 'non_decreasing': True, 'age_horizon': True, 'directional': True})",,,,,,,,,,,,0.0023374579614028335,False,True,True,True
uci,0,v3,dsr_full_euclidean,0.95,52,decoded_naive,decoded_banded,euclidean,True,6968,8040,0.00030683400109410286,0.062338000047020614,0.0005873750196769834,False,True,search,,,,,,,,,,,,,,,,0.002019750070758164,,,,
uci,0,v3,dsr_full_euclidean,0.95,53,decoded_naive,decoded_banded,euclidean,True,6968,8040,0.00030683400109410286,0.062338000047020614,0.0005873750196769834,False,True,repair,failed,0.0,3.0,"step 1 still violates after 3 repair iterations (triggered by {'immutable': False, 'non_decreasing': True, 'age_horizon': True, 'directional': True})",,,,,,,,,,,,0.002358082914724946,False,True,True,True
uci,0,v3,dsr_full_euclidean,0.95,55,decoded_naive,decoded_banded,euclidean,True,6968,8040,0.00030683400109410286,0.062338000047020614,0.0005873750196769834,False,True,search,,,,,,,,,,,,,,,,0.002024833927862346,,,,
uci,0,v3,dsr_full_euclidean,0.95,57,decoded_naive,decoded_banded,euclidean,True,6968,8040,0.00030683400109410286,0.062338000047020614,0.0005873750196769834,False,True,search,,,,,,,,,,,,,,,,0.0019681249978020787,,,,
uci,0,v3,dsr_bands_no_identity,0.95,0,banded_no_identity,banded_no_identity,riemannian,False,8040,8040,0.00024087494239211082,0.062338000047020614,0.0005873750196769834,False,True,search,,,,,,,,,,,,,,,,0.0019077080069109797,,,,
uci,0,v3,dsr_bands_no_identity,0.95,1,banded_no_identity,banded_no_identity,riemannian,False,8040,8040,0.00024087494239211082,0.062338000047020614,0.0005873750196769834,False,True,search,,,,,,,,,,,,,,,,0.0019120830111205578,,,,
uci,0,v3,dsr_bands_no_identity,0.95,4,banded_no_identity,banded_no_identity,riemannian,False,8040,8040,0.00024087494239211082,0.062338000047020614,0.0005873750196769834,False,True,search,,,,,,,,,,,,,,,,0.001980125089175999,,,,
uci,0,v3,dsr_bands_no_identity,0.95,6,banded_no_identity,banded_no_identity,riemannian,False,8040,8040,0.00024087494239211082,0.062338000047020614,0.0005873750196769834,False,True,search,,,,,,,,,,,,,,,,0.0018734580371528864,,,,
uci,0,v3,dsr_bands_no_identity,0.95,7,banded_no_identity,banded_no_identity,riemannian,False,8040,8040,0.00024087494239211082,0.062338000047020614,0.0005873750196769834,False,True,search,,,,,,,,,,,,,,,,0.0018790420144796371,,,,
uci,0,v3,dsr_bands_no_identity,0.95,8,banded_no_identity,banded_no_identity,riemannian,False,8040,8040,0.00024087494239211082,0.062338000047020614,0.0005873750196769834,False,True,search,,,,,,,,,,,,,,,,0.0019519170746207237,,,,
uci,0,v3,dsr_bands_no_identity,0.95,9,banded_no_identity,banded_no_identity,riemannian,False,8040,8040,0.00024087494239211082,0.062338000047020614,0.0005873750196769834,False,True,search,,,,,,,,,,,,,,,,0.0019487920217216015,,,,
uci,0,v3,dsr_bands_no_identity,0.95,11,banded_no_identity,banded_no_identity,riemannian,False,8040,8040,0.00024087494239211082,0.062338000047020614,0.0005873750196769834,False,True,search,,,,,,,,,,,,,,,,0.00195479195099324,,,,
uci,0,v3,dsr_bands_no_identity,0.95,14,banded_no_identity,banded_no_identity,riemannian,False,8040,8040,0.00024087494239211082,0.062338000047020614,0.0005873750196769834,False,True,search,,,,,,,,,,,,,,,,0.0019122089724987745,,,,
uci,0,v3,dsr_bands_no_identity,0.95,16,banded_no_identity,banded_no_identity,riemannian,False,8040,8040,0.00024087494239211082,0.062338000047020614,0.0005873750196769834,False,True,search,,,,,,,,,,,,,,,,0.001976707950234413,,,,
uci,0,v3,dsr_bands_no_identity,0.95,20,banded_no_identity,banded_no_identity,riemannian,False,8040,8040,0.00024087494239211082,0.062338000047020614,0.0005873750196769834,False,True,search,,,,,,,,,,,,,,,,0.0019513750448822975,,,,
uci,0,v3,dsr_bands_no_identity,0.95,26,banded_no_identity,banded_no_identity,riemannian,False,8040,8040,0.00024087494239211082,0.062338000047020614,0.0005873750196769834,False,True,search,,,,,,,,,,,,,,,,0.0018962500616908073,,,,
uci,0,v3,dsr_bands_no_identity,0.95,30,banded_no_identity,banded_no_identity,riemannian,False,8040,8040,0.00024087494239211082,0.062338000047020614,0.0005873750196769834,False,True,search,,,,,,,,,,,,,,,,0.001948417047969997,,,,
uci,0,v3,dsr_bands_no_identity,0.95,32,banded_no_identity,banded_no_identity,riemannian,False,8040,8040,0.00024087494239211082,0.062338000047020614,0.0005873750196769834,False,True,search,,,,,,,,,,,,,,,,0.0018830830231308937,,,,
uci,0,v3,dsr_bands_no_identity,0.95,34,banded_no_identity,banded_no_identity,riemannian,False,8040,8040,0.00024087494239211082,0.062338000047020614,0.0005873750196769834,False,True,search,,,,,,,,,,,,,,,,0.001875916961580515,,,,
uci,0,v3,dsr_bands_no_identity,0.95,38,banded_no_identity,banded_no_identity,riemannian,False,8040,8040,0.00024087494239211082,0.062338000047020614,0.0005873750196769834,False,True,search,,,,,,,,,,,,,,,,0.0019050000701099634,,,,
uci,0,v3,dsr_bands_no_identity,0.95,44,banded_no_identity,banded_no_identity,riemannian,False,8040,8040,0.00024087494239211082,0.062338000047020614,0.0005873750196769834,False,True,search,,,,,,,,,,,,,,,,0.0019545829854905605,,,,
uci,0,v3,dsr_bands_no_identity,0.95,50,banded_no_identity,banded_no_identity,riemannian,False,8040,8040,0.00024087494239211082,0.062338000047020614,0.0005873750196769834,False,True,search,,,,,,,,,,,,,,,,0.0018926659831777215,,,,
uci,0,v3,dsr_bands_no_identity,0.95,52,banded_no_identity,banded_no_identity,riemannian,False,8040,8040,0.00024087494239211082,0.062338000047020614,0.0005873750196769834,False,True,search,,,,,,,,,,,,,,,,0.0018379170214757323,,,,
uci,0,v3,dsr_bands_no_identity,0.95,53,banded_no_identity,banded_no_identity,riemannian,False,8040,8040,0.00024087494239211082,0.062338000047020614,0.0005873750196769834,False,True,search,,,,,,,,,,,,,,,,0.0019035839941352606,,,,
uci,0,v3,dsr_bands_no_identity,0.95,55,banded_no_identity,banded_no_identity,riemannian,False,8040,8040,0.00024087494239211082,0.062338000047020614,0.0005873750196769834,False,True,search,,,,,,,,,,,,,,,,0.0018883750308305025,,,,
uci,0,v3,dsr_bands_no_identity,0.95,57,banded_no_identity,banded_no_identity,riemannian,False,8040,8040,0.00024087494239211082,0.062338000047020614,0.0005873750196769834,False,True,search,,,,,,,,,,,,,,,,0.0018557080766186118,,,,
uci,0,v3,dsr_full,0.05,0,decoded_naive,decoded_banded,riemannian,True,6968,8040,0.00031954189762473106,0.062338000047020614,0.0005873750196769834,False,True,repair,failed,0.0,3.0,"step 1 still violates after 3 repair iterations (triggered by {'immutable': False, 'non_decreasing': False, 'age_horizon': False, 'directional': True})",,,,,,,,,,,,0.0026653329841792583,False,False,False,True
uci,0,v3,dsr_full,0.05,1,decoded_naive,decoded_banded,riemannian,True,6968,8040,0.00031954189762473106,0.062338000047020614,0.0005873750196769834,False,True,search,,,,,,,,,,,,,,,,0.0019819160224869847,,,,
uci,0,v3,dsr_full,0.05,4,decoded_naive,decoded_banded,riemannian,True,6968,8040,0.00031954189762473106,0.062338000047020614,0.0005873750196769834,False,True,repair,failed,0.0,3.0,"step 1 still violates after 3 repair iterations (triggered by {'immutable': False, 'non_decreasing': False, 'age_horizon': False, 'directional': True})",,,,,,,,,,,,0.0023960829712450504,False,False,False,True
uci,0,v3,dsr_full,0.05,6,decoded_naive,decoded_banded,riemannian,True,6968,8040,0.00031954189762473106,0.062338000047020614,0.0005873750196769834,False,True,repair,failed,0.0,3.0,"step 1 still violates after 3 repair iterations (triggered by {'immutable': False, 'non_decreasing': False, 'age_horizon': False, 'directional': True})",,,,,,,,,,,,0.0026252499083057046,False,False,False,True
uci,0,v3,dsr_full,0.05,7,decoded_naive,decoded_banded,riemannian,True,6968,8040,0.00031954189762473106,0.062338000047020614,0.0005873750196769834,False,True,repair,failed,0.0,3.0,"step 1 still violates after 3 repair iterations (triggered by {'immutable': False, 'non_decreasing': True, 'age_horizon': False, 'directional': True})",,,,,,,,,,,,0.0024752089520916343,False,True,False,True
uci,0,v3,dsr_full,0.05,8,decoded_naive,decoded_banded,riemannian,True,6968,8040,0.00031954189762473106,0.062338000047020614,0.0005873750196769834,False,True,repair,failed,0.0,3.0,"step 1 still violates after 3 repair iterations (triggered by {'immutable': False, 'non_decreasing': False, 'age_horizon': False, 'directional': True})",,,,,,,,,,,,0.00253145897295326,False,False,False,True
uci,0,v3,dsr_full,0.05,9,decoded_naive,decoded_banded,riemannian,True,6968,8040,0.00031954189762473106,0.062338000047020614,0.0005873750196769834,False,True,search,,,,,,,,,,,,,,,,0.0023434170288965106,,,,
uci,0,v3,dsr_full,0.05,11,decoded_naive,decoded_banded,riemannian,True,6968,8040,0.00031954189762473106,0.062338000047020614,0.0005873750196769834,False,True,search,,,,,,,,,,,,,,,,0.001987208961509168,,,,
uci,0,v3,dsr_full,0.05,14,decoded_naive,decoded_banded,riemannian,True,6968,8040,0.00031954189762473106,0.062338000047020614,0.0005873750196769834,False,True,repair,failed,0.0,3.0,"step 1 still violates after 3 repair iterations (triggered by {'immutable': False, 'non_decreasing': True, 'age_horizon': False, 'directional': True})",,,,,,,,,,,,0.0024690829450264573,False,True,False,True
uci,0,v3,dsr_full,0.05,16,decoded_naive,decoded_banded,riemannian,True,6968,8040,0.00031954189762473106,0.062338000047020614,0.0005873750196769834,False,True,repair,failed,0.0,3.0,"step 1 still violates after 3 repair iterations (triggered by {'immutable': False, 'non_decreasing': True, 'age_horizon': False, 'directional': True})",,,,,,,,,,,,0.0023269589291885495,False,True,False,True
uci,0,v3,dsr_full,0.05,20,decoded_naive,decoded_banded,riemannian,True,6968,8040,0.00031954189762473106,0.062338000047020614,0.0005873750196769834,False,True,repair,failed,0.0,3.0,"step 1 still violates after 3 repair iterations (triggered by {'immutable': False, 'non_decreasing': True, 'age_horizon': False, 'directional': True})",,,,,,,,,,,,0.0024198750033974648,False,True,False,True
uci,0,v3,dsr_full,0.05,26,decoded_naive,decoded_banded,riemannian,True,6968,8040,0.00031954189762473106,0.062338000047020614,0.0005873750196769834,False,True,repair,failed,0.0,3.0,"step 1 still violates after 3 repair iterations (triggered by {'immutable': False, 'non_decreasing': True, 'age_horizon': False, 'directional': True})",,,,,,,,,,,,0.002447957987897098,False,True,False,True
uci,0,v3,dsr_full,0.05,30,decoded_naive,decoded_banded,riemannian,True,6968,8040,0.00031954189762473106,0.062338000047020614,0.0005873750196769834,False,True,repair,failed,0.0,3.0,"step 1 still violates after 3 repair iterations (triggered by {'immutable': False, 'non_decreasing': True, 'age_horizon': False, 'directional': True})",,,,,,,,,,,,0.00259683292824775,False,True,False,True
uci,0,v3,dsr_full,0.05,32,decoded_naive,decoded_banded,riemannian,True,6968,8040,0.00031954189762473106,0.062338000047020614,0.0005873750196769834,False,True,search,,,,,,,,,,,,,,,,0.0019378330325707793,,,,
uci,0,v3,dsr_full,0.05,34,decoded_naive,decoded_banded,riemannian,True,6968,8040,0.00031954189762473106,0.062338000047020614,0.0005873750196769834,False,True,repair,failed,0.0,3.0,"step 1 still violates after 3 repair iterations (triggered by {'immutable': False, 'non_decreasing': True, 'age_horizon': False, 'directional': True})",,,,,,,,,,,,0.0024305409751832485,False,True,False,True
uci,0,v3,dsr_full,0.05,38,decoded_naive,decoded_banded,riemannian,True,6968,8040,0.00031954189762473106,0.062338000047020614,0.0005873750196769834,False,True,repair,failed,0.0,3.0,"step 1 still violates after 3 repair iterations (triggered by {'immutable': False, 'non_decreasing': True, 'age_horizon': False, 'directional': True})",,,,,,,,,,,,0.002553290920332074,False,True,False,True
uci,0,v3,dsr_full,0.05,44,decoded_naive,decoded_banded,riemannian,True,6968,8040,0.00031954189762473106,0.062338000047020614,0.0005873750196769834,False,True,repair,failed,0.0,3.0,"step 1 still violates after 3 repair iterations (triggered by {'immutable': False, 'non_decreasing': True, 'age_horizon': False, 'directional': True})",,,,,,,,,,,,0.002314165933057666,False,True,False,True
uci,0,v3,dsr_full,0.05,50,decoded_naive,decoded_banded,riemannian,True,6968,8040,0.00031954189762473106,0.062338000047020614,0.0005873750196769834,False,True,repair,failed,0.0,3.0,"step 1 still violates after 3 repair iterations (triggered by {'immutable': False, 'non_decreasing': True, 'age_horizon': False, 'directional': True})",,,,,,,,,,,,0.002348250010982156,False,True,False,True
uci,0,v3,dsr_full,0.05,52,decoded_naive,decoded_banded,riemannian,True,6968,8040,0.00031954189762473106,0.062338000047020614,0.0005873750196769834,False,True,search,,,,,,,,,,,,,,,,0.0020133330253884196,,,,
uci,0,v3,dsr_full,0.05,53,decoded_naive,decoded_banded,riemannian,True,6968,8040,0.00031954189762473106,0.062338000047020614,0.0005873750196769834,False,True,repair,failed,0.0,3.0,"step 1 still violates after 3 repair iterations (triggered by {'immutable': False, 'non_decreasing': True, 'age_horizon': False, 'directional': True})",,,,,,,,,,,,0.00239462498575449,False,True,False,True
uci,0,v3,dsr_full,0.05,55,decoded_naive,decoded_banded,riemannian,True,6968,8040,0.00031954189762473106,0.062338000047020614,0.0005873750196769834,False,True,search,,,,,,,,,,,,,,,,0.0019551250152289867,,,,
uci,0,v3,dsr_full,0.05,57,decoded_naive,decoded_banded,riemannian,True,6968,8040,0.00031954189762473106,0.062338000047020614,0.0005873750196769834,False,True,search,,,,,,,,,,,,,,,,0.0020212080562487245,,,,
uci,0,v3,dsr_full,0.1,0,decoded_naive,decoded_banded,riemannian,True,6968,8040,0.0003197909099981189,0.062338000047020614,0.0005873750196769834,False,True,repair,failed,0.0,3.0,"step 1 still violates after 3 repair iterations (triggered by {'immutable': False, 'non_decreasing': False, 'age_horizon': False, 'directional': True})",,,,,,,,,,,,0.0024027079343795776,False,False,False,True
uci,0,v3,dsr_full,0.1,1,decoded_naive,decoded_banded,riemannian,True,6968,8040,0.0003197909099981189,0.062338000047020614,0.0005873750196769834,False,True,search,,,,,,,,,,,,,,,,0.001882874988950789,,,,
uci,0,v3,dsr_full,0.1,4,decoded_naive,decoded_banded,riemannian,True,6968,8040,0.0003197909099981189,0.062338000047020614,0.0005873750196769834,False,True,repair,failed,0.0,3.0,"step 1 still violates after 3 repair iterations (triggered by {'immutable': False, 'non_decreasing': True, 'age_horizon': False, 'directional': True})",,,,,,,,,,,,0.0025108749978244305,False,True,False,True
uci,0,v3,dsr_full,0.1,6,decoded_naive,decoded_banded,riemannian,True,6968,8040,0.0003197909099981189,0.062338000047020614,0.0005873750196769834,False,True,repair,failed,0.0,3.0,"step 1 still violates after 3 repair iterations (triggered by {'immutable': False, 'non_decreasing': False, 'age_horizon': False, 'directional': True})",,,,,,,,,,,,0.0024085830664262176,False,False,False,True
uci,0,v3,dsr_full,0.1,7,decoded_naive,decoded_banded,riemannian,True,6968,8040,0.0003197909099981189,0.062338000047020614,0.0005873750196769834,False,True,repair,failed,0.0,3.0,"step 1 still violates after 3 repair iterations (triggered by {'immutable': False, 'non_decreasing': True, 'age_horizon': False, 'directional': True})",,,,,,,,,,,,0.002400374971330166,False,True,False,True
uci,0,v3,dsr_full,0.1,8,decoded_naive,decoded_banded,riemannian,True,6968,8040,0.0003197909099981189,0.062338000047020614,0.0005873750196769834,False,True,repair,failed,0.0,3.0,"step 1 still violates after 3 repair iterations (triggered by {'immutable': False, 'non_decreasing': False, 'age_horizon': False, 'directional': True})",,,,,,,,,,,,0.00261404097545892,False,False,False,True
uci,0,v3,dsr_full,0.1,9,decoded_naive,decoded_banded,riemannian,True,6968,8040,0.0003197909099981189,0.062338000047020614,0.0005873750196769834,False,True,search,,,,,,,,,,,,,,,,0.002403832972049713,,,,
uci,0,v3,dsr_full,0.1,11,decoded_naive,decoded_banded,riemannian,True,6968,8040,0.0003197909099981189,0.062338000047020614,0.0005873750196769834,False,True,search,,,,,,,,,,,,,,,,0.0020892079919576645,,,,
uci,0,v3,dsr_full,0.1,14,decoded_naive,decoded_banded,riemannian,True,6968,8040,0.0003197909099981189,0.062338000047020614,0.0005873750196769834,False,True,repair,failed,0.0,3.0,"step 1 still violates after 3 repair iterations (triggered by {'immutable': False, 'non_decreasing': True, 'age_horizon': False, 'directional': True})",,,,,,,,,,,,0.0024359169183298945,False,True,False,True
uci,0,v3,dsr_full,0.1,16,decoded_naive,decoded_banded,riemannian,True,6968,8040,0.0003197909099981189,0.062338000047020614,0.0005873750196769834,False,True,repair,failed,0.0,3.0,"step 1 still violates after 3 repair iterations (triggered by {'immutable': False, 'non_decreasing': True, 'age_horizon': False, 'directional': True})",,,,,,,,,,,,0.0025602090172469616,False,True,False,True
uci,0,v3,dsr_full,0.1,20,decoded_naive,decoded_banded,riemannian,True,6968,8040,0.0003197909099981189,0.062338000047020614,0.0005873750196769834,False,True,repair,failed,0.0,3.0,"step 1 still violates after 3 repair iterations (triggered by {'immutable': False, 'non_decreasing': True, 'age_horizon': False, 'directional': True})",,,,,,,,,,,,0.002446791040711105,False,True,False,True
uci,0,v3,dsr_full,0.1,26,decoded_naive,decoded_banded,riemannian,True,6968,8040,0.0003197909099981189,0.062338000047020614,0.0005873750196769834,False,True,repair,failed,0.0,3.0,"step 1 still violates after 3 repair iterations (triggered by {'immutable': False, 'non_decreasing': True, 'age_horizon': False, 'directional': True})",,,,,,,,,,,,0.0024023340083658695,False,True,False,True
uci,0,v3,dsr_full,0.1,30,decoded_naive,decoded_banded,riemannian,True,6968,8040,0.0003197909099981189,0.062338000047020614,0.0005873750196769834,False,True,repair,failed,0.0,3.0,"step 1 still violates after 3 repair iterations (triggered by {'immutable': False, 'non_decreasing': True, 'age_horizon': False, 'directional': True})",,,,,,,,,,,,0.0023940419778227806,False,True,False,True
uci,0,v3,dsr_full,0.1,32,decoded_naive,decoded_banded,riemannian,True,6968,8040,0.0003197909099981189,0.062338000047020614,0.0005873750196769834,False,True,search,,,,,,,,,,,,,,,,0.0019342080922797322,,,,
uci,0,v3,dsr_full,0.1,34,decoded_naive,decoded_banded,riemannian,True,6968,8040,0.0003197909099981189,0.062338000047020614,0.0005873750196769834,False,True,repair,failed,0.0,3.0,"step 1 still violates after 3 repair iterations (triggered by {'immutable': False, 'non_decreasing': True, 'age_horizon': False, 'directional': True})",,,,,,,,,,,,0.002468041959218681,False,True,False,True
uci,0,v3,dsr_full,0.1,38,decoded_naive,decoded_banded,riemannian,True,6968,8040,0.0003197909099981189,0.062338000047020614,0.0005873750196769834,False,True,repair,failed,0.0,3.0,"step 1 still violates after 3 repair iterations (triggered by {'immutable': False, 'non_decreasing': True, 'age_horizon': False, 'directional': True})",,,,,,,,,,,,0.0024285829858854413,False,True,False,True
uci,0,v3,dsr_full,0.1,44,decoded_naive,decoded_banded,riemannian,True,6968,8040,0.0003197909099981189,0.062338000047020614,0.0005873750196769834,False,True,repair,failed,0.0,3.0,"step 1 still violates after 3 repair iterations (triggered by {'immutable': False, 'non_decreasing': True, 'age_horizon': False, 'directional': True})",,,,,,,,,,,,0.00250175001565367,False,True,False,True
uci,0,v3,dsr_full,0.1,50,decoded_naive,decoded_banded,riemannian,True,6968,8040,0.0003197909099981189,0.062338000047020614,0.0005873750196769834,False,True,repair,failed,0.0,3.0,"step 1 still violates after 3 repair iterations (triggered by {'immutable': False, 'non_decreasing': True, 'age_horizon': False, 'directional': True})",,,,,,,,,,,,0.002401834004558623,False,True,False,True
uci,0,v3,dsr_full,0.1,52,decoded_naive,decoded_banded,riemannian,True,6968,8040,0.0003197909099981189,0.062338000047020614,0.0005873750196769834,False,True,search,,,,,,,,,,,,,,,,0.0019133329624310136,,,,
uci,0,v3,dsr_full,0.1,53,decoded_naive,decoded_banded,riemannian,True,6968,8040,0.0003197909099981189,0.062338000047020614,0.0005873750196769834,False,True,repair,failed,0.0,3.0,"step 1 still violates after 3 repair iterations (triggered by {'immutable': False, 'non_decreasing': True, 'age_horizon': False, 'directional': True})",,,,,,,,,,,,0.0023919999366626143,False,True,False,True
uci,0,v3,dsr_full,0.1,55,decoded_naive,decoded_banded,riemannian,True,6968,8040,0.0003197909099981189,0.062338000047020614,0.0005873750196769834,False,True,search,,,,,,,,,,,,,,,,0.0019046668894588947,,,,
uci,0,v3,dsr_full,0.1,57,decoded_naive,decoded_banded,riemannian,True,6968,8040,0.0003197909099981189,0.062338000047020614,0.0005873750196769834,False,True,search,,,,,,,,,,,,,,,,0.0019334170501679182,,,,
uci,0,v3,dsr_full,0.25,0,decoded_naive,decoded_banded,riemannian,True,6968,8040,0.0003179160412400961,0.062338000047020614,0.0005873750196769834,False,True,repair,failed,0.0,3.0,"step 1 still violates after 3 repair iterations (triggered by {'immutable': False, 'non_decreasing': True, 'age_horizon': False, 'directional': True})",,,,,,,,,,,,0.002472416963428259,False,True,False,True
uci,0,v3,dsr_full,0.25,1,decoded_naive,decoded_banded,riemannian,True,6968,8040,0.0003179160412400961,0.062338000047020614,0.0005873750196769834,False,True,search,,,,,,,,,,,,,,,,0.0019210830796509981,,,,
uci,0,v3,dsr_full,0.25,4,decoded_naive,decoded_banded,riemannian,True,6968,8040,0.0003179160412400961,0.062338000047020614,0.0005873750196769834,False,True,repair,failed,0.0,3.0,"step 1 still violates after 3 repair iterations (triggered by {'immutable': False, 'non_decreasing': True, 'age_horizon': False, 'directional': True})",,,,,,,,,,,,0.0023829590063542128,False,True,False,True
uci,0,v3,dsr_full,0.25,6,decoded_naive,decoded_banded,riemannian,True,6968,8040,0.0003179160412400961,0.062338000047020614,0.0005873750196769834,False,True,repair,failed,0.0,3.0,"step 1 still violates after 3 repair iterations (triggered by {'immutable': False, 'non_decreasing': False, 'age_horizon': False, 'directional': True})",,,,,,,,,,,,0.002388042048551142,False,False,False,True
uci,0,v3,dsr_full,0.25,7,decoded_naive,decoded_banded,riemannian,True,6968,8040,0.0003179160412400961,0.062338000047020614,0.0005873750196769834,False,True,repair,failed,0.0,3.0,"step 1 still violates after 3 repair iterations (triggered by {'immutable': False, 'non_decreasing': True, 'age_horizon': False, 'directional': True})",,,,,,,,,,,,0.002378624980337918,False,True,False,True
uci,0,v3,dsr_full,0.25,8,decoded_naive,decoded_banded,riemannian,True,6968,8040,0.0003179160412400961,0.062338000047020614,0.0005873750196769834,False,True,repair,failed,0.0,3.0,"step 1 still violates after 3 repair iterations (triggered by {'immutable': False, 'non_decreasing': True, 'age_horizon': False, 'directional': True})",,,,,,,,,,,,0.002319291001185775,False,True,False,True
uci,0,v3,dsr_full,0.25,9,decoded_naive,decoded_banded,riemannian,True,6968,8040,0.0003179160412400961,0.062338000047020614,0.0005873750196769834,False,True,search,,,,,,,,,,,,,,,,0.0019650409230962396,,,,
uci,0,v3,dsr_full,0.25,11,decoded_naive,decoded_banded,riemannian,True,6968,8040,0.0003179160412400961,0.062338000047020614,0.0005873750196769834,False,True,search,,,,,,,,,,,,,,,,0.0019541250076144934,,,,
uci,0,v3,dsr_full,0.25,14,decoded_naive,decoded_banded,riemannian,True,6968,8040,0.0003179160412400961,0.062338000047020614,0.0005873750196769834,False,True,repair,failed,0.0,3.0,"step 1 still violates after 3 repair iterations (triggered by {'immutable': False, 'non_decreasing': True, 'age_horizon': False, 'directional': True})",,,,,,,,,,,,0.0024718339554965496,False,True,False,True
uci,0,v3,dsr_full,0.25,16,decoded_naive,decoded_banded,riemannian,True,6968,8040,0.0003179160412400961,0.062338000047020614,0.0005873750196769834,False,True,repair,failed,0.0,3.0,"step 1 still violates after 3 repair iterations (triggered by {'immutable': False, 'non_decreasing': True, 'age_horizon': False, 'directional': True})",,,,,,,,,,,,0.002406042069196701,False,True,False,True
uci,0,v3,dsr_full,0.25,20,decoded_naive,decoded_banded,riemannian,True,6968,8040,0.0003179160412400961,0.062338000047020614,0.0005873750196769834,False,True,repair,failed,0.0,3.0,"step 1 still violates after 3 repair iterations (triggered by {'immutable': False, 'non_decreasing': True, 'age_horizon': False, 'directional': True})",,,,,,,,,,,,0.0024093330139294267,False,True,False,True
uci,0,v3,dsr_full,0.25,26,decoded_naive,decoded_banded,riemannian,True,6968,8040,0.0003179160412400961,0.062338000047020614,0.0005873750196769834,False,True,repair,failed,0.0,3.0,"step 1 still violates after 3 repair iterations (triggered by {'immutable': False, 'non_decreasing': True, 'age_horizon': False, 'directional': True})",,,,,,,,,,,,0.002405082923360169,False,True,False,True
uci,0,v3,dsr_full,0.25,30,decoded_naive,decoded_banded,riemannian,True,6968,8040,0.0003179160412400961,0.062338000047020614,0.0005873750196769834,False,True,repair,failed,0.0,3.0,"step 1 still violates after 3 repair iterations (triggered by {'immutable': False, 'non_decreasing': True, 'age_horizon': False, 'directional': True})",,,,,,,,,,,,0.0024097079876810312,False,True,False,True
uci,0,v3,dsr_full,0.25,32,decoded_naive,decoded_banded,riemannian,True,6968,8040,0.0003179160412400961,0.062338000047020614,0.0005873750196769834,False,True,search,,,,,,,,,,,,,,,,0.001962541020475328,,,,
uci,0,v3,dsr_full,0.25,34,decoded_naive,decoded_banded,riemannian,True,6968,8040,0.0003179160412400961,0.062338000047020614,0.0005873750196769834,False,True,repair,failed,0.0,3.0,"step 1 still violates after 3 repair iterations (triggered by {'immutable': False, 'non_decreasing': True, 'age_horizon': False, 'directional': True})",,,,,,,,,,,,0.0024841249687597156,False,True,False,True
uci,0,v3,dsr_full,0.25,38,decoded_naive,decoded_banded,riemannian,True,6968,8040,0.0003179160412400961,0.062338000047020614,0.0005873750196769834,False,True,repair,failed,0.0,3.0,"step 1 still violates after 3 repair iterations (triggered by {'immutable': False, 'non_decreasing': True, 'age_horizon': False, 'directional': True})",,,,,,,,,,,,0.002410207991488278,False,True,False,True
uci,0,v3,dsr_full,0.25,44,decoded_naive,decoded_banded,riemannian,True,6968,8040,0.0003179160412400961,0.062338000047020614,0.0005873750196769834,False,True,repair,failed,0.0,3.0,"step 1 still violates after 3 repair iterations (triggered by {'immutable': False, 'non_decreasing': True, 'age_horizon': False, 'directional': True})",,,,,,,,,,,,0.0024175840662792325,False,True,False,True
uci,0,v3,dsr_full,0.25,50,decoded_naive,decoded_banded,riemannian,True,6968,8040,0.0003179160412400961,0.062338000047020614,0.0005873750196769834,False,True,repair,failed,0.0,3.0,"step 1 still violates after 3 repair iterations (triggered by {'immutable': False, 'non_decreasing': True, 'age_horizon': False, 'directional': True})",,,,,,,,,,,,0.0024004579754546285,False,True,False,True
uci,0,v3,dsr_full,0.25,52,decoded_naive,decoded_banded,riemannian,True,6968,8040,0.0003179160412400961,0.062338000047020614,0.0005873750196769834,False,True,search,,,,,,,,,,,,,,,,0.0019447499653324485,,,,
uci,0,v3,dsr_full,0.25,53,decoded_naive,decoded_banded,riemannian,True,6968,8040,0.0003179160412400961,0.062338000047020614,0.0005873750196769834,False,True,repair,failed,0.0,3.0,"step 1 still violates after 3 repair iterations (triggered by {'immutable': False, 'non_decreasing': True, 'age_horizon': False, 'directional': True})",,,,,,,,,,,,0.002521374961361289,False,True,False,True
uci,0,v3,dsr_full,0.25,55,decoded_naive,decoded_banded,riemannian,True,6968,8040,0.0003179160412400961,0.062338000047020614,0.0005873750196769834,False,True,search,,,,,,,,,,,,,,,,0.0020447500282898545,,,,
uci,0,v3,dsr_full,0.25,57,decoded_naive,decoded_banded,riemannian,True,6968,8040,0.0003179160412400961,0.062338000047020614,0.0005873750196769834,False,True,search,,,,,,,,,,,,,,,,0.0026239160215482116,,,,
uci,0,v3,dsr_full,0.5,0,decoded_naive,decoded_banded,riemannian,True,6968,8040,0.00032895803451538086,0.062338000047020614,0.0005873750196769834,False,True,repair,failed,0.0,3.0,"step 1 still violates after 3 repair iterations (triggered by {'immutable': False, 'non_decreasing': True, 'age_horizon': False, 'directional': True})",,,,,,,,,,,,0.002379833022132516,False,True,False,True
uci,0,v3,dsr_full,0.5,1,decoded_naive,decoded_banded,riemannian,True,6968,8040,0.00032895803451538086,0.062338000047020614,0.0005873750196769834,False,True,search,,,,,,,,,,,,,,,,0.001887666992843151,,,,
uci,0,v3,dsr_full,0.5,4,decoded_naive,decoded_banded,riemannian,True,6968,8040,0.00032895803451538086,0.062338000047020614,0.0005873750196769834,False,True,repair,failed,0.0,3.0,"step 1 still violates after 3 repair iterations (triggered by {'immutable': False, 'non_decreasing': True, 'age_horizon': False, 'directional': True})",,,,,,,,,,,,0.002354166004806757,False,True,False,True
uci,0,v3,dsr_full,0.5,6,decoded_naive,decoded_banded,riemannian,True,6968,8040,0.00032895803451538086,0.062338000047020614,0.0005873750196769834,False,True,repair,failed,0.0,3.0,"step 1 still violates after 3 repair iterations (triggered by {'immutable': False, 'non_decreasing': True, 'age_horizon': False, 'directional': True})",,,,,,,,,,,,0.0023407499538734555,False,True,False,True
uci,0,v3,dsr_full,0.5,7,decoded_naive,decoded_banded,riemannian,True,6968,8040,0.00032895803451538086,0.062338000047020614,0.0005873750196769834,False,True,repair,failed,0.0,3.0,"step 1 still violates after 3 repair iterations (triggered by {'immutable': False, 'non_decreasing': True, 'age_horizon': False, 'directional': True})",,,,,,,,,,,,0.0024788749869912863,False,True,False,True
uci,0,v3,dsr_full,0.5,8,decoded_naive,decoded_banded,riemannian,True,6968,8040,0.00032895803451538086,0.062338000047020614,0.0005873750196769834,False,True,repair,failed,0.0,3.0,"step 1 still violates after 3 repair iterations (triggered by {'immutable': False, 'non_decreasing': True, 'age_horizon': False, 'directional': True})",,,,,,,,,,,,0.002431917004287243,False,True,False,True
uci,0,v3,dsr_full,0.5,9,decoded_naive,decoded_banded,riemannian,True,6968,8040,0.00032895803451538086,0.062338000047020614,0.0005873750196769834,False,True,search,,,,,,,,,,,,,,,,0.0019089169800281525,,,,
uci,0,v3,dsr_full,0.5,11,decoded_naive,decoded_banded,riemannian,True,6968,8040,0.00032895803451538086,0.062338000047020614,0.0005873750196769834,False,True,search,,,,,,,,,,,,,,,,0.0019190829480066895,,,,
uci,0,v3,dsr_full,0.5,14,decoded_naive,decoded_banded,riemannian,True,6968,8040,0.00032895803451538086,0.062338000047020614,0.0005873750196769834,False,True,repair,failed,0.0,3.0,"step 1 still violates after 3 repair iterations (triggered by {'immutable': False, 'non_decreasing': True, 'age_horizon': False, 'directional': True})",,,,,,,,,,,,0.002433583023957908,False,True,False,True
uci,0,v3,dsr_full,0.5,16,decoded_naive,decoded_banded,riemannian,True,6968,8040,0.00032895803451538086,0.062338000047020614,0.0005873750196769834,False,True,repair,failed,0.0,3.0,"step 1 still violates after 3 repair iterations (triggered by {'immutable': False, 'non_decreasing': True, 'age_horizon': False, 'directional': True})",,,,,,,,,,,,0.0023408749839290977,False,True,False,True
uci,0,v3,dsr_full,0.5,20,decoded_naive,decoded_banded,riemannian,True,6968,8040,0.00032895803451538086,0.062338000047020614,0.0005873750196769834,False,True,repair,failed,0.0,3.0,"step 1 still violates after 3 repair iterations (triggered by {'immutable': False, 'non_decreasing': True, 'age_horizon': False, 'directional': True})",,,,,,,,,,,,0.002368625020608306,False,True,False,True
uci,0,v3,dsr_full,0.5,26,decoded_naive,decoded_banded,riemannian,True,6968,8040,0.00032895803451538086,0.062338000047020614,0.0005873750196769834,False,True,repair,failed,0.0,3.0,"step 1 still violates after 3 repair iterations (triggered by {'immutable': False, 'non_decreasing': True, 'age_horizon': False, 'directional': True})",,,,,,,,,,,,0.0024111249949783087,False,True,False,True
uci,0,v3,dsr_full,0.5,30,decoded_naive,decoded_banded,riemannian,True,6968,8040,0.00032895803451538086,0.062338000047020614,0.0005873750196769834,False,True,repair,failed,0.0,3.0,"step 1 still violates after 3 repair iterations (triggered by {'immutable': False, 'non_decreasing': True, 'age_horizon': False, 'directional': True})",,,,,,,,,,,,0.0024100830778479576,False,True,False,True
uci,0,v3,dsr_full,0.5,32,decoded_naive,decoded_banded,riemannian,True,6968,8040,0.00032895803451538086,0.062338000047020614,0.0005873750196769834,False,True,search,,,,,,,,,,,,,,,,0.0019208330195397139,,,,
uci,0,v3,dsr_full,0.5,34,decoded_naive,decoded_banded,riemannian,True,6968,8040,0.00032895803451538086,0.062338000047020614,0.0005873750196769834,False,True,repair,failed,0.0,3.0,"step 1 still violates after 3 repair iterations (triggered by {'immutable': False, 'non_decreasing': True, 'age_horizon': False, 'directional': True})",,,,,,,,,,,,0.002376125077717006,False,True,False,True
uci,0,v3,dsr_full,0.5,38,decoded_naive,decoded_banded,riemannian,True,6968,8040,0.00032895803451538086,0.062338000047020614,0.0005873750196769834,False,True,repair,failed,0.0,3.0,"step 1 still violates after 3 repair iterations (triggered by {'immutable': False, 'non_decreasing': True, 'age_horizon': False, 'directional': True})",,,,,,,,,,,,0.002446040976792574,False,True,False,True
uci,0,v3,dsr_full,0.5,44,decoded_naive,decoded_banded,riemannian,True,6968,8040,0.00032895803451538086,0.062338000047020614,0.0005873750196769834,False,True,repair,failed,0.0,3.0,"step 1 still violates after 3 repair iterations (triggered by {'immutable': False, 'non_decreasing': True, 'age_horizon': False, 'directional': True})",,,,,,,,,,,,0.0024096249835565686,False,True,False,True
uci,0,v3,dsr_full,0.5,50,decoded_naive,decoded_banded,riemannian,True,6968,8040,0.00032895803451538086,0.062338000047020614,0.0005873750196769834,False,True,repair,failed,0.0,3.0,"step 1 still violates after 3 repair iterations (triggered by {'immutable': False, 'non_decreasing': True, 'age_horizon': False, 'directional': True})",,,,,,,,,,,,0.002371916896663606,False,True,False,True
uci,0,v3,dsr_full,0.5,52,decoded_naive,decoded_banded,riemannian,True,6968,8040,0.00032895803451538086,0.062338000047020614,0.0005873750196769834,False,True,search,,,,,,,,,,,,,,,,0.001979457912966609,,,,
uci,0,v3,dsr_full,0.5,53,decoded_naive,decoded_banded,riemannian,True,6968,8040,0.00032895803451538086,0.062338000047020614,0.0005873750196769834,False,True,repair,failed,0.0,3.0,"step 1 still violates after 3 repair iterations (triggered by {'immutable': False, 'non_decreasing': True, 'age_horizon': False, 'directional': True})",,,,,,,,,,,,0.0023291250690817833,False,True,False,True
uci,0,v3,dsr_full,0.5,55,decoded_naive,decoded_banded,riemannian,True,6968,8040,0.00032895803451538086,0.062338000047020614,0.0005873750196769834,False,True,search,,,,,,,,,,,,,,,,0.0019630829337984324,,,,
uci,0,v3,dsr_full,0.5,57,decoded_naive,decoded_banded,riemannian,True,6968,8040,0.00032895803451538086,0.062338000047020614,0.0005873750196769834,False,True,search,,,,,,,,,,,,,,,,0.0019379579462110996,,,,
uci,0,v3,dsr_full,0.8,0,decoded_naive,decoded_banded,riemannian,True,6968,8040,0.00031291693449020386,0.062338000047020614,0.0005873750196769834,False,True,repair,failed,0.0,3.0,"step 1 still violates after 3 repair iterations (triggered by {'immutable': False, 'non_decreasing': True, 'age_horizon': True, 'directional': True})",,,,,,,,,,,,0.002397917094640434,False,True,True,True
uci,0,v3,dsr_full,0.8,1,decoded_naive,decoded_banded,riemannian,True,6968,8040,0.00031291693449020386,0.062338000047020614,0.0005873750196769834,False,True,search,,,,,,,,,,,,,,,,0.0019256669329479337,,,,
uci,0,v3,dsr_full,0.8,4,decoded_naive,decoded_banded,riemannian,True,6968,8040,0.00031291693449020386,0.062338000047020614,0.0005873750196769834,False,True,repair,failed,0.0,3.0,"step 1 still violates after 3 repair iterations (triggered by {'immutable': False, 'non_decreasing': True, 'age_horizon': False, 'directional': True})",,,,,,,,,,,,0.0023838329361751676,False,True,False,True
uci,0,v3,dsr_full,0.8,6,decoded_naive,decoded_banded,riemannian,True,6968,8040,0.00031291693449020386,0.062338000047020614,0.0005873750196769834,False,True,repair,failed,0.0,3.0,"step 1 still violates after 3 repair iterations (triggered by {'immutable': False, 'non_decreasing': True, 'age_horizon': True, 'directional': True})",,,,,,,,,,,,0.002353833056986332,False,True,True,True
uci,0,v3,dsr_full,0.8,7,decoded_naive,decoded_banded,riemannian,True,6968,8040,0.00031291693449020386,0.062338000047020614,0.0005873750196769834,False,True,repair,failed,0.0,3.0,"step 1 still violates after 3 repair iterations (triggered by {'immutable': False, 'non_decreasing': True, 'age_horizon': False, 'directional': True})",,,,,,,,,,,,0.0023609999334439635,False,True,False,True
uci,0,v3,dsr_full,0.8,8,decoded_naive,decoded_banded,riemannian,True,6968,8040,0.00031291693449020386,0.062338000047020614,0.0005873750196769834,False,True,repair,failed,0.0,3.0,"step 1 still violates after 3 repair iterations (triggered by {'immutable': False, 'non_decreasing': True, 'age_horizon': True, 'directional': True})",,,,,,,,,,,,0.002319833030924201,False,True,True,True
uci,0,v3,dsr_full,0.8,9,decoded_naive,decoded_banded,riemannian,True,6968,8040,0.00031291693449020386,0.062338000047020614,0.0005873750196769834,False,True,search,,,,,,,,,,,,,,,,0.0018676250474527478,,,,
uci,0,v3,dsr_full,0.8,11,decoded_naive,decoded_banded,riemannian,True,6968,8040,0.00031291693449020386,0.062338000047020614,0.0005873750196769834,False,True,search,,,,,,,,,,,,,,,,0.0019494590815156698,,,,
uci,0,v3,dsr_full,0.8,14,decoded_naive,decoded_banded,riemannian,True,6968,8040,0.00031291693449020386,0.062338000047020614,0.0005873750196769834,False,True,repair,failed,0.0,3.0,"step 1 still violates after 3 repair iterations (triggered by {'immutable': False, 'non_decreasing': True, 'age_horizon': False, 'directional': True})",,,,,,,,,,,,0.002394124981947243,False,True,False,True
uci,0,v3,dsr_full,0.8,16,decoded_naive,decoded_banded,riemannian,True,6968,8040,0.00031291693449020386,0.062338000047020614,0.0005873750196769834,False,True,repair,failed,0.0,3.0,"step 1 still violates after 3 repair iterations (triggered by {'immutable': False, 'non_decreasing': True, 'age_horizon': False, 'directional': True})",,,,,,,,,,,,0.0024386669974774122,False,True,False,True
uci,0,v3,dsr_full,0.8,20,decoded_naive,decoded_banded,riemannian,True,6968,8040,0.00031291693449020386,0.062338000047020614,0.0005873750196769834,False,True,repair,failed,0.0,3.0,"step 1 still violates after 3 repair iterations (triggered by {'immutable': False, 'non_decreasing': True, 'age_horizon': False, 'directional': True})",,,,,,,,,,,,0.0023372919531539083,False,True,False,True
uci,0,v3,dsr_full,0.8,26,decoded_naive,decoded_banded,riemannian,True,6968,8040,0.00031291693449020386,0.062338000047020614,0.0005873750196769834,False,True,repair,failed,0.0,3.0,"step 1 still violates after 3 repair iterations (triggered by {'immutable': False, 'non_decreasing': True, 'age_horizon': False, 'directional': True})",,,,,,,,,,,,0.0024377909721806645,False,True,False,True
uci,0,v3,dsr_full,0.8,30,decoded_naive,decoded_banded,riemannian,True,6968,8040,0.00031291693449020386,0.062338000047020614,0.0005873750196769834,False,True,repair,failed,0.0,3.0,"step 1 still violates after 3 repair iterations (triggered by {'immutable': False, 'non_decreasing': True, 'age_horizon': False, 'directional': True})",,,,,,,,,,,,0.002411082969047129,False,True,False,True
uci,0,v3,dsr_full,0.8,32,decoded_naive,decoded_banded,riemannian,True,6968,8040,0.00031291693449020386,0.062338000047020614,0.0005873750196769834,False,True,search,,,,,,,,,,,,,,,,0.001886832993477583,,,,
uci,0,v3,dsr_full,0.8,34,decoded_naive,decoded_banded,riemannian,True,6968,8040,0.00031291693449020386,0.062338000047020614,0.0005873750196769834,False,True,repair,failed,0.0,3.0,"step 1 still violates after 3 repair iterations (triggered by {'immutable': False, 'non_decreasing': True, 'age_horizon': False, 'directional': True})",,,,,,,,,,,,0.0023945000721141696,False,True,False,True
uci,0,v3,dsr_full,0.8,38,decoded_naive,decoded_banded,riemannian,True,6968,8040,0.00031291693449020386,0.062338000047020614,0.0005873750196769834,False,True,repair,failed,0.0,3.0,"step 1 still violates after 3 repair iterations (triggered by {'immutable': False, 'non_decreasing': True, 'age_horizon': False, 'directional': True})",,,,,,,,,,,,0.002333458047360182,False,True,False,True
uci,0,v3,dsr_full,0.8,44,decoded_naive,decoded_banded,riemannian,True,6968,8040,0.00031291693449020386,0.062338000047020614,0.0005873750196769834,False,True,repair,failed,0.0,3.0,"step 1 still violates after 3 repair iterations (triggered by {'immutable': False, 'non_decreasing': True, 'age_horizon': False, 'directional': True})",,,,,,,,,,,,0.0024075000546872616,False,True,False,True
uci,0,v3,dsr_full,0.8,50,decoded_naive,decoded_banded,riemannian,True,6968,8040,0.00031291693449020386,0.062338000047020614,0.0005873750196769834,False,True,repair,failed,0.0,3.0,"step 1 still violates after 3 repair iterations (triggered by {'immutable': False, 'non_decreasing': True, 'age_horizon': False, 'directional': True})",,,,,,,,,,,,0.002367250039242208,False,True,False,True
uci,0,v3,dsr_full,0.8,52,decoded_naive,decoded_banded,riemannian,True,6968,8040,0.00031291693449020386,0.062338000047020614,0.0005873750196769834,False,True,search,,,,,,,,,,,,,,,,0.0018863750156015158,,,,
uci,0,v3,dsr_full,0.8,53,decoded_naive,decoded_banded,riemannian,True,6968,8040,0.00031291693449020386,0.062338000047020614,0.0005873750196769834,False,True,repair,failed,0.0,3.0,"step 1 still violates after 3 repair iterations (triggered by {'immutable': False, 'non_decreasing': True, 'age_horizon': False, 'directional': True})",,,,,,,,,,,,0.002395167015492916,False,True,False,True
uci,0,v3,dsr_full,0.8,55,decoded_naive,decoded_banded,riemannian,True,6968,8040,0.00031291693449020386,0.062338000047020614,0.0005873750196769834,False,True,search,,,,,,,,,,,,,,,,0.0019525419920682907,,,,
uci,0,v3,dsr_full,0.8,57,decoded_naive,decoded_banded,riemannian,True,6968,8040,0.00031291693449020386,0.062338000047020614,0.0005873750196769834,False,True,search,,,,,,,,,,,,,,,,0.001939042005687952,,,,
uci,0,v3,dsr_full,0.9,0,decoded_naive,decoded_banded,riemannian,True,6968,8040,0.0003114159917458892,0.062338000047020614,0.0005873750196769834,False,True,repair,failed,0.0,3.0,"step 1 still violates after 3 repair iterations (triggered by {'immutable': False, 'non_decreasing': True, 'age_horizon': True, 'directional': True})",,,,,,,,,,,,0.002354874974116683,False,True,True,True
uci,0,v3,dsr_full,0.9,1,decoded_naive,decoded_banded,riemannian,True,6968,8040,0.0003114159917458892,0.062338000047020614,0.0005873750196769834,False,True,search,,,,,,,,,,,,,,,,0.001993125071749091,,,,
uci,0,v3,dsr_full,0.9,4,decoded_naive,decoded_banded,riemannian,True,6968,8040,0.0003114159917458892,0.062338000047020614,0.0005873750196769834,False,True,repair,failed,0.0,3.0,"step 1 still violates after 3 repair iterations (triggered by {'immutable': False, 'non_decreasing': True, 'age_horizon': True, 'directional': True})",,,,,,,,,,,,0.0023789169499650598,False,True,True,True
uci,0,v3,dsr_full,0.9,6,decoded_naive,decoded_banded,riemannian,True,6968,8040,0.0003114159917458892,0.062338000047020614,0.0005873750196769834,False,True,repair,failed,0.0,3.0,"step 1 still violates after 3 repair iterations (triggered by {'immutable': False, 'non_decreasing': True, 'age_horizon': True, 'directional': True})",,,,,,,,,,,,0.0023518329253420234,False,True,True,True
uci,0,v3,dsr_full,0.9,7,decoded_naive,decoded_banded,riemannian,True,6968,8040,0.0003114159917458892,0.062338000047020614,0.0005873750196769834,False,True,repair,failed,0.0,3.0,"step 1 still violates after 3 repair iterations (triggered by {'immutable': False, 'non_decreasing': True, 'age_horizon': True, 'directional': True})",,,,,,,,,,,,0.002341457991860807,False,True,True,True
uci,0,v3,dsr_full,0.9,8,decoded_naive,decoded_banded,riemannian,True,6968,8040,0.0003114159917458892,0.062338000047020614,0.0005873750196769834,False,True,repair,failed,0.0,3.0,"step 1 still violates after 3 repair iterations (triggered by {'immutable': False, 'non_decreasing': True, 'age_horizon': True, 'directional': True})",,,,,,,,,,,,0.0023819160414859653,False,True,True,True
uci,0,v3,dsr_full,0.9,9,decoded_naive,decoded_banded,riemannian,True,6968,8040,0.0003114159917458892,0.062338000047020614,0.0005873750196769834,False,True,search,,,,,,,,,,,,,,,,0.0020437909988686442,,,,
uci,0,v3,dsr_full,0.9,11,decoded_naive,decoded_banded,riemannian,True,6968,8040,0.0003114159917458892,0.062338000047020614,0.0005873750196769834,False,True,search,,,,,,,,,,,,,,,,0.00196283299010247,,,,
uci,0,v3,dsr_full,0.9,14,decoded_naive,decoded_banded,riemannian,True,6968,8040,0.0003114159917458892,0.062338000047020614,0.0005873750196769834,False,True,repair,failed,0.0,3.0,"step 1 still violates after 3 repair iterations (triggered by {'immutable': False, 'non_decreasing': True, 'age_horizon': True, 'directional': True})",,,,,,,,,,,,0.002364707994274795,False,True,True,True
uci,0,v3,dsr_full,0.9,16,decoded_naive,decoded_banded,riemannian,True,6968,8040,0.0003114159917458892,0.062338000047020614,0.0005873750196769834,False,True,repair,failed,0.0,3.0,"step 1 still violates after 3 repair iterations (triggered by {'immutable': False, 'non_decreasing': True, 'age_horizon': True, 'directional': True})",,,,,,,,,,,,0.0024189590476453304,False,True,True,True
uci,0,v3,dsr_full,0.9,20,decoded_naive,decoded_banded,riemannian,True,6968,8040,0.0003114159917458892,0.062338000047020614,0.0005873750196769834,False,True,repair,failed,0.0,3.0,"step 1 still violates after 3 repair iterations (triggered by {'immutable': False, 'non_decreasing': True, 'age_horizon': True, 'directional': True})",,,,,,,,,,,,0.0023250000085681677,False,True,True,True
uci,0,v3,dsr_full,0.9,26,decoded_naive,decoded_banded,riemannian,True,6968,8040,0.0003114159917458892,0.062338000047020614,0.0005873750196769834,False,True,repair,failed,0.0,3.0,"step 1 still violates after 3 repair iterations (triggered by {'immutable': False, 'non_decreasing': True, 'age_horizon': True, 'directional': True})",,,,,,,,,,,,0.0023489169543609023,False,True,True,True
uci,0,v3,dsr_full,0.9,30,decoded_naive,decoded_banded,riemannian,True,6968,8040,0.0003114159917458892,0.062338000047020614,0.0005873750196769834,False,True,repair,failed,0.0,3.0,"step 1 still violates after 3 repair iterations (triggered by {'immutable': False, 'non_decreasing': True, 'age_horizon': True, 'directional': True})",,,,,,,,,,,,0.002360458020120859,False,True,True,True
uci,0,v3,dsr_full,0.9,32,decoded_naive,decoded_banded,riemannian,True,6968,8040,0.0003114159917458892,0.062338000047020614,0.0005873750196769834,False,True,search,,,,,,,,,,,,,,,,0.0020215410040691495,,,,
uci,0,v3,dsr_full,0.9,34,decoded_naive,decoded_banded,riemannian,True,6968,8040,0.0003114159917458892,0.062338000047020614,0.0005873750196769834,False,True,repair,failed,0.0,3.0,"step 1 still violates after 3 repair iterations (triggered by {'immutable': False, 'non_decreasing': True, 'age_horizon': True, 'directional': True})",,,,,,,,,,,,0.0023833330487832427,False,True,True,True
uci,0,v3,dsr_full,0.9,38,decoded_naive,decoded_banded,riemannian,True,6968,8040,0.0003114159917458892,0.062338000047020614,0.0005873750196769834,False,True,repair,failed,0.0,3.0,"step 1 still violates after 3 repair iterations (triggered by {'immutable': False, 'non_decreasing': True, 'age_horizon': True, 'directional': True})",,,,,,,,,,,,0.002317958977073431,False,True,True,True
uci,0,v3,dsr_full,0.9,44,decoded_naive,decoded_banded,riemannian,True,6968,8040,0.0003114159917458892,0.062338000047020614,0.0005873750196769834,False,True,repair,failed,0.0,3.0,"step 1 still violates after 3 repair iterations (triggered by {'immutable': False, 'non_decreasing': True, 'age_horizon': True, 'directional': True})",,,,,,,,,,,,0.002417915966361761,False,True,True,True
uci,0,v3,dsr_full,0.9,50,decoded_naive,decoded_banded,riemannian,True,6968,8040,0.0003114159917458892,0.062338000047020614,0.0005873750196769834,False,True,repair,failed,0.0,3.0,"step 1 still violates after 3 repair iterations (triggered by {'immutable': False, 'non_decreasing': True, 'age_horizon': True, 'directional': True})",,,,,,,,,,,,0.0024102500174194574,False,True,True,True
uci,0,v3,dsr_full,0.9,52,decoded_naive,decoded_banded,riemannian,True,6968,8040,0.0003114159917458892,0.062338000047020614,0.0005873750196769834,False,True,search,,,,,,,,,,,,,,,,0.0019234579522162676,,,,
uci,0,v3,dsr_full,0.9,53,decoded_naive,decoded_banded,riemannian,True,6968,8040,0.0003114159917458892,0.062338000047020614,0.0005873750196769834,False,True,repair,failed,0.0,3.0,"step 1 still violates after 3 repair iterations (triggered by {'immutable': False, 'non_decreasing': True, 'age_horizon': True, 'directional': True})",,,,,,,,,,,,0.0023947920417413116,False,True,True,True
uci,0,v3,dsr_full,0.9,55,decoded_naive,decoded_banded,riemannian,True,6968,8040,0.0003114159917458892,0.062338000047020614,0.0005873750196769834,False,True,search,,,,,,,,,,,,,,,,0.0019325419561937451,,,,
uci,0,v3,dsr_full,0.9,57,decoded_naive,decoded_banded,riemannian,True,6968,8040,0.0003114159917458892,0.062338000047020614,0.0005873750196769834,False,True,search,,,,,,,,,,,,,,,,0.001942416070960462,,,,
uci,0,v3,dsr_full,0.99,0,decoded_naive,decoded_banded,riemannian,True,6968,8040,0.0003147500101476908,0.062338000047020614,0.0005873750196769834,False,True,repair,failed,0.0,3.0,"step 1 still violates after 3 repair iterations (triggered by {'immutable': False, 'non_decreasing': True, 'age_horizon': True, 'directional': True})",,,,,,,,,,,,0.002361334045417607,False,True,True,True
uci,0,v3,dsr_full,0.99,1,decoded_naive,decoded_banded,riemannian,True,6968,8040,0.0003147500101476908,0.062338000047020614,0.0005873750196769834,False,True,search,,,,,,,,,,,,,,,,0.0019224999705329537,,,,
uci,0,v3,dsr_full,0.99,4,decoded_naive,decoded_banded,riemannian,True,6968,8040,0.0003147500101476908,0.062338000047020614,0.0005873750196769834,False,True,repair,failed,0.0,3.0,"step 1 still violates after 3 repair iterations (triggered by {'immutable': False, 'non_decreasing': True, 'age_horizon': True, 'directional': True})",,,,,,,,,,,,0.0023053750628605485,False,True,True,True
uci,0,v3,dsr_full,0.99,6,decoded_naive,decoded_banded,riemannian,True,6968,8040,0.0003147500101476908,0.062338000047020614,0.0005873750196769834,False,True,repair,failed,0.0,3.0,"step 1 still violates after 3 repair iterations (triggered by {'immutable': False, 'non_decreasing': True, 'age_horizon': True, 'directional': True})",,,,,,,,,,,,0.0023171670036390424,False,True,True,True
uci,0,v3,dsr_full,0.99,7,decoded_naive,decoded_banded,riemannian,True,6968,8040,0.0003147500101476908,0.062338000047020614,0.0005873750196769834,False,True,repair,failed,0.0,3.0,"step 1 still violates after 3 repair iterations (triggered by {'immutable': False, 'non_decreasing': True, 'age_horizon': True, 'directional': True})",,,,,,,,,,,,0.002433000016026199,False,True,True,True
uci,0,v3,dsr_full,0.99,8,decoded_naive,decoded_banded,riemannian,True,6968,8040,0.0003147500101476908,0.062338000047020614,0.0005873750196769834,False,True,repair,failed,0.0,3.0,"step 1 still violates after 3 repair iterations (triggered by {'immutable': False, 'non_decreasing': True, 'age_horizon': True, 'directional': True})",,,,,,,,,,,,0.0026709589874371886,False,True,True,True
uci,0,v3,dsr_full,0.99,9,decoded_naive,decoded_banded,riemannian,True,6968,8040,0.0003147500101476908,0.062338000047020614,0.0005873750196769834,False,True,search,,,,,,,,,,,,,,,,0.0019106660038232803,,,,
uci,0,v3,dsr_full,0.99,11,decoded_naive,decoded_banded,riemannian,True,6968,8040,0.0003147500101476908,0.062338000047020614,0.0005873750196769834,False,True,search,,,,,,,,,,,,,,,,0.00190866703633219,,,,
uci,0,v3,dsr_full,0.99,14,decoded_naive,decoded_banded,riemannian,True,6968,8040,0.0003147500101476908,0.062338000047020614,0.0005873750196769834,False,True,repair,failed,0.0,3.0,"step 1 still violates after 3 repair iterations (triggered by {'immutable': False, 'non_decreasing': True, 'age_horizon': True, 'directional': True})",,,,,,,,,,,,0.0023644999600946903,False,True,True,True
uci,0,v3,dsr_full,0.99,16,decoded_naive,decoded_banded,riemannian,True,6968,8040,0.0003147500101476908,0.062338000047020614,0.0005873750196769834,False,True,repair,failed,0.0,3.0,"step 1 still violates after 3 repair iterations (triggered by {'immutable': False, 'non_decreasing': True, 'age_horizon': True, 'directional': True})",,,,,,,,,,,,0.0024456249084323645,False,True,True,True
uci,0,v3,dsr_full,0.99,20,decoded_naive,decoded_banded,riemannian,True,6968,8040,0.0003147500101476908,0.062338000047020614,0.0005873750196769834,False,True,repair,failed,0.0,3.0,"step 1 still violates after 3 repair iterations (triggered by {'immutable': False, 'non_decreasing': True, 'age_horizon': True, 'directional': True})",,,,,,,,,,,,0.002415916998870671,False,True,True,True
uci,0,v3,dsr_full,0.99,26,decoded_naive,decoded_banded,riemannian,True,6968,8040,0.0003147500101476908,0.062338000047020614,0.0005873750196769834,False,True,repair,failed,0.0,3.0,"step 1 still violates after 3 repair iterations (triggered by {'immutable': False, 'non_decreasing': True, 'age_horizon': True, 'directional': True})",,,,,,,,,,,,0.0024895420065149665,False,True,True,True
uci,0,v3,dsr_full,0.99,30,decoded_naive,decoded_banded,riemannian,True,6968,8040,0.0003147500101476908,0.062338000047020614,0.0005873750196769834,False,True,repair,failed,0.0,3.0,"step 1 still violates after 3 repair iterations (triggered by {'immutable': False, 'non_decreasing': True, 'age_horizon': True, 'directional': True})",,,,,,,,,,,,0.0024234169395640492,False,True,True,True
uci,0,v3,dsr_full,0.99,32,decoded_naive,decoded_banded,riemannian,True,6968,8040,0.0003147500101476908,0.062338000047020614,0.0005873750196769834,False,True,search,,,,,,,,,,,,,,,,0.001898542046546936,,,,
uci,0,v3,dsr_full,0.99,34,decoded_naive,decoded_banded,riemannian,True,6968,8040,0.0003147500101476908,0.062338000047020614,0.0005873750196769834,False,True,repair,failed,0.0,3.0,"step 1 still violates after 3 repair iterations (triggered by {'immutable': False, 'non_decreasing': True, 'age_horizon': True, 'directional': True})",,,,,,,,,,,,0.0023748339153826237,False,True,True,True
uci,0,v3,dsr_full,0.99,38,decoded_naive,decoded_banded,riemannian,True,6968,8040,0.0003147500101476908,0.062338000047020614,0.0005873750196769834,False,True,repair,failed,0.0,3.0,"step 1 still violates after 3 repair iterations (triggered by {'immutable': False, 'non_decreasing': True, 'age_horizon': True, 'directional': True})",,,,,,,,,,,,0.002353625022806227,False,True,True,True
uci,0,v3,dsr_full,0.99,44,decoded_naive,decoded_banded,riemannian,True,6968,8040,0.0003147500101476908,0.062338000047020614,0.0005873750196769834,False,True,repair,failed,0.0,3.0,"step 1 still violates after 3 repair iterations (triggered by {'immutable': False, 'non_decreasing': True, 'age_horizon': True, 'directional': True})",,,,,,,,,,,,0.0023426249390468,False,True,True,True
uci,0,v3,dsr_full,0.99,50,decoded_naive,decoded_banded,riemannian,True,6968,8040,0.0003147500101476908,0.062338000047020614,0.0005873750196769834,False,True,repair,failed,0.0,3.0,"step 1 still violates after 3 repair iterations (triggered by {'immutable': False, 'non_decreasing': True, 'age_horizon': True, 'directional': True})",,,,,,,,,,,,0.002312249969691038,False,True,True,True
uci,0,v3,dsr_full,0.99,52,decoded_naive,decoded_banded,riemannian,True,6968,8040,0.0003147500101476908,0.062338000047020614,0.0005873750196769834,False,True,search,,,,,,,,,,,,,,,,0.001933458959683776,,,,
uci,0,v3,dsr_full,0.99,53,decoded_naive,decoded_banded,riemannian,True,6968,8040,0.0003147500101476908,0.062338000047020614,0.0005873750196769834,False,True,repair,failed,0.0,3.0,"step 1 still violates after 3 repair iterations (triggered by {'immutable': False, 'non_decreasing': True, 'age_horizon': True, 'directional': True})",,,,,,,,,,,,0.0023645840119570494,False,True,True,True
uci,0,v3,dsr_full,0.99,55,decoded_naive,decoded_banded,riemannian,True,6968,8040,0.0003147500101476908,0.062338000047020614,0.0005873750196769834,False,True,search,,,,,,,,,,,,,,,,0.001882250071503222,,,,
uci,0,v3,dsr_full,0.99,57,decoded_naive,decoded_banded,riemannian,True,6968,8040,0.0003147500101476908,0.062338000047020614,0.0005873750196769834,False,True,search,,,,,,,,,,,,,,,,0.0019112920854240656,,,,
uci,1,v3,old_latent_pruning,0.95,10,raw,raw,riemannian,False,7896,8040,0.00029087497387081385,0.040022000088356435,0.00019175000488758087,False,True,search,,,,,,,,,,,,,,,,0.0020424590911716223,,,,
uci,1,v3,old_latent_pruning,0.95,19,raw,raw,riemannian,False,7896,8040,0.00029087497387081385,0.040022000088356435,0.00019175000488758087,True,False,,not_attempted,0.0,0.0,,"[201, 51]",2.0,0.10679730027914047,True,True,False,True,False,False,-7.778844993835983,0.2152399867773056,0.002016250044107437,,,,
uci,1,v3,old_latent_pruning,0.95,22,raw,raw,riemannian,False,7896,8040,0.00029087497387081385,0.040022000088356435,0.00019175000488758087,True,False,,not_attempted,0.0,0.0,,"[201, 17]",2.0,0.09114445000886917,True,True,False,False,False,True,-7.796273481227246,0.18821917474269867,0.0020483749685809016,,,,
uci,1,v3,old_latent_pruning,0.95,29,raw,raw,riemannian,False,7896,8040,0.00029087497387081385,0.040022000088356435,0.00019175000488758087,False,True,search,,,,,,,,,,,,,,,,0.0021670840214937925,,,,
uci,1,v3,old_latent_pruning,0.95,39,raw,raw,riemannian,False,7896,8040,0.00029087497387081385,0.040022000088356435,0.00019175000488758087,True,False,,not_attempted,0.0,0.0,,"[201, 79]",2.0,0.31077316403388977,True,True,False,True,False,False,-7.79241850192951,0.613101065158844,0.0019510830752551556,,,,
uci,1,v3,old_latent_pruning,0.95,40,raw,raw,riemannian,False,7896,8040,0.00029087497387081385,0.040022000088356435,0.00019175000488758087,False,True,search,,,,,,,,,,,,,,,,0.0020092090126127005,,,,
uci,1,v3,old_latent_pruning,0.95,42,raw,raw,riemannian,False,7896,8040,0.00029087497387081385,0.040022000088356435,0.00019175000488758087,False,True,search,,,,,,,,,,,,,,,,0.0019458329770714045,,,,
uci,1,v3,old_latent_pruning,0.95,45,raw,raw,riemannian,False,7896,8040,0.00029087497387081385,0.040022000088356435,0.00019175000488758087,False,True,search,,,,,,,,,,,,,,,,0.002026667003519833,,,,
uci,1,v3,old_latent_pruning,0.95,54,raw,raw,riemannian,False,7896,8040,0.00029087497387081385,0.040022000088356435,0.00019175000488758087,False,True,search,,,,,,,,,,,,,,,,0.0019787909695878625,,,,
uci,1,v3,old_latent_pruning,0.95,55,raw,raw,riemannian,False,7896,8040,0.00029087497387081385,0.040022000088356435,0.00019175000488758087,False,True,search,,,,,,,,,,,,,,,,0.0019396659918129444,,,,
uci,1,v3,old_latent_pruning,0.95,56,raw,raw,riemannian,False,7896,8040,0.00029087497387081385,0.040022000088356435,0.00019175000488758087,True,False,,not_attempted,0.0,0.0,,"[201, 80]",2.0,0.07702620327472687,True,True,False,False,False,True,-7.88392798405392,0.1756400763988495,0.002058875048533082,,,,
uci,1,v3,dsr_c1,0.95,10,decoded_naive,decoded_naive,riemannian,False,6815,8040,0.0003266669809818268,0.040022000088356435,0.00019175000488758087,True,False,,not_attempted,0.0,0.0,,"[201, 180]",2.0,0.0075731645338237286,False,False,False,False,False,False,-7.9891492790614,0.01891368068754673,0.0020129589829593897,,,,
uci,1,v3,dsr_c1,0.95,19,decoded_naive,decoded_naive,riemannian,False,6815,8040,0.0003266669809818268,0.040022000088356435,0.00019175000488758087,True,False,,not_attempted,0.0,0.0,,"[201, 41]",2.0,0.016927296295762062,False,False,False,False,False,False,-7.792485009998379,0.044604573398828506,0.002068541944026947,,,,
uci,1,v3,dsr_c1,0.95,22,decoded_naive,decoded_naive,riemannian,False,6815,8040,0.0003266669809818268,0.040022000088356435,0.00019175000488758087,True,False,,not_attempted,0.0,0.0,,"[201, 143]",2.0,0.03280732408165932,False,False,False,False,False,False,-7.782802413090954,0.10717605799436569,0.0020355420419946313,,,,
uci,1,v3,dsr_c1,0.95,29,decoded_naive,decoded_naive,riemannian,False,6815,8040,0.0003266669809818268,0.040022000088356435,0.00019175000488758087,True,False,,not_attempted,0.0,0.0,,"[201, 126]",2.0,0.024143904447555542,False,False,False,False,False,False,-7.901982524191375,0.053357698023319244,0.0020311250118538737,,,,
uci,1,v3,dsr_c1,0.95,39,decoded_naive,decoded_naive,riemannian,False,6815,8040,0.0003266669809818268,0.040022000088356435,0.00019175000488758087,True,False,,not_attempted,0.0,0.0,,"[201, 10]",2.0,0.016682878136634827,False,False,False,False,False,False,-7.829281693318931,0.041161488741636276,0.0020033749751746655,,,,
uci,1,v3,dsr_c1,0.95,40,decoded_naive,decoded_naive,riemannian,False,6815,8040,0.0003266669809818268,0.040022000088356435,0.00019175000488758087,True,False,,not_attempted,0.0,0.0,,"[201, 80]",2.0,0.025932250544428825,False,False,False,False,False,False,-7.893080169666401,0.08265488594770432,0.002041416009888053,,,,
uci,1,v3,dsr_c1,0.95,42,decoded_naive,decoded_naive,riemannian,False,6815,8040,0.0003266669809818268,0.040022000088356435,0.00019175000488758087,False,True,search,,,,,,,,,,,,,,,,0.0019912089919671416,,,,
uci,1,v3,dsr_c1,0.95,45,decoded_naive,decoded_naive,riemannian,False,6815,8040,0.0003266669809818268,0.040022000088356435,0.00019175000488758087,True,False,,not_attempted,0.0,0.0,,"[201, 130]",2.0,0.011922118254005909,False,False,False,False,False,False,-7.975712247854542,0.01780611276626587,0.0021267500706017017,,,,
uci,1,v3,dsr_c1,0.95,54,decoded_naive,decoded_naive,riemannian,False,6815,8040,0.0003266669809818268,0.040022000088356435,0.00019175000488758087,False,True,search,,,,,,,,,,,,,,,,0.0019515419844537973,,,,
uci,1,v3,dsr_c1,0.95,55,decoded_naive,decoded_naive,riemannian,False,6815,8040,0.0003266669809818268,0.040022000088356435,0.00019175000488758087,True,False,,not_attempted,0.0,0.0,,"[201, 151]",2.0,0.018897365778684616,False,False,False,False,False,False,-7.92304532192714,0.051731549203395844,0.0019862919580191374,,,,
uci,1,v3,dsr_c1,0.95,56,decoded_naive,decoded_naive,riemannian,False,6815,8040,0.0003266669809818268,0.040022000088356435,0.00019175000488758087,True,False,,not_attempted,0.0,0.0,,"[201, 182, 108, 25, 156]",5.0,0.047867306508123875,False,True,False,False,False,False,-7.861351870797985,0.10147270560264587,0.0019825829658657312,,,,
uci,1,v3,dsr_c1c2,0.95,10,decoded_banded,decoded_banded,riemannian,False,8040,8040,0.0002084170700982213,0.040022000088356435,0.00019175000488758087,False,True,search,,,,,,,,,,,,,,,,0.0019740420393645763,,,,
uci,1,v3,dsr_c1c2,0.95,19,decoded_banded,decoded_banded,riemannian,False,8040,8040,0.0002084170700982213,0.040022000088356435,0.00019175000488758087,False,True,search,,,,,,,,,,,,,,,,0.0019124170066788793,,,,
uci,1,v3,dsr_c1c2,0.95,22,decoded_banded,decoded_banded,riemannian,False,8040,8040,0.0002084170700982213,0.040022000088356435,0.00019175000488758087,False,True,search,,,,,,,,,,,,,,,,0.0019368750508874655,,,,
uci,1,v3,dsr_c1c2,0.95,29,decoded_banded,decoded_banded,riemannian,False,8040,8040,0.0002084170700982213,0.040022000088356435,0.00019175000488758087,False,True,search,,,,,,,,,,,,,,,,0.0019102090736851096,,,,
uci,1,v3,dsr_c1c2,0.95,39,decoded_banded,decoded_banded,riemannian,False,8040,8040,0.0002084170700982213,0.040022000088356435,0.00019175000488758087,False,True,search,,,,,,,,,,,,,,,,0.0019247500458732247,,,,
uci,1,v3,dsr_c1c2,0.95,40,decoded_banded,decoded_banded,riemannian,False,8040,8040,0.0002084170700982213,0.040022000088356435,0.00019175000488758087,False,True,search,,,,,,,,,,,,,,,,0.0018905840115621686,,,,
uci,1,v3,dsr_c1c2,0.95,42,decoded_banded,decoded_banded,riemannian,False,8040,8040,0.0002084170700982213,0.040022000088356435,0.00019175000488758087,False,True,search,,,,,,,,,,,,,,,,0.0018664159579202533,,,,
uci,1,v3,dsr_c1c2,0.95,45,decoded_banded,decoded_banded,riemannian,False,8040,8040,0.0002084170700982213,0.040022000088356435,0.00019175000488758087,False,True,search,,,,,,,,,,,,,,,,0.0020571659551933408,,,,
uci,1,v3,dsr_c1c2,0.95,54,decoded_banded,decoded_banded,riemannian,False,8040,8040,0.0002084170700982213,0.040022000088356435,0.00019175000488758087,False,True,search,,,,,,,,,,,,,,,,0.0019123749807476997,,,,
uci,1,v3,dsr_c1c2,0.95,55,decoded_banded,decoded_banded,riemannian,False,8040,8040,0.0002084170700982213,0.040022000088356435,0.00019175000488758087,False,True,search,,,,,,,,,,,,,,,,0.0019221249967813492,,,,
uci,1,v3,dsr_c1c2,0.95,56,decoded_banded,decoded_banded,riemannian,False,8040,8040,0.0002084170700982213,0.040022000088356435,0.00019175000488758087,False,True,search,,,,,,,,,,,,,,,,0.0018762079998850822,,,,
uci,1,v3,dsr_full,0.95,10,decoded_naive,decoded_banded,riemannian,True,6815,8040,0.00032175006344914436,0.040022000088356435,0.00019175000488758087,False,True,repair,failed,0.0,3.0,"step 1 still violates after 3 repair iterations (triggered by {'immutable': False, 'non_decreasing': True, 'age_horizon': True, 'directional': True})",,,,,,,,,,,,0.0024590410757809877,False,True,True,True
uci,1,v3,dsr_full,0.95,19,decoded_naive,decoded_banded,riemannian,True,6815,8040,0.00032175006344914436,0.040022000088356435,0.00019175000488758087,False,True,repair,failed,0.0,3.0,"step 1 still violates after 3 repair iterations (triggered by {'immutable': False, 'non_decreasing': True, 'age_horizon': True, 'directional': True})",,,,,,,,,,,,0.0025196248898282647,False,True,True,True
uci,1,v3,dsr_full,0.95,22,decoded_naive,decoded_banded,riemannian,True,6815,8040,0.00032175006344914436,0.040022000088356435,0.00019175000488758087,False,True,repair,failed,0.0,3.0,"step 1 still violates after 3 repair iterations (triggered by {'immutable': False, 'non_decreasing': True, 'age_horizon': True, 'directional': True})",,,,,,,,,,,,0.002497792011126876,False,True,True,True
uci,1,v3,dsr_full,0.95,29,decoded_naive,decoded_banded,riemannian,True,6815,8040,0.00032175006344914436,0.040022000088356435,0.00019175000488758087,False,True,repair,failed,0.0,3.0,"step 1 still violates after 3 repair iterations (triggered by {'immutable': False, 'non_decreasing': True, 'age_horizon': True, 'directional': True})",,,,,,,,,,,,0.002367999986745417,False,True,True,True
uci,1,v3,dsr_full,0.95,39,decoded_naive,decoded_banded,riemannian,True,6815,8040,0.00032175006344914436,0.040022000088356435,0.00019175000488758087,False,True,repair,failed,0.0,3.0,"step 1 still violates after 3 repair iterations (triggered by {'immutable': False, 'non_decreasing': True, 'age_horizon': True, 'directional': True})",,,,,,,,,,,,0.002400083001703024,False,True,True,True
uci,1,v3,dsr_full,0.95,40,decoded_naive,decoded_banded,riemannian,True,6815,8040,0.00032175006344914436,0.040022000088356435,0.00019175000488758087,False,True,repair,failed,0.0,3.0,"step 1 still violates after 3 repair iterations (triggered by {'immutable': False, 'non_decreasing': True, 'age_horizon': True, 'directional': True})",,,,,,,,,,,,0.002409542095847428,False,True,True,True
uci,1,v3,dsr_full,0.95,42,decoded_naive,decoded_banded,riemannian,True,6815,8040,0.00032175006344914436,0.040022000088356435,0.00019175000488758087,False,True,search,,,,,,,,,,,,,,,,0.0019436250440776348,,,,
uci,1,v3,dsr_full,0.95,45,decoded_naive,decoded_banded,riemannian,True,6815,8040,0.00032175006344914436,0.040022000088356435,0.00019175000488758087,False,True,repair,failed,0.0,3.0,"step 1 still violates after 3 repair iterations (triggered by {'immutable': False, 'non_decreasing': True, 'age_horizon': True, 'directional': True})",,,,,,,,,,,,0.002416791976429522,False,True,True,True
uci,1,v3,dsr_full,0.95,54,decoded_naive,decoded_banded,riemannian,True,6815,8040,0.00032175006344914436,0.040022000088356435,0.00019175000488758087,False,True,search,,,,,,,,,,,,,,,,0.001995250000618398,,,,
uci,1,v3,dsr_full,0.95,55,decoded_naive,decoded_banded,riemannian,True,6815,8040,0.00032175006344914436,0.040022000088356435,0.00019175000488758087,False,True,repair,failed,0.0,3.0,"step 1 still violates after 3 repair iterations (triggered by {'immutable': False, 'non_decreasing': True, 'age_horizon': True, 'directional': True})",,,,,,,,,,,,0.0025582079542800784,False,True,True,True
uci,1,v3,dsr_full,0.95,56,decoded_naive,decoded_banded,riemannian,True,6815,8040,0.00032175006344914436,0.040022000088356435,0.00019175000488758087,False,True,repair,failed,0.0,3.0,"step 1 still violates after 3 repair iterations (triggered by {'immutable': False, 'non_decreasing': True, 'age_horizon': True, 'directional': True})",,,,,,,,,,,,0.0025817080168053508,False,True,True,True
uci,1,v3,dsr_full_euclidean,0.95,10,decoded_naive,decoded_banded,euclidean,True,6815,8040,0.00034204102121293545,0.040022000088356435,0.00019175000488758087,False,True,repair,failed,0.0,3.0,"step 1 still violates after 3 repair iterations (triggered by {'immutable': False, 'non_decreasing': True, 'age_horizon': True, 'directional': True})",,,,,,,,,,,,0.0024371249601244926,False,True,True,True
uci,1,v3,dsr_full_euclidean,0.95,19,decoded_naive,decoded_banded,euclidean,True,6815,8040,0.00034204102121293545,0.040022000088356435,0.00019175000488758087,False,True,repair,failed,0.0,3.0,"step 1 still violates after 3 repair iterations (triggered by {'immutable': False, 'non_decreasing': True, 'age_horizon': True, 'directional': True})",,,,,,,,,,,,0.0024150420213118196,False,True,True,True
uci,1,v3,dsr_full_euclidean,0.95,22,decoded_naive,decoded_banded,euclidean,True,6815,8040,0.00034204102121293545,0.040022000088356435,0.00019175000488758087,False,True,repair,failed,0.0,3.0,"step 1 still violates after 3 repair iterations (triggered by {'immutable': False, 'non_decreasing': True, 'age_horizon': True, 'directional': True})",,,,,,,,,,,,0.0025096669560298324,False,True,True,True
uci,1,v3,dsr_full_euclidean,0.95,29,decoded_naive,decoded_banded,euclidean,True,6815,8040,0.00034204102121293545,0.040022000088356435,0.00019175000488758087,False,True,repair,failed,0.0,3.0,"step 1 still violates after 3 repair iterations (triggered by {'immutable': False, 'non_decreasing': True, 'age_horizon': True, 'directional': True})",,,,,,,,,,,,0.002433457993902266,False,True,True,True
uci,1,v3,dsr_full_euclidean,0.95,39,decoded_naive,decoded_banded,euclidean,True,6815,8040,0.00034204102121293545,0.040022000088356435,0.00019175000488758087,False,True,repair,failed,0.0,3.0,"step 1 still violates after 3 repair iterations (triggered by {'immutable': False, 'non_decreasing': True, 'age_horizon': True, 'directional': True})",,,,,,,,,,,,0.0023797090398147702,False,True,True,True
uci,1,v3,dsr_full_euclidean,0.95,40,decoded_naive,decoded_banded,euclidean,True,6815,8040,0.00034204102121293545,0.040022000088356435,0.00019175000488758087,False,True,repair,failed,0.0,3.0,"step 1 still violates after 3 repair iterations (triggered by {'immutable': False, 'non_decreasing': True, 'age_horizon': True, 'directional': True})",,,,,,,,,,,,0.0024284999817609787,False,True,True,True
uci,1,v3,dsr_full_euclidean,0.95,42,decoded_naive,decoded_banded,euclidean,True,6815,8040,0.00034204102121293545,0.040022000088356435,0.00019175000488758087,False,True,search,,,,,,,,,,,,,,,,0.001893125008791685,,,,
uci,1,v3,dsr_full_euclidean,0.95,45,decoded_naive,decoded_banded,euclidean,True,6815,8040,0.00034204102121293545,0.040022000088356435,0.00019175000488758087,False,True,repair,failed,0.0,3.0,"step 1 still violates after 3 repair iterations (triggered by {'immutable': False, 'non_decreasing': True, 'age_horizon': True, 'directional': True})",,,,,,,,,,,,0.0024502499727532268,False,True,True,True
uci,1,v3,dsr_full_euclidean,0.95,54,decoded_naive,decoded_banded,euclidean,True,6815,8040,0.00034204102121293545,0.040022000088356435,0.00019175000488758087,False,True,search,,,,,,,,,,,,,,,,0.002060874947346747,,,,
uci,1,v3,dsr_full_euclidean,0.95,55,decoded_naive,decoded_banded,euclidean,True,6815,8040,0.00034204102121293545,0.040022000088356435,0.00019175000488758087,False,True,repair,failed,0.0,3.0,"step 1 still violates after 3 repair iterations (triggered by {'immutable': False, 'non_decreasing': True, 'age_horizon': True, 'directional': True})",,,,,,,,,,,,0.002391583053395152,False,True,True,True
uci,1,v3,dsr_full_euclidean,0.95,56,decoded_naive,decoded_banded,euclidean,True,6815,8040,0.00034204102121293545,0.040022000088356435,0.00019175000488758087,False,True,repair,failed,0.0,3.0,"step 1 still violates after 3 repair iterations (triggered by {'immutable': False, 'non_decreasing': True, 'age_horizon': True, 'directional': True})",,,,,,,,,,,,0.002423166995868087,False,True,True,True
uci,1,v3,dsr_bands_no_identity,0.95,10,banded_no_identity,banded_no_identity,riemannian,False,8040,8040,0.0002514160005375743,0.040022000088356435,0.00019175000488758087,False,True,search,,,,,,,,,,,,,,,,0.0019988329149782658,,,,
uci,1,v3,dsr_bands_no_identity,0.95,19,banded_no_identity,banded_no_identity,riemannian,False,8040,8040,0.0002514160005375743,0.040022000088356435,0.00019175000488758087,False,True,search,,,,,,,,,,,,,,,,0.00190100003965199,,,,
uci,1,v3,dsr_bands_no_identity,0.95,22,banded_no_identity,banded_no_identity,riemannian,False,8040,8040,0.0002514160005375743,0.040022000088356435,0.00019175000488758087,False,True,search,,,,,,,,,,,,,,,,0.0019856669241562486,,,,
uci,1,v3,dsr_bands_no_identity,0.95,29,banded_no_identity,banded_no_identity,riemannian,False,8040,8040,0.0002514160005375743,0.040022000088356435,0.00019175000488758087,False,True,search,,,,,,,,,,,,,,,,0.0019211670150980353,,,,
uci,1,v3,dsr_bands_no_identity,0.95,39,banded_no_identity,banded_no_identity,riemannian,False,8040,8040,0.0002514160005375743,0.040022000088356435,0.00019175000488758087,False,True,search,,,,,,,,,,,,,,,,0.0019523750524967909,,,,
uci,1,v3,dsr_bands_no_identity,0.95,40,banded_no_identity,banded_no_identity,riemannian,False,8040,8040,0.0002514160005375743,0.040022000088356435,0.00019175000488758087,False,True,search,,,,,,,,,,,,,,,,0.001972749945707619,,,,
uci,1,v3,dsr_bands_no_identity,0.95,42,banded_no_identity,banded_no_identity,riemannian,False,8040,8040,0.0002514160005375743,0.040022000088356435,0.00019175000488758087,False,True,search,,,,,,,,,,,,,,,,0.0019166249549016356,,,,
uci,1,v3,dsr_bands_no_identity,0.95,45,banded_no_identity,banded_no_identity,riemannian,False,8040,8040,0.0002514160005375743,0.040022000088356435,0.00019175000488758087,False,True,search,,,,,,,,,,,,,,,,0.0019255829975008965,,,,
uci,1,v3,dsr_bands_no_identity,0.95,54,banded_no_identity,banded_no_identity,riemannian,False,8040,8040,0.0002514160005375743,0.040022000088356435,0.00019175000488758087,False,True,search,,,,,,,,,,,,,,,,0.0018796669319272041,,,,
uci,1,v3,dsr_bands_no_identity,0.95,55,banded_no_identity,banded_no_identity,riemannian,False,8040,8040,0.0002514160005375743,0.040022000088356435,0.00019175000488758087,False,True,search,,,,,,,,,,,,,,,,0.001915083033964038,,,,
uci,1,v3,dsr_bands_no_identity,0.95,56,banded_no_identity,banded_no_identity,riemannian,False,8040,8040,0.0002514160005375743,0.040022000088356435,0.00019175000488758087,False,True,search,,,,,,,,,,,,,,,,0.0019197080982849002,,,,
uci,1,v3,dsr_full,0.05,10,decoded_naive,decoded_banded,riemannian,True,6815,8040,0.00033079192508012056,0.040022000088356435,0.00019175000488758087,False,True,repair,failed,0.0,3.0,"step 1 still violates after 3 repair iterations (triggered by {'immutable': False, 'non_decreasing': True, 'age_horizon': False, 'directional': True})",,,,,,,,,,,,0.002455791924148798,False,True,False,True
uci,1,v3,dsr_full,0.05,19,decoded_naive,decoded_banded,riemannian,True,6815,8040,0.00033079192508012056,0.040022000088356435,0.00019175000488758087,False,True,repair,failed,0.0,3.0,"step 1 still violates after 3 repair iterations (triggered by {'immutable': False, 'non_decreasing': True, 'age_horizon': False, 'directional': True})",,,,,,,,,,,,0.0024022080469876528,False,True,False,True
uci,1,v3,dsr_full,0.05,22,decoded_naive,decoded_banded,riemannian,True,6815,8040,0.00033079192508012056,0.040022000088356435,0.00019175000488758087,False,True,repair,failed,0.0,3.0,"step 1 still violates after 3 repair iterations (triggered by {'immutable': False, 'non_decreasing': True, 'age_horizon': False, 'directional': True})",,,,,,,,,,,,0.002464708057232201,False,True,False,True
uci,1,v3,dsr_full,0.05,29,decoded_naive,decoded_banded,riemannian,True,6815,8040,0.00033079192508012056,0.040022000088356435,0.00019175000488758087,False,True,repair,failed,0.0,3.0,"step 1 still violates after 3 repair iterations (triggered by {'immutable': False, 'non_decreasing': True, 'age_horizon': False, 'directional': True})",,,,,,,,,,,,0.0024556670105084777,False,True,False,True
uci,1,v3,dsr_full,0.05,39,decoded_naive,decoded_banded,riemannian,True,6815,8040,0.00033079192508012056,0.040022000088356435,0.00019175000488758087,False,True,repair,failed,0.0,3.0,"step 1 still violates after 3 repair iterations (triggered by {'immutable': False, 'non_decreasing': True, 'age_horizon': False, 'directional': True})",,,,,,,,,,,,0.0023869589203968644,False,True,False,True
uci,1,v3,dsr_full,0.05,40,decoded_naive,decoded_banded,riemannian,True,6815,8040,0.00033079192508012056,0.040022000088356435,0.00019175000488758087,False,True,repair,failed,0.0,3.0,"step 1 still violates after 3 repair iterations (triggered by {'immutable': False, 'non_decreasing': True, 'age_horizon': False, 'directional': True})",,,,,,,,,,,,0.0023843329399824142,False,True,False,True
uci,1,v3,dsr_full,0.05,42,decoded_naive,decoded_banded,riemannian,True,6815,8040,0.00033079192508012056,0.040022000088356435,0.00019175000488758087,False,True,search,,,,,,,,,,,,,,,,0.0019918750040233135,,,,
uci,1,v3,dsr_full,0.05,45,decoded_naive,decoded_banded,riemannian,True,6815,8040,0.00033079192508012056,0.040022000088356435,0.00019175000488758087,False,True,repair,failed,0.0,3.0,"step 1 still violates after 3 repair iterations (triggered by {'immutable': False, 'non_decreasing': True, 'age_horizon': False, 'directional': True})",,,,,,,,,,,,0.0023902920074760914,False,True,False,True
uci,1,v3,dsr_full,0.05,54,decoded_naive,decoded_banded,riemannian,True,6815,8040,0.00033079192508012056,0.040022000088356435,0.00019175000488758087,False,True,search,,,,,,,,,,,,,,,,0.001905792043544352,,,,
uci,1,v3,dsr_full,0.05,55,decoded_naive,decoded_banded,riemannian,True,6815,8040,0.00033079192508012056,0.040022000088356435,0.00019175000488758087,False,True,repair,failed,0.0,3.0,"step 1 still violates after 3 repair iterations (triggered by {'immutable': False, 'non_decreasing': True, 'age_horizon': False, 'directional': True})",,,,,,,,,,,,0.0023798749316483736,False,True,False,True
uci,1,v3,dsr_full,0.05,56,decoded_naive,decoded_banded,riemannian,True,6815,8040,0.00033079192508012056,0.040022000088356435,0.00019175000488758087,False,True,repair,failed,0.0,3.0,"step 1 still violates after 3 repair iterations (triggered by {'immutable': False, 'non_decreasing': True, 'age_horizon': False, 'directional': True})",,,,,,,,,,,,0.002414500107988715,False,True,False,True
uci,1,v3,dsr_full,0.1,10,decoded_naive,decoded_banded,riemannian,True,6815,8040,0.0003198749618604779,0.040022000088356435,0.00019175000488758087,False,True,repair,failed,0.0,3.0,"step 1 still violates after 3 repair iterations (triggered by {'immutable': False, 'non_decreasing': True, 'age_horizon': False, 'directional': True})",,,,,,,,,,,,0.00236737506929785,False,True,False,True
uci,1,v3,dsr_full,0.1,19,decoded_naive,decoded_banded,riemannian,True,6815,8040,0.0003198749618604779,0.040022000088356435,0.00019175000488758087,False,True,repair,failed,0.0,3.0,"step 1 still violates after 3 repair iterations (triggered by {'immutable': False, 'non_decreasing': True, 'age_horizon': False, 'directional': True})",,,,,,,,,,,,0.0025253749918192625,False,True,False,True
uci,1,v3,dsr_full,0.1,22,decoded_naive,decoded_banded,riemannian,True,6815,8040,0.0003198749618604779,0.040022000088356435,0.00019175000488758087,False,True,repair,failed,0.0,3.0,"step 1 still violates after 3 repair iterations (triggered by {'immutable': False, 'non_decreasing': True, 'age_horizon': False, 'directional': True})",,,,,,,,,,,,0.0024050830397754908,False,True,False,True
uci,1,v3,dsr_full,0.1,29,decoded_naive,decoded_banded,riemannian,True,6815,8040,0.0003198749618604779,0.040022000088356435,0.00019175000488758087,False,True,repair,failed,0.0,3.0,"step 1 still violates after 3 repair iterations (triggered by {'immutable': False, 'non_decreasing': True, 'age_horizon': False, 'directional': True})",,,,,,,,,,,,0.0023622920271009207,False,True,False,True
uci,1,v3,dsr_full,0.1,39,decoded_naive,decoded_banded,riemannian,True,6815,8040,0.0003198749618604779,0.040022000088356435,0.00019175000488758087,False,True,repair,failed,0.0,3.0,"step 1 still violates after 3 repair iterations (triggered by {'immutable': False, 'non_decreasing': True, 'age_horizon': False, 'directional': True})",,,,,,,,,,,,0.0025487920502200723,False,True,False,True
uci,1,v3,dsr_full,0.1,40,decoded_naive,decoded_banded,riemannian,True,6815,8040,0.0003198749618604779,0.040022000088356435,0.00019175000488758087,False,True,repair,failed,0.0,3.0,"step 1 still violates after 3 repair iterations (triggered by {'immutable': False, 'non_decreasing': True, 'age_horizon': False, 'directional': True})",,,,,,,,,,,,0.0023839169880375266,False,True,False,True
uci,1,v3,dsr_full,0.1,42,decoded_naive,decoded_banded,riemannian,True,6815,8040,0.0003198749618604779,0.040022000088356435,0.00019175000488758087,False,True,search,,,,,,,,,,,,,,,,0.0020115000661462545,,,,
uci,1,v3,dsr_full,0.1,45,decoded_naive,decoded_banded,riemannian,True,6815,8040,0.0003198749618604779,0.040022000088356435,0.00019175000488758087,False,True,repair,failed,0.0,3.0,"step 1 still violates after 3 repair iterations (triggered by {'immutable': False, 'non_decreasing': True, 'age_horizon': False, 'directional': True})",,,,,,,,,,,,0.0024087500059977174,False,True,False,True
uci,1,v3,dsr_full,0.1,54,decoded_naive,decoded_banded,riemannian,True,6815,8040,0.0003198749618604779,0.040022000088356435,0.00019175000488758087,False,True,search,,,,,,,,,,,,,,,,0.0020190830109640956,,,,
uci,1,v3,dsr_full,0.1,55,decoded_naive,decoded_banded,riemannian,True,6815,8040,0.0003198749618604779,0.040022000088356435,0.00019175000488758087,False,True,repair,failed,0.0,3.0,"step 1 still violates after 3 repair iterations (triggered by {'immutable': False, 'non_decreasing': True, 'age_horizon': False, 'directional': True})",,,,,,,,,,,,0.0024097500136122108,False,True,False,True
uci,1,v3,dsr_full,0.1,56,decoded_naive,decoded_banded,riemannian,True,6815,8040,0.0003198749618604779,0.040022000088356435,0.00019175000488758087,False,True,repair,failed,0.0,3.0,"step 1 still violates after 3 repair iterations (triggered by {'immutable': False, 'non_decreasing': True, 'age_horizon': False, 'directional': True})",,,,,,,,,,,,0.0023523749550804496,False,True,False,True
uci,1,v3,dsr_full,0.25,10,decoded_naive,decoded_banded,riemannian,True,6815,8040,0.00033654202707111835,0.040022000088356435,0.00019175000488758087,False,True,repair,failed,0.0,3.0,"step 1 still violates after 3 repair iterations (triggered by {'immutable': False, 'non_decreasing': True, 'age_horizon': False, 'directional': True})",,,,,,,,,,,,0.0023771249689161777,False,True,False,True
uci,1,v3,dsr_full,0.25,19,decoded_naive,decoded_banded,riemannian,True,6815,8040,0.00033654202707111835,0.040022000088356435,0.00019175000488758087,False,True,repair,failed,0.0,3.0,"step 1 still violates after 3 repair iterations (triggered by {'immutable': False, 'non_decreasing': True, 'age_horizon': False, 'directional': True})",,,,,,,,,,,,0.0024362080730497837,False,True,False,True
uci,1,v3,dsr_full,0.25,22,decoded_naive,decoded_banded,riemannian,True,6815,8040,0.00033654202707111835,0.040022000088356435,0.00019175000488758087,False,True,repair,failed,0.0,3.0,"step 1 still violates after 3 repair iterations (triggered by {'immutable': False, 'non_decreasing': True, 'age_horizon': False, 'directional': True})",,,,,,,,,,,,0.002404749975539744,False,True,False,True
uci,1,v3,dsr_full,0.25,29,decoded_naive,decoded_banded,riemannian,True,6815,8040,0.00033654202707111835,0.040022000088356435,0.00019175000488758087,False,True,repair,failed,0.0,3.0,"step 1 still violates after 3 repair iterations (triggered by {'immutable': False, 'non_decreasing': True, 'age_horizon': False, 'directional': True})",,,,,,,,,,,,0.0024833750212565064,False,True,False,True
uci,1,v3,dsr_full,0.25,39,decoded_naive,decoded_banded,riemannian,True,6815,8040,0.00033654202707111835,0.040022000088356435,0.00019175000488758087,False,True,repair,failed,0.0,3.0,"step 1 still violates after 3 repair iterations (triggered by {'immutable': False, 'non_decreasing': True, 'age_horizon': False, 'directional': True})",,,,,,,,,,,,0.002382833044975996,False,True,False,True
uci,1,v3,dsr_full,0.25,40,decoded_naive,decoded_banded,riemannian,True,6815,8040,0.00033654202707111835,0.040022000088356435,0.00019175000488758087,False,True,repair,failed,0.0,3.0,"step 1 still violates after 3 repair iterations (triggered by {'immutable': False, 'non_decreasing': True, 'age_horizon': False, 'directional': True})",,,,,,,,,,,,0.0023789170663803816,False,True,False,True
uci,1,v3,dsr_full,0.25,42,decoded_naive,decoded_banded,riemannian,True,6815,8040,0.00033654202707111835,0.040022000088356435,0.00019175000488758087,False,True,search,,,,,,,,,,,,,,,,0.0019813330145552754,,,,
uci,1,v3,dsr_full,0.25,45,decoded_naive,decoded_banded,riemannian,True,6815,8040,0.00033654202707111835,0.040022000088356435,0.00019175000488758087,False,True,repair,failed,0.0,3.0,"step 1 still violates after 3 repair iterations (triggered by {'immutable': False, 'non_decreasing': True, 'age_horizon': False, 'directional': True})",,,,,,,,,,,,0.002356375101953745,False,True,False,True
uci,1,v3,dsr_full,0.25,54,decoded_naive,decoded_banded,riemannian,True,6815,8040,0.00033654202707111835,0.040022000088356435,0.00019175000488758087,False,True,search,,,,,,,,,,,,,,,,0.0019373330287635326,,,,
uci,1,v3,dsr_full,0.25,55,decoded_naive,decoded_banded,riemannian,True,6815,8040,0.00033654202707111835,0.040022000088356435,0.00019175000488758087,False,True,repair,failed,0.0,3.0,"step 1 still violates after 3 repair iterations (triggered by {'immutable': False, 'non_decreasing': True, 'age_horizon': False, 'directional': True})",,,,,,,,,,,,0.0026956669753417373,False,True,False,True
uci,1,v3,dsr_full,0.25,56,decoded_naive,decoded_banded,riemannian,True,6815,8040,0.00033654202707111835,0.040022000088356435,0.00019175000488758087,False,True,repair,failed,0.0,3.0,"step 1 still violates after 3 repair iterations (triggered by {'immutable': False, 'non_decreasing': True, 'age_horizon': False, 'directional': True})",,,,,,,,,,,,0.0024676669854670763,False,True,False,True
uci,1,v3,dsr_full,0.5,10,decoded_naive,decoded_banded,riemannian,True,6815,8040,0.0003195420140400529,0.040022000088356435,0.00019175000488758087,False,True,repair,failed,0.0,3.0,"step 1 still violates after 3 repair iterations (triggered by {'immutable': False, 'non_decreasing': True, 'age_horizon': False, 'directional': True})",,,,,,,,,,,,0.002396083902567625,False,True,False,True
uci,1,v3,dsr_full,0.5,19,decoded_naive,decoded_banded,riemannian,True,6815,8040,0.0003195420140400529,0.040022000088356435,0.00019175000488758087,False,True,repair,failed,0.0,3.0,"step 1 still violates after 3 repair iterations (triggered by {'immutable': False, 'non_decreasing': True, 'age_horizon': False, 'directional': True})",,,,,,,,,,,,0.0023968330351635814,False,True,False,True
uci,1,v3,dsr_full,0.5,22,decoded_naive,decoded_banded,riemannian,True,6815,8040,0.0003195420140400529,0.040022000088356435,0.00019175000488758087,False,True,repair,failed,0.0,3.0,"step 1 still violates after 3 repair iterations (triggered by {'immutable': False, 'non_decreasing': True, 'age_horizon': False, 'directional': True})",,,,,,,,,,,,0.002365124993957579,False,True,False,True
uci,1,v3,dsr_full,0.5,29,decoded_naive,decoded_banded,riemannian,True,6815,8040,0.0003195420140400529,0.040022000088356435,0.00019175000488758087,False,True,repair,failed,0.0,3.0,"step 1 still violates after 3 repair iterations (triggered by {'immutable': False, 'non_decreasing': True, 'age_horizon': False, 'directional': True})",,,,,,,,,,,,0.0024285420076921582,False,True,False,True
uci,1,v3,dsr_full,0.5,39,decoded_naive,decoded_banded,riemannian,True,6815,8040,0.0003195420140400529,0.040022000088356435,0.00019175000488758087,False,True,repair,failed,0.0,3.0,"step 1 still violates after 3 repair iterations (triggered by {'immutable': False, 'non_decreasing': True, 'age_horizon': False, 'directional': True})",,,,,,,,,,,,0.002456749905832112,False,True,False,True
uci,1,v3,dsr_full,0.5,40,decoded_naive,decoded_banded,riemannian,True,6815,8040,0.0003195420140400529,0.040022000088356435,0.00019175000488758087,False,True,repair,failed,0.0,3.0,"step 1 still violates after 3 repair iterations (triggered by {'immutable': False, 'non_decreasing': True, 'age_horizon': False, 'directional': True})",,,,,,,,,,,,0.0024047920014709234,False,True,False,True
uci,1,v3,dsr_full,0.5,42,decoded_naive,decoded_banded,riemannian,True,6815,8040,0.0003195420140400529,0.040022000088356435,0.00019175000488758087,False,True,search,,,,,,,,,,,,,,,,0.0019460000330582261,,,,
uci,1,v3,dsr_full,0.5,45,decoded_naive,decoded_banded,riemannian,True,6815,8040,0.0003195420140400529,0.040022000088356435,0.00019175000488758087,False,True,repair,failed,0.0,3.0,"step 1 still violates after 3 repair iterations (triggered by {'immutable': False, 'non_decreasing': True, 'age_horizon': False, 'directional': True})",,,,,,,,,,,,0.002494417014531791,False,True,False,True
uci,1,v3,dsr_full,0.5,54,decoded_naive,decoded_banded,riemannian,True,6815,8040,0.0003195420140400529,0.040022000088356435,0.00019175000488758087,False,True,search,,,,,,,,,,,,,,,,0.0019464580109342933,,,,
uci,1,v3,dsr_full,0.5,55,decoded_naive,decoded_banded,riemannian,True,6815,8040,0.0003195420140400529,0.040022000088356435,0.00019175000488758087,False,True,repair,failed,0.0,3.0,"step 1 still violates after 3 repair iterations (triggered by {'immutable': False, 'non_decreasing': True, 'age_horizon': False, 'directional': True})",,,,,,,,,,,,0.0023734589340165257,False,True,False,True
uci,1,v3,dsr_full,0.5,56,decoded_naive,decoded_banded,riemannian,True,6815,8040,0.0003195420140400529,0.040022000088356435,0.00019175000488758087,False,True,repair,failed,0.0,3.0,"step 1 still violates after 3 repair iterations (triggered by {'immutable': False, 'non_decreasing': True, 'age_horizon': False, 'directional': True})",,,,,,,,,,,,0.0024114999687299132,False,True,False,True
uci,1,v3,dsr_full,0.8,10,decoded_naive,decoded_banded,riemannian,True,6815,8040,0.00031679205130785704,0.040022000088356435,0.00019175000488758087,False,True,repair,failed,0.0,3.0,"step 1 still violates after 3 repair iterations (triggered by {'immutable': False, 'non_decreasing': True, 'age_horizon': True, 'directional': True})",,,,,,,,,,,,0.002482959069311619,False,True,True,True
uci,1,v3,dsr_full,0.8,19,decoded_naive,decoded_banded,riemannian,True,6815,8040,0.00031679205130785704,0.040022000088356435,0.00019175000488758087,False,True,repair,failed,0.0,3.0,"step 1 still violates after 3 repair iterations (triggered by {'immutable': False, 'non_decreasing': True, 'age_horizon': False, 'directional': True})",,,,,,,,,,,,0.0023937090300023556,False,True,False,True
uci,1,v3,dsr_full,0.8,22,decoded_naive,decoded_banded,riemannian,True,6815,8040,0.00031679205130785704,0.040022000088356435,0.00019175000488758087,False,True,repair,failed,0.0,3.0,"step 1 still violates after 3 repair iterations (triggered by {'immutable': False, 'non_decreasing': True, 'age_horizon': True, 'directional': True})",,,,,,,,,,,,0.002416540984995663,False,True,True,True
uci,1,v3,dsr_full,0.8,29,decoded_naive,decoded_banded,riemannian,True,6815,8040,0.00031679205130785704,0.040022000088356435,0.00019175000488758087,False,True,repair,failed,0.0,3.0,"step 1 still violates after 3 repair iterations (triggered by {'immutable': False, 'non_decreasing': True, 'age_horizon': True, 'directional': True})",,,,,,,,,,,,0.002456582966260612,False,True,True,True
uci,1,v3,dsr_full,0.8,39,decoded_naive,decoded_banded,riemannian,True,6815,8040,0.00031679205130785704,0.040022000088356435,0.00019175000488758087,False,True,repair,failed,0.0,3.0,"step 1 still violates after 3 repair iterations (triggered by {'immutable': False, 'non_decreasing': True, 'age_horizon': False, 'directional': True})",,,,,,,,,,,,0.0024102909956127405,False,True,False,True
uci,1,v3,dsr_full,0.8,40,decoded_naive,decoded_banded,riemannian,True,6815,8040,0.00031679205130785704,0.040022000088356435,0.00019175000488758087,False,True,repair,failed,0.0,3.0,"step 1 still violates after 3 repair iterations (triggered by {'immutable': False, 'non_decreasing': True, 'age_horizon': True, 'directional': True})",,,,,,,,,,,,0.00236641603987664,False,True,True,True
uci,1,v3,dsr_full,0.8,42,decoded_naive,decoded_banded,riemannian,True,6815,8040,0.00031679205130785704,0.040022000088356435,0.00019175000488758087,False,True,search,,,,,,,,,,,,,,,,0.0019926249515265226,,,,
uci,1,v3,dsr_full,0.8,45,decoded_naive,decoded_banded,riemannian,True,6815,8040,0.00031679205130785704,0.040022000088356435,0.00019175000488758087,False,True,repair,failed,0.0,3.0,"step 1 still violates after 3 repair iterations (triggered by {'immutable': False, 'non_decreasing': True, 'age_horizon': True, 'directional': True})",,,,,,,,,,,,0.002370250062085688,False,True,True,True
uci,1,v3,dsr_full,0.8,54,decoded_naive,decoded_banded,riemannian,True,6815,8040,0.00031679205130785704,0.040022000088356435,0.00019175000488758087,False,True,search,,,,,,,,,,,,,,,,0.0021061250008642673,,,,
uci,1,v3,dsr_full,0.8,55,decoded_naive,decoded_banded,riemannian,True,6815,8040,0.00031679205130785704,0.040022000088356435,0.00019175000488758087,False,True,repair,failed,0.0,3.0,"step 1 still violates after 3 repair iterations (triggered by {'immutable': False, 'non_decreasing': True, 'age_horizon': False, 'directional': True})",,,,,,,,,,,,0.002934833988547325,False,True,False,True
uci,1,v3,dsr_full,0.8,56,decoded_naive,decoded_banded,riemannian,True,6815,8040,0.00031679205130785704,0.040022000088356435,0.00019175000488758087,False,True,repair,failed,0.0,3.0,"step 1 still violates after 3 repair iterations (triggered by {'immutable': False, 'non_decreasing': True, 'age_horizon': False, 'directional': True})",,,,,,,,,,,,0.0026550840120762587,False,True,False,True
uci,1,v3,dsr_full,0.9,10,decoded_naive,decoded_banded,riemannian,True,6815,8040,0.00031749997287988663,0.040022000088356435,0.00019175000488758087,False,True,repair,failed,0.0,3.0,"step 1 still violates after 3 repair iterations (triggered by {'immutable': False, 'non_decreasing': True, 'age_horizon': True, 'directional': True})",,,,,,,,,,,,0.0023988750763237476,False,True,True,True
uci,1,v3,dsr_full,0.9,19,decoded_naive,decoded_banded,riemannian,True,6815,8040,0.00031749997287988663,0.040022000088356435,0.00019175000488758087,False,True,repair,failed,0.0,3.0,"step 1 still violates after 3 repair iterations (triggered by {'immutable': False, 'non_decreasing': True, 'age_horizon': True, 'directional': True})",,,,,,,,,,,,0.002512875013053417,False,True,True,True
uci,1,v3,dsr_full,0.9,22,decoded_naive,decoded_banded,riemannian,True,6815,8040,0.00031749997287988663,0.040022000088356435,0.00019175000488758087,False,True,repair,failed,0.0,3.0,"step 1 still violates after 3 repair iterations (triggered by {'immutable': False, 'non_decreasing': True, 'age_horizon': True, 'directional': True})",,,,,,,,,,,,0.002401334000751376,False,True,True,True
uci,1,v3,dsr_full,0.9,29,decoded_naive,decoded_banded,riemannian,True,6815,8040,0.00031749997287988663,0.040022000088356435,0.00019175000488758087,False,True,repair,failed,0.0,3.0,"step 1 still violates after 3 repair iterations (triggered by {'immutable': False, 'non_decreasing': True, 'age_horizon': True, 'directional': True})",,,,,,,,,,,,0.0024062501033768058,False,True,True,True
uci,1,v3,dsr_full,0.9,39,decoded_naive,decoded_banded,riemannian,True,6815,8040,0.00031749997287988663,0.040022000088356435,0.00019175000488758087,False,True,repair,failed,0.0,3.0,"step 1 still violates after 3 repair iterations (triggered by {'immutable': False, 'non_decreasing': True, 'age_horizon': True, 'directional': True})",,,,,,,,,,,,0.002373958006501198,False,True,True,True
uci,1,v3,dsr_full,0.9,40,decoded_naive,decoded_banded,riemannian,True,6815,8040,0.00031749997287988663,0.040022000088356435,0.00019175000488758087,False,True,repair,failed,0.0,3.0,"step 1 still violates after 3 repair iterations (triggered by {'immutable': False, 'non_decreasing': True, 'age_horizon': True, 'directional': True})",,,,,,,,,,,,0.0023951660841703415,False,True,True,True
uci,1,v3,dsr_full,0.9,42,decoded_naive,decoded_banded,riemannian,True,6815,8040,0.00031749997287988663,0.040022000088356435,0.00019175000488758087,False,True,search,,,,,,,,,,,,,,,,0.0019487919053062797,,,,
uci,1,v3,dsr_full,0.9,45,decoded_naive,decoded_banded,riemannian,True,6815,8040,0.00031749997287988663,0.040022000088356435,0.00019175000488758087,False,True,repair,failed,0.0,3.0,"step 1 still violates after 3 repair iterations (triggered by {'immutable': False, 'non_decreasing': True, 'age_horizon': True, 'directional': True})",,,,,,,,,,,,0.002334333024919033,False,True,True,True
uci,1,v3,dsr_full,0.9,54,decoded_naive,decoded_banded,riemannian,True,6815,8040,0.00031749997287988663,0.040022000088356435,0.00019175000488758087,False,True,search,,,,,,,,,,,,,,,,0.001994249993003905,,,,
uci,1,v3,dsr_full,0.9,55,decoded_naive,decoded_banded,riemannian,True,6815,8040,0.00031749997287988663,0.040022000088356435,0.00019175000488758087,False,True,repair,failed,0.0,3.0,"step 1 still violates after 3 repair iterations (triggered by {'immutable': False, 'non_decreasing': True, 'age_horizon': True, 'directional': True})",,,,,,,,,,,,0.0023999579716473818,False,True,True,True
uci,1,v3,dsr_full,0.9,56,decoded_naive,decoded_banded,riemannian,True,6815,8040,0.00031749997287988663,0.040022000088356435,0.00019175000488758087,False,True,repair,failed,0.0,3.0,"step 1 still violates after 3 repair iterations (triggered by {'immutable': False, 'non_decreasing': True, 'age_horizon': True, 'directional': True})",,,,,,,,,,,,0.00234579190146178,False,True,True,True
uci,1,v3,dsr_full,0.99,10,decoded_naive,decoded_banded,riemannian,True,6815,8040,0.0003160419873893261,0.040022000088356435,0.00019175000488758087,False,True,repair,failed,0.0,3.0,"step 1 still violates after 3 repair iterations (triggered by {'immutable': False, 'non_decreasing': True, 'age_horizon': True, 'directional': True})",,,,,,,,,,,,0.0023853330640122294,False,True,True,True
uci,1,v3,dsr_full,0.99,19,decoded_naive,decoded_banded,riemannian,True,6815,8040,0.0003160419873893261,0.040022000088356435,0.00019175000488758087,False,True,repair,failed,0.0,3.0,"step 1 still violates after 3 repair iterations (triggered by {'immutable': False, 'non_decreasing': True, 'age_horizon': True, 'directional': True})",,,,,,,,,,,,0.002404749975539744,False,True,True,True
uci,1,v3,dsr_full,0.99,22,decoded_naive,decoded_banded,riemannian,True,6815,8040,0.0003160419873893261,0.040022000088356435,0.00019175000488758087,False,True,repair,failed,0.0,3.0,"step 1 still violates after 3 repair iterations (triggered by {'immutable': False, 'non_decreasing': True, 'age_horizon': True, 'directional': True})",,,,,,,,,,,,0.002459291950799525,False,True,True,True
uci,1,v3,dsr_full,0.99,29,decoded_naive,decoded_banded,riemannian,True,6815,8040,0.0003160419873893261,0.040022000088356435,0.00019175000488758087,False,True,repair,failed,0.0,3.0,"step 1 still violates after 3 repair iterations (triggered by {'immutable': False, 'non_decreasing': True, 'age_horizon': True, 'directional': True})",,,,,,,,,,,,0.0024444579612463713,False,True,True,True
uci,1,v3,dsr_full,0.99,39,decoded_naive,decoded_banded,riemannian,True,6815,8040,0.0003160419873893261,0.040022000088356435,0.00019175000488758087,False,True,repair,failed,0.0,3.0,"step 1 still violates after 3 repair iterations (triggered by {'immutable': False, 'non_decreasing': True, 'age_horizon': True, 'directional': True})",,,,,,,,,,,,0.0023794580483809114,False,True,True,True
uci,1,v3,dsr_full,0.99,40,decoded_naive,decoded_banded,riemannian,True,6815,8040,0.0003160419873893261,0.040022000088356435,0.00019175000488758087,False,True,repair,failed,0.0,3.0,"step 1 still violates after 3 repair iterations (triggered by {'immutable': False, 'non_decreasing': True, 'age_horizon': True, 'directional': True})",,,,,,,,,,,,0.0023957499070093036,False,True,True,True
uci,1,v3,dsr_full,0.99,42,decoded_naive,decoded_banded,riemannian,True,6815,8040,0.0003160419873893261,0.040022000088356435,0.00019175000488758087,False,True,search,,,,,,,,,,,,,,,,0.001959624933078885,,,,
uci,1,v3,dsr_full,0.99,45,decoded_naive,decoded_banded,riemannian,True,6815,8040,0.0003160419873893261,0.040022000088356435,0.00019175000488758087,False,True,repair,failed,0.0,3.0,"step 1 still violates after 3 repair iterations (triggered by {'immutable': False, 'non_decreasing': True, 'age_horizon': True, 'directional': True})",,,,,,,,,,,,0.0024407909950241446,False,True,True,True
uci,1,v3,dsr_full,0.99,54,decoded_naive,decoded_banded,riemannian,True,6815,8040,0.0003160419873893261,0.040022000088356435,0.00019175000488758087,False,True,search,,,,,,,,,,,,,,,,0.001975083025172353,,,,
uci,1,v3,dsr_full,0.99,55,decoded_naive,decoded_banded,riemannian,True,6815,8040,0.0003160419873893261,0.040022000088356435,0.00019175000488758087,False,True,repair,failed,0.0,3.0,"step 1 still violates after 3 repair iterations (triggered by {'immutable': False, 'non_decreasing': True, 'age_horizon': True, 'directional': True})",,,,,,,,,,,,0.002418583957478404,False,True,True,True
uci,1,v3,dsr_full,0.99,56,decoded_naive,decoded_banded,riemannian,True,6815,8040,0.0003160419873893261,0.040022000088356435,0.00019175000488758087,False,True,repair,failed,0.0,3.0,"step 1 still violates after 3 repair iterations (triggered by {'immutable': False, 'non_decreasing': True, 'age_horizon': True, 'directional': True})",,,,,,,,,,,,0.0024094999535009265,False,True,True,True
uci,2,v3,old_latent_pruning,0.95,4,raw,raw,riemannian,False,7922,8040,0.0002798750065267086,0.038420791970565915,0.00020687503274530172,True,False,,not_attempted,0.0,0.0,,"[201, 70]",2.0,0.029844043776392937,False,False,False,False,False,False,-7.863420497125765,0.06484178453683853,0.00221295899245888,,,,
uci,2,v3,old_latent_pruning,0.95,8,raw,raw,riemannian,False,7922,8040,0.0002798750065267086,0.038420791970565915,0.00020687503274530172,False,True,search,,,,,,,,,,,,,,,,0.0020388750126585364,,,,
uci,2,v3,old_latent_pruning,0.95,13,raw,raw,riemannian,False,7922,8040,0.0002798750065267086,0.038420791970565915,0.00020687503274530172,False,True,search,,,,,,,,,,,,,,,,0.002007249975576997,,,,
uci,2,v3,old_latent_pruning,0.95,14,raw,raw,riemannian,False,7922,8040,0.0002798750065267086,0.038420791970565915,0.00020687503274530172,False,True,search,,,,,,,,,,,,,,,,0.0020347500685602427,,,,
uci,2,v3,old_latent_pruning,0.95,17,raw,raw,riemannian,False,7922,8040,0.0002798750065267086,0.038420791970565915,0.00020687503274530172,False,True,search,,,,,,,,,,,,,,,,0.0020072079496458173,,,,
uci,2,v3,old_latent_pruning,0.95,25,raw,raw,riemannian,False,7922,8040,0.0002798750065267086,0.038420791970565915,0.00020687503274530172,False,True,search,,,,,,,,,,,,,,,,0.001887249993160367,,,,
uci,2,v3,old_latent_pruning,0.95,26,raw,raw,riemannian,False,7922,8040,0.0002798750065267086,0.038420791970565915,0.00020687503274530172,True,False,,not_attempted,0.0,0.0,,"[201, 77]",2.0,0.18993188440799713,True,True,False,True,False,False,-7.605716378441435,0.38880211114883423,0.0019283749861642718,,,,
uci,2,v3,old_latent_pruning,0.95,30,raw,raw,riemannian,False,7922,8040,0.0002798750065267086,0.038420791970565915,0.00020687503274530172,True,False,,not_attempted,0.0,0.0,,"[201, 48]",2.0,0.08982142060995102,True,True,False,True,False,False,-7.722665181750156,0.16885539889335632,0.0019510830752551556,,,,
uci,2,v3,old_latent_pruning,0.95,32,raw,raw,riemannian,False,7922,8040,0.0002798750065267086,0.038420791970565915,0.00020687503274530172,False,True,search,,,,,,,,,,,,,,,,0.0019837080035358667,,,,
uci,2,v3,old_latent_pruning,0.95,35,raw,raw,riemannian,False,7922,8040,0.0002798750065267086,0.038420791970565915,0.00020687503274530172,False,True,search,,,,,,,,,,,,,,,,0.0020822080550715327,,,,
uci,2,v3,old_latent_pruning,0.95,40,raw,raw,riemannian,False,7922,8040,0.0002798750065267086,0.038420791970565915,0.00020687503274530172,True,False,,not_attempted,0.0,0.0,,"[201, 82]",2.0,0.04113208130002022,True,True,False,True,False,False,-7.734138702572748,0.10188425332307816,0.0019808749202638865,,,,
uci,2,v3,old_latent_pruning,0.95,42,raw,raw,riemannian,False,7922,8040,0.0002798750065267086,0.038420791970565915,0.00020687503274530172,False,True,search,,,,,,,,,,,,,,,,0.0019634999334812164,,,,
uci,2,v3,old_latent_pruning,0.95,43,raw,raw,riemannian,False,7922,8040,0.0002798750065267086,0.038420791970565915,0.00020687503274530172,False,True,search,,,,,,,,,,,,,,,,0.0019363750470802188,,,,
uci,2,v3,old_latent_pruning,0.95,45,raw,raw,riemannian,False,7922,8040,0.0002798750065267086,0.038420791970565915,0.00020687503274530172,True,False,,not_attempted,0.0,0.0,,"[201, 82]",2.0,0.05141473188996315,False,False,False,False,False,False,-7.715506049626448,0.09355295449495316,0.001977292005904019,,,,
uci,2,v3,old_latent_pruning,0.95,49,raw,raw,riemannian,False,7922,8040,0.0002798750065267086,0.038420791970565915,0.00020687503274530172,False,True,search,,,,,,,,,,,,,,,,0.00209650001488626,,,,
uci,2,v3,old_latent_pruning,0.95,50,raw,raw,riemannian,False,7922,8040,0.0002798750065267086,0.038420791970565915,0.00020687503274530172,True,False,,not_attempted,0.0,0.0,,"[201, 95]",2.0,0.04413876682519913,True,True,False,True,False,False,-7.164510118674523,0.1174698919057846,0.001990665914490819,,,,
uci,2,v3,old_latent_pruning,0.95,51,raw,raw,riemannian,False,7922,8040,0.0002798750065267086,0.038420791970565915,0.00020687503274530172,True,False,,not_attempted,0.0,0.0,,"[201, 165]",2.0,0.015129506587982178,False,False,False,False,False,False,-7.302609967198714,0.0550023689866066,0.0020269579254090786,,,,
uci,2,v3,old_latent_pruning,0.95,53,raw,raw,riemannian,False,7922,8040,0.0002798750065267086,0.038420791970565915,0.00020687503274530172,True,False,,not_attempted,0.0,0.0,,"[201, 25]",2.0,0.08716516196727753,True,True,False,True,False,False,-7.504269487303748,0.19770213961601257,0.002076708013191819,,,,
uci,2,v3,old_latent_pruning,0.95,55,raw,raw,riemannian,False,7922,8040,0.0002798750065267086,0.038420791970565915,0.00020687503274530172,False,True,search,,,,,,,,,,,,,,,,0.0019981659715995193,,,,
uci,2,v3,old_latent_pruning,0.95,56,raw,raw,riemannian,False,7922,8040,0.0002798750065267086,0.038420791970565915,0.00020687503274530172,False,True,search,,,,,,,,,,,,,,,,0.0019997499184682965,,,,
uci,2,v3,dsr_c1,0.95,4,decoded_naive,decoded_naive,riemannian,False,7023,8040,0.00030700000934302807,0.038420791970565915,0.00020687503274530172,True,False,,not_attempted,0.0,0.0,,"[201, 182]",2.0,0.024275580421090126,False,False,False,False,False,False,-7.863086825922608,0.05244623124599457,0.0019781249575316906,,,,
uci,2,v3,dsr_c1,0.95,8,decoded_naive,decoded_naive,riemannian,False,7023,8040,0.00030700000934302807,0.038420791970565915,0.00020687503274530172,True,False,,not_attempted,0.0,0.0,,"[201, 10]",2.0,0.02292073704302311,False,False,False,False,False,False,-7.618170870650159,0.07221312075853348,0.002089375047944486,,,,
uci,2,v3,dsr_c1,0.95,13,decoded_naive,decoded_naive,riemannian,False,7023,8040,0.00030700000934302807,0.038420791970565915,0.00020687503274530172,True,False,,not_attempted,0.0,0.0,,"[201, 184, 173]",3.0,0.03070114366710186,False,True,False,False,False,False,-7.746539136350172,0.06562866270542145,0.00203683297149837,,,,
uci,2,v3,dsr_c1,0.95,14,decoded_naive,decoded_naive,riemannian,False,7023,8040,0.00030700000934302807,0.038420791970565915,0.00020687503274530172,True,False,,not_attempted,0.0,0.0,,"[201, 159, 161]",3.0,0.034360035322606564,False,False,False,False,False,False,-7.7765265511134665,0.08313540369272232,0.0020730829564854503,,,,
uci,2,v3,dsr_c1,0.95,17,decoded_naive,decoded_naive,riemannian,False,7023,8040,0.00030700000934302807,0.038420791970565915,0.00020687503274530172,True,False,,not_attempted,0.0,0.0,,"[201, 198, 13]",3.0,0.09564938768744469,False,True,False,False,False,False,-7.926719109628415,0.23094502091407776,0.002107250038534403,,,,
uci,2,v3,dsr_c1,0.95,25,decoded_naive,decoded_naive,riemannian,False,7023,8040,0.00030700000934302807,0.038420791970565915,0.00020687503274530172,True,False,,not_attempted,0.0,0.0,,"[201, 8, 24, 101, 151]",5.0,0.20344868302345276,False,True,False,False,False,False,-8.037242814158743,0.47974324226379395,0.0019924159860238433,,,,
uci,2,v3,dsr_c1,0.95,26,decoded_naive,decoded_naive,riemannian,False,7023,8040,0.00030700000934302807,0.038420791970565915,0.00020687503274530172,True,False,,not_attempted,0.0,0.0,,"[201, 6]",2.0,0.00897732563316822,False,False,False,False,False,False,-7.644223476574387,0.020458858460187912,0.0019652919145300984,,,,
uci,2,v3,dsr_c1,0.95,30,decoded_naive,decoded_naive,riemannian,False,7023,8040,0.00030700000934302807,0.038420791970565915,0.00020687503274530172,True,False,,not_attempted,0.0,0.0,,"[201, 173]",2.0,0.021833373233675957,False,False,False,False,False,False,-7.745203175211534,0.05503172427415848,0.0019413339905440807,,,,
uci,2,v3,dsr_c1,0.95,32,decoded_naive,decoded_naive,riemannian,False,7023,8040,0.00030700000934302807,0.038420791970565915,0.00020687503274530172,True,False,,not_attempted,0.0,0.0,,"[201, 102, 198, 13]",4.0,0.1433863304555416,False,True,False,False,False,False,-7.918709272521184,0.35312479734420776,0.0019754579989239573,,,,
uci,2,v3,dsr_c1,0.95,35,decoded_naive,decoded_naive,riemannian,False,7023,8040,0.00030700000934302807,0.038420791970565915,0.00020687503274530172,True,False,,not_attempted,0.0,0.0,,"[201, 67]",2.0,0.009357110597193241,False,False,False,False,False,False,-7.4453657150552,0.03602633625268936,0.0019964160164818168,,,,
uci,2,v3,dsr_c1,0.95,40,decoded_naive,decoded_naive,riemannian,False,7023,8040,0.00030700000934302807,0.038420791970565915,0.00020687503274530172,True,False,,not_attempted,0.0,0.0,,"[201, 173]",2.0,0.018511904403567314,False,False,False,False,False,False,-7.746548099307876,0.04606979340314865,0.002049167058430612,,,,
uci,2,v3,dsr_c1,0.95,42,decoded_naive,decoded_naive,riemannian,False,7023,8040,0.00030700000934302807,0.038420791970565915,0.00020687503274530172,True,False,,not_attempted,0.0,0.0,,"[201, 173]",2.0,0.016046153381466866,False,False,False,False,False,False,-7.7458643141422465,0.05502542108297348,0.001979291089810431,,,,
uci,2,v3,dsr_c1,0.95,43,decoded_naive,decoded_naive,riemannian,False,7023,8040,0.00030700000934302807,0.038420791970565915,0.00020687503274530172,True,False,,not_attempted,0.0,0.0,,"[201, 118]",2.0,0.010028027929365635,False,False,False,False,False,False,-7.537748203935718,0.029195096343755722,0.001965625095181167,,,,
uci,2,v3,dsr_c1,0.95,45,decoded_naive,decoded_naive,riemannian,False,7023,8040,0.00030700000934302807,0.038420791970565915,0.00020687503274530172,True,False,,not_attempted,0.0,0.0,,"[201, 48]",2.0,0.01601056382060051,False,False,False,False,False,False,-7.7053774529001995,0.02993697300553322,0.0019942088983953,,,,
uci,2,v3,dsr_c1,0.95,49,decoded_naive,decoded_naive,riemannian,False,7023,8040,0.00030700000934302807,0.038420791970565915,0.00020687503274530172,False,True,search,,,,,,,,,,,,,,,,0.001992166042327881,,,,
uci,2,v3,dsr_c1,0.95,50,decoded_naive,decoded_naive,riemannian,False,7023,8040,0.00030700000934302807,0.038420791970565915,0.00020687503274530172,True,False,,not_attempted,0.0,0.0,,"[201, 175]",2.0,0.03131327033042908,False,False,False,False,False,False,-7.15905226370923,0.07979485392570496,0.0019952909788116813,,,,
uci,2,v3,dsr_c1,0.95,51,decoded_naive,decoded_naive,riemannian,False,7023,8040,0.00030700000934302807,0.038420791970565915,0.00020687503274530172,True,False,,not_attempted,0.0,0.0,,"[201, 14]",2.0,0.006721534300595522,False,False,False,False,False,False,-7.300174600078927,0.020438509061932564,0.002001208020374179,,,,
uci,2,v3,dsr_c1,0.95,53,decoded_naive,decoded_naive,riemannian,False,7023,8040,0.00030700000934302807,0.038420791970565915,0.00020687503274530172,True,False,,not_attempted,0.0,0.0,,"[201, 118]",2.0,0.04316461458802223,False,False,False,False,False,False,-7.530671958781616,0.09509718418121338,0.0020495420321822166,,,,
uci,2,v3,dsr_c1,0.95,55,decoded_naive,decoded_naive,riemannian,False,7023,8040,0.00030700000934302807,0.038420791970565915,0.00020687503274530172,True,False,,not_attempted,0.0,0.0,,"[201, 125]",2.0,0.01568412221968174,False,False,False,False,False,False,-7.585635423339504,0.051496703177690506,0.0019765839679166675,,,,
uci,2,v3,dsr_c1,0.95,56,decoded_naive,decoded_naive,riemannian,False,7023,8040,0.00030700000934302807,0.038420791970565915,0.00020687503274530172,True,False,,not_attempted,0.0,0.0,,"[201, 125]",2.0,0.04191233590245247,False,False,False,False,False,False,-7.580617328929467,0.09343302249908447,0.002055666991509497,,,,
uci,2,v3,dsr_c1c2,0.95,4,decoded_banded,decoded_banded,riemannian,False,8040,8040,0.00020895793568342924,0.038420791970565915,0.00020687503274530172,False,True,search,,,,,,,,,,,,,,,,0.0019862080225721,,,,
uci,2,v3,dsr_c1c2,0.95,8,decoded_banded,decoded_banded,riemannian,False,8040,8040,0.00020895793568342924,0.038420791970565915,0.00020687503274530172,False,True,search,,,,,,,,,,,,,,,,0.001935458043590188,,,,
uci,2,v3,dsr_c1c2,0.95,13,decoded_banded,decoded_banded,riemannian,False,8040,8040,0.00020895793568342924,0.038420791970565915,0.00020687503274530172,False,True,search,,,,,,,,,,,,,,,,0.0019212090410292149,,,,
uci,2,v3,dsr_c1c2,0.95,14,decoded_banded,decoded_banded,riemannian,False,8040,8040,0.00020895793568342924,0.038420791970565915,0.00020687503274530172,False,True,search,,,,,,,,,,,,,,,,0.0019619589438661933,,,,
uci,2,v3,dsr_c1c2,0.95,17,decoded_banded,decoded_banded,riemannian,False,8040,8040,0.00020895793568342924,0.038420791970565915,0.00020687503274530172,False,True,search,,,,,,,,,,,,,,,,0.001896957983262837,,,,
uci,2,v3,dsr_c1c2,0.95,25,decoded_banded,decoded_banded,riemannian,False,8040,8040,0.00020895793568342924,0.038420791970565915,0.00020687503274530172,False,True,search,,,,,,,,,,,,,,,,0.0019315410172566772,,,,
uci,2,v3,dsr_c1c2,0.95,26,decoded_banded,decoded_banded,riemannian,False,8040,8040,0.00020895793568342924,0.038420791970565915,0.00020687503274530172,False,True,search,,,,,,,,,,,,,,,,0.0019078339682891965,,,,
uci,2,v3,dsr_c1c2,0.95,30,decoded_banded,decoded_banded,riemannian,False,8040,8040,0.00020895793568342924,0.038420791970565915,0.00020687503274530172,False,True,search,,,,,,,,,,,,,,,,0.0018730000592768192,,,,
uci,2,v3,dsr_c1c2,0.95,32,decoded_banded,decoded_banded,riemannian,False,8040,8040,0.00020895793568342924,0.038420791970565915,0.00020687503274530172,False,True,search,,,,,,,,,,,,,,,,0.001915792003273964,,,,
uci,2,v3,dsr_c1c2,0.95,35,decoded_banded,decoded_banded,riemannian,False,8040,8040,0.00020895793568342924,0.038420791970565915,0.00020687503274530172,False,True,search,,,,,,,,,,,,,,,,0.0019045419758185744,,,,
uci,2,v3,dsr_c1c2,0.95,40,decoded_banded,decoded_banded,riemannian,False,8040,8040,0.00020895793568342924,0.038420791970565915,0.00020687503274530172,False,True,search,,,,,,,,,,,,,,,,0.0019175410270690918,,,,
uci,2,v3,dsr_c1c2,0.95,42,decoded_banded,decoded_banded,riemannian,False,8040,8040,0.00020895793568342924,0.038420791970565915,0.00020687503274530172,False,True,search,,,,,,,,,,,,,,,,0.0018982499605044723,,,,
uci,2,v3,dsr_c1c2,0.95,43,decoded_banded,decoded_banded,riemannian,False,8040,8040,0.00020895793568342924,0.038420791970565915,0.00020687503274530172,False,True,search,,,,,,,,,,,,,,,,0.0018724589608609676,,,,
uci,2,v3,dsr_c1c2,0.95,45,decoded_banded,decoded_banded,riemannian,False,8040,8040,0.00020895793568342924,0.038420791970565915,0.00020687503274530172,False,True,search,,,,,,,,,,,,,,,,0.0018794169882312417,,,,
uci,2,v3,dsr_c1c2,0.95,49,decoded_banded,decoded_banded,riemannian,False,8040,8040,0.00020895793568342924,0.038420791970565915,0.00020687503274530172,False,True,search,,,,,,,,,,,,,,,,0.0019488329999148846,,,,
uci,2,v3,dsr_c1c2,0.95,50,decoded_banded,decoded_banded,riemannian,False,8040,8040,0.00020895793568342924,0.038420791970565915,0.00020687503274530172,False,True,search,,,,,,,,,,,,,,,,0.002125917002558708,,,,
uci,2,v3,dsr_c1c2,0.95,51,decoded_banded,decoded_banded,riemannian,False,8040,8040,0.00020895793568342924,0.038420791970565915,0.00020687503274530172,False,True,search,,,,,,,,,,,,,,,,0.0019437909359112382,,,,
uci,2,v3,dsr_c1c2,0.95,53,decoded_banded,decoded_banded,riemannian,False,8040,8040,0.00020895793568342924,0.038420791970565915,0.00020687503274530172,False,True,search,,,,,,,,,,,,,,,,0.0019716249080374837,,,,
uci,2,v3,dsr_c1c2,0.95,55,decoded_banded,decoded_banded,riemannian,False,8040,8040,0.00020895793568342924,0.038420791970565915,0.00020687503274530172,False,True,search,,,,,,,,,,,,,,,,0.0019152079476043582,,,,
uci,2,v3,dsr_c1c2,0.95,56,decoded_banded,decoded_banded,riemannian,False,8040,8040,0.00020895793568342924,0.038420791970565915,0.00020687503274530172,False,True,search,,,,,,,,,,,,,,,,0.0019368750508874655,,,,
uci,2,v3,dsr_full,0.95,4,decoded_naive,decoded_banded,riemannian,True,7023,8040,0.0003165421076118946,0.038420791970565915,0.00020687503274530172,False,True,repair,failed,0.0,3.0,"step 1 still violates after 3 repair iterations (triggered by {'immutable': False, 'non_decreasing': True, 'age_horizon': True, 'directional': True})",,,,,,,,,,,,0.0024219590704888105,False,True,True,True
uci,2,v3,dsr_full,0.95,8,decoded_naive,decoded_banded,riemannian,True,7023,8040,0.0003165421076118946,0.038420791970565915,0.00020687503274530172,False,True,repair,failed,0.0,3.0,"step 1 still violates after 3 repair iterations (triggered by {'immutable': False, 'non_decreasing': True, 'age_horizon': True, 'directional': True})",,,,,,,,,,,,0.0024634170113131404,False,True,True,True
uci,2,v3,dsr_full,0.95,13,decoded_naive,decoded_banded,riemannian,True,7023,8040,0.0003165421076118946,0.038420791970565915,0.00020687503274530172,False,True,repair,failed,0.0,3.0,"step 1 still violates after 3 repair iterations (triggered by {'immutable': False, 'non_decreasing': True, 'age_horizon': True, 'directional': True})",,,,,,,,,,,,0.002440500073134899,False,True,True,True
uci,2,v3,dsr_full,0.95,14,decoded_naive,decoded_banded,riemannian,True,7023,8040,0.0003165421076118946,0.038420791970565915,0.00020687503274530172,False,True,repair,failed,0.0,3.0,"step 1 still violates after 3 repair iterations (triggered by {'immutable': False, 'non_decreasing': True, 'age_horizon': True, 'directional': True})",,,,,,,,,,,,0.002518499968573451,False,True,True,True
uci,2,v3,dsr_full,0.95,17,decoded_naive,decoded_banded,riemannian,True,7023,8040,0.0003165421076118946,0.038420791970565915,0.00020687503274530172,False,True,repair,failed,0.0,3.0,"step 1 still violates after 3 repair iterations (triggered by {'immutable': False, 'non_decreasing': True, 'age_horizon': True, 'directional': True})",,,,,,,,,,,,0.002376166987232864,False,True,True,True
uci,2,v3,dsr_full,0.95,25,decoded_naive,decoded_banded,riemannian,True,7023,8040,0.0003165421076118946,0.038420791970565915,0.00020687503274530172,False,True,repair,failed,0.0,3.0,"step 1 still violates after 3 repair iterations (triggered by {'immutable': False, 'non_decreasing': True, 'age_horizon': True, 'directional': True})",,,,,,,,,,,,0.0024835410295054317,False,True,True,True
uci,2,v3,dsr_full,0.95,26,decoded_naive,decoded_banded,riemannian,True,7023,8040,0.0003165421076118946,0.038420791970565915,0.00020687503274530172,False,True,repair,failed,0.0,3.0,"step 1 still violates after 3 repair iterations (triggered by {'immutable': False, 'non_decreasing': True, 'age_horizon': True, 'directional': True})",,,,,,,,,,,,0.0025227919686585665,False,True,True,True
uci,2,v3,dsr_full,0.95,30,decoded_naive,decoded_banded,riemannian,True,7023,8040,0.0003165421076118946,0.038420791970565915,0.00020687503274530172,False,True,repair,failed,0.0,3.0,"step 1 still violates after 3 repair iterations (triggered by {'immutable': False, 'non_decreasing': True, 'age_horizon': True, 'directional': True})",,,,,,,,,,,,0.0031725410372018814,False,True,True,True
uci,2,v3,dsr_full,0.95,32,decoded_naive,decoded_banded,riemannian,True,7023,8040,0.0003165421076118946,0.038420791970565915,0.00020687503274530172,False,True,repair,failed,0.0,3.0,"step 1 still violates after 3 repair iterations (triggered by {'immutable': False, 'non_decreasing': True, 'age_horizon': True, 'directional': True})",,,,,,,,,,,,0.0031954579753801227,False,True,True,True
uci,2,v3,dsr_full,0.95,35,decoded_naive,decoded_banded,riemannian,True,7023,8040,0.0003165421076118946,0.038420791970565915,0.00020687503274530172,False,True,repair,failed,0.0,3.0,"step 1 still violates after 3 repair iterations (triggered by {'immutable': False, 'non_decreasing': True, 'age_horizon': True, 'directional': True})",,,,,,,,,,,,0.003158667008392513,False,True,True,True
uci,2,v3,dsr_full,0.95,40,decoded_naive,decoded_banded,riemannian,True,7023,8040,0.0003165421076118946,0.038420791970565915,0.00020687503274530172,False,True,repair,failed,0.0,3.0,"step 1 still violates after 3 repair iterations (triggered by {'immutable': False, 'non_decreasing': True, 'age_horizon': True, 'directional': True})",,,,,,,,,,,,0.0027011249912902713,False,True,True,True
uci,2,v3,dsr_full,0.95,42,decoded_naive,decoded_banded,riemannian,True,7023,8040,0.0003165421076118946,0.038420791970565915,0.00020687503274530172,False,True,repair,failed,0.0,3.0,"step 1 still violates after 3 repair iterations (triggered by {'immutable': False, 'non_decreasing': True, 'age_horizon': True, 'directional': True})",,,,,,,,,,,,0.0025438329903408885,False,True,True,True
uci,2,v3,dsr_full,0.95,43,decoded_naive,decoded_banded,riemannian,True,7023,8040,0.0003165421076118946,0.038420791970565915,0.00020687503274530172,False,True,repair,failed,0.0,3.0,"step 1 still violates after 3 repair iterations (triggered by {'immutable': False, 'non_decreasing': True, 'age_horizon': True, 'directional': True})",,,,,,,,,,,,0.002508500008843839,False,True,True,True
uci,2,v3,dsr_full,0.95,45,decoded_naive,decoded_banded,riemannian,True,7023,8040,0.0003165421076118946,0.038420791970565915,0.00020687503274530172,False,True,repair,failed,0.0,3.0,"step 1 still violates after 3 repair iterations (triggered by {'immutable': False, 'non_decreasing': True, 'age_horizon': True, 'directional': True})",,,,,,,,,,,,0.0024694170570001006,False,True,True,True
uci,2,v3,dsr_full,0.95,49,decoded_naive,decoded_banded,riemannian,True,7023,8040,0.0003165421076118946,0.038420791970565915,0.00020687503274530172,False,True,search,,,,,,,,,,,,,,,,0.00216737505979836,,,,
uci,2,v3,dsr_full,0.95,50,decoded_naive,decoded_banded,riemannian,True,7023,8040,0.0003165421076118946,0.038420791970565915,0.00020687503274530172,False,True,repair,failed,0.0,3.0,"step 1 still violates after 3 repair iterations (triggered by {'immutable': False, 'non_decreasing': True, 'age_horizon': True, 'directional': True})",,,,,,,,,,,,0.0027043750742450356,False,True,True,True
uci,2,v3,dsr_full,0.95,51,decoded_naive,decoded_banded,riemannian,True,7023,8040,0.0003165421076118946,0.038420791970565915,0.00020687503274530172,False,True,repair,failed,0.0,3.0,"step 1 still violates after 3 repair iterations (triggered by {'immutable': False, 'non_decreasing': True, 'age_horizon': True, 'directional': True})",,,,,,,,,,,,0.00251708400901407,False,True,True,True
uci,2,v3,dsr_full,0.95,53,decoded_naive,decoded_banded,riemannian,True,7023,8040,0.0003165421076118946,0.038420791970565915,0.00020687503274530172,False,True,repair,failed,0.0,3.0,"step 1 still violates after 3 repair iterations (triggered by {'immutable': False, 'non_decreasing': True, 'age_horizon': True, 'directional': True})",,,,,,,,,,,,0.0027769580483436584,False,True,True,True
uci,2,v3,dsr_full,0.95,55,decoded_naive,decoded_banded,riemannian,True,7023,8040,0.0003165421076118946,0.038420791970565915,0.00020687503274530172,False,True,repair,failed,0.0,3.0,"step 1 still violates after 3 repair iterations (triggered by {'immutable': False, 'non_decreasing': True, 'age_horizon': True, 'directional': True})",,,,,,,,,,,,0.002923874999396503,False,True,True,True
uci,2,v3,dsr_full,0.95,56,decoded_naive,decoded_banded,riemannian,True,7023,8040,0.0003165421076118946,0.038420791970565915,0.00020687503274530172,False,True,repair,failed,0.0,3.0,"step 1 still violates after 3 repair iterations (triggered by {'immutable': False, 'non_decreasing': True, 'age_horizon': True, 'directional': True})",,,,,,,,,,,,0.0026910000015050173,False,True,True,True
uci,2,v3,dsr_full_euclidean,0.95,4,decoded_naive,decoded_banded,euclidean,True,7023,8040,0.00035245902836322784,0.038420791970565915,0.00020687503274530172,False,True,repair,failed,0.0,3.0,"step 1 still violates after 3 repair iterations (triggered by {'immutable': False, 'non_decreasing': True, 'age_horizon': True, 'directional': True})",,,,,,,,,,,,0.0027137920260429382,False,True,True,True
uci,2,v3,dsr_full_euclidean,0.95,8,decoded_naive,decoded_banded,euclidean,True,7023,8040,0.00035245902836322784,0.038420791970565915,0.00020687503274530172,False,True,repair,failed,0.0,3.0,"step 1 still violates after 3 repair iterations (triggered by {'immutable': False, 'non_decreasing': True, 'age_horizon': True, 'directional': True})",,,,,,,,,,,,0.0026185830356553197,False,True,True,True
uci,2,v3,dsr_full_euclidean,0.95,13,decoded_naive,decoded_banded,euclidean,True,7023,8040,0.00035245902836322784,0.038420791970565915,0.00020687503274530172,False,True,repair,failed,0.0,3.0,"step 1 still violates after 3 repair iterations (triggered by {'immutable': False, 'non_decreasing': True, 'age_horizon': True, 'directional': True})",,,,,,,,,,,,0.002717541065067053,False,True,True,True
uci,2,v3,dsr_full_euclidean,0.95,14,decoded_naive,decoded_banded,euclidean,True,7023,8040,0.00035245902836322784,0.038420791970565915,0.00020687503274530172,False,True,repair,failed,0.0,3.0,"step 1 still violates after 3 repair iterations (triggered by {'immutable': False, 'non_decreasing': True, 'age_horizon': True, 'directional': True})",,,,,,,,,,,,0.0026175830280408263,False,True,True,True
uci,2,v3,dsr_full_euclidean,0.95,17,decoded_naive,decoded_banded,euclidean,True,7023,8040,0.00035245902836322784,0.038420791970565915,0.00020687503274530172,False,True,repair,failed,0.0,3.0,"step 1 still violates after 3 repair iterations (triggered by {'immutable': False, 'non_decreasing': True, 'age_horizon': True, 'directional': True})",,,,,,,,,,,,0.0025734580121934414,False,True,True,True
uci,2,v3,dsr_full_euclidean,0.95,25,decoded_naive,decoded_banded,euclidean,True,7023,8040,0.00035245902836322784,0.038420791970565915,0.00020687503274530172,False,True,repair,failed,0.0,3.0,"step 1 still violates after 3 repair iterations (triggered by {'immutable': False, 'non_decreasing': True, 'age_horizon': True, 'directional': True})",,,,,,,,,,,,0.0023904580157250166,False,True,True,True
uci,2,v3,dsr_full_euclidean,0.95,26,decoded_naive,decoded_banded,euclidean,True,7023,8040,0.00035245902836322784,0.038420791970565915,0.00020687503274530172,False,True,repair,failed,0.0,3.0,"step 1 still violates after 3 repair iterations (triggered by {'immutable': False, 'non_decreasing': True, 'age_horizon': True, 'directional': True})",,,,,,,,,,,,0.002334499964490533,False,True,True,True
uci,2,v3,dsr_full_euclidean,0.95,30,decoded_naive,decoded_banded,euclidean,True,7023,8040,0.00035245902836322784,0.038420791970565915,0.00020687503274530172,False,True,repair,failed,0.0,3.0,"step 1 still violates after 3 repair iterations (triggered by {'immutable': False, 'non_decreasing': True, 'age_horizon': True, 'directional': True})",,,,,,,,,,,,0.0023248340003192425,False,True,True,True
uci,2,v3,dsr_full_euclidean,0.95,32,decoded_naive,decoded_banded,euclidean,True,7023,8040,0.00035245902836322784,0.038420791970565915,0.00020687503274530172,False,True,repair,failed,0.0,3.0,"step 1 still violates after 3 repair iterations (triggered by {'immutable': False, 'non_decreasing': True, 'age_horizon': True, 'directional': True})",,,,,,,,,,,,0.0022860419703647494,False,True,True,True
uci,2,v3,dsr_full_euclidean,0.95,35,decoded_naive,decoded_banded,euclidean,True,7023,8040,0.00035245902836322784,0.038420791970565915,0.00020687503274530172,False,True,repair,failed,0.0,3.0,"step 1 still violates after 3 repair iterations (triggered by {'immutable': False, 'non_decreasing': True, 'age_horizon': True, 'directional': True})",,,,,,,,,,,,0.0023554160725325346,False,True,True,True
uci,2,v3,dsr_full_euclidean,0.95,40,decoded_naive,decoded_banded,euclidean,True,7023,8040,0.00035245902836322784,0.038420791970565915,0.00020687503274530172,False,True,repair,failed,0.0,3.0,"step 1 still violates after 3 repair iterations (triggered by {'immutable': False, 'non_decreasing': True, 'age_horizon': True, 'directional': True})",,,,,,,,,,,,0.0024864589795470238,False,True,True,True
uci,2,v3,dsr_full_euclidean,0.95,42,decoded_naive,decoded_banded,euclidean,True,7023,8040,0.00035245902836322784,0.038420791970565915,0.00020687503274530172,False,True,repair,failed,0.0,3.0,"step 1 still violates after 3 repair iterations (triggered by {'immutable': False, 'non_decreasing': True, 'age_horizon': True, 'directional': True})",,,,,,,,,,,,0.00259983295109123,False,True,True,True
uci,2,v3,dsr_full_euclidean,0.95,43,decoded_naive,decoded_banded,euclidean,True,7023,8040,0.00035245902836322784,0.038420791970565915,0.00020687503274530172,False,True,repair,failed,0.0,3.0,"step 1 still violates after 3 repair iterations (triggered by {'immutable': False, 'non_decreasing': True, 'age_horizon': True, 'directional': True})",,,,,,,,,,,,0.0025080409832298756,False,True,True,True
uci,2,v3,dsr_full_euclidean,0.95,45,decoded_naive,decoded_banded,euclidean,True,7023,8040,0.00035245902836322784,0.038420791970565915,0.00020687503274530172,False,True,repair,failed,0.0,3.0,"step 1 still violates after 3 repair iterations (triggered by {'immutable': False, 'non_decreasing': True, 'age_horizon': True, 'directional': True})",,,,,,,,,,,,0.0026255829725414515,False,True,True,True
uci,2,v3,dsr_full_euclidean,0.95,49,decoded_naive,decoded_banded,euclidean,True,7023,8040,0.00035245902836322784,0.038420791970565915,0.00020687503274530172,False,True,search,,,,,,,,,,,,,,,,0.002021417021751404,,,,
uci,2,v3,dsr_full_euclidean,0.95,50,decoded_naive,decoded_banded,euclidean,True,7023,8040,0.00035245902836322784,0.038420791970565915,0.00020687503274530172,False,True,repair,failed,0.0,3.0,"step 1 still violates after 3 repair iterations (triggered by {'immutable': False, 'non_decreasing': True, 'age_horizon': True, 'directional': True})",,,,,,,,,,,,0.0024490420473739505,False,True,True,True
uci,2,v3,dsr_full_euclidean,0.95,51,decoded_naive,decoded_banded,euclidean,True,7023,8040,0.00035245902836322784,0.038420791970565915,0.00020687503274530172,False,True,repair,failed,0.0,3.0,"step 1 still violates after 3 repair iterations (triggered by {'immutable': False, 'non_decreasing': True, 'age_horizon': True, 'directional': True})",,,,,,,,,,,,0.0025583750102669,False,True,True,True
uci,2,v3,dsr_full_euclidean,0.95,53,decoded_naive,decoded_banded,euclidean,True,7023,8040,0.00035245902836322784,0.038420791970565915,0.00020687503274530172,False,True,repair,failed,0.0,3.0,"step 1 still violates after 3 repair iterations (triggered by {'immutable': False, 'non_decreasing': True, 'age_horizon': True, 'directional': True})",,,,,,,,,,,,0.002459999988786876,False,True,True,True
uci,2,v3,dsr_full_euclidean,0.95,55,decoded_naive,decoded_banded,euclidean,True,7023,8040,0.00035245902836322784,0.038420791970565915,0.00020687503274530172,False,True,repair,failed,0.0,3.0,"step 1 still violates after 3 repair iterations (triggered by {'immutable': False, 'non_decreasing': True, 'age_horizon': True, 'directional': True})",,,,,,,,,,,,0.002426333026960492,False,True,True,True
uci,2,v3,dsr_full_euclidean,0.95,56,decoded_naive,decoded_banded,euclidean,True,7023,8040,0.00035245902836322784,0.038420791970565915,0.00020687503274530172,False,True,repair,failed,0.0,3.0,"step 1 still violates after 3 repair iterations (triggered by {'immutable': False, 'non_decreasing': True, 'age_horizon': True, 'directional': True})",,,,,,,,,,,,0.002393999951891601,False,True,True,True
uci,2,v3,dsr_bands_no_identity,0.95,4,banded_no_identity,banded_no_identity,riemannian,False,8040,8040,0.00024341593962162733,0.038420791970565915,0.00020687503274530172,False,True,search,,,,,,,,,,,,,,,,0.0018978329608216882,,,,
uci,2,v3,dsr_bands_no_identity,0.95,8,banded_no_identity,banded_no_identity,riemannian,False,8040,8040,0.00024341593962162733,0.038420791970565915,0.00020687503274530172,False,True,search,,,,,,,,,,,,,,,,0.001909750048071146,,,,
uci,2,v3,dsr_bands_no_identity,0.95,13,banded_no_identity,banded_no_identity,riemannian,False,8040,8040,0.00024341593962162733,0.038420791970565915,0.00020687503274530172,False,True,search,,,,,,,,,,,,,,,,0.0019745000172406435,,,,
uci,2,v3,dsr_bands_no_identity,0.95,14,banded_no_identity,banded_no_identity,riemannian,False,8040,8040,0.00024341593962162733,0.038420791970565915,0.00020687503274530172,False,True,search,,,,,,,,,,,,,,,,0.0019266250310465693,,,,
uci,2,v3,dsr_bands_no_identity,0.95,17,banded_no_identity,banded_no_identity,riemannian,False,8040,8040,0.00024341593962162733,0.038420791970565915,0.00020687503274530172,False,True,search,,,,,,,,,,,,,,,,0.001970082987099886,,,,
uci,2,v3,dsr_bands_no_identity,0.95,25,banded_no_identity,banded_no_identity,riemannian,False,8040,8040,0.00024341593962162733,0.038420791970565915,0.00020687503274530172,False,True,search,,,,,,,,,,,,,,,,0.0019296249374747276,,,,
uci,2,v3,dsr_bands_no_identity,0.95,26,banded_no_identity,banded_no_identity,riemannian,False,8040,8040,0.00024341593962162733,0.038420791970565915,0.00020687503274530172,False,True,search,,,,,,,,,,,,,,,,0.001967458985745907,,,,
uci,2,v3,dsr_bands_no_identity,0.95,30,banded_no_identity,banded_no_identity,riemannian,False,8040,8040,0.00024341593962162733,0.038420791970565915,0.00020687503274530172,False,True,search,,,,,,,,,,,,,,,,0.0018987080547958612,,,,
uci,2,v3,dsr_bands_no_identity,0.95,32,banded_no_identity,banded_no_identity,riemannian,False,8040,8040,0.00024341593962162733,0.038420791970565915,0.00020687503274530172,False,True,search,,,,,,,,,,,,,,,,0.002013124991208315,,,,
uci,2,v3,dsr_bands_no_identity,0.95,35,banded_no_identity,banded_no_identity,riemannian,False,8040,8040,0.00024341593962162733,0.038420791970565915,0.00020687503274530172,False,True,search,,,,,,,,,,,,,,,,0.0019976249895989895,,,,
uci,2,v3,dsr_bands_no_identity,0.95,40,banded_no_identity,banded_no_identity,riemannian,False,8040,8040,0.00024341593962162733,0.038420791970565915,0.00020687503274530172,False,True,search,,,,,,,,,,,,,,,,0.001886500045657158,,,,
uci,2,v3,dsr_bands_no_identity,0.95,42,banded_no_identity,banded_no_identity,riemannian,False,8040,8040,0.00024341593962162733,0.038420791970565915,0.00020687503274530172,False,True,search,,,,,,,,,,,,,,,,0.0019176669884473085,,,,
uci,2,v3,dsr_bands_no_identity,0.95,43,banded_no_identity,banded_no_identity,riemannian,False,8040,8040,0.00024341593962162733,0.038420791970565915,0.00020687503274530172,False,True,search,,,,,,,,,,,,,,,,0.001879083109088242,,,,
uci,2,v3,dsr_bands_no_identity,0.95,45,banded_no_identity,banded_no_identity,riemannian,False,8040,8040,0.00024341593962162733,0.038420791970565915,0.00020687503274530172,False,True,search,,,,,,,,,,,,,,,,0.0019040420884266496,,,,
uci,2,v3,dsr_bands_no_identity,0.95,49,banded_no_identity,banded_no_identity,riemannian,False,8040,8040,0.00024341593962162733,0.038420791970565915,0.00020687503274530172,False,True,search,,,,,,,,,,,,,,,,0.0020067080622538924,,,,
uci,2,v3,dsr_bands_no_identity,0.95,50,banded_no_identity,banded_no_identity,riemannian,False,8040,8040,0.00024341593962162733,0.038420791970565915,0.00020687503274530172,False,True,search,,,,,,,,,,,,,,,,0.0019381670281291008,,,,
uci,2,v3,dsr_bands_no_identity,0.95,51,banded_no_identity,banded_no_identity,riemannian,False,8040,8040,0.00024341593962162733,0.038420791970565915,0.00020687503274530172,False,True,search,,,,,,,,,,,,,,,,0.001974791055545211,,,,
uci,2,v3,dsr_bands_no_identity,0.95,53,banded_no_identity,banded_no_identity,riemannian,False,8040,8040,0.00024341593962162733,0.038420791970565915,0.00020687503274530172,False,True,search,,,,,,,,,,,,,,,,0.0019882499473169446,,,,
uci,2,v3,dsr_bands_no_identity,0.95,55,banded_no_identity,banded_no_identity,riemannian,False,8040,8040,0.00024341593962162733,0.038420791970565915,0.00020687503274530172,False,True,search,,,,,,,,,,,,,,,,0.0018542499747127295,,,,
uci,2,v3,dsr_bands_no_identity,0.95,56,banded_no_identity,banded_no_identity,riemannian,False,8040,8040,0.00024341593962162733,0.038420791970565915,0.00020687503274530172,False,True,search,,,,,,,,,,,,,,,,0.0019000408938154578,,,,
uci,2,v3,dsr_full,0.05,4,decoded_naive,decoded_banded,riemannian,True,7023,8040,0.0003095000283792615,0.038420791970565915,0.00020687503274530172,False,True,repair,failed,0.0,3.0,"step 1 still violates after 3 repair iterations (triggered by {'immutable': False, 'non_decreasing': True, 'age_horizon': False, 'directional': True})",,,,,,,,,,,,0.002395707997493446,False,True,False,True
uci,2,v3,dsr_full,0.05,8,decoded_naive,decoded_banded,riemannian,True,7023,8040,0.0003095000283792615,0.038420791970565915,0.00020687503274530172,False,True,repair,failed,0.0,3.0,"step 1 still violates after 3 repair iterations (triggered by {'immutable': False, 'non_decreasing': True, 'age_horizon': False, 'directional': True})",,,,,,,,,,,,0.002500999951735139,False,True,False,True
uci,2,v3,dsr_full,0.05,13,decoded_naive,decoded_banded,riemannian,True,7023,8040,0.0003095000283792615,0.038420791970565915,0.00020687503274530172,False,True,repair,failed,0.0,3.0,"step 1 still violates after 3 repair iterations (triggered by {'immutable': False, 'non_decreasing': True, 'age_horizon': False, 'directional': True})",,,,,,,,,,,,0.002425874932669103,False,True,False,True
uci,2,v3,dsr_full,0.05,14,decoded_naive,decoded_banded,riemannian,True,7023,8040,0.0003095000283792615,0.038420791970565915,0.00020687503274530172,False,True,repair,failed,0.0,3.0,"step 1 still violates after 3 repair iterations (triggered by {'immutable': False, 'non_decreasing': True, 'age_horizon': False, 'directional': True})",,,,,,,,,,,,0.0024230830604210496,False,True,False,True
uci,2,v3,dsr_full,0.05,17,decoded_naive,decoded_banded,riemannian,True,7023,8040,0.0003095000283792615,0.038420791970565915,0.00020687503274530172,False,True,repair,failed,0.0,3.0,"step 1 still violates after 3 repair iterations (triggered by {'immutable': False, 'non_decreasing': False, 'age_horizon': False, 'directional': True})",,,,,,,,,,,,0.0023815419990569353,False,False,False,True
uci,2,v3,dsr_full,0.05,25,decoded_naive,decoded_banded,riemannian,True,7023,8040,0.0003095000283792615,0.038420791970565915,0.00020687503274530172,False,True,repair,failed,0.0,3.0,"step 1 still violates after 3 repair iterations (triggered by {'immutable': False, 'non_decreasing': False, 'age_horizon': False, 'directional': True})",,,,,,,,,,,,0.0024351250613108277,False,False,False,True
uci,2,v3,dsr_full,0.05,26,decoded_naive,decoded_banded,riemannian,True,7023,8040,0.0003095000283792615,0.038420791970565915,0.00020687503274530172,False,True,repair,failed,0.0,3.0,"step 1 still violates after 3 repair iterations (triggered by {'immutable': False, 'non_decreasing': True, 'age_horizon': False, 'directional': True})",,,,,,,,,,,,0.002349749905988574,False,True,False,True
uci,2,v3,dsr_full,0.05,30,decoded_naive,decoded_banded,riemannian,True,7023,8040,0.0003095000283792615,0.038420791970565915,0.00020687503274530172,False,True,repair,failed,0.0,3.0,"step 1 still violates after 3 repair iterations (triggered by {'immutable': False, 'non_decreasing': True, 'age_horizon': False, 'directional': True})",,,,,,,,,,,,0.002520292066037655,False,True,False,True
uci,2,v3,dsr_full,0.05,32,decoded_naive,decoded_banded,riemannian,True,7023,8040,0.0003095000283792615,0.038420791970565915,0.00020687503274530172,False,True,repair,failed,0.0,3.0,"step 1 still violates after 3 repair iterations (triggered by {'immutable': False, 'non_decreasing': False, 'age_horizon': False, 'directional': True})",,,,,,,,,,,,0.002390249981544912,False,False,False,True
uci,2,v3,dsr_full,0.05,35,decoded_naive,decoded_banded,riemannian,True,7023,8040,0.0003095000283792615,0.038420791970565915,0.00020687503274530172,False,True,repair,failed,0.0,3.0,"step 1 still violates after 3 repair iterations (triggered by {'immutable': False, 'non_decreasing': True, 'age_horizon': False, 'directional': True})",,,,,,,,,,,,0.002398082986474037,False,True,False,True
uci,2,v3,dsr_full,0.05,40,decoded_naive,decoded_banded,riemannian,True,7023,8040,0.0003095000283792615,0.038420791970565915,0.00020687503274530172,False,True,repair,failed,0.0,3.0,"step 1 still violates after 3 repair iterations (triggered by {'immutable': False, 'non_decreasing': True, 'age_horizon': False, 'directional': True})",,,,,,,,,,,,0.002447917009703815,False,True,False,True
uci,2,v3,dsr_full,0.05,42,decoded_naive,decoded_banded,riemannian,True,7023,8040,0.0003095000283792615,0.038420791970565915,0.00020687503274530172,False,True,repair,failed,0.0,3.0,"step 1 still violates after 3 repair iterations (triggered by {'immutable': False, 'non_decreasing': True, 'age_horizon': False, 'directional': True})",,,,,,,,,,,,0.0025904999347403646,False,True,False,True
uci,2,v3,dsr_full,0.05,43,decoded_naive,decoded_banded,riemannian,True,7023,8040,0.0003095000283792615,0.038420791970565915,0.00020687503274530172,False,True,repair,failed,0.0,3.0,"step 1 still violates after 3 repair iterations (triggered by {'immutable': False, 'non_decreasing': True, 'age_horizon': False, 'directional': True})",,,,,,,,,,,,0.002516541979275644,False,True,False,True
uci,2,v3,dsr_full,0.05,45,decoded_naive,decoded_banded,riemannian,True,7023,8040,0.0003095000283792615,0.038420791970565915,0.00020687503274530172,False,True,repair,failed,0.0,3.0,"step 1 still violates after 3 repair iterations (triggered by {'immutable': False, 'non_decreasing': True, 'age_horizon': False, 'directional': True})",,,,,,,,,,,,0.0024404999567195773,False,True,False,True
uci,2,v3,dsr_full,0.05,49,decoded_naive,decoded_banded,riemannian,True,7023,8040,0.0003095000283792615,0.038420791970565915,0.00020687503274530172,False,True,search,,,,,,,,,,,,,,,,0.002025458961725235,,,,
uci,2,v3,dsr_full,0.05,50,decoded_naive,decoded_banded,riemannian,True,7023,8040,0.0003095000283792615,0.038420791970565915,0.00020687503274530172,False,True,repair,failed,0.0,3.0,"step 1 still violates after 3 repair iterations (triggered by {'immutable': False, 'non_decreasing': False, 'age_horizon': False, 'directional': True})",,,,,,,,,,,,0.0024347499711439013,False,False,False,True
uci,2,v3,dsr_full,0.05,51,decoded_naive,decoded_banded,riemannian,True,7023,8040,0.0003095000283792615,0.038420791970565915,0.00020687503274530172,False,True,repair,failed,0.0,3.0,"step 1 still violates after 3 repair iterations (triggered by {'immutable': False, 'non_decreasing': True, 'age_horizon': False, 'directional': True})",,,,,,,,,,,,0.002486791927367449,False,True,False,True
uci,2,v3,dsr_full,0.05,53,decoded_naive,decoded_banded,riemannian,True,7023,8040,0.0003095000283792615,0.038420791970565915,0.00020687503274530172,False,True,repair,failed,0.0,3.0,"step 1 still violates after 3 repair iterations (triggered by {'immutable': False, 'non_decreasing': False, 'age_horizon': False, 'directional': True})",,,,,,,,,,,,0.0024124159244820476,False,False,False,True
uci,2,v3,dsr_full,0.05,55,decoded_naive,decoded_banded,riemannian,True,7023,8040,0.0003095000283792615,0.038420791970565915,0.00020687503274530172,False,True,repair,failed,0.0,3.0,"step 1 still violates after 3 repair iterations (triggered by {'immutable': False, 'non_decreasing': True, 'age_horizon': False, 'directional': True})",,,,,,,,,,,,0.002394124981947243,False,True,False,True
uci,2,v3,dsr_full,0.05,56,decoded_naive,decoded_banded,riemannian,True,7023,8040,0.0003095000283792615,0.038420791970565915,0.00020687503274530172,False,True,repair,failed,0.0,3.0,"step 1 still violates after 3 repair iterations (triggered by {'immutable': False, 'non_decreasing': False, 'age_horizon': False, 'directional': True})",,,,,,,,,,,,0.002468207967467606,False,False,False,True
uci,2,v3,dsr_full,0.1,4,decoded_naive,decoded_banded,riemannian,True,7023,8040,0.00030987500213086605,0.038420791970565915,0.00020687503274530172,False,True,repair,failed,0.0,3.0,"step 1 still violates after 3 repair iterations (triggered by {'immutable': False, 'non_decreasing': True, 'age_horizon': False, 'directional': True})",,,,,,,,,,,,0.0024869159096851945,False,True,False,True
uci,2,v3,dsr_full,0.1,8,decoded_naive,decoded_banded,riemannian,True,7023,8040,0.00030987500213086605,0.038420791970565915,0.00020687503274530172,False,True,repair,failed,0.0,3.0,"step 1 still violates after 3 repair iterations (triggered by {'immutable': False, 'non_decreasing': True, 'age_horizon': False, 'directional': True})",,,,,,,,,,,,0.002520416979677975,False,True,False,True
uci,2,v3,dsr_full,0.1,13,decoded_naive,decoded_banded,riemannian,True,7023,8040,0.00030987500213086605,0.038420791970565915,0.00020687503274530172,False,True,repair,failed,0.0,3.0,"step 1 still violates after 3 repair iterations (triggered by {'immutable': False, 'non_decreasing': True, 'age_horizon': False, 'directional': True})",,,,,,,,,,,,0.0023839169880375266,False,True,False,True
uci,2,v3,dsr_full,0.1,14,decoded_naive,decoded_banded,riemannian,True,7023,8040,0.00030987500213086605,0.038420791970565915,0.00020687503274530172,False,True,repair,failed,0.0,3.0,"step 1 still violates after 3 repair iterations (triggered by {'immutable': False, 'non_decreasing': True, 'age_horizon': False, 'directional': True})",,,,,,,,,,,,0.002420959062874317,False,True,False,True
uci,2,v3,dsr_full,0.1,17,decoded_naive,decoded_banded,riemannian,True,7023,8040,0.00030987500213086605,0.038420791970565915,0.00020687503274530172,False,True,repair,failed,0.0,3.0,"step 1 still violates after 3 repair iterations (triggered by {'immutable': False, 'non_decreasing': True, 'age_horizon': False, 'directional': True})",,,,,,,,,,,,0.0024803749984130263,False,True,False,True
uci,2,v3,dsr_full,0.1,25,decoded_naive,decoded_banded,riemannian,True,7023,8040,0.00030987500213086605,0.038420791970565915,0.00020687503274530172,False,True,repair,failed,0.0,3.0,"step 1 still violates after 3 repair iterations (triggered by {'immutable': False, 'non_decreasing': False, 'age_horizon': False, 'directional': True})",,,,,,,,,,,,0.002359166042879224,False,False,False,True
uci,2,v3,dsr_full,0.1,26,decoded_naive,decoded_banded,riemannian,True,7023,8040,0.00030987500213086605,0.038420791970565915,0.00020687503274530172,False,True,repair,failed,0.0,3.0,"step 1 still violates after 3 repair iterations (triggered by {'immutable': False, 'non_decreasing': True, 'age_horizon': False, 'directional': True})",,,,,,,,,,,,0.002360542071983218,False,True,False,True
uci,2,v3,dsr_full,0.1,30,decoded_naive,decoded_banded,riemannian,True,7023,8040,0.00030987500213086605,0.038420791970565915,0.00020687503274530172,False,True,repair,failed,0.0,3.0,"step 1 still violates after 3 repair iterations (triggered by {'immutable': False, 'non_decreasing': True, 'age_horizon': False, 'directional': True})",,,,,,,,,,,,0.0024238330079242587,False,True,False,True
uci,2,v3,dsr_full,0.1,32,decoded_naive,decoded_banded,riemannian,True,7023,8040,0.00030987500213086605,0.038420791970565915,0.00020687503274530172,False,True,repair,failed,0.0,3.0,"step 1 still violates after 3 repair iterations (triggered by {'immutable': False, 'non_decreasing': False, 'age_horizon': False, 'directional': True})",,,,,,,,,,,,0.0024664580123499036,False,False,False,True
uci,2,v3,dsr_full,0.1,35,decoded_naive,decoded_banded,riemannian,True,7023,8040,0.00030987500213086605,0.038420791970565915,0.00020687503274530172,False,True,repair,failed,0.0,3.0,"step 1 still violates after 3 repair iterations (triggered by {'immutable': False, 'non_decreasing': True, 'age_horizon': False, 'directional': True})",,,,,,,,,,,,0.002388708060607314,False,True,False,True
uci,2,v3,dsr_full,0.1,40,decoded_naive,decoded_banded,riemannian,True,7023,8040,0.00030987500213086605,0.038420791970565915,0.00020687503274530172,False,True,repair,failed,0.0,3.0,"step 1 still violates after 3 repair iterations (triggered by {'immutable': False, 'non_decreasing': True, 'age_horizon': False, 'directional': True})",,,,,,,,,,,,0.002382042002864182,False,True,False,True
uci,2,v3,dsr_full,0.1,42,decoded_naive,decoded_banded,riemannian,True,7023,8040,0.00030987500213086605,0.038420791970565915,0.00020687503274530172,False,True,repair,failed,0.0,3.0,"step 1 still violates after 3 repair iterations (triggered by {'immutable': False, 'non_decreasing': True, 'age_horizon': False, 'directional': True})",,,,,,,,,,,,0.0023786670062690973,False,True,False,True
uci,2,v3,dsr_full,0.1,43,decoded_naive,decoded_banded,riemannian,True,7023,8040,0.00030987500213086605,0.038420791970565915,0.00020687503274530172,False,True,repair,failed,0.0,3.0,"step 1 still violates after 3 repair iterations (triggered by {'immutable': False, 'non_decreasing': True, 'age_horizon': False, 'directional': True})",,,,,,,,,,,,0.0023594170343130827,False,True,False,True
uci,2,v3,dsr_full,0.1,45,decoded_naive,decoded_banded,riemannian,True,7023,8040,0.00030987500213086605,0.038420791970565915,0.00020687503274530172,False,True,repair,failed,0.0,3.0,"step 1 still violates after 3 repair iterations (triggered by {'immutable': False, 'non_decreasing': True, 'age_horizon': False, 'directional': True})",,,,,,,,,,,,0.0024134579580277205,False,True,False,True
uci,2,v3,dsr_full,0.1,49,decoded_naive,decoded_banded,riemannian,True,7023,8040,0.00030987500213086605,0.038420791970565915,0.00020687503274530172,False,True,search,,,,,,,,,,,,,,,,0.0019511670107021928,,,,
uci,2,v3,dsr_full,0.1,50,decoded_naive,decoded_banded,riemannian,True,7023,8040,0.00030987500213086605,0.038420791970565915,0.00020687503274530172,False,True,repair,failed,0.0,3.0,"step 1 still violates after 3 repair iterations (triggered by {'immutable': False, 'non_decreasing': True, 'age_horizon': False, 'directional': True})",,,,,,,,,,,,0.002475834102369845,False,True,False,True
uci,2,v3,dsr_full,0.1,51,decoded_naive,decoded_banded,riemannian,True,7023,8040,0.00030987500213086605,0.038420791970565915,0.00020687503274530172,False,True,repair,failed,0.0,3.0,"step 1 still violates after 3 repair iterations (triggered by {'immutable': False, 'non_decreasing': True, 'age_horizon': False, 'directional': True})",,,,,,,,,,,,0.0023594580125063658,False,True,False,True
uci,2,v3,dsr_full,0.1,53,decoded_naive,decoded_banded,riemannian,True,7023,8040,0.00030987500213086605,0.038420791970565915,0.00020687503274530172,False,True,repair,failed,0.0,3.0,"step 1 still violates after 3 repair iterations (triggered by {'immutable': False, 'non_decreasing': False, 'age_horizon': False, 'directional': True})",,,,,,,,,,,,0.0024352920008823276,False,False,False,True
uci,2,v3,dsr_full,0.1,55,decoded_naive,decoded_banded,riemannian,True,7023,8040,0.00030987500213086605,0.038420791970565915,0.00020687503274530172,False,True,repair,failed,0.0,3.0,"step 1 still violates after 3 repair iterations (triggered by {'immutable': False, 'non_decreasing': True, 'age_horizon': False, 'directional': True})",,,,,,,,,,,,0.002392041962593794,False,True,False,True
uci,2,v3,dsr_full,0.1,56,decoded_naive,decoded_banded,riemannian,True,7023,8040,0.00030987500213086605,0.038420791970565915,0.00020687503274530172,False,True,repair,failed,0.0,3.0,"step 1 still violates after 3 repair iterations (triggered by {'immutable': False, 'non_decreasing': True, 'age_horizon': False, 'directional': True})",,,,,,,,,,,,0.0024152910336852074,False,True,False,True
uci,2,v3,dsr_full,0.25,4,decoded_naive,decoded_banded,riemannian,True,7023,8040,0.0003059579757973552,0.038420791970565915,0.00020687503274530172,False,True,repair,failed,0.0,3.0,"step 1 still violates after 3 repair iterations (triggered by {'immutable': False, 'non_decreasing': True, 'age_horizon': False, 'directional': True})",,,,,,,,,,,,0.002387374988757074,False,True,False,True
uci,2,v3,dsr_full,0.25,8,decoded_naive,decoded_banded,riemannian,True,7023,8040,0.0003059579757973552,0.038420791970565915,0.00020687503274530172,False,True,repair,failed,0.0,3.0,"step 1 still violates after 3 repair iterations (triggered by {'immutable': False, 'non_decreasing': True, 'age_horizon': False, 'directional': True})",,,,,,,,,,,,0.0024549999507144094,False,True,False,True
uci,2,v3,dsr_full,0.25,13,decoded_naive,decoded_banded,riemannian,True,7023,8040,0.0003059579757973552,0.038420791970565915,0.00020687503274530172,False,True,repair,failed,0.0,3.0,"step 1 still violates after 3 repair iterations (triggered by {'immutable': False, 'non_decreasing': True, 'age_horizon': False, 'directional': True})",,,,,,,,,,,,0.00237708305940032,False,True,False,True
uci,2,v3,dsr_full,0.25,14,decoded_naive,decoded_banded,riemannian,True,7023,8040,0.0003059579757973552,0.038420791970565915,0.00020687503274530172,False,True,repair,failed,0.0,3.0,"step 1 still violates after 3 repair iterations (triggered by {'immutable': False, 'non_decreasing': True, 'age_horizon': False, 'directional': True})",,,,,,,,,,,,0.0024035830283537507,False,True,False,True
uci,2,v3,dsr_full,0.25,17,decoded_naive,decoded_banded,riemannian,True,7023,8040,0.0003059579757973552,0.038420791970565915,0.00020687503274530172,False,True,repair,failed,0.0,3.0,"step 1 still violates after 3 repair iterations (triggered by {'immutable': False, 'non_decreasing': True, 'age_horizon': False, 'directional': True})",,,,,,,,,,,,0.002397958072833717,False,True,False,True
uci,2,v3,dsr_full,0.25,25,decoded_naive,decoded_banded,riemannian,True,7023,8040,0.0003059579757973552,0.038420791970565915,0.00020687503274530172,False,True,repair,failed,0.0,3.0,"step 1 still violates after 3 repair iterations (triggered by {'immutable': False, 'non_decreasing': True, 'age_horizon': False, 'directional': True})",,,,,,,,,,,,0.00240883301012218,False,True,False,True
uci,2,v3,dsr_full,0.25,26,decoded_naive,decoded_banded,riemannian,True,7023,8040,0.0003059579757973552,0.038420791970565915,0.00020687503274530172,False,True,repair,failed,0.0,3.0,"step 1 still violates after 3 repair iterations (triggered by {'immutable': False, 'non_decreasing': True, 'age_horizon': False, 'directional': True})",,,,,,,,,,,,0.0023812499130144715,False,True,False,True
uci,2,v3,dsr_full,0.25,30,decoded_naive,decoded_banded,riemannian,True,7023,8040,0.0003059579757973552,0.038420791970565915,0.00020687503274530172,False,True,repair,failed,0.0,3.0,"step 1 still violates after 3 repair iterations (triggered by {'immutable': False, 'non_decreasing': True, 'age_horizon': False, 'directional': True})",,,,,,,,,,,,0.002461583004333079,False,True,False,True
uci,2,v3,dsr_full,0.25,32,decoded_naive,decoded_banded,riemannian,True,7023,8040,0.0003059579757973552,0.038420791970565915,0.00020687503274530172,False,True,repair,failed,0.0,3.0,"step 1 still violates after 3 repair iterations (triggered by {'immutable': False, 'non_decreasing': True, 'age_horizon': False, 'directional': True})",,,,,,,,,,,,0.0023642079904675484,False,True,False,True
uci,2,v3,dsr_full,0.25,35,decoded_naive,decoded_banded,riemannian,True,7023,8040,0.0003059579757973552,0.038420791970565915,0.00020687503274530172,False,True,repair,failed,0.0,3.0,"step 1 still violates after 3 repair iterations (triggered by {'immutable': False, 'non_decreasing': True, 'age_horizon': False, 'directional': True})",,,,,,,,,,,,0.0023784999502822757,False,True,False,True
uci,2,v3,dsr_full,0.25,40,decoded_naive,decoded_banded,riemannian,True,7023,8040,0.0003059579757973552,0.038420791970565915,0.00020687503274530172,False,True,repair,failed,0.0,3.0,"step 1 still violates after 3 repair iterations (triggered by {'immutable': False, 'non_decreasing': True, 'age_horizon': False, 'directional': True})",,,,,,,,,,,,0.002558041946031153,False,True,False,True
uci,2,v3,dsr_full,0.25,42,decoded_naive,decoded_banded,riemannian,True,7023,8040,0.0003059579757973552,0.038420791970565915,0.00020687503274530172,False,True,repair,failed,0.0,3.0,"step 1 still violates after 3 repair iterations (triggered by {'immutable': False, 'non_decreasing': True, 'age_horizon': False, 'directional': True})",,,,,,,,,,,,0.0024449580814689398,False,True,False,True
uci,2,v3,dsr_full,0.25,43,decoded_naive,decoded_banded,riemannian,True,7023,8040,0.0003059579757973552,0.038420791970565915,0.00020687503274530172,False,True,repair,failed,0.0,3.0,"step 1 still violates after 3 repair iterations (triggered by {'immutable': False, 'non_decreasing': True, 'age_horizon': False, 'directional': True})",,,,,,,,,,,,0.002418624935671687,False,True,False,True
uci,2,v3,dsr_full,0.25,45,decoded_naive,decoded_banded,riemannian,True,7023,8040,0.0003059579757973552,0.038420791970565915,0.00020687503274530172,False,True,repair,failed,0.0,3.0,"step 1 still violates after 3 repair iterations (triggered by {'immutable': False, 'non_decreasing': True, 'age_horizon': False, 'directional': True})",,,,,,,,,,,,0.0024082919117063284,False,True,False,True
uci,2,v3,dsr_full,0.25,49,decoded_naive,decoded_banded,riemannian,True,7023,8040,0.0003059579757973552,0.038420791970565915,0.00020687503274530172,False,True,search,,,,,,,,,,,,,,,,0.0020527499727904797,,,,
uci,2,v3,dsr_full,0.25,50,decoded_naive,decoded_banded,riemannian,True,7023,8040,0.0003059579757973552,0.038420791970565915,0.00020687503274530172,False,True,repair,failed,0.0,3.0,"step 1 still violates after 3 repair iterations (triggered by {'immutable': False, 'non_decreasing': True, 'age_horizon': False, 'directional': True})",,,,,,,,,,,,0.0023594589438289404,False,True,False,True
uci,2,v3,dsr_full,0.25,51,decoded_naive,decoded_banded,riemannian,True,7023,8040,0.0003059579757973552,0.038420791970565915,0.00020687503274530172,False,True,repair,failed,0.0,3.0,"step 1 still violates after 3 repair iterations (triggered by {'immutable': False, 'non_decreasing': True, 'age_horizon': False, 'directional': True})",,,,,,,,,,,,0.0024249169509857893,False,True,False,True
uci,2,v3,dsr_full,0.25,53,decoded_naive,decoded_banded,riemannian,True,7023,8040,0.0003059579757973552,0.038420791970565915,0.00020687503274530172,False,True,repair,failed,0.0,3.0,"step 1 still violates after 3 repair iterations (triggered by {'immutable': False, 'non_decreasing': True, 'age_horizon': False, 'directional': True})",,,,,,,,,,,,0.002370000001974404,False,True,False,True
uci,2,v3,dsr_full,0.25,55,decoded_naive,decoded_banded,riemannian,True,7023,8040,0.0003059579757973552,0.038420791970565915,0.00020687503274530172,False,True,repair,failed,0.0,3.0,"step 1 still violates after 3 repair iterations (triggered by {'immutable': False, 'non_decreasing': True, 'age_horizon': False, 'directional': True})",,,,,,,,,,,,0.0024179170140996575,False,True,False,True
uci,2,v3,dsr_full,0.25,56,decoded_naive,decoded_banded,riemannian,True,7023,8040,0.0003059579757973552,0.038420791970565915,0.00020687503274530172,False,True,repair,failed,0.0,3.0,"step 1 still violates after 3 repair iterations (triggered by {'immutable': False, 'non_decreasing': True, 'age_horizon': False, 'directional': True})",,,,,,,,,,,,0.0024783749831840396,False,True,False,True
uci,2,v3,dsr_full,0.5,4,decoded_naive,decoded_banded,riemannian,True,7023,8040,0.0003059169976040721,0.038420791970565915,0.00020687503274530172,False,True,repair,failed,0.0,3.0,"step 1 still violates after 3 repair iterations (triggered by {'immutable': False, 'non_decreasing': True, 'age_horizon': False, 'directional': True})",,,,,,,,,,,,0.0025152500020340085,False,True,False,True
uci,2,v3,dsr_full,0.5,8,decoded_naive,decoded_banded,riemannian,True,7023,8040,0.0003059169976040721,0.038420791970565915,0.00020687503274530172,False,True,repair,failed,0.0,3.0,"step 1 still violates after 3 repair iterations (triggered by {'immutable': False, 'non_decreasing': True, 'age_horizon': False, 'directional': True})",,,,,,,,,,,,0.0023643330205231905,False,True,False,True
uci,2,v3,dsr_full,0.5,13,decoded_naive,decoded_banded,riemannian,True,7023,8040,0.0003059169976040721,0.038420791970565915,0.00020687503274530172,False,True,repair,failed,0.0,3.0,"step 1 still violates after 3 repair iterations (triggered by {'immutable': False, 'non_decreasing': True, 'age_horizon': False, 'directional': True})",,,,,,,,,,,,0.002398915938101709,False,True,False,True
uci,2,v3,dsr_full,0.5,14,decoded_naive,decoded_banded,riemannian,True,7023,8040,0.0003059169976040721,0.038420791970565915,0.00020687503274530172,False,True,repair,failed,0.0,3.0,"step 1 still violates after 3 repair iterations (triggered by {'immutable': False, 'non_decreasing': True, 'age_horizon': False, 'directional': True})",,,,,,,,,,,,0.0023724579950794578,False,True,False,True
uci,2,v3,dsr_full,0.5,17,decoded_naive,decoded_banded,riemannian,True,7023,8040,0.0003059169976040721,0.038420791970565915,0.00020687503274530172,False,True,repair,failed,0.0,3.0,"step 1 still violates after 3 repair iterations (triggered by {'immutable': False, 'non_decreasing': True, 'age_horizon': False, 'directional': True})",,,,,,,,,,,,0.002352084033191204,False,True,False,True
uci,2,v3,dsr_full,0.5,25,decoded_naive,decoded_banded,riemannian,True,7023,8040,0.0003059169976040721,0.038420791970565915,0.00020687503274530172,False,True,repair,failed,0.0,3.0,"step 1 still violates after 3 repair iterations (triggered by {'immutable': False, 'non_decreasing': True, 'age_horizon': False, 'directional': True})",,,,,,,,,,,,0.0023552089696750045,False,True,False,True
uci,2,v3,dsr_full,0.5,26,decoded_naive,decoded_banded,riemannian,True,7023,8040,0.0003059169976040721,0.038420791970565915,0.00020687503274530172,False,True,repair,failed,0.0,3.0,"step 1 still violates after 3 repair iterations (triggered by {'immutable': False, 'non_decreasing': True, 'age_horizon': False, 'directional': True})",,,,,,,,,,,,0.0024866670137271285,False,True,False,True
uci,2,v3,dsr_full,0.5,30,decoded_naive,decoded_banded,riemannian,True,7023,8040,0.0003059169976040721,0.038420791970565915,0.00020687503274530172,False,True,repair,failed,0.0,3.0,"step 1 still violates after 3 repair iterations (triggered by {'immutable': False, 'non_decreasing': True, 'age_horizon': False, 'directional': True})",,,,,,,,,,,,0.0024362499825656414,False,True,False,True
uci,2,v3,dsr_full,0.5,32,decoded_naive,decoded_banded,riemannian,True,7023,8040,0.0003059169976040721,0.038420791970565915,0.00020687503274530172,False,True,repair,failed,0.0,3.0,"step 1 still violates after 3 repair iterations (triggered by {'immutable': False, 'non_decreasing': True, 'age_horizon': False, 'directional': True})",,,,,,,,,,,,0.002417083946056664,False,True,False,True
uci,2,v3,dsr_full,0.5,35,decoded_naive,decoded_banded,riemannian,True,7023,8040,0.0003059169976040721,0.038420791970565915,0.00020687503274530172,False,True,repair,failed,0.0,3.0,"step 1 still violates after 3 repair iterations (triggered by {'immutable': False, 'non_decreasing': True, 'age_horizon': False, 'directional': True})",,,,,,,,,,,,0.0023537499364465475,False,True,False,True
uci,2,v3,dsr_full,0.5,40,decoded_naive,decoded_banded,riemannian,True,7023,8040,0.0003059169976040721,0.038420791970565915,0.00020687503274530172,False,True,repair,failed,0.0,3.0,"step 1 still violates after 3 repair iterations (triggered by {'immutable': False, 'non_decreasing': True, 'age_horizon': False, 'directional': True})",,,,,,,,,,,,0.002370624919421971,False,True,False,True
uci,2,v3,dsr_full,0.5,42,decoded_naive,decoded_banded,riemannian,True,7023,8040,0.0003059169976040721,0.038420791970565915,0.00020687503274530172,False,True,repair,failed,0.0,3.0,"step 1 still violates after 3 repair iterations (triggered by {'immutable': False, 'non_decreasing': True, 'age_horizon': False, 'directional': True})",,,,,,,,,,,,0.0023811670253053308,False,True,False,True
uci,2,v3,dsr_full,0.5,43,decoded_naive,decoded_banded,riemannian,True,7023,8040,0.0003059169976040721,0.038420791970565915,0.00020687503274530172,False,True,repair,failed,0.0,3.0,"step 1 still violates after 3 repair iterations (triggered by {'immutable': False, 'non_decreasing': True, 'age_horizon': False, 'directional': True})",,,,,,,,,,,,0.0024634579895064235,False,True,False,True
uci,2,v3,dsr_full,0.5,45,decoded_naive,decoded_banded,riemannian,True,7023,8040,0.0003059169976040721,0.038420791970565915,0.00020687503274530172,False,True,repair,failed,0.0,3.0,"step 1 still violates after 3 repair iterations (triggered by {'immutable': False, 'non_decreasing': True, 'age_horizon': False, 'directional': True})",,,,,,,,,,,,0.0023823340889066458,False,True,False,True
uci,2,v3,dsr_full,0.5,49,decoded_naive,decoded_banded,riemannian,True,7023,8040,0.0003059169976040721,0.038420791970565915,0.00020687503274530172,False,True,search,,,,,,,,,,,,,,,,0.001998124993406236,,,,
uci,2,v3,dsr_full,0.5,50,decoded_naive,decoded_banded,riemannian,True,7023,8040,0.0003059169976040721,0.038420791970565915,0.00020687503274530172,False,True,repair,failed,0.0,3.0,"step 1 still violates after 3 repair iterations (triggered by {'immutable': False, 'non_decreasing': True, 'age_horizon': False, 'directional': True})",,,,,,,,,,,,0.002402457990683615,False,True,False,True
uci,2,v3,dsr_full,0.5,51,decoded_naive,decoded_banded,riemannian,True,7023,8040,0.0003059169976040721,0.038420791970565915,0.00020687503274530172,False,True,repair,failed,0.0,3.0,"step 1 still violates after 3 repair iterations (triggered by {'immutable': False, 'non_decreasing': True, 'age_horizon': False, 'directional': True})",,,,,,,,,,,,0.0023688339861109853,False,True,False,True
uci,2,v3,dsr_full,0.5,53,decoded_naive,decoded_banded,riemannian,True,7023,8040,0.0003059169976040721,0.038420791970565915,0.00020687503274530172,False,True,repair,failed,0.0,3.0,"step 1 still violates after 3 repair iterations (triggered by {'immutable': False, 'non_decreasing': True, 'age_horizon': False, 'directional': True})",,,,,,,,,,,,0.002561290981248021,False,True,False,True
uci,2,v3,dsr_full,0.5,55,decoded_naive,decoded_banded,riemannian,True,7023,8040,0.0003059169976040721,0.038420791970565915,0.00020687503274530172,False,True,repair,failed,0.0,3.0,"step 1 still violates after 3 repair iterations (triggered by {'immutable': False, 'non_decreasing': True, 'age_horizon': False, 'directional': True})",,,,,,,,,,,,0.0023499169619753957,False,True,False,True
uci,2,v3,dsr_full,0.5,56,decoded_naive,decoded_banded,riemannian,True,7023,8040,0.0003059169976040721,0.038420791970565915,0.00020687503274530172,False,True,repair,failed,0.0,3.0,"step 1 still violates after 3 repair iterations (triggered by {'immutable': False, 'non_decreasing': True, 'age_horizon': False, 'directional': True})",,,,,,,,,,,,0.002347207977436483,False,True,False,True
uci,2,v3,dsr_full,0.8,4,decoded_naive,decoded_banded,riemannian,True,7023,8040,0.00031037500593811274,0.038420791970565915,0.00020687503274530172,False,True,repair,failed,0.0,3.0,"step 1 still violates after 3 repair iterations (triggered by {'immutable': False, 'non_decreasing': True, 'age_horizon': False, 'directional': True})",,,,,,,,,,,,0.00262937496881932,False,True,False,True
uci,2,v3,dsr_full,0.8,8,decoded_naive,decoded_banded,riemannian,True,7023,8040,0.00031037500593811274,0.038420791970565915,0.00020687503274530172,False,True,repair,failed,0.0,3.0,"step 1 still violates after 3 repair iterations (triggered by {'immutable': False, 'non_decreasing': True, 'age_horizon': False, 'directional': True})",,,,,,,,,,,,0.0024461669381707907,False,True,False,True
uci,2,v3,dsr_full,0.8,13,decoded_naive,decoded_banded,riemannian,True,7023,8040,0.00031037500593811274,0.038420791970565915,0.00020687503274530172,False,True,repair,failed,0.0,3.0,"step 1 still violates after 3 repair iterations (triggered by {'immutable': False, 'non_decreasing': True, 'age_horizon': False, 'directional': True})",,,,,,,,,,,,0.002420834032818675,False,True,False,True
uci,2,v3,dsr_full,0.8,14,decoded_naive,decoded_banded,riemannian,True,7023,8040,0.00031037500593811274,0.038420791970565915,0.00020687503274530172,False,True,repair,failed,0.0,3.0,"step 1 still violates after 3 repair iterations (triggered by {'immutable': False, 'non_decreasing': True, 'age_horizon': False, 'directional': True})",,,,,,,,,,,,0.002370959031395614,False,True,False,True
uci,2,v3,dsr_full,0.8,17,decoded_naive,decoded_banded,riemannian,True,7023,8040,0.00031037500593811274,0.038420791970565915,0.00020687503274530172,False,True,repair,failed,0.0,3.0,"step 1 still violates after 3 repair iterations (triggered by {'immutable': False, 'non_decreasing': True, 'age_horizon': False, 'directional': True})",,,,,,,,,,,,0.0023417079355567694,False,True,False,True
uci,2,v3,dsr_full,0.8,25,decoded_naive,decoded_banded,riemannian,True,7023,8040,0.00031037500593811274,0.038420791970565915,0.00020687503274530172,False,True,repair,failed,0.0,3.0,"step 1 still violates after 3 repair iterations (triggered by {'immutable': False, 'non_decreasing': True, 'age_horizon': False, 'directional': True})",,,,,,,,,,,,0.0023386250250041485,False,True,False,True
uci,2,v3,dsr_full,0.8,26,decoded_naive,decoded_banded,riemannian,True,7023,8040,0.00031037500593811274,0.038420791970565915,0.00020687503274530172,False,True,repair,failed,0.0,3.0,"step 1 still violates after 3 repair iterations (triggered by {'immutable': False, 'non_decreasing': True, 'age_horizon': False, 'directional': True})",,,,,,,,,,,,0.0024159589083865285,False,True,False,True
uci,2,v3,dsr_full,0.8,30,decoded_naive,decoded_banded,riemannian,True,7023,8040,0.00031037500593811274,0.038420791970565915,0.00020687503274530172,False,True,repair,failed,0.0,3.0,"step 1 still violates after 3 repair iterations (triggered by {'immutable': False, 'non_decreasing': True, 'age_horizon': False, 'directional': True})",,,,,,,,,,,,0.0024293750757351518,False,True,False,True
uci,2,v3,dsr_full,0.8,32,decoded_naive,decoded_banded,riemannian,True,7023,8040,0.00031037500593811274,0.038420791970565915,0.00020687503274530172,False,True,repair,failed,0.0,3.0,"step 1 still violates after 3 repair iterations (triggered by {'immutable': False, 'non_decreasing': True, 'age_horizon': False, 'directional': True})",,,,,,,,,,,,0.0023870409931987524,False,True,False,True
uci,2,v3,dsr_full,0.8,35,decoded_naive,decoded_banded,riemannian,True,7023,8040,0.00031037500593811274,0.038420791970565915,0.00020687503274530172,False,True,repair,failed,0.0,3.0,"step 1 still violates after 3 repair iterations (triggered by {'immutable': False, 'non_decreasing': True, 'age_horizon': False, 'directional': True})",,,,,,,,,,,,0.0023819589987397194,False,True,False,True
uci,2,v3,dsr_full,0.8,40,decoded_naive,decoded_banded,riemannian,True,7023,8040,0.00031037500593811274,0.038420791970565915,0.00020687503274530172,False,True,repair,failed,0.0,3.0,"step 1 still violates after 3 repair iterations (triggered by {'immutable': False, 'non_decreasing': True, 'age_horizon': False, 'directional': True})",,,,,,,,,,,,0.0024184170179069042,False,True,False,True
uci,2,v3,dsr_full,0.8,42,decoded_naive,decoded_banded,riemannian,True,7023,8040,0.00031037500593811274,0.038420791970565915,0.00020687503274530172,False,True,repair,failed,0.0,3.0,"step 1 still violates after 3 repair iterations (triggered by {'immutable': False, 'non_decreasing': True, 'age_horizon': False, 'directional': True})",,,,,,,,,,,,0.0023542080307379365,False,True,False,True
uci,2,v3,dsr_full,0.8,43,decoded_naive,decoded_banded,riemannian,True,7023,8040,0.00031037500593811274,0.038420791970565915,0.00020687503274530172,False,True,repair,failed,0.0,3.0,"step 1 still violates after 3 repair iterations (triggered by {'immutable': False, 'non_decreasing': True, 'age_horizon': False, 'directional': True})",,,,,,,,,,,,0.0024150420213118196,False,True,False,True
uci,2,v3,dsr_full,0.8,45,decoded_naive,decoded_banded,riemannian,True,7023,8040,0.00031037500593811274,0.038420791970565915,0.00020687503274530172,False,True,repair,failed,0.0,3.0,"step 1 still violates after 3 repair iterations (triggered by {'immutable': False, 'non_decreasing': True, 'age_horizon': False, 'directional': True})",,,,,,,,,,,,0.002404417027719319,False,True,False,True
uci,2,v3,dsr_full,0.8,49,decoded_naive,decoded_banded,riemannian,True,7023,8040,0.00031037500593811274,0.038420791970565915,0.00020687503274530172,False,True,search,,,,,,,,,,,,,,,,0.001973374979570508,,,,
uci,2,v3,dsr_full,0.8,50,decoded_naive,decoded_banded,riemannian,True,7023,8040,0.00031037500593811274,0.038420791970565915,0.00020687503274530172,False,True,repair,failed,0.0,3.0,"step 1 still violates after 3 repair iterations (triggered by {'immutable': False, 'non_decreasing': True, 'age_horizon': False, 'directional': True})",,,,,,,,,,,,0.002365833963267505,False,True,False,True
uci,2,v3,dsr_full,0.8,51,decoded_naive,decoded_banded,riemannian,True,7023,8040,0.00031037500593811274,0.038420791970565915,0.00020687503274530172,False,True,repair,failed,0.0,3.0,"step 1 still violates after 3 repair iterations (triggered by {'immutable': False, 'non_decreasing': True, 'age_horizon': False, 'directional': True})",,,,,,,,,,,,0.0023097919765859842,False,True,False,True
uci,2,v3,dsr_full,0.8,53,decoded_naive,decoded_banded,riemannian,True,7023,8040,0.00031037500593811274,0.038420791970565915,0.00020687503274530172,False,True,repair,failed,0.0,3.0,"step 1 still violates after 3 repair iterations (triggered by {'immutable': False, 'non_decreasing': True, 'age_horizon': False, 'directional': True})",,,,,,,,,,,,0.0024620419135317206,False,True,False,True
uci,2,v3,dsr_full,0.8,55,decoded_naive,decoded_banded,riemannian,True,7023,8040,0.00031037500593811274,0.038420791970565915,0.00020687503274530172,False,True,repair,failed,0.0,3.0,"step 1 still violates after 3 repair iterations (triggered by {'immutable': False, 'non_decreasing': True, 'age_horizon': False, 'directional': True})",,,,,,,,,,,,0.0023901660460978746,False,True,False,True
uci,2,v3,dsr_full,0.8,56,decoded_naive,decoded_banded,riemannian,True,7023,8040,0.00031037500593811274,0.038420791970565915,0.00020687503274530172,False,True,repair,failed,0.0,3.0,"step 1 still violates after 3 repair iterations (triggered by {'immutable': False, 'non_decreasing': True, 'age_horizon': False, 'directional': True})",,,,,,,,,,,,0.0024425419978797436,False,True,False,True
uci,2,v3,dsr_full,0.9,4,decoded_naive,decoded_banded,riemannian,True,7023,8040,0.00032774999272078276,0.038420791970565915,0.00020687503274530172,False,True,repair,failed,0.0,3.0,"step 1 still violates after 3 repair iterations (triggered by {'immutable': False, 'non_decreasing': True, 'age_horizon': True, 'directional': True})",,,,,,,,,,,,0.0023465000558644533,False,True,True,True
uci,2,v3,dsr_full,0.9,8,decoded_naive,decoded_banded,riemannian,True,7023,8040,0.00032774999272078276,0.038420791970565915,0.00020687503274530172,False,True,repair,failed,0.0,3.0,"step 1 still violates after 3 repair iterations (triggered by {'immutable': False, 'non_decreasing': True, 'age_horizon': True, 'directional': True})",,,,,,,,,,,,0.0023911669850349426,False,True,True,True
uci,2,v3,dsr_full,0.9,13,decoded_naive,decoded_banded,riemannian,True,7023,8040,0.00032774999272078276,0.038420791970565915,0.00020687503274530172,False,True,repair,failed,0.0,3.0,"step 1 still violates after 3 repair iterations (triggered by {'immutable': False, 'non_decreasing': True, 'age_horizon': True, 'directional': True})",,,,,,,,,,,,0.0023739170283079147,False,True,True,True
uci,2,v3,dsr_full,0.9,14,decoded_naive,decoded_banded,riemannian,True,7023,8040,0.00032774999272078276,0.038420791970565915,0.00020687503274530172,False,True,repair,failed,0.0,3.0,"step 1 still violates after 3 repair iterations (triggered by {'immutable': False, 'non_decreasing': True, 'age_horizon': True, 'directional': True})",,,,,,,,,,,,0.002327666967175901,False,True,True,True
uci,2,v3,dsr_full,0.9,17,decoded_naive,decoded_banded,riemannian,True,7023,8040,0.00032774999272078276,0.038420791970565915,0.00020687503274530172,False,True,repair,failed,0.0,3.0,"step 1 still violates after 3 repair iterations (triggered by {'immutable': False, 'non_decreasing': True, 'age_horizon': True, 'directional': True})",,,,,,,,,,,,0.0023902910761535168,False,True,True,True
uci,2,v3,dsr_full,0.9,25,decoded_naive,decoded_banded,riemannian,True,7023,8040,0.00032774999272078276,0.038420791970565915,0.00020687503274530172,False,True,repair,failed,0.0,3.0,"step 1 still violates after 3 repair iterations (triggered by {'immutable': False, 'non_decreasing': True, 'age_horizon': True, 'directional': True})",,,,,,,,,,,,0.0024238339392468333,False,True,True,True
uci,2,v3,dsr_full,0.9,26,decoded_naive,decoded_banded,riemannian,True,7023,8040,0.00032774999272078276,0.038420791970565915,0.00020687503274530172,False,True,repair,failed,0.0,3.0,"step 1 still violates after 3 repair iterations (triggered by {'immutable': False, 'non_decreasing': True, 'age_horizon': True, 'directional': True})",,,,,,,,,,,,0.0024553328985348344,False,True,True,True
uci,2,v3,dsr_full,0.9,30,decoded_naive,decoded_banded,riemannian,True,7023,8040,0.00032774999272078276,0.038420791970565915,0.00020687503274530172,False,True,repair,failed,0.0,3.0,"step 1 still violates after 3 repair iterations (triggered by {'immutable': False, 'non_decreasing': True, 'age_horizon': True, 'directional': True})",,,,,,,,,,,,0.0023874579928815365,False,True,True,True
uci,2,v3,dsr_full,0.9,32,decoded_naive,decoded_banded,riemannian,True,7023,8040,0.00032774999272078276,0.038420791970565915,0.00020687503274530172,False,True,repair,failed,0.0,3.0,"step 1 still violates after 3 repair iterations (triggered by {'immutable': False, 'non_decreasing': True, 'age_horizon': True, 'directional': True})",,,,,,,,,,,,0.002380875055678189,False,True,True,True
uci,2,v3,dsr_full,0.9,35,decoded_naive,decoded_banded,riemannian,True,7023,8040,0.00032774999272078276,0.038420791970565915,0.00020687503274530172,False,True,repair,failed,0.0,3.0,"step 1 still violates after 3 repair iterations (triggered by {'immutable': False, 'non_decreasing': True, 'age_horizon': True, 'directional': True})",,,,,,,,,,,,0.002379167010076344,False,True,True,True
uci,2,v3,dsr_full,0.9,40,decoded_naive,decoded_banded,riemannian,True,7023,8040,0.00032774999272078276,0.038420791970565915,0.00020687503274530172,False,True,repair,failed,0.0,3.0,"step 1 still violates after 3 repair iterations (triggered by {'immutable': False, 'non_decreasing': True, 'age_horizon': True, 'directional': True})",,,,,,,,,,,,0.0024054169189184904,False,True,True,True
uci,2,v3,dsr_full,0.9,42,decoded_naive,decoded_banded,riemannian,True,7023,8040,0.00032774999272078276,0.038420791970565915,0.00020687503274530172,False,True,repair,failed,0.0,3.0,"step 1 still violates after 3 repair iterations (triggered by {'immutable': False, 'non_decreasing': True, 'age_horizon': True, 'directional': True})",,,,,,,,,,,,0.0023944160202518106,False,True,True,True
uci,2,v3,dsr_full,0.9,43,decoded_naive,decoded_banded,riemannian,True,7023,8040,0.00032774999272078276,0.038420791970565915,0.00020687503274530172,False,True,repair,failed,0.0,3.0,"step 1 still violates after 3 repair iterations (triggered by {'immutable': False, 'non_decreasing': True, 'age_horizon': True, 'directional': True})",,,,,,,,,,,,0.002344250096939504,False,True,True,True
uci,2,v3,dsr_full,0.9,45,decoded_naive,decoded_banded,riemannian,True,7023,8040,0.00032774999272078276,0.038420791970565915,0.00020687503274530172,False,True,repair,failed,0.0,3.0,"step 1 still violates after 3 repair iterations (triggered by {'immutable': False, 'non_decreasing': True, 'age_horizon': True, 'directional': True})",,,,,,,,,,,,0.002383667044341564,False,True,True,True
uci,2,v3,dsr_full,0.9,49,decoded_naive,decoded_banded,riemannian,True,7023,8040,0.00032774999272078276,0.038420791970565915,0.00020687503274530172,False,True,search,,,,,,,,,,,,,,,,0.0019866660004481673,,,,
uci,2,v3,dsr_full,0.9,50,decoded_naive,decoded_banded,riemannian,True,7023,8040,0.00032774999272078276,0.038420791970565915,0.00020687503274530172,False,True,repair,failed,0.0,3.0,"step 1 still violates after 3 repair iterations (triggered by {'immutable': False, 'non_decreasing': True, 'age_horizon': True, 'directional': True})",,,,,,,,,,,,0.0023682499304413795,False,True,True,True
uci,2,v3,dsr_full,0.9,51,decoded_naive,decoded_banded,riemannian,True,7023,8040,0.00032774999272078276,0.038420791970565915,0.00020687503274530172,False,True,repair,failed,0.0,3.0,"step 1 still violates after 3 repair iterations (triggered by {'immutable': False, 'non_decreasing': True, 'age_horizon': True, 'directional': True})",,,,,,,,,,,,0.0023525829892605543,False,True,True,True
uci,2,v3,dsr_full,0.9,53,decoded_naive,decoded_banded,riemannian,True,7023,8040,0.00032774999272078276,0.038420791970565915,0.00020687503274530172,False,True,repair,failed,0.0,3.0,"step 1 still violates after 3 repair iterations (triggered by {'immutable': False, 'non_decreasing': True, 'age_horizon': True, 'directional': True})",,,,,,,,,,,,0.002408166998066008,False,True,True,True
uci,2,v3,dsr_full,0.9,55,decoded_naive,decoded_banded,riemannian,True,7023,8040,0.00032774999272078276,0.038420791970565915,0.00020687503274530172,False,True,repair,failed,0.0,3.0,"step 1 still violates after 3 repair iterations (triggered by {'immutable': False, 'non_decreasing': True, 'age_horizon': True, 'directional': True})",,,,,,,,,,,,0.0024075000546872616,False,True,True,True
uci,2,v3,dsr_full,0.9,56,decoded_naive,decoded_banded,riemannian,True,7023,8040,0.00032774999272078276,0.038420791970565915,0.00020687503274530172,False,True,repair,failed,0.0,3.0,"step 1 still violates after 3 repair iterations (triggered by {'immutable': False, 'non_decreasing': True, 'age_horizon': True, 'directional': True})",,,,,,,,,,,,0.002431750064715743,False,True,True,True
uci,2,v3,dsr_full,0.99,4,decoded_naive,decoded_banded,riemannian,True,7023,8040,0.0003446249756962061,0.038420791970565915,0.00020687503274530172,False,True,repair,failed,0.0,3.0,"step 1 still violates after 3 repair iterations (triggered by {'immutable': False, 'non_decreasing': True, 'age_horizon': True, 'directional': True})",,,,,,,,,,,,0.0024398750392720103,False,True,True,True
uci,2,v3,dsr_full,0.99,8,decoded_naive,decoded_banded,riemannian,True,7023,8040,0.0003446249756962061,0.038420791970565915,0.00020687503274530172,False,True,repair,failed,0.0,3.0,"step 1 still violates after 3 repair iterations (triggered by {'immutable': False, 'non_decreasing': True, 'age_horizon': True, 'directional': True})",,,,,,,,,,,,0.0024924579774960876,False,True,True,True
uci,2,v3,dsr_full,0.99,13,decoded_naive,decoded_banded,riemannian,True,7023,8040,0.0003446249756962061,0.038420791970565915,0.00020687503274530172,False,True,repair,failed,0.0,3.0,"step 1 still violates after 3 repair iterations (triggered by {'immutable': False, 'non_decreasing': True, 'age_horizon': True, 'directional': True})",,,,,,,,,,,,0.0024127080105245113,False,True,True,True
uci,2,v3,dsr_full,0.99,14,decoded_naive,decoded_banded,riemannian,True,7023,8040,0.0003446249756962061,0.038420791970565915,0.00020687503274530172,False,True,repair,failed,0.0,3.0,"step 1 still violates after 3 repair iterations (triggered by {'immutable': False, 'non_decreasing': True, 'age_horizon': True, 'directional': True})",,,,,,,,,,,,0.0025950000854209065,False,True,True,True
uci,2,v3,dsr_full,0.99,17,decoded_naive,decoded_banded,riemannian,True,7023,8040,0.0003446249756962061,0.038420791970565915,0.00020687503274530172,False,True,repair,failed,0.0,3.0,"step 1 still violates after 3 repair iterations (triggered by {'immutable': False, 'non_decreasing': True, 'age_horizon': True, 'directional': True})",,,,,,,,,,,,0.002522915950976312,False,True,True,True
uci,2,v3,dsr_full,0.99,25,decoded_naive,decoded_banded,riemannian,True,7023,8040,0.0003446249756962061,0.038420791970565915,0.00020687503274530172,False,True,repair,failed,0.0,3.0,"step 1 still violates after 3 repair iterations (triggered by {'immutable': False, 'non_decreasing': True, 'age_horizon': True, 'directional': True})",,,,,,,,,,,,0.002500541042536497,False,True,True,True
uci,2,v3,dsr_full,0.99,26,decoded_naive,decoded_banded,riemannian,True,7023,8040,0.0003446249756962061,0.038420791970565915,0.00020687503274530172,False,True,repair,failed,0.0,3.0,"step 1 still violates after 3 repair iterations (triggered by {'immutable': False, 'non_decreasing': True, 'age_horizon': True, 'directional': True})",,,,,,,,,,,,0.0026243330212309957,False,True,True,True
uci,2,v3,dsr_full,0.99,30,decoded_naive,decoded_banded,riemannian,True,7023,8040,0.0003446249756962061,0.038420791970565915,0.00020687503274530172,False,True,repair,failed,0.0,3.0,"step 1 still violates after 3 repair iterations (triggered by {'immutable': False, 'non_decreasing': True, 'age_horizon': True, 'directional': True})",,,,,,,,,,,,0.0025007090298458934,False,True,True,True
uci,2,v3,dsr_full,0.99,32,decoded_naive,decoded_banded,riemannian,True,7023,8040,0.0003446249756962061,0.038420791970565915,0.00020687503274530172,False,True,repair,failed,0.0,3.0,"step 1 still violates after 3 repair iterations (triggered by {'immutable': False, 'non_decreasing': True, 'age_horizon': True, 'directional': True})",,,,,,,,,,,,0.002550291013903916,False,True,True,True
uci,2,v3,dsr_full,0.99,35,decoded_naive,decoded_banded,riemannian,True,7023,8040,0.0003446249756962061,0.038420791970565915,0.00020687503274530172,False,True,repair,failed,0.0,3.0,"step 1 still violates after 3 repair iterations (triggered by {'immutable': False, 'non_decreasing': True, 'age_horizon': True, 'directional': True})",,,,,,,,,,,,0.002582833985798061,False,True,True,True
uci,2,v3,dsr_full,0.99,40,decoded_naive,decoded_banded,riemannian,True,7023,8040,0.0003446249756962061,0.038420791970565915,0.00020687503274530172,False,True,repair,failed,0.0,3.0,"step 1 still violates after 3 repair iterations (triggered by {'immutable': False, 'non_decreasing': True, 'age_horizon': True, 'directional': True})",,,,,,,,,,,,0.0026183330919593573,False,True,True,True
uci,2,v3,dsr_full,0.99,42,decoded_naive,decoded_banded,riemannian,True,7023,8040,0.0003446249756962061,0.038420791970565915,0.00020687503274530172,False,True,repair,failed,0.0,3.0,"step 1 still violates after 3 repair iterations (triggered by {'immutable': False, 'non_decreasing': True, 'age_horizon': True, 'directional': True})",,,,,,,,,,,,0.0027314579347148538,False,True,True,True
uci,2,v3,dsr_full,0.99,43,decoded_naive,decoded_banded,riemannian,True,7023,8040,0.0003446249756962061,0.038420791970565915,0.00020687503274530172,False,True,repair,failed,0.0,3.0,"step 1 still violates after 3 repair iterations (triggered by {'immutable': False, 'non_decreasing': True, 'age_horizon': True, 'directional': True})",,,,,,,,,,,,0.0025879580061882734,False,True,True,True
uci,2,v3,dsr_full,0.99,45,decoded_naive,decoded_banded,riemannian,True,7023,8040,0.0003446249756962061,0.038420791970565915,0.00020687503274530172,False,True,repair,failed,0.0,3.0,"step 1 still violates after 3 repair iterations (triggered by {'immutable': False, 'non_decreasing': True, 'age_horizon': True, 'directional': True})",,,,,,,,,,,,0.00273554096929729,False,True,True,True
uci,2,v3,dsr_full,0.99,49,decoded_naive,decoded_banded,riemannian,True,7023,8040,0.0003446249756962061,0.038420791970565915,0.00020687503274530172,False,True,search,,,,,,,,,,,,,,,,0.0019697080133482814,,,,
uci,2,v3,dsr_full,0.99,50,decoded_naive,decoded_banded,riemannian,True,7023,8040,0.0003446249756962061,0.038420791970565915,0.00020687503274530172,False,True,repair,failed,0.0,3.0,"step 1 still violates after 3 repair iterations (triggered by {'immutable': False, 'non_decreasing': True, 'age_horizon': True, 'directional': True})",,,,,,,,,,,,0.002362250001169741,False,True,True,True
uci,2,v3,dsr_full,0.99,51,decoded_naive,decoded_banded,riemannian,True,7023,8040,0.0003446249756962061,0.038420791970565915,0.00020687503274530172,False,True,repair,failed,0.0,3.0,"step 1 still violates after 3 repair iterations (triggered by {'immutable': False, 'non_decreasing': True, 'age_horizon': True, 'directional': True})",,,,,,,,,,,,0.0023943339474499226,False,True,True,True
uci,2,v3,dsr_full,0.99,53,decoded_naive,decoded_banded,riemannian,True,7023,8040,0.0003446249756962061,0.038420791970565915,0.00020687503274530172,False,True,repair,failed,0.0,3.0,"step 1 still violates after 3 repair iterations (triggered by {'immutable': False, 'non_decreasing': True, 'age_horizon': True, 'directional': True})",,,,,,,,,,,,0.0023884170223027468,False,True,True,True
uci,2,v3,dsr_full,0.99,55,decoded_naive,decoded_banded,riemannian,True,7023,8040,0.0003446249756962061,0.038420791970565915,0.00020687503274530172,False,True,repair,failed,0.0,3.0,"step 1 still violates after 3 repair iterations (triggered by {'immutable': False, 'non_decreasing': True, 'age_horizon': True, 'directional': True})",,,,,,,,,,,,0.002383125014603138,False,True,True,True
uci,2,v3,dsr_full,0.99,56,decoded_naive,decoded_banded,riemannian,True,7023,8040,0.0003446249756962061,0.038420791970565915,0.00020687503274530172,False,True,repair,failed,0.0,3.0,"step 1 still violates after 3 repair iterations (triggered by {'immutable': False, 'non_decreasing': True, 'age_horizon': True, 'directional': True})",,,,,,,,,,,,0.0024268749402835965,False,True,True,True
uci,3,v3,old_latent_pruning,0.95,5,raw,raw,riemannian,False,7897,8040,0.0002871250035241246,0.03691666596569121,0.00019629101734608412,False,True,search,,,,,,,,,,,,,,,,0.0021075839176774025,,,,
uci,3,v3,old_latent_pruning,0.95,7,raw,raw,riemannian,False,7897,8040,0.0002871250035241246,0.03691666596569121,0.00019629101734608412,False,True,search,,,,,,,,,,,,,,,,0.0019276670645922422,,,,
uci,3,v3,old_latent_pruning,0.95,10,raw,raw,riemannian,False,7897,8040,0.0002871250035241246,0.03691666596569121,0.00019629101734608412,False,True,search,,,,,,,,,,,,,,,,0.001970791956409812,,,,
uci,3,v3,old_latent_pruning,0.95,12,raw,raw,riemannian,False,7897,8040,0.0002871250035241246,0.03691666596569121,0.00019629101734608412,True,False,,not_attempted,0.0,0.0,,"[201, 56]",2.0,0.16220293939113617,False,False,False,False,False,False,-7.40470453746313,0.42969444394111633,0.002081042039208114,,,,
uci,3,v3,old_latent_pruning,0.95,13,raw,raw,riemannian,False,7897,8040,0.0002871250035241246,0.03691666596569121,0.00019629101734608412,False,True,search,,,,,,,,,,,,,,,,0.0019708750769495964,,,,
uci,3,v3,old_latent_pruning,0.95,16,raw,raw,riemannian,False,7897,8040,0.0002871250035241246,0.03691666596569121,0.00019629101734608412,True,False,,not_attempted,0.0,0.0,,"[201, 69]",2.0,0.08181234449148178,True,True,False,False,False,True,-7.991465881395901,0.13466674089431763,0.002010999945923686,,,,
uci,3,v3,old_latent_pruning,0.95,20,raw,raw,riemannian,False,7897,8040,0.0002871250035241246,0.03691666596569121,0.00019629101734608412,False,True,search,,,,,,,,,,,,,,,,0.001985292066819966,,,,
uci,3,v3,old_latent_pruning,0.95,22,raw,raw,riemannian,False,7897,8040,0.0002871250035241246,0.03691666596569121,0.00019629101734608412,False,True,search,,,,,,,,,,,,,,,,0.0019099999917671084,,,,
uci,3,v3,old_latent_pruning,0.95,23,raw,raw,riemannian,False,7897,8040,0.0002871250035241246,0.03691666596569121,0.00019629101734608412,False,True,search,,,,,,,,,,,,,,,,0.001975583960302174,,,,
uci,3,v3,old_latent_pruning,0.95,25,raw,raw,riemannian,False,7897,8040,0.0002871250035241246,0.03691666596569121,0.00019629101734608412,False,True,search,,,,,,,,,,,,,,,,0.001926833065226674,,,,
uci,3,v3,old_latent_pruning,0.95,30,raw,raw,riemannian,False,7897,8040,0.0002871250035241246,0.03691666596569121,0.00019629101734608412,False,True,search,,,,,,,,,,,,,,,,0.0019464169163256884,,,,
uci,3,v3,old_latent_pruning,0.95,33,raw,raw,riemannian,False,7897,8040,0.0002871250035241246,0.03691666596569121,0.00019629101734608412,False,True,search,,,,,,,,,,,,,,,,0.0019148329738527536,,,,
uci,3,v3,old_latent_pruning,0.95,39,raw,raw,riemannian,False,7897,8040,0.0002871250035241246,0.03691666596569121,0.00019629101734608412,False,True,search,,,,,,,,,,,,,,,,0.0018962500616908073,,,,
uci,3,v3,old_latent_pruning,0.95,40,raw,raw,riemannian,False,7897,8040,0.0002871250035241246,0.03691666596569121,0.00019629101734608412,True,False,,not_attempted,0.0,0.0,,"[201, 114]",2.0,0.18035055696964264,True,True,False,False,False,True,-7.447794170094296,0.2543409764766693,0.0019218750530853868,,,,
uci,3,v3,old_latent_pruning,0.95,41,raw,raw,riemannian,False,7897,8040,0.0002871250035241246,0.03691666596569121,0.00019629101734608412,False,True,search,,,,,,,,,,,,,,,,0.0019807080971077085,,,,
uci,3,v3,old_latent_pruning,0.95,45,raw,raw,riemannian,False,7897,8040,0.0002871250035241246,0.03691666596569121,0.00019629101734608412,False,True,search,,,,,,,,,,,,,,,,0.0018916659755632281,,,,
uci,3,v3,old_latent_pruning,0.95,47,raw,raw,riemannian,False,7897,8040,0.0002871250035241246,0.03691666596569121,0.00019629101734608412,False,True,search,,,,,,,,,,,,,,,,0.0019652500050142407,,,,
uci,3,v3,old_latent_pruning,0.95,48,raw,raw,riemannian,False,7897,8040,0.0002871250035241246,0.03691666596569121,0.00019629101734608412,False,True,search,,,,,,,,,,,,,,,,0.0019716250244528055,,,,
uci,3,v3,old_latent_pruning,0.95,52,raw,raw,riemannian,False,7897,8040,0.0002871250035241246,0.03691666596569121,0.00019629101734608412,False,True,search,,,,,,,,,,,,,,,,0.0018677080515772104,,,,
uci,3,v3,old_latent_pruning,0.95,56,raw,raw,riemannian,False,7897,8040,0.0002871250035241246,0.03691666596569121,0.00019629101734608412,False,True,search,,,,,,,,,,,,,,,,0.001974916085600853,,,,
uci,3,v3,dsr_c1,0.95,5,decoded_naive,decoded_naive,riemannian,False,7181,8040,0.0003145829541608691,0.03691666596569121,0.00019629101734608412,True,False,,not_attempted,0.0,0.0,,"[201, 169]",2.0,0.08674927800893784,False,False,False,False,False,False,-8.211079892956175,0.20340631902217865,0.0020175829995423555,,,,
uci,3,v3,dsr_c1,0.95,7,decoded_naive,decoded_naive,riemannian,False,7181,8040,0.0003145829541608691,0.03691666596569121,0.00019629101734608412,True,False,,not_attempted,0.0,0.0,,"[201, 94]",2.0,0.07244198024272919,False,False,False,False,False,False,-7.783511460364371,0.2157406210899353,0.001944415969774127,,,,
uci,3,v3,dsr_c1,0.95,10,decoded_naive,decoded_naive,riemannian,False,7181,8040,0.0003145829541608691,0.03691666596569121,0.00019629101734608412,False,True,search,,,,,,,,,,,,,,,,0.0019692499190568924,,,,
uci,3,v3,dsr_c1,0.95,12,decoded_naive,decoded_naive,riemannian,False,7181,8040,0.0003145829541608691,0.03691666596569121,0.00019629101734608412,True,False,,not_attempted,0.0,0.0,,"[201, 73]",2.0,0.058386802673339844,False,False,False,False,False,False,-7.428528059239511,0.19412977993488312,0.0020362079376354814,,,,
uci,3,v3,dsr_c1,0.95,13,decoded_naive,decoded_naive,riemannian,False,7181,8040,0.0003145829541608691,0.03691666596569121,0.00019629101734608412,True,False,,not_attempted,0.0,0.0,,"[201, 118]",2.0,0.04602794349193573,False,False,False,False,False,False,-7.295257341399781,0.12505580484867096,0.0019410420209169388,,,,
uci,3,v3,dsr_c1,0.95,16,decoded_naive,decoded_naive,riemannian,False,7181,8040,0.0003145829541608691,0.03691666596569121,0.00019629101734608412,True,False,,not_attempted,0.0,0.0,,"[201, 89]",2.0,0.01646503061056137,False,False,False,False,False,False,-7.964988986614918,0.05458840727806091,0.0020057089859619737,,,,
uci,3,v3,dsr_c1,0.95,20,decoded_naive,decoded_naive,riemannian,False,7181,8040,0.0003145829541608691,0.03691666596569121,0.00019629101734608412,True,False,,not_attempted,0.0,0.0,,"[201, 59, 120]",3.0,0.1193440817296505,False,True,False,False,False,False,-7.672711143572251,0.17068082094192505,0.0020130829652771354,,,,
uci,3,v3,dsr_c1,0.95,22,decoded_naive,decoded_naive,riemannian,False,7181,8040,0.0003145829541608691,0.03691666596569121,0.00019629101734608412,True,False,,not_attempted,0.0,0.0,,"[201, 30, 186, 97, 89]",5.0,0.13866679184138775,False,True,False,False,False,False,-7.9062178541835735,0.23965305089950562,0.001984165981411934,,,,
uci,3,v3,dsr_c1,0.95,23,decoded_naive,decoded_naive,riemannian,False,7181,8040,0.0003145829541608691,0.03691666596569121,0.00019629101734608412,True,False,,not_attempted,0.0,0.0,,"[201, 84, 65, 67]",4.0,0.09940508287400007,False,True,False,False,False,False,-8.092747036170943,0.35478153824806213,0.0019765000324696302,,,,
uci,3,v3,dsr_c1,0.95,25,decoded_naive,decoded_naive,riemannian,False,7181,8040,0.0003145829541608691,0.03691666596569121,0.00019629101734608412,True,False,,not_attempted,0.0,0.0,,"[201, 169]",2.0,0.025236770510673523,False,False,False,False,False,False,-8.262154941827008,0.0799357071518898,0.0019230000907555223,,,,
uci,3,v3,dsr_c1,0.95,30,decoded_naive,decoded_naive,riemannian,False,7181,8040,0.0003145829541608691,0.03691666596569121,0.00019629101734608412,True,False,,not_attempted,0.0,0.0,,"[201, 175]",2.0,0.041286781430244446,False,False,False,False,False,False,-8.020250503666137,0.16842523217201233,0.002082583960145712,,,,
uci,3,v3,dsr_c1,0.95,33,decoded_naive,decoded_naive,riemannian,False,7181,8040,0.0003145829541608691,0.03691666596569121,0.00019629101734608412,False,True,search,,,,,,,,,,,,,,,,0.001967167016118765,,,,
uci,3,v3,dsr_c1,0.95,39,decoded_naive,decoded_naive,riemannian,False,7181,8040,0.0003145829541608691,0.03691666596569121,0.00019629101734608412,True,False,,not_attempted,0.0,0.0,,"[201, 186, 97, 89]",4.0,0.13205929845571518,False,True,False,False,False,False,-7.91256250900562,0.22892600297927856,0.002039541956037283,,,,
uci,3,v3,dsr_c1,0.95,40,decoded_naive,decoded_naive,riemannian,False,7181,8040,0.0003145829541608691,0.03691666596569121,0.00019629101734608412,True,False,,not_attempted,0.0,0.0,,"[201, 77]",2.0,0.041002459824085236,False,False,False,False,False,False,-7.454345123193826,0.14144617319107056,0.0020056250505149364,,,,
uci,3,v3,dsr_c1,0.95,41,decoded_naive,decoded_naive,riemannian,False,7181,8040,0.0003145829541608691,0.03691666596569121,0.00019629101734608412,True,False,,not_attempted,0.0,0.0,,"[201, 89]",2.0,0.02007712982594967,False,False,False,False,False,False,-7.96101725490314,0.0661582499742508,0.001957917003892362,,,,
uci,3,v3,dsr_c1,0.95,45,decoded_naive,decoded_naive,riemannian,False,7181,8040,0.0003145829541608691,0.03691666596569121,0.00019629101734608412,False,True,search,,,,,,,,,,,,,,,,0.0019529999699443579,,,,
uci,3,v3,dsr_c1,0.95,47,decoded_naive,decoded_naive,riemannian,False,7181,8040,0.0003145829541608691,0.03691666596569121,0.00019629101734608412,True,False,,not_attempted,0.0,0.0,,"[201, 67]",2.0,0.03891157731413841,False,False,False,False,False,False,-8.054081915523039,0.14708082377910614,0.0019345410401001573,,,,
uci,3,v3,dsr_c1,0.95,48,decoded_naive,decoded_naive,riemannian,False,7181,8040,0.0003145829541608691,0.03691666596569121,0.00019629101734608412,False,True,search,,,,,,,,,,,,,,,,0.002017291961237788,,,,
uci,3,v3,dsr_c1,0.95,52,decoded_naive,decoded_naive,riemannian,False,7181,8040,0.0003145829541608691,0.03691666596569121,0.00019629101734608412,False,True,search,,,,,,,,,,,,,,,,0.001874250010587275,,,,
uci,3,v3,dsr_c1,0.95,56,decoded_naive,decoded_naive,riemannian,False,7181,8040,0.0003145829541608691,0.03691666596569121,0.00019629101734608412,True,False,,not_attempted,0.0,0.0,,"[201, 33, 136]",3.0,0.17281414568424225,False,True,False,False,False,False,-7.586632694592655,0.6184120178222656,0.0019553329329937696,,,,
uci,3,v3,dsr_c1c2,0.95,5,decoded_banded,decoded_banded,riemannian,False,8040,8040,0.00021020800340920687,0.03691666596569121,0.00019629101734608412,False,True,search,,,,,,,,,,,,,,,,0.001933082938194275,,,,
uci,3,v3,dsr_c1c2,0.95,7,decoded_banded,decoded_banded,riemannian,False,8040,8040,0.00021020800340920687,0.03691666596569121,0.00019629101734608412,False,True,search,,,,,,,,,,,,,,,,0.0018755829660221934,,,,
uci,3,v3,dsr_c1c2,0.95,10,decoded_banded,decoded_banded,riemannian,False,8040,8040,0.00021020800340920687,0.03691666596569121,0.00019629101734608412,False,True,search,,,,,,,,,,,,,,,,0.0018769169691950083,,,,
uci,3,v3,dsr_c1c2,0.95,12,decoded_banded,decoded_banded,riemannian,False,8040,8040,0.00021020800340920687,0.03691666596569121,0.00019629101734608412,False,True,search,,,,,,,,,,,,,,,,0.0019880840554833412,,,,
uci,3,v3,dsr_c1c2,0.95,13,decoded_banded,decoded_banded,riemannian,False,8040,8040,0.00021020800340920687,0.03691666596569121,0.00019629101734608412,False,True,search,,,,,,,,,,,,,,,,0.0019120420329272747,,,,
uci,3,v3,dsr_c1c2,0.95,16,decoded_banded,decoded_banded,riemannian,False,8040,8040,0.00021020800340920687,0.03691666596569121,0.00019629101734608412,False,True,search,,,,,,,,,,,,,,,,0.001930332975462079,,,,
uci,3,v3,dsr_c1c2,0.95,20,decoded_banded,decoded_banded,riemannian,False,8040,8040,0.00021020800340920687,0.03691666596569121,0.00019629101734608412,False,True,search,,,,,,,,,,,,,,,,0.0019403749611228704,,,,
uci,3,v3,dsr_c1c2,0.95,22,decoded_banded,decoded_banded,riemannian,False,8040,8040,0.00021020800340920687,0.03691666596569121,0.00019629101734608412,False,True,search,,,,,,,,,,,,,,,,0.0018957080319523811,,,,
uci,3,v3,dsr_c1c2,0.95,23,decoded_banded,decoded_banded,riemannian,False,8040,8040,0.00021020800340920687,0.03691666596569121,0.00019629101734608412,False,True,search,,,,,,,,,,,,,,,,0.0019080840284004807,,,,
uci,3,v3,dsr_c1c2,0.95,25,decoded_banded,decoded_banded,riemannian,False,8040,8040,0.00021020800340920687,0.03691666596569121,0.00019629101734608412,False,True,search,,,,,,,,,,,,,,,,0.001868374994955957,,,,
uci,3,v3,dsr_c1c2,0.95,30,decoded_banded,decoded_banded,riemannian,False,8040,8040,0.00021020800340920687,0.03691666596569121,0.00019629101734608412,False,True,search,,,,,,,,,,,,,,,,0.001934667001478374,,,,
uci,3,v3,dsr_c1c2,0.95,33,decoded_banded,decoded_banded,riemannian,False,8040,8040,0.00021020800340920687,0.03691666596569121,0.00019629101734608412,False,True,search,,,,,,,,,,,,,,,,0.0018855839734897017,,,,
uci,3,v3,dsr_c1c2,0.95,39,decoded_banded,decoded_banded,riemannian,False,8040,8040,0.00021020800340920687,0.03691666596569121,0.00019629101734608412,False,True,search,,,,,,,,,,,,,,,,0.0019432500703260303,,,,
uci,3,v3,dsr_c1c2,0.95,40,decoded_banded,decoded_banded,riemannian,False,8040,8040,0.00021020800340920687,0.03691666596569121,0.00019629101734608412,False,True,search,,,,,,,,,,,,,,,,0.0020743340719491243,,,,
uci,3,v3,dsr_c1c2,0.95,41,decoded_banded,decoded_banded,riemannian,False,8040,8040,0.00021020800340920687,0.03691666596569121,0.00019629101734608412,False,True,search,,,,,,,,,,,,,,,,0.0019034589640796185,,,,
uci,3,v3,dsr_c1c2,0.95,45,decoded_banded,decoded_banded,riemannian,False,8040,8040,0.00021020800340920687,0.03691666596569121,0.00019629101734608412,False,True,search,,,,,,,,,,,,,,,,0.0018579999450594187,,,,
uci,3,v3,dsr_c1c2,0.95,47,decoded_banded,decoded_banded,riemannian,False,8040,8040,0.00021020800340920687,0.03691666596569121,0.00019629101734608412,False,True,search,,,,,,,,,,,,,,,,0.0019522090442478657,,,,
uci,3,v3,dsr_c1c2,0.95,48,decoded_banded,decoded_banded,riemannian,False,8040,8040,0.00021020800340920687,0.03691666596569121,0.00019629101734608412,False,True,search,,,,,,,,,,,,,,,,0.0019381670281291008,,,,
uci,3,v3,dsr_c1c2,0.95,52,decoded_banded,decoded_banded,riemannian,False,8040,8040,0.00021020800340920687,0.03691666596569121,0.00019629101734608412,False,True,search,,,,,,,,,,,,,,,,0.0021009170450270176,,,,
uci,3,v3,dsr_c1c2,0.95,56,decoded_banded,decoded_banded,riemannian,False,8040,8040,0.00021020800340920687,0.03691666596569121,0.00019629101734608412,False,True,search,,,,,,,,,,,,,,,,0.0019770420622080564,,,,
uci,3,v3,dsr_full,0.95,5,decoded_naive,decoded_banded,riemannian,True,7181,8040,0.00032758305314928293,0.03691666596569121,0.00019629101734608412,False,True,repair,failed,0.0,3.0,"step 1 still violates after 3 repair iterations (triggered by {'immutable': False, 'non_decreasing': True, 'age_horizon': True, 'directional': True})",,,,,,,,,,,,0.0023493750486522913,False,True,True,True
uci,3,v3,dsr_full,0.95,7,decoded_naive,decoded_banded,riemannian,True,7181,8040,0.00032758305314928293,0.03691666596569121,0.00019629101734608412,False,True,repair,failed,0.0,3.0,"step 1 still violates after 3 repair iterations (triggered by {'immutable': False, 'non_decreasing': True, 'age_horizon': True, 'directional': True})",,,,,,,,,,,,0.002352624898776412,False,True,True,True
uci,3,v3,dsr_full,0.95,10,decoded_naive,decoded_banded,riemannian,True,7181,8040,0.00032758305314928293,0.03691666596569121,0.00019629101734608412,False,True,search,,,,,,,,,,,,,,,,0.001990457996726036,,,,
uci,3,v3,dsr_full,0.95,12,decoded_naive,decoded_banded,riemannian,True,7181,8040,0.00032758305314928293,0.03691666596569121,0.00019629101734608412,False,True,repair,failed,0.0,3.0,"step 1 still violates after 3 repair iterations (triggered by {'immutable': False, 'non_decreasing': True, 'age_horizon': True, 'directional': True})",,,,,,,,,,,,0.0023667499190196395,False,True,True,True
uci,3,v3,dsr_full,0.95,13,decoded_naive,decoded_banded,riemannian,True,7181,8040,0.00032758305314928293,0.03691666596569121,0.00019629101734608412,False,True,repair,failed,0.0,3.0,"step 1 still violates after 3 repair iterations (triggered by {'immutable': False, 'non_decreasing': True, 'age_horizon': True, 'directional': True})",,,,,,,,,,,,0.00238941702991724,False,True,True,True
uci,3,v3,dsr_full,0.95,16,decoded_naive,decoded_banded,riemannian,True,7181,8040,0.00032758305314928293,0.03691666596569121,0.00019629101734608412,False,True,repair,failed,0.0,3.0,"step 1 still violates after 3 repair iterations (triggered by {'immutable': False, 'non_decreasing': True, 'age_horizon': True, 'directional': True})",,,,,,,,,,,,0.0023591669742017984,False,True,True,True
uci,3,v3,dsr_full,0.95,20,decoded_naive,decoded_banded,riemannian,True,7181,8040,0.00032758305314928293,0.03691666596569121,0.00019629101734608412,False,True,repair,failed,0.0,3.0,"step 1 still violates after 3 repair iterations (triggered by {'immutable': False, 'non_decreasing': True, 'age_horizon': True, 'directional': True})",,,,,,,,,,,,0.002380999969318509,False,True,True,True
uci,3,v3,dsr_full,0.95,22,decoded_naive,decoded_banded,riemannian,True,7181,8040,0.00032758305314928293,0.03691666596569121,0.00019629101734608412,False,True,repair,failed,0.0,3.0,"step 1 still violates after 3 repair iterations (triggered by {'immutable': False, 'non_decreasing': True, 'age_horizon': True, 'directional': True})",,,,,,,,,,,,0.0023685410851612687,False,True,True,True
uci,3,v3,dsr_full,0.95,23,decoded_naive,decoded_banded,riemannian,True,7181,8040,0.00032758305314928293,0.03691666596569121,0.00019629101734608412,False,True,repair,failed,0.0,3.0,"step 1 still violates after 3 repair iterations (triggered by {'immutable': False, 'non_decreasing': True, 'age_horizon': True, 'directional': True})",,,,,,,,,,,,0.0023690840462222695,False,True,True,True
uci,3,v3,dsr_full,0.95,25,decoded_naive,decoded_banded,riemannian,True,7181,8040,0.00032758305314928293,0.03691666596569121,0.00019629101734608412,False,True,repair,failed,0.0,3.0,"step 1 still violates after 3 repair iterations (triggered by {'immutable': False, 'non_decreasing': True, 'age_horizon': True, 'directional': True})",,,,,,,,,,,,0.002457208000123501,False,True,True,True
uci,3,v3,dsr_full,0.95,30,decoded_naive,decoded_banded,riemannian,True,7181,8040,0.00032758305314928293,0.03691666596569121,0.00019629101734608412,False,True,repair,failed,0.0,3.0,"step 1 still violates after 3 repair iterations (triggered by {'immutable': False, 'non_decreasing': True, 'age_horizon': True, 'directional': True})",,,,,,,,,,,,0.0024873330257833004,False,True,True,True
uci,3,v3,dsr_full,0.95,33,decoded_naive,decoded_banded,riemannian,True,7181,8040,0.00032758305314928293,0.03691666596569121,0.00019629101734608412,False,True,search,,,,,,,,,,,,,,,,0.0019336249679327011,,,,
uci,3,v3,dsr_full,0.95,39,decoded_naive,decoded_banded,riemannian,True,7181,8040,0.00032758305314928293,0.03691666596569121,0.00019629101734608412,False,True,repair,failed,0.0,3.0,"step 1 still violates after 3 repair iterations (triggered by {'immutable': False, 'non_decreasing': True, 'age_horizon': True, 'directional': True})",,,,,,,,,,,,0.0023940419778227806,False,True,True,True
uci,3,v3,dsr_full,0.95,40,decoded_naive,decoded_banded,riemannian,True,7181,8040,0.00032758305314928293,0.03691666596569121,0.00019629101734608412,False,True,repair,failed,0.0,3.0,"step 1 still violates after 3 repair iterations (triggered by {'immutable': False, 'non_decreasing': True, 'age_horizon': True, 'directional': True})",,,,,,,,,,,,0.00237574998755008,False,True,True,True
uci,3,v3,dsr_full,0.95,41,decoded_naive,decoded_banded,riemannian,True,7181,8040,0.00032758305314928293,0.03691666596569121,0.00019629101734608412,False,True,repair,failed,0.0,3.0,"step 1 still violates after 3 repair iterations (triggered by {'immutable': False, 'non_decreasing': True, 'age_horizon': True, 'directional': True})",,,,,,,,,,,,0.002408166998066008,False,True,True,True
uci,3,v3,dsr_full,0.95,45,decoded_naive,decoded_banded,riemannian,True,7181,8040,0.00032758305314928293,0.03691666596569121,0.00019629101734608412,False,True,search,,,,,,,,,,,,,,,,0.001941540976986289,,,,
uci,3,v3,dsr_full,0.95,47,decoded_naive,decoded_banded,riemannian,True,7181,8040,0.00032758305314928293,0.03691666596569121,0.00019629101734608412,False,True,repair,failed,0.0,3.0,"step 1 still violates after 3 repair iterations (triggered by {'immutable': False, 'non_decreasing': True, 'age_horizon': True, 'directional': True})",,,,,,,,,,,,0.00243537500500679,False,True,True,True
uci,3,v3,dsr_full,0.95,48,decoded_naive,decoded_banded,riemannian,True,7181,8040,0.00032758305314928293,0.03691666596569121,0.00019629101734608412,False,True,search,,,,,,,,,,,,,,,,0.0019270420307293534,,,,
uci,3,v3,dsr_full,0.95,52,decoded_naive,decoded_banded,riemannian,True,7181,8040,0.00032758305314928293,0.03691666596569121,0.00019629101734608412,False,True,search,,,,,,,,,,,,,,,,0.001958125038072467,,,,
uci,3,v3,dsr_full,0.95,56,decoded_naive,decoded_banded,riemannian,True,7181,8040,0.00032758305314928293,0.03691666596569121,0.00019629101734608412,False,True,repair,failed,0.0,3.0,"step 1 still violates after 3 repair iterations (triggered by {'immutable': False, 'non_decreasing': True, 'age_horizon': True, 'directional': True})",,,,,,,,,,,,0.0023224999895319343,False,True,True,True
uci,3,v3,dsr_full_euclidean,0.95,5,decoded_naive,decoded_banded,euclidean,True,7181,8040,0.0003073749830946326,0.03691666596569121,0.00019629101734608412,False,True,repair,failed,0.0,3.0,"step 1 still violates after 3 repair iterations (triggered by {'immutable': False, 'non_decreasing': True, 'age_horizon': True, 'directional': True})",,,,,,,,,,,,0.0023378750775009394,False,True,True,True
uci,3,v3,dsr_full_euclidean,0.95,7,decoded_naive,decoded_banded,euclidean,True,7181,8040,0.0003073749830946326,0.03691666596569121,0.00019629101734608412,False,True,repair,failed,0.0,3.0,"step 1 still violates after 3 repair iterations (triggered by {'immutable': False, 'non_decreasing': True, 'age_horizon': True, 'directional': True})",,,,,,,,,,,,0.0023106669541448355,False,True,True,True
uci,3,v3,dsr_full_euclidean,0.95,10,decoded_naive,decoded_banded,euclidean,True,7181,8040,0.0003073749830946326,0.03691666596569121,0.00019629101734608412,False,True,search,,,,,,,,,,,,,,,,0.002026375033892691,,,,
uci,3,v3,dsr_full_euclidean,0.95,12,decoded_naive,decoded_banded,euclidean,True,7181,8040,0.0003073749830946326,0.03691666596569121,0.00019629101734608412,False,True,repair,failed,0.0,3.0,"step 1 still violates after 3 repair iterations (triggered by {'immutable': False, 'non_decreasing': True, 'age_horizon': True, 'directional': True})",,,,,,,,,,,,0.002421041950583458,False,True,True,True
uci,3,v3,dsr_full_euclidean,0.95,13,decoded_naive,decoded_banded,euclidean,True,7181,8040,0.0003073749830946326,0.03691666596569121,0.00019629101734608412,False,True,repair,failed,0.0,3.0,"step 1 still violates after 3 repair iterations (triggered by {'immutable': False, 'non_decreasing': True, 'age_horizon': True, 'directional': True})",,,,,,,,,,,,0.002465749974362552,False,True,True,True
uci,3,v3,dsr_full_euclidean,0.95,16,decoded_naive,decoded_banded,euclidean,True,7181,8040,0.0003073749830946326,0.03691666596569121,0.00019629101734608412,False,True,repair,failed,0.0,3.0,"step 1 still violates after 3 repair iterations (triggered by {'immutable': False, 'non_decreasing': True, 'age_horizon': True, 'directional': True})",,,,,,,,,,,,0.0023915000492706895,False,True,True,True
uci,3,v3,dsr_full_euclidean,0.95,20,decoded_naive,decoded_banded,euclidean,True,7181,8040,0.0003073749830946326,0.03691666596569121,0.00019629101734608412,False,True,repair,failed,0.0,3.0,"step 1 still violates after 3 repair iterations (triggered by {'immutable': False, 'non_decreasing': True, 'age_horizon': True, 'directional': True})",,,,,,,,,,,,0.0024205000372603536,False,True,True,True
uci,3,v3,dsr_full_euclidean,0.95,22,decoded_naive,decoded_banded,euclidean,True,7181,8040,0.0003073749830946326,0.03691666596569121,0.00019629101734608412,False,True,repair,failed,0.0,3.0,"step 1 still violates after 3 repair iterations (triggered by {'immutable': False, 'non_decreasing': True, 'age_horizon': True, 'directional': True})",,,,,,,,,,,,0.00258862494956702,False,True,True,True
uci,3,v3,dsr_full_euclidean,0.95,23,decoded_naive,decoded_banded,euclidean,True,7181,8040,0.0003073749830946326,0.03691666596569121,0.00019629101734608412,False,True,repair,failed,0.0,3.0,"step 1 still violates after 3 repair iterations (triggered by {'immutable': False, 'non_decreasing': True, 'age_horizon': True, 'directional': True})",,,,,,,,,,,,0.0024307919666171074,False,True,True,True
uci,3,v3,dsr_full_euclidean,0.95,25,decoded_naive,decoded_banded,euclidean,True,7181,8040,0.0003073749830946326,0.03691666596569121,0.00019629101734608412,False,True,repair,failed,0.0,3.0,"step 1 still violates after 3 repair iterations (triggered by {'immutable': False, 'non_decreasing': True, 'age_horizon': True, 'directional': True})",,,,,,,,,,,,0.0023957090452313423,False,True,True,True
uci,3,v3,dsr_full_euclidean,0.95,30,decoded_naive,decoded_banded,euclidean,True,7181,8040,0.0003073749830946326,0.03691666596569121,0.00019629101734608412,False,True,repair,failed,0.0,3.0,"step 1 still violates after 3 repair iterations (triggered by {'immutable': False, 'non_decreasing': True, 'age_horizon': True, 'directional': True})",,,,,,,,,,,,0.002325874986127019,False,True,True,True
uci,3,v3,dsr_full_euclidean,0.95,33,decoded_naive,decoded_banded,euclidean,True,7181,8040,0.0003073749830946326,0.03691666596569121,0.00019629101734608412,False,True,search,,,,,,,,,,,,,,,,0.00197516696061939,,,,
uci,3,v3,dsr_full_euclidean,0.95,39,decoded_naive,decoded_banded,euclidean,True,7181,8040,0.0003073749830946326,0.03691666596569121,0.00019629101734608412,False,True,repair,failed,0.0,3.0,"step 1 still violates after 3 repair iterations (triggered by {'immutable': False, 'non_decreasing': True, 'age_horizon': True, 'directional': True})",,,,,,,,,,,,0.0023929999442771077,False,True,True,True
uci,3,v3,dsr_full_euclidean,0.95,40,decoded_naive,decoded_banded,euclidean,True,7181,8040,0.0003073749830946326,0.03691666596569121,0.00019629101734608412,False,True,repair,failed,0.0,3.0,"step 1 still violates after 3 repair iterations (triggered by {'immutable': False, 'non_decreasing': True, 'age_horizon': True, 'directional': True})",,,,,,,,,,,,0.002454209025017917,False,True,True,True
uci,3,v3,dsr_full_euclidean,0.95,41,decoded_naive,decoded_banded,euclidean,True,7181,8040,0.0003073749830946326,0.03691666596569121,0.00019629101734608412,False,True,repair,failed,0.0,3.0,"step 1 still violates after 3 repair iterations (triggered by {'immutable': False, 'non_decreasing': True, 'age_horizon': True, 'directional': True})",,,,,,,,,,,,0.00237558304797858,False,True,True,True
uci,3,v3,dsr_full_euclidean,0.95,45,decoded_naive,decoded_banded,euclidean,True,7181,8040,0.0003073749830946326,0.03691666596569121,0.00019629101734608412,False,True,search,,,,,,,,,,,,,,,,0.0018964590271934867,,,,
uci,3,v3,dsr_full_euclidean,0.95,47,decoded_naive,decoded_banded,euclidean,True,7181,8040,0.0003073749830946326,0.03691666596569121,0.00019629101734608412,False,True,repair,failed,0.0,3.0,"step 1 still violates after 3 repair iterations (triggered by {'immutable': False, 'non_decreasing': True, 'age_horizon': True, 'directional': True})",,,,,,,,,,,,0.0024449999909847975,False,True,True,True
uci,3,v3,dsr_full_euclidean,0.95,48,decoded_naive,decoded_banded,euclidean,True,7181,8040,0.0003073749830946326,0.03691666596569121,0.00019629101734608412,False,True,search,,,,,,,,,,,,,,,,0.0019470829283818603,,,,
uci,3,v3,dsr_full_euclidean,0.95,52,decoded_naive,decoded_banded,euclidean,True,7181,8040,0.0003073749830946326,0.03691666596569121,0.00019629101734608412,False,True,search,,,,,,,,,,,,,,,,0.0018647090764716268,,,,
uci,3,v3,dsr_full_euclidean,0.95,56,decoded_naive,decoded_banded,euclidean,True,7181,8040,0.0003073749830946326,0.03691666596569121,0.00019629101734608412,False,True,repair,failed,0.0,3.0,"step 1 still violates after 3 repair iterations (triggered by {'immutable': False, 'non_decreasing': True, 'age_horizon': True, 'directional': True})",,,,,,,,,,,,0.002373834024183452,False,True,True,True
uci,3,v3,dsr_bands_no_identity,0.95,5,banded_no_identity,banded_no_identity,riemannian,False,8040,8040,0.00023179093841463327,0.03691666596569121,0.00019629101734608412,False,True,search,,,,,,,,,,,,,,,,0.001990542048588395,,,,
uci,3,v3,dsr_bands_no_identity,0.95,7,banded_no_identity,banded_no_identity,riemannian,False,8040,8040,0.00023179093841463327,0.03691666596569121,0.00019629101734608412,False,True,search,,,,,,,,,,,,,,,,0.0018905829638242722,,,,
uci,3,v3,dsr_bands_no_identity,0.95,10,banded_no_identity,banded_no_identity,riemannian,False,8040,8040,0.00023179093841463327,0.03691666596569121,0.00019629101734608412,False,True,search,,,,,,,,,,,,,,,,0.0019738340051844716,,,,
uci,3,v3,dsr_bands_no_identity,0.95,12,banded_no_identity,banded_no_identity,riemannian,False,8040,8040,0.00023179093841463327,0.03691666596569121,0.00019629101734608412,False,True,search,,,,,,,,,,,,,,,,0.0019422080367803574,,,,
uci,3,v3,dsr_bands_no_identity,0.95,13,banded_no_identity,banded_no_identity,riemannian,False,8040,8040,0.00023179093841463327,0.03691666596569121,0.00019629101734608412,False,True,search,,,,,,,,,,,,,,,,0.0018570000538602471,,,,
uci,3,v3,dsr_bands_no_identity,0.95,16,banded_no_identity,banded_no_identity,riemannian,False,8040,8040,0.00023179093841463327,0.03691666596569121,0.00019629101734608412,False,True,search,,,,,,,,,,,,,,,,0.0018932499224320054,,,,
uci,3,v3,dsr_bands_no_identity,0.95,20,banded_no_identity,banded_no_identity,riemannian,False,8040,8040,0.00023179093841463327,0.03691666596569121,0.00019629101734608412,False,True,search,,,,,,,,,,,,,,,,0.002102707978338003,,,,
uci,3,v3,dsr_bands_no_identity,0.95,22,banded_no_identity,banded_no_identity,riemannian,False,8040,8040,0.00023179093841463327,0.03691666596569121,0.00019629101734608412,False,True,search,,,,,,,,,,,,,,,,0.0018946670461446047,,,,
uci,3,v3,dsr_bands_no_identity,0.95,23,banded_no_identity,banded_no_identity,riemannian,False,8040,8040,0.00023179093841463327,0.03691666596569121,0.00019629101734608412,False,True,search,,,,,,,,,,,,,,,,0.0019069579429924488,,,,
uci,3,v3,dsr_bands_no_identity,0.95,25,banded_no_identity,banded_no_identity,riemannian,False,8040,8040,0.00023179093841463327,0.03691666596569121,0.00019629101734608412,False,True,search,,,,,,,,,,,,,,,,0.0020201250445097685,,,,
uci,3,v3,dsr_bands_no_identity,0.95,30,banded_no_identity,banded_no_identity,riemannian,False,8040,8040,0.00023179093841463327,0.03691666596569121,0.00019629101734608412,False,True,search,,,,,,,,,,,,,,,,0.0019165000412613153,,,,
uci,3,v3,dsr_bands_no_identity,0.95,33,banded_no_identity,banded_no_identity,riemannian,False,8040,8040,0.00023179093841463327,0.03691666596569121,0.00019629101734608412,False,True,search,,,,,,,,,,,,,,,,0.0018879170529544353,,,,
uci,3,v3,dsr_bands_no_identity,0.95,39,banded_no_identity,banded_no_identity,riemannian,False,8040,8040,0.00023179093841463327,0.03691666596569121,0.00019629101734608412,False,True,search,,,,,,,,,,,,,,,,0.0019920410122722387,,,,
uci,3,v3,dsr_bands_no_identity,0.95,40,banded_no_identity,banded_no_identity,riemannian,False,8040,8040,0.00023179093841463327,0.03691666596569121,0.00019629101734608412,False,True,search,,,,,,,,,,,,,,,,0.001983333961106837,,,,
uci,3,v3,dsr_bands_no_identity,0.95,41,banded_no_identity,banded_no_identity,riemannian,False,8040,8040,0.00023179093841463327,0.03691666596569121,0.00019629101734608412,False,True,search,,,,,,,,,,,,,,,,0.0019552080193534493,,,,
uci,3,v3,dsr_bands_no_identity,0.95,45,banded_no_identity,banded_no_identity,riemannian,False,8040,8040,0.00023179093841463327,0.03691666596569121,0.00019629101734608412,False,True,search,,,,,,,,,,,,,,,,0.001920916954986751,,,,
uci,3,v3,dsr_bands_no_identity,0.95,47,banded_no_identity,banded_no_identity,riemannian,False,8040,8040,0.00023179093841463327,0.03691666596569121,0.00019629101734608412,False,True,search,,,,,,,,,,,,,,,,0.0020057500805705786,,,,
uci,3,v3,dsr_bands_no_identity,0.95,48,banded_no_identity,banded_no_identity,riemannian,False,8040,8040,0.00023179093841463327,0.03691666596569121,0.00019629101734608412,False,True,search,,,,,,,,,,,,,,,,0.001966583076864481,,,,
uci,3,v3,dsr_bands_no_identity,0.95,52,banded_no_identity,banded_no_identity,riemannian,False,8040,8040,0.00023179093841463327,0.03691666596569121,0.00019629101734608412,False,True,search,,,,,,,,,,,,,,,,0.0019418330630287528,,,,
uci,3,v3,dsr_bands_no_identity,0.95,56,banded_no_identity,banded_no_identity,riemannian,False,8040,8040,0.00023179093841463327,0.03691666596569121,0.00019629101734608412,False,True,search,,,,,,,,,,,,,,,,0.001923666917718947,,,,
uci,3,v3,dsr_full,0.05,5,decoded_naive,decoded_banded,riemannian,True,7181,8040,0.0003133330028504133,0.03691666596569121,0.00019629101734608412,False,True,repair,failed,0.0,3.0,"step 1 still violates after 3 repair iterations (triggered by {'immutable': False, 'non_decreasing': False, 'age_horizon': False, 'directional': True})",,,,,,,,,,,,0.0024114579427987337,False,False,False,True
uci,3,v3,dsr_full,0.05,7,decoded_naive,decoded_banded,riemannian,True,7181,8040,0.0003133330028504133,0.03691666596569121,0.00019629101734608412,False,True,repair,failed,0.0,3.0,"step 1 still violates after 3 repair iterations (triggered by {'immutable': False, 'non_decreasing': False, 'age_horizon': False, 'directional': True})",,,,,,,,,,,,0.002411083085462451,False,False,False,True
uci,3,v3,dsr_full,0.05,10,decoded_naive,decoded_banded,riemannian,True,7181,8040,0.0003133330028504133,0.03691666596569121,0.00019629101734608412,False,True,search,,,,,,,,,,,,,,,,0.0019454999128356576,,,,
uci,3,v3,dsr_full,0.05,12,decoded_naive,decoded_banded,riemannian,True,7181,8040,0.0003133330028504133,0.03691666596569121,0.00019629101734608412,False,True,repair,failed,0.0,3.0,"step 1 still violates after 3 repair iterations (triggered by {'immutable': False, 'non_decreasing': True, 'age_horizon': False, 'directional': True})",,,,,,,,,,,,0.0023708330700173974,False,True,False,True
uci,3,v3,dsr_full,0.05,13,decoded_naive,decoded_banded,riemannian,True,7181,8040,0.0003133330028504133,0.03691666596569121,0.00019629101734608412,False,True,repair,failed,0.0,3.0,"step 1 still violates after 3 repair iterations (triggered by {'immutable': False, 'non_decreasing': False, 'age_horizon': False, 'directional': True})",,,,,,,,,,,,0.0026955000357702374,False,False,False,True
uci,3,v3,dsr_full,0.05,16,decoded_naive,decoded_banded,riemannian,True,7181,8040,0.0003133330028504133,0.03691666596569121,0.00019629101734608412,False,True,repair,failed,0.0,3.0,"step 1 still violates after 3 repair iterations (triggered by {'immutable': False, 'non_decreasing': True, 'age_horizon': False, 'directional': True})",,,,,,,,,,,,0.002388166030868888,False,True,False,True
uci,3,v3,dsr_full,0.05,20,decoded_naive,decoded_banded,riemannian,True,7181,8040,0.0003133330028504133,0.03691666596569121,0.00019629101734608412,False,True,repair,failed,0.0,3.0,"step 1 still violates after 3 repair iterations (triggered by {'immutable': False, 'non_decreasing': True, 'age_horizon': False, 'directional': True})",,,,,,,,,,,,0.0023460000520572066,False,True,False,True
uci,3,v3,dsr_full,0.05,22,decoded_naive,decoded_banded,riemannian,True,7181,8040,0.0003133330028504133,0.03691666596569121,0.00019629101734608412,False,True,repair,failed,0.0,3.0,"step 1 still violates after 3 repair iterations (triggered by {'immutable': False, 'non_decreasing': False, 'age_horizon': False, 'directional': True})",,,,,,,,,,,,0.0023174999514594674,False,False,False,True
uci,3,v3,dsr_full,0.05,23,decoded_naive,decoded_banded,riemannian,True,7181,8040,0.0003133330028504133,0.03691666596569121,0.00019629101734608412,False,True,repair,failed,0.0,3.0,"step 1 still violates after 3 repair iterations (triggered by {'immutable': False, 'non_decreasing': True, 'age_horizon': False, 'directional': True})",,,,,,,,,,,,0.0024241659557446837,False,True,False,True
uci,3,v3,dsr_full,0.05,25,decoded_naive,decoded_banded,riemannian,True,7181,8040,0.0003133330028504133,0.03691666596569121,0.00019629101734608412,False,True,repair,failed,0.0,3.0,"step 1 still violates after 3 repair iterations (triggered by {'immutable': False, 'non_decreasing': True, 'age_horizon': False, 'directional': True})",,,,,,,,,,,,0.0024625409860163927,False,True,False,True
uci,3,v3,dsr_full,0.05,30,decoded_naive,decoded_banded,riemannian,True,7181,8040,0.0003133330028504133,0.03691666596569121,0.00019629101734608412,False,True,repair,failed,0.0,3.0,"step 1 still violates after 3 repair iterations (triggered by {'immutable': False, 'non_decreasing': True, 'age_horizon': False, 'directional': True})",,,,,,,,,,,,0.002359416917897761,False,True,False,True
uci,3,v3,dsr_full,0.05,33,decoded_naive,decoded_banded,riemannian,True,7181,8040,0.0003133330028504133,0.03691666596569121,0.00019629101734608412,False,True,search,,,,,,,,,,,,,,,,0.0020075420616194606,,,,
uci,3,v3,dsr_full,0.05,39,decoded_naive,decoded_banded,riemannian,True,7181,8040,0.0003133330028504133,0.03691666596569121,0.00019629101734608412,False,True,repair,failed,0.0,3.0,"step 1 still violates after 3 repair iterations (triggered by {'immutable': False, 'non_decreasing': False, 'age_horizon': False, 'directional': True})",,,,,,,,,,,,0.0023456659400835633,False,False,False,True
uci,3,v3,dsr_full,0.05,40,decoded_naive,decoded_banded,riemannian,True,7181,8040,0.0003133330028504133,0.03691666596569121,0.00019629101734608412,False,True,repair,failed,0.0,3.0,"step 1 still violates after 3 repair iterations (triggered by {'immutable': False, 'non_decreasing': True, 'age_horizon': False, 'directional': True})",,,,,,,,,,,,0.0024483329616487026,False,True,False,True
uci,3,v3,dsr_full,0.05,41,decoded_naive,decoded_banded,riemannian,True,7181,8040,0.0003133330028504133,0.03691666596569121,0.00019629101734608412,False,True,repair,failed,0.0,3.0,"step 1 still violates after 3 repair iterations (triggered by {'immutable': False, 'non_decreasing': True, 'age_horizon': False, 'directional': True})",,,,,,,,,,,,0.0023504160344600677,False,True,False,True
uci,3,v3,dsr_full,0.05,45,decoded_naive,decoded_banded,riemannian,True,7181,8040,0.0003133330028504133,0.03691666596569121,0.00019629101734608412,False,True,search,,,,,,,,,,,,,,,,0.0020080000394955277,,,,
uci,3,v3,dsr_full,0.05,47,decoded_naive,decoded_banded,riemannian,True,7181,8040,0.0003133330028504133,0.03691666596569121,0.00019629101734608412,False,True,repair,failed,0.0,3.0,"step 1 still violates after 3 repair iterations (triggered by {'immutable': False, 'non_decreasing': False, 'age_horizon': False, 'directional': True})",,,,,,,,,,,,0.0024005828890949488,False,False,False,True
uci,3,v3,dsr_full,0.05,48,decoded_naive,decoded_banded,riemannian,True,7181,8040,0.0003133330028504133,0.03691666596569121,0.00019629101734608412,False,True,search,,,,,,,,,,,,,,,,0.0019324589520692825,,,,
uci,3,v3,dsr_full,0.05,52,decoded_naive,decoded_banded,riemannian,True,7181,8040,0.0003133330028504133,0.03691666596569121,0.00019629101734608412,False,True,search,,,,,,,,,,,,,,,,0.0018978340085595846,,,,
uci,3,v3,dsr_full,0.05,56,decoded_naive,decoded_banded,riemannian,True,7181,8040,0.0003133330028504133,0.03691666596569121,0.00019629101734608412,False,True,repair,failed,0.0,3.0,"step 1 still violates after 3 repair iterations (triggered by {'immutable': False, 'non_decreasing': False, 'age_horizon': False, 'directional': True})",,,,,,,,,,,,0.002384208026342094,False,False,False,True
uci,3,v3,dsr_full,0.1,5,decoded_naive,decoded_banded,riemannian,True,7181,8040,0.0003131249686703086,0.03691666596569121,0.00019629101734608412,False,True,repair,failed,0.0,3.0,"step 1 still violates after 3 repair iterations (triggered by {'immutable': False, 'non_decreasing': False, 'age_horizon': False, 'directional': True})",,,,,,,,,,,,0.002396999974735081,False,False,False,True
uci,3,v3,dsr_full,0.1,7,decoded_naive,decoded_banded,riemannian,True,7181,8040,0.0003131249686703086,0.03691666596569121,0.00019629101734608412,False,True,repair,failed,0.0,3.0,"step 1 still violates after 3 repair iterations (triggered by {'immutable': False, 'non_decreasing': False, 'age_horizon': False, 'directional': True})",,,,,,,,,,,,0.0023783750366419554,False,False,False,True
uci,3,v3,dsr_full,0.1,10,decoded_naive,decoded_banded,riemannian,True,7181,8040,0.0003131249686703086,0.03691666596569121,0.00019629101734608412,False,True,search,,,,,,,,,,,,,,,,0.0019608750008046627,,,,
uci,3,v3,dsr_full,0.1,12,decoded_naive,decoded_banded,riemannian,True,7181,8040,0.0003131249686703086,0.03691666596569121,0.00019629101734608412,False,True,repair,failed,0.0,3.0,"step 1 still violates after 3 repair iterations (triggered by {'immutable': False, 'non_decreasing': True, 'age_horizon': False, 'directional': True})",,,,,,,,,,,,0.002370000001974404,False,True,False,True
uci,3,v3,dsr_full,0.1,13,decoded_naive,decoded_banded,riemannian,True,7181,8040,0.0003131249686703086,0.03691666596569121,0.00019629101734608412,False,True,repair,failed,0.0,3.0,"step 1 still violates after 3 repair iterations (triggered by {'immutable': False, 'non_decreasing': False, 'age_horizon': False, 'directional': True})",,,,,,,,,,,,0.0023457090137526393,False,False,False,True
uci,3,v3,dsr_full,0.1,16,decoded_naive,decoded_banded,riemannian,True,7181,8040,0.0003131249686703086,0.03691666596569121,0.00019629101734608412,False,True,repair,failed,0.0,3.0,"step 1 still violates after 3 repair iterations (triggered by {'immutable': False, 'non_decreasing': True, 'age_horizon': False, 'directional': True})",,,,,,,,,,,,0.0023563329596072435,False,True,False,True
uci,3,v3,dsr_full,0.1,20,decoded_naive,decoded_banded,riemannian,True,7181,8040,0.0003131249686703086,0.03691666596569121,0.00019629101734608412,False,True,repair,failed,0.0,3.0,"step 1 still violates after 3 repair iterations (triggered by {'immutable': False, 'non_decreasing': True, 'age_horizon': False, 'directional': True})",,,,,,,,,,,,0.002321000094525516,False,True,False,True
uci,3,v3,dsr_full,0.1,22,decoded_naive,decoded_banded,riemannian,True,7181,8040,0.0003131249686703086,0.03691666596569121,0.00019629101734608412,False,True,repair,failed,0.0,3.0,"step 1 still violates after 3 repair iterations (triggered by {'immutable': False, 'non_decreasing': False, 'age_horizon': False, 'directional': True})",,,,,,,,,,,,0.002340415958315134,False,False,False,True
uci,3,v3,dsr_full,0.1,23,decoded_naive,decoded_banded,riemannian,True,7181,8040,0.0003131249686703086,0.03691666596569121,0.00019629101734608412,False,True,repair,failed,0.0,3.0,"step 1 still violates after 3 repair iterations (triggered by {'immutable': False, 'non_decreasing': True, 'age_horizon': False, 'directional': True})",,,,,,,,,,,,0.0023824579548090696,False,True,False,True
uci,3,v3,dsr_full,0.1,25,decoded_naive,decoded_banded,riemannian,True,7181,8040,0.0003131249686703086,0.03691666596569121,0.00019629101734608412,False,True,repair,failed,0.0,3.0,"step 1 still violates after 3 repair iterations (triggered by {'immutable': False, 'non_decreasing': True, 'age_horizon': False, 'directional': True})",,,,,,,,,,,,0.002393333939835429,False,True,False,True
uci,3,v3,dsr_full,0.1,30,decoded_naive,decoded_banded,riemannian,True,7181,8040,0.0003131249686703086,0.03691666596569121,0.00019629101734608412,False,True,repair,failed,0.0,3.0,"step 1 still violates after 3 repair iterations (triggered by {'immutable': False, 'non_decreasing': True, 'age_horizon': False, 'directional': True})",,,,,,,,,,,,0.0023360829800367355,False,True,False,True
uci,3,v3,dsr_full,0.1,33,decoded_naive,decoded_banded,riemannian,True,7181,8040,0.0003131249686703086,0.03691666596569121,0.00019629101734608412,False,True,search,,,,,,,,,,,,,,,,0.0018887909827753901,,,,
uci,3,v3,dsr_full,0.1,39,decoded_naive,decoded_banded,riemannian,True,7181,8040,0.0003131249686703086,0.03691666596569121,0.00019629101734608412,False,True,repair,failed,0.0,3.0,"step 1 still violates after 3 repair iterations (triggered by {'immutable': False, 'non_decreasing': False, 'age_horizon': False, 'directional': True})",,,,,,,,,,,,0.002344417036511004,False,False,False,True
uci,3,v3,dsr_full,0.1,40,decoded_naive,decoded_banded,riemannian,True,7181,8040,0.0003131249686703086,0.03691666596569121,0.00019629101734608412,False,True,repair,failed,0.0,3.0,"step 1 still violates after 3 repair iterations (triggered by {'immutable': False, 'non_decreasing': True, 'age_horizon': False, 'directional': True})",,,,,,,,,,,,0.0023852919694036245,False,True,False,True
uci,3,v3,dsr_full,0.1,41,decoded_naive,decoded_banded,riemannian,True,7181,8040,0.0003131249686703086,0.03691666596569121,0.00019629101734608412,False,True,repair,failed,0.0,3.0,"step 1 still violates after 3 repair iterations (triggered by {'immutable': False, 'non_decreasing': True, 'age_horizon': False, 'directional': True})",,,,,,,,,,,,0.00237820902839303,False,True,False,True
uci,3,v3,dsr_full,0.1,45,decoded_naive,decoded_banded,riemannian,True,7181,8040,0.0003131249686703086,0.03691666596569121,0.00019629101734608412,False,True,search,,,,,,,,,,,,,,,,0.002020083018578589,,,,
uci,3,v3,dsr_full,0.1,47,decoded_naive,decoded_banded,riemannian,True,7181,8040,0.0003131249686703086,0.03691666596569121,0.00019629101734608412,False,True,repair,failed,0.0,3.0,"step 1 still violates after 3 repair iterations (triggered by {'immutable': False, 'non_decreasing': False, 'age_horizon': False, 'directional': True})",,,,,,,,,,,,0.002310333075001836,False,False,False,True
uci,3,v3,dsr_full,0.1,48,decoded_naive,decoded_banded,riemannian,True,7181,8040,0.0003131249686703086,0.03691666596569121,0.00019629101734608412,False,True,search,,,,,,,,,,,,,,,,0.001973374979570508,,,,
uci,3,v3,dsr_full,0.1,52,decoded_naive,decoded_banded,riemannian,True,7181,8040,0.0003131249686703086,0.03691666596569121,0.00019629101734608412,False,True,search,,,,,,,,,,,,,,,,0.001977000036276877,,,,
uci,3,v3,dsr_full,0.1,56,decoded_naive,decoded_banded,riemannian,True,7181,8040,0.0003131249686703086,0.03691666596569121,0.00019629101734608412,False,True,repair,failed,0.0,3.0,"step 1 still violates after 3 repair iterations (triggered by {'immutable': False, 'non_decreasing': False, 'age_horizon': False, 'directional': True})",,,,,,,,,,,,0.0023512920597568154,False,False,False,True
uci,3,v3,dsr_full,0.25,5,decoded_naive,decoded_banded,riemannian,True,7181,8040,0.0003082919865846634,0.03691666596569121,0.00019629101734608412,False,True,repair,failed,0.0,3.0,"step 1 still violates after 3 repair iterations (triggered by {'immutable': False, 'non_decreasing': False, 'age_horizon': False, 'directional': True})",,,,,,,,,,,,0.002374042058363557,False,False,False,True
uci,3,v3,dsr_full,0.25,7,decoded_naive,decoded_banded,riemannian,True,7181,8040,0.0003082919865846634,0.03691666596569121,0.00019629101734608412,False,True,repair,failed,0.0,3.0,"step 1 still violates after 3 repair iterations (triggered by {'immutable': False, 'non_decreasing': False, 'age_horizon': False, 'directional': True})",,,,,,,,,,,,0.002453541965223849,False,False,False,True
uci,3,v3,dsr_full,0.25,10,decoded_naive,decoded_banded,riemannian,True,7181,8040,0.0003082919865846634,0.03691666596569121,0.00019629101734608412,False,True,search,,,,,,,,,,,,,,,,0.0019247500458732247,,,,
uci,3,v3,dsr_full,0.25,12,decoded_naive,decoded_banded,riemannian,True,7181,8040,0.0003082919865846634,0.03691666596569121,0.00019629101734608412,False,True,repair,failed,0.0,3.0,"step 1 still violates after 3 repair iterations (triggered by {'immutable': False, 'non_decreasing': True, 'age_horizon': False, 'directional': True})",,,,,,,,,,,,0.00236149993725121,False,True,False,True
uci,3,v3,dsr_full,0.25,13,decoded_naive,decoded_banded,riemannian,True,7181,8040,0.0003082919865846634,0.03691666596569121,0.00019629101734608412,False,True,repair,failed,0.0,3.0,"step 1 still violates after 3 repair iterations (triggered by {'immutable': False, 'non_decreasing': True, 'age_horizon': False, 'directional': True})",,,,,,,,,,,,0.002395999967120588,False,True,False,True
uci,3,v3,dsr_full,0.25,16,decoded_naive,decoded_banded,riemannian,True,7181,8040,0.0003082919865846634,0.03691666596569121,0.00019629101734608412,False,True,repair,failed,0.0,3.0,"step 1 still violates after 3 repair iterations (triggered by {'immutable': False, 'non_decreasing': True, 'age_horizon': False, 'directional': True})",,,,,,,,,,,,0.00235383294057101,False,True,False,True
uci,3,v3,dsr_full,0.25,20,decoded_naive,decoded_banded,riemannian,True,7181,8040,0.0003082919865846634,0.03691666596569121,0.00019629101734608412,False,True,repair,failed,0.0,3.0,"step 1 still violates after 3 repair iterations (triggered by {'immutable': False, 'non_decreasing': True, 'age_horizon': False, 'directional': True})",,,,,,,,,,,,0.0023202080046758056,False,True,False,True
uci,3,v3,dsr_full,0.25,22,decoded_naive,decoded_banded,riemannian,True,7181,8040,0.0003082919865846634,0.03691666596569121,0.00019629101734608412,False,True,repair,failed,0.0,3.0,"step 1 still violates after 3 repair iterations (triggered by {'immutable': False, 'non_decreasing': True, 'age_horizon': False, 'directional': True})",,,,,,,,,,,,0.002390375011600554,False,True,False,True
uci,3,v3,dsr_full,0.25,23,decoded_naive,decoded_banded,riemannian,True,7181,8040,0.0003082919865846634,0.03691666596569121,0.00019629101734608412,False,True,repair,failed,0.0,3.0,"step 1 still violates after 3 repair iterations (triggered by {'immutable': False, 'non_decreasing': True, 'age_horizon': False, 'directional': True})",,,,,,,,,,,,0.0023943750420585275,False,True,False,True
uci,3,v3,dsr_full,0.25,25,decoded_naive,decoded_banded,riemannian,True,7181,8040,0.0003082919865846634,0.03691666596569121,0.00019629101734608412,False,True,repair,failed,0.0,3.0,"step 1 still violates after 3 repair iterations (triggered by {'immutable': False, 'non_decreasing': True, 'age_horizon': False, 'directional': True})",,,,,,,,,,,,0.002345917047932744,False,True,False,True
uci,3,v3,dsr_full,0.25,30,decoded_naive,decoded_banded,riemannian,True,7181,8040,0.0003082919865846634,0.03691666596569121,0.00019629101734608412,False,True,repair,failed,0.0,3.0,"step 1 still violates after 3 repair iterations (triggered by {'immutable': False, 'non_decreasing': True, 'age_horizon': False, 'directional': True})",,,,,,,,,,,,0.00238829106092453,False,True,False,True
uci,3,v3,dsr_full,0.25,33,decoded_naive,decoded_banded,riemannian,True,7181,8040,0.0003082919865846634,0.03691666596569121,0.00019629101734608412,False,True,search,,,,,,,,,,,,,,,,0.0019239160465076566,,,,
uci,3,v3,dsr_full,0.25,39,decoded_naive,decoded_banded,riemannian,True,7181,8040,0.0003082919865846634,0.03691666596569121,0.00019629101734608412,False,True,repair,failed,0.0,3.0,"step 1 still violates after 3 repair iterations (triggered by {'immutable': False, 'non_decreasing': True, 'age_horizon': False, 'directional': True})",,,,,,,,,,,,0.002361041959375143,False,True,False,True
uci,3,v3,dsr_full,0.25,40,decoded_naive,decoded_banded,riemannian,True,7181,8040,0.0003082919865846634,0.03691666596569121,0.00019629101734608412,False,True,repair,failed,0.0,3.0,"step 1 still violates after 3 repair iterations (triggered by {'immutable': False, 'non_decreasing': True, 'age_horizon': False, 'directional': True})",,,,,,,,,,,,0.0023138750111684203,False,True,False,True
uci,3,v3,dsr_full,0.25,41,decoded_naive,decoded_banded,riemannian,True,7181,8040,0.0003082919865846634,0.03691666596569121,0.00019629101734608412,False,True,repair,failed,0.0,3.0,"step 1 still violates after 3 repair iterations (triggered by {'immutable': False, 'non_decreasing': True, 'age_horizon': False, 'directional': True})",,,,,,,,,,,,0.0024235830642282963,False,True,False,True
uci,3,v3,dsr_full,0.25,45,decoded_naive,decoded_banded,riemannian,True,7181,8040,0.0003082919865846634,0.03691666596569121,0.00019629101734608412,False,True,search,,,,,,,,,,,,,,,,0.001912625040858984,,,,
uci,3,v3,dsr_full,0.25,47,decoded_naive,decoded_banded,riemannian,True,7181,8040,0.0003082919865846634,0.03691666596569121,0.00019629101734608412,False,True,repair,failed,0.0,3.0,"step 1 still violates after 3 repair iterations (triggered by {'immutable': False, 'non_decreasing': True, 'age_horizon': False, 'directional': True})",,,,,,,,,,,,0.0023367920657619834,False,True,False,True
uci,3,v3,dsr_full,0.25,48,decoded_naive,decoded_banded,riemannian,True,7181,8040,0.0003082919865846634,0.03691666596569121,0.00019629101734608412,False,True,search,,,,,,,,,,,,,,,,0.001977084088139236,,,,
uci,3,v3,dsr_full,0.25,52,decoded_naive,decoded_banded,riemannian,True,7181,8040,0.0003082919865846634,0.03691666596569121,0.00019629101734608412,False,True,search,,,,,,,,,,,,,,,,0.001882208976894617,,,,
uci,3,v3,dsr_full,0.25,56,decoded_naive,decoded_banded,riemannian,True,7181,8040,0.0003082919865846634,0.03691666596569121,0.00019629101734608412,False,True,repair,failed,0.0,3.0,"step 1 still violates after 3 repair iterations (triggered by {'immutable': False, 'non_decreasing': True, 'age_horizon': False, 'directional': True})",,,,,,,,,,,,0.002412041067145765,False,True,False,True
uci,3,v3,dsr_full,0.5,5,decoded_naive,decoded_banded,riemannian,True,7181,8040,0.0003073749830946326,0.03691666596569121,0.00019629101734608412,False,True,repair,failed,0.0,3.0,"step 1 still violates after 3 repair iterations (triggered by {'immutable': False, 'non_decreasing': True, 'age_horizon': False, 'directional': True})",,,,,,,,,,,,0.0025533330626785755,False,True,False,True
uci,3,v3,dsr_full,0.5,7,decoded_naive,decoded_banded,riemannian,True,7181,8040,0.0003073749830946326,0.03691666596569121,0.00019629101734608412,False,True,repair,failed,0.0,3.0,"step 1 still violates after 3 repair iterations (triggered by {'immutable': False, 'non_decreasing': True, 'age_horizon': False, 'directional': True})",,,,,,,,,,,,0.00231741601601243,False,True,False,True
uci,3,v3,dsr_full,0.5,10,decoded_naive,decoded_banded,riemannian,True,7181,8040,0.0003073749830946326,0.03691666596569121,0.00019629101734608412,False,True,search,,,,,,,,,,,,,,,,0.0019237500382587314,,,,
uci,3,v3,dsr_full,0.5,12,decoded_naive,decoded_banded,riemannian,True,7181,8040,0.0003073749830946326,0.03691666596569121,0.00019629101734608412,False,True,repair,failed,0.0,3.0,"step 1 still violates after 3 repair iterations (triggered by {'immutable': False, 'non_decreasing': True, 'age_horizon': False, 'directional': True})",,,,,,,,,,,,0.002442292054183781,False,True,False,True
uci,3,v3,dsr_full,0.5,13,decoded_naive,decoded_banded,riemannian,True,7181,8040,0.0003073749830946326,0.03691666596569121,0.00019629101734608412,False,True,repair,failed,0.0,3.0,"step 1 still violates after 3 repair iterations (triggered by {'immutable': False, 'non_decreasing': True, 'age_horizon': False, 'directional': True})",,,,,,,,,,,,0.002343124942854047,False,True,False,True
uci,3,v3,dsr_full,0.5,16,decoded_naive,decoded_banded,riemannian,True,7181,8040,0.0003073749830946326,0.03691666596569121,0.00019629101734608412,False,True,repair,failed,0.0,3.0,"step 1 still violates after 3 repair iterations (triggered by {'immutable': False, 'non_decreasing': True, 'age_horizon': False, 'directional': True})",,,,,,,,,,,,0.0023919589584693313,False,True,False,True
uci,3,v3,dsr_full,0.5,20,decoded_naive,decoded_banded,riemannian,True,7181,8040,0.0003073749830946326,0.03691666596569121,0.00019629101734608412,False,True,repair,failed,0.0,3.0,"step 1 still violates after 3 repair iterations (triggered by {'immutable': False, 'non_decreasing': True, 'age_horizon': False, 'directional': True})",,,,,,,,,,,,0.0023279159795492887,False,True,False,True
uci,3,v3,dsr_full,0.5,22,decoded_naive,decoded_banded,riemannian,True,7181,8040,0.0003073749830946326,0.03691666596569121,0.00019629101734608412,False,True,repair,failed,0.0,3.0,"step 1 still violates after 3 repair iterations (triggered by {'immutable': False, 'non_decreasing': True, 'age_horizon': False, 'directional': True})",,,,,,,,,,,,0.0024245840031653643,False,True,False,True
uci,3,v3,dsr_full,0.5,23,decoded_naive,decoded_banded,riemannian,True,7181,8040,0.0003073749830946326,0.03691666596569121,0.00019629101734608412,False,True,repair,failed,0.0,3.0,"step 1 still violates after 3 repair iterations (triggered by {'immutable': False, 'non_decreasing': True, 'age_horizon': False, 'directional': True})",,,,,,,,,,,,0.002401874982751906,False,True,False,True
uci,3,v3,dsr_full,0.5,25,decoded_naive,decoded_banded,riemannian,True,7181,8040,0.0003073749830946326,0.03691666596569121,0.00019629101734608412,False,True,repair,failed,0.0,3.0,"step 1 still violates after 3 repair iterations (triggered by {'immutable': False, 'non_decreasing': True, 'age_horizon': False, 'directional': True})",,,,,,,,,,,,0.0024002090794965625,False,True,False,True
uci,3,v3,dsr_full,0.5,30,decoded_naive,decoded_banded,riemannian,True,7181,8040,0.0003073749830946326,0.03691666596569121,0.00019629101734608412,False,True,repair,failed,0.0,3.0,"step 1 still violates after 3 repair iterations (triggered by {'immutable': False, 'non_decreasing': True, 'age_horizon': False, 'directional': True})",,,,,,,,,,,,0.0028113339794799685,False,True,False,True
uci,3,v3,dsr_full,0.5,33,decoded_naive,decoded_banded,riemannian,True,7181,8040,0.0003073749830946326,0.03691666596569121,0.00019629101734608412,False,True,search,,,,,,,,,,,,,,,,0.0020295839058235288,,,,
uci,3,v3,dsr_full,0.5,39,decoded_naive,decoded_banded,riemannian,True,7181,8040,0.0003073749830946326,0.03691666596569121,0.00019629101734608412,False,True,repair,failed,0.0,3.0,"step 1 still violates after 3 repair iterations (triggered by {'immutable': False, 'non_decreasing': True, 'age_horizon': False, 'directional': True})",,,,,,,,,,,,0.0024339170195162296,False,True,False,True
uci,3,v3,dsr_full,0.5,40,decoded_naive,decoded_banded,riemannian,True,7181,8040,0.0003073749830946326,0.03691666596569121,0.00019629101734608412,False,True,repair,failed,0.0,3.0,"step 1 still violates after 3 repair iterations (triggered by {'immutable': False, 'non_decreasing': True, 'age_horizon': False, 'directional': True})",,,,,,,,,,,,0.002476499998010695,False,True,False,True
uci,3,v3,dsr_full,0.5,41,decoded_naive,decoded_banded,riemannian,True,7181,8040,0.0003073749830946326,0.03691666596569121,0.00019629101734608412,False,True,repair,failed,0.0,3.0,"step 1 still violates after 3 repair iterations (triggered by {'immutable': False, 'non_decreasing': True, 'age_horizon': False, 'directional': True})",,,,,,,,,,,,0.0025415000272914767,False,True,False,True
uci,3,v3,dsr_full,0.5,45,decoded_naive,decoded_banded,riemannian,True,7181,8040,0.0003073749830946326,0.03691666596569121,0.00019629101734608412,False,True,search,,,,,,,,,,,,,,,,0.0019769578939303756,,,,
uci,3,v3,dsr_full,0.5,47,decoded_naive,decoded_banded,riemannian,True,7181,8040,0.0003073749830946326,0.03691666596569121,0.00019629101734608412,False,True,repair,failed,0.0,3.0,"step 1 still violates after 3 repair iterations (triggered by {'immutable': False, 'non_decreasing': True, 'age_horizon': False, 'directional': True})",,,,,,,,,,,,0.0024086659541353583,False,True,False,True
uci,3,v3,dsr_full,0.5,48,decoded_naive,decoded_banded,riemannian,True,7181,8040,0.0003073749830946326,0.03691666596569121,0.00019629101734608412,False,True,search,,,,,,,,,,,,,,,,0.0019351249793544412,,,,
uci,3,v3,dsr_full,0.5,52,decoded_naive,decoded_banded,riemannian,True,7181,8040,0.0003073749830946326,0.03691666596569121,0.00019629101734608412,False,True,search,,,,,,,,,,,,,,,,0.0018925420008599758,,,,
uci,3,v3,dsr_full,0.5,56,decoded_naive,decoded_banded,riemannian,True,7181,8040,0.0003073749830946326,0.03691666596569121,0.00019629101734608412,False,True,repair,failed,0.0,3.0,"step 1 still violates after 3 repair iterations (triggered by {'immutable': False, 'non_decreasing': True, 'age_horizon': False, 'directional': True})",,,,,,,,,,,,0.0024340420495718718,False,True,False,True
uci,3,v3,dsr_full,0.8,5,decoded_naive,decoded_banded,riemannian,True,7181,8040,0.0003161249915137887,0.03691666596569121,0.00019629101734608412,False,True,repair,failed,0.0,3.0,"step 1 still violates after 3 repair iterations (triggered by {'immutable': False, 'non_decreasing': True, 'age_horizon': False, 'directional': True})",,,,,,,,,,,,0.002387957996688783,False,True,False,True
uci,3,v3,dsr_full,0.8,7,decoded_naive,decoded_banded,riemannian,True,7181,8040,0.0003161249915137887,0.03691666596569121,0.00019629101734608412,False,True,repair,failed,0.0,3.0,"step 1 still violates after 3 repair iterations (triggered by {'immutable': False, 'non_decreasing': True, 'age_horizon': False, 'directional': True})",,,,,,,,,,,,0.0024219159968197346,False,True,False,True
uci,3,v3,dsr_full,0.8,10,decoded_naive,decoded_banded,riemannian,True,7181,8040,0.0003161249915137887,0.03691666596569121,0.00019629101734608412,False,True,search,,,,,,,,,,,,,,,,0.0019243339775130153,,,,
uci,3,v3,dsr_full,0.8,12,decoded_naive,decoded_banded,riemannian,True,7181,8040,0.0003161249915137887,0.03691666596569121,0.00019629101734608412,False,True,repair,failed,0.0,3.0,"step 1 still violates after 3 repair iterations (triggered by {'immutable': False, 'non_decreasing': True, 'age_horizon': False, 'directional': True})",,,,,,,,,,,,0.0023897920036688447,False,True,False,True
uci,3,v3,dsr_full,0.8,13,decoded_naive,decoded_banded,riemannian,True,7181,8040,0.0003161249915137887,0.03691666596569121,0.00019629101734608412,False,True,repair,failed,0.0,3.0,"step 1 still violates after 3 repair iterations (triggered by {'immutable': False, 'non_decreasing': True, 'age_horizon': False, 'directional': True})",,,,,,,,,,,,0.002347624977119267,False,True,False,True
uci,3,v3,dsr_full,0.8,16,decoded_naive,decoded_banded,riemannian,True,7181,8040,0.0003161249915137887,0.03691666596569121,0.00019629101734608412,False,True,repair,failed,0.0,3.0,"step 1 still violates after 3 repair iterations (triggered by {'immutable': False, 'non_decreasing': True, 'age_horizon': False, 'directional': True})",,,,,,,,,,,,0.002283999929204583,False,True,False,True
uci,3,v3,dsr_full,0.8,20,decoded_naive,decoded_banded,riemannian,True,7181,8040,0.0003161249915137887,0.03691666596569121,0.00019629101734608412,False,True,repair,failed,0.0,3.0,"step 1 still violates after 3 repair iterations (triggered by {'immutable': False, 'non_decreasing': True, 'age_horizon': False, 'directional': True})",,,,,,,,,,,,0.002465749974362552,False,True,False,True
uci,3,v3,dsr_full,0.8,22,decoded_naive,decoded_banded,riemannian,True,7181,8040,0.0003161249915137887,0.03691666596569121,0.00019629101734608412,False,True,repair,failed,0.0,3.0,"step 1 still violates after 3 repair iterations (triggered by {'immutable': False, 'non_decreasing': True, 'age_horizon': False, 'directional': True})",,,,,,,,,,,,0.0023687499342486262,False,True,False,True
uci,3,v3,dsr_full,0.8,23,decoded_naive,decoded_banded,riemannian,True,7181,8040,0.0003161249915137887,0.03691666596569121,0.00019629101734608412,False,True,repair,failed,0.0,3.0,"step 1 still violates after 3 repair iterations (triggered by {'immutable': False, 'non_decreasing': True, 'age_horizon': False, 'directional': True})",,,,,,,,,,,,0.0024330829037353396,False,True,False,True
uci,3,v3,dsr_full,0.8,25,decoded_naive,decoded_banded,riemannian,True,7181,8040,0.0003161249915137887,0.03691666596569121,0.00019629101734608412,False,True,repair,failed,0.0,3.0,"step 1 still violates after 3 repair iterations (triggered by {'immutable': False, 'non_decreasing': True, 'age_horizon': False, 'directional': True})",,,,,,,,,,,,0.002379624987952411,False,True,False,True
uci,3,v3,dsr_full,0.8,30,decoded_naive,decoded_banded,riemannian,True,7181,8040,0.0003161249915137887,0.03691666596569121,0.00019629101734608412,False,True,repair,failed,0.0,3.0,"step 1 still violates after 3 repair iterations (triggered by {'immutable': False, 'non_decreasing': True, 'age_horizon': False, 'directional': True})",,,,,,,,,,,,0.0023930839961394668,False,True,False,True
uci,3,v3,dsr_full,0.8,33,decoded_naive,decoded_banded,riemannian,True,7181,8040,0.0003161249915137887,0.03691666596569121,0.00019629101734608412,False,True,search,,,,,,,,,,,,,,,,0.0018865419551730156,,,,
uci,3,v3,dsr_full,0.8,39,decoded_naive,decoded_banded,riemannian,True,7181,8040,0.0003161249915137887,0.03691666596569121,0.00019629101734608412,False,True,repair,failed,0.0,3.0,"step 1 still violates after 3 repair iterations (triggered by {'immutable': False, 'non_decreasing': True, 'age_horizon': False, 'directional': True})",,,,,,,,,,,,0.0023155000526458025,False,True,False,True
uci,3,v3,dsr_full,0.8,40,decoded_naive,decoded_banded,riemannian,True,7181,8040,0.0003161249915137887,0.03691666596569121,0.00019629101734608412,False,True,repair,failed,0.0,3.0,"step 1 still violates after 3 repair iterations (triggered by {'immutable': False, 'non_decreasing': True, 'age_horizon': False, 'directional': True})",,,,,,,,,,,,0.002391791087575257,False,True,False,True
uci,3,v3,dsr_full,0.8,41,decoded_naive,decoded_banded,riemannian,True,7181,8040,0.0003161249915137887,0.03691666596569121,0.00019629101734608412,False,True,repair,failed,0.0,3.0,"step 1 still violates after 3 repair iterations (triggered by {'immutable': False, 'non_decreasing': True, 'age_horizon': False, 'directional': True})",,,,,,,,,,,,0.0023526670411229134,False,True,False,True
uci,3,v3,dsr_full,0.8,45,decoded_naive,decoded_banded,riemannian,True,7181,8040,0.0003161249915137887,0.03691666596569121,0.00019629101734608412,False,True,search,,,,,,,,,,,,,,,,0.0018975420389324427,,,,
uci,3,v3,dsr_full,0.8,47,decoded_naive,decoded_banded,riemannian,True,7181,8040,0.0003161249915137887,0.03691666596569121,0.00019629101734608412,False,True,repair,failed,0.0,3.0,"step 1 still violates after 3 repair iterations (triggered by {'immutable': False, 'non_decreasing': True, 'age_horizon': False, 'directional': True})",,,,,,,,,,,,0.0023027079878374934,False,True,False,True
uci,3,v3,dsr_full,0.8,48,decoded_naive,decoded_banded,riemannian,True,7181,8040,0.0003161249915137887,0.03691666596569121,0.00019629101734608412,False,True,search,,,,,,,,,,,,,,,,0.001973374979570508,,,,
uci,3,v3,dsr_full,0.8,52,decoded_naive,decoded_banded,riemannian,True,7181,8040,0.0003161249915137887,0.03691666596569121,0.00019629101734608412,False,True,search,,,,,,,,,,,,,,,,0.0019362919265404344,,,,
uci,3,v3,dsr_full,0.8,56,decoded_naive,decoded_banded,riemannian,True,7181,8040,0.0003161249915137887,0.03691666596569121,0.00019629101734608412,False,True,repair,failed,0.0,3.0,"step 1 still violates after 3 repair iterations (triggered by {'immutable': False, 'non_decreasing': True, 'age_horizon': False, 'directional': True})",,,,,,,,,,,,0.002400167053565383,False,True,False,True
uci,3,v3,dsr_full,0.9,5,decoded_naive,decoded_banded,riemannian,True,7181,8040,0.00033095793332904577,0.03691666596569121,0.00019629101734608412,False,True,repair,failed,0.0,3.0,"step 1 still violates after 3 repair iterations (triggered by {'immutable': False, 'non_decreasing': True, 'age_horizon': True, 'directional': True})",,,,,,,,,,,,0.0023286660434678197,False,True,True,True
uci,3,v3,dsr_full,0.9,7,decoded_naive,decoded_banded,riemannian,True,7181,8040,0.00033095793332904577,0.03691666596569121,0.00019629101734608412,False,True,repair,failed,0.0,3.0,"step 1 still violates after 3 repair iterations (triggered by {'immutable': False, 'non_decreasing': True, 'age_horizon': True, 'directional': True})",,,,,,,,,,,,0.002373583964072168,False,True,True,True
uci,3,v3,dsr_full,0.9,10,decoded_naive,decoded_banded,riemannian,True,7181,8040,0.00033095793332904577,0.03691666596569121,0.00019629101734608412,False,True,search,,,,,,,,,,,,,,,,0.0019154169131070375,,,,
uci,3,v3,dsr_full,0.9,12,decoded_naive,decoded_banded,riemannian,True,7181,8040,0.00033095793332904577,0.03691666596569121,0.00019629101734608412,False,True,repair,failed,0.0,3.0,"step 1 still violates after 3 repair iterations (triggered by {'immutable': False, 'non_decreasing': True, 'age_horizon': True, 'directional': True})",,,,,,,,,,,,0.002407083986327052,False,True,True,True
uci,3,v3,dsr_full,0.9,13,decoded_naive,decoded_banded,riemannian,True,7181,8040,0.00033095793332904577,0.03691666596569121,0.00019629101734608412,False,True,repair,failed,0.0,3.0,"step 1 still violates after 3 repair iterations (triggered by {'immutable': False, 'non_decreasing': True, 'age_horizon': True, 'directional': True})",,,,,,,,,,,,0.002448334009386599,False,True,True,True
uci,3,v3,dsr_full,0.9,16,decoded_naive,decoded_banded,riemannian,True,7181,8040,0.00033095793332904577,0.03691666596569121,0.00019629101734608412,False,True,repair,failed,0.0,3.0,"step 1 still violates after 3 repair iterations (triggered by {'immutable': False, 'non_decreasing': True, 'age_horizon': True, 'directional': True})",,,,,,,,,,,,0.0023750000400468707,False,True,True,True
uci,3,v3,dsr_full,0.9,20,decoded_naive,decoded_banded,riemannian,True,7181,8040,0.00033095793332904577,0.03691666596569121,0.00019629101734608412,False,True,repair,failed,0.0,3.0,"step 1 still violates after 3 repair iterations (triggered by {'immutable': False, 'non_decreasing': True, 'age_horizon': True, 'directional': True})",,,,,,,,,,,,0.0023915410274639726,False,True,True,True
uci,3,v3,dsr_full,0.9,22,decoded_naive,decoded_banded,riemannian,True,7181,8040,0.00033095793332904577,0.03691666596569121,0.00019629101734608412,False,True,repair,failed,0.0,3.0,"step 1 still violates after 3 repair iterations (triggered by {'immutable': False, 'non_decreasing': True, 'age_horizon': True, 'directional': True})",,,,,,,,,,,,0.0023762090131640434,False,True,True,True
uci,3,v3,dsr_full,0.9,23,decoded_naive,decoded_banded,riemannian,True,7181,8040,0.00033095793332904577,0.03691666596569121,0.00019629101734608412,False,True,repair,failed,0.0,3.0,"step 1 still violates after 3 repair iterations (triggered by {'immutable': False, 'non_decreasing': True, 'age_horizon': True, 'directional': True})",,,,,,,,,,,,0.0023513330379500985,False,True,True,True
uci,3,v3,dsr_full,0.9,25,decoded_naive,decoded_banded,riemannian,True,7181,8040,0.00033095793332904577,0.03691666596569121,0.00019629101734608412,False,True,repair,failed,0.0,3.0,"step 1 still violates after 3 repair iterations (triggered by {'immutable': False, 'non_decreasing': True, 'age_horizon': True, 'directional': True})",,,,,,,,,,,,0.0023305000504478812,False,True,True,True
uci,3,v3,dsr_full,0.9,30,decoded_naive,decoded_banded,riemannian,True,7181,8040,0.00033095793332904577,0.03691666596569121,0.00019629101734608412,False,True,repair,failed,0.0,3.0,"step 1 still violates after 3 repair iterations (triggered by {'immutable': False, 'non_decreasing': True, 'age_horizon': True, 'directional': True})",,,,,,,,,,,,0.002341667073778808,False,True,True,True
uci,3,v3,dsr_full,0.9,33,decoded_naive,decoded_banded,riemannian,True,7181,8040,0.00033095793332904577,0.03691666596569121,0.00019629101734608412,False,True,search,,,,,,,,,,,,,,,,0.0020074580097571015,,,,
uci,3,v3,dsr_full,0.9,39,decoded_naive,decoded_banded,riemannian,True,7181,8040,0.00033095793332904577,0.03691666596569121,0.00019629101734608412,False,True,repair,failed,0.0,3.0,"step 1 still violates after 3 repair iterations (triggered by {'immutable': False, 'non_decreasing': True, 'age_horizon': True, 'directional': True})",,,,,,,,,,,,0.002432208973914385,False,True,True,True
uci,3,v3,dsr_full,0.9,40,decoded_naive,decoded_banded,riemannian,True,7181,8040,0.00033095793332904577,0.03691666596569121,0.00019629101734608412,False,True,repair,failed,0.0,3.0,"step 1 still violates after 3 repair iterations (triggered by {'immutable': False, 'non_decreasing': True, 'age_horizon': True, 'directional': True})",,,,,,,,,,,,0.0023883329704403877,False,True,True,True
uci,3,v3,dsr_full,0.9,41,decoded_naive,decoded_banded,riemannian,True,7181,8040,0.00033095793332904577,0.03691666596569121,0.00019629101734608412,False,True,repair,failed,0.0,3.0,"step 1 still violates after 3 repair iterations (triggered by {'immutable': False, 'non_decreasing': True, 'age_horizon': True, 'directional': True})",,,,,,,,,,,,0.00237408303655684,False,True,True,True
uci,3,v3,dsr_full,0.9,45,decoded_naive,decoded_banded,riemannian,True,7181,8040,0.00033095793332904577,0.03691666596569121,0.00019629101734608412,False,True,search,,,,,,,,,,,,,,,,0.0018940410809591413,,,,
uci,3,v3,dsr_full,0.9,47,decoded_naive,decoded_banded,riemannian,True,7181,8040,0.00033095793332904577,0.03691666596569121,0.00019629101734608412,False,True,repair,failed,0.0,3.0,"step 1 still violates after 3 repair iterations (triggered by {'immutable': False, 'non_decreasing': True, 'age_horizon': True, 'directional': True})",,,,,,,,,,,,0.0023813749430701137,False,True,True,True
uci,3,v3,dsr_full,0.9,48,decoded_naive,decoded_banded,riemannian,True,7181,8040,0.00033095793332904577,0.03691666596569121,0.00019629101734608412,False,True,search,,,,,,,,,,,,,,,,0.0019436250440776348,,,,
uci,3,v3,dsr_full,0.9,52,decoded_naive,decoded_banded,riemannian,True,7181,8040,0.00033095793332904577,0.03691666596569121,0.00019629101734608412,False,True,search,,,,,,,,,,,,,,,,0.0019178750226274133,,,,
uci,3,v3,dsr_full,0.9,56,decoded_naive,decoded_banded,riemannian,True,7181,8040,0.00033095793332904577,0.03691666596569121,0.00019629101734608412,False,True,repair,failed,0.0,3.0,"step 1 still violates after 3 repair iterations (triggered by {'immutable': False, 'non_decreasing': True, 'age_horizon': True, 'directional': True})",,,,,,,,,,,,0.002303624991327524,False,True,True,True
uci,3,v3,dsr_full,0.99,5,decoded_naive,decoded_banded,riemannian,True,7181,8040,0.00031337502878159285,0.03691666596569121,0.00019629101734608412,False,True,repair,failed,0.0,3.0,"step 1 still violates after 3 repair iterations (triggered by {'immutable': False, 'non_decreasing': True, 'age_horizon': True, 'directional': True})",,,,,,,,,,,,0.002410291926935315,False,True,True,True
uci,3,v3,dsr_full,0.99,7,decoded_naive,decoded_banded,riemannian,True,7181,8040,0.00031337502878159285,0.03691666596569121,0.00019629101734608412,False,True,repair,failed,0.0,3.0,"step 1 still violates after 3 repair iterations (triggered by {'immutable': False, 'non_decreasing': True, 'age_horizon': True, 'directional': True})",,,,,,,,,,,,0.0023543749703094363,False,True,True,True
uci,3,v3,dsr_full,0.99,10,decoded_naive,decoded_banded,riemannian,True,7181,8040,0.00031337502878159285,0.03691666596569121,0.00019629101734608412,False,True,search,,,,,,,,,,,,,,,,0.0019348750356584787,,,,
uci,3,v3,dsr_full,0.99,12,decoded_naive,decoded_banded,riemannian,True,7181,8040,0.00031337502878159285,0.03691666596569121,0.00019629101734608412,False,True,repair,failed,0.0,3.0,"step 1 still violates after 3 repair iterations (triggered by {'immutable': False, 'non_decreasing': True, 'age_horizon': True, 'directional': True})",,,,,,,,,,,,0.002368750050663948,False,True,True,True
uci,3,v3,dsr_full,0.99,13,decoded_naive,decoded_banded,riemannian,True,7181,8040,0.00031337502878159285,0.03691666596569121,0.00019629101734608412,False,True,repair,failed,0.0,3.0,"step 1 still violates after 3 repair iterations (triggered by {'immutable': False, 'non_decreasing': True, 'age_horizon': True, 'directional': True})",,,,,,,,,,,,0.0023193329107016325,False,True,True,True
uci,3,v3,dsr_full,0.99,16,decoded_naive,decoded_banded,riemannian,True,7181,8040,0.00031337502878159285,0.03691666596569121,0.00019629101734608412,False,True,repair,failed,0.0,3.0,"step 1 still violates after 3 repair iterations (triggered by {'immutable': False, 'non_decreasing': True, 'age_horizon': True, 'directional': True})",,,,,,,,,,,,0.0023672080133110285,False,True,True,True
uci,3,v3,dsr_full,0.99,20,decoded_naive,decoded_banded,riemannian,True,7181,8040,0.00031337502878159285,0.03691666596569121,0.00019629101734608412,False,True,repair,failed,0.0,3.0,"step 1 still violates after 3 repair iterations (triggered by {'immutable': False, 'non_decreasing': True, 'age_horizon': True, 'directional': True})",,,,,,,,,,,,0.0024105410557240248,False,True,True,True
uci,3,v3,dsr_full,0.99,22,decoded_naive,decoded_banded,riemannian,True,7181,8040,0.00031337502878159285,0.03691666596569121,0.00019629101734608412,False,True,repair,failed,0.0,3.0,"step 1 still violates after 3 repair iterations (triggered by {'immutable': False, 'non_decreasing': True, 'age_horizon': True, 'directional': True})",,,,,,,,,,,,0.0023612920194864273,False,True,True,True
uci,3,v3,dsr_full,0.99,23,decoded_naive,decoded_banded,riemannian,True,7181,8040,0.00031337502878159285,0.03691666596569121,0.00019629101734608412,False,True,repair,failed,0.0,3.0,"step 1 still violates after 3 repair iterations (triggered by {'immutable': False, 'non_decreasing': True, 'age_horizon': True, 'directional': True})",,,,,,,,,,,,0.002502750023268163,False,True,True,True
uci,3,v3,dsr_full,0.99,25,decoded_naive,decoded_banded,riemannian,True,7181,8040,0.00031337502878159285,0.03691666596569121,0.00019629101734608412,False,True,repair,failed,0.0,3.0,"step 1 still violates after 3 repair iterations (triggered by {'immutable': False, 'non_decreasing': True, 'age_horizon': True, 'directional': True})",,,,,,,,,,,,0.0023300419561564922,False,True,True,True
uci,3,v3,dsr_full,0.99,30,decoded_naive,decoded_banded,riemannian,True,7181,8040,0.00031337502878159285,0.03691666596569121,0.00019629101734608412,False,True,repair,failed,0.0,3.0,"step 1 still violates after 3 repair iterations (triggered by {'immutable': False, 'non_decreasing': True, 'age_horizon': True, 'directional': True})",,,,,,,,,,,,0.002380124991759658,False,True,True,True
uci,3,v3,dsr_full,0.99,33,decoded_naive,decoded_banded,riemannian,True,7181,8040,0.00031337502878159285,0.03691666596569121,0.00019629101734608412,False,True,search,,,,,,,,,,,,,,,,0.0019244159338995814,,,,
uci,3,v3,dsr_full,0.99,39,decoded_naive,decoded_banded,riemannian,True,7181,8040,0.00031337502878159285,0.03691666596569121,0.00019629101734608412,False,True,repair,failed,0.0,3.0,"step 1 still violates after 3 repair iterations (triggered by {'immutable': False, 'non_decreasing': True, 'age_horizon': True, 'directional': True})",,,,,,,,,,,,0.002425124985165894,False,True,True,True
uci,3,v3,dsr_full,0.99,40,decoded_naive,decoded_banded,riemannian,True,7181,8040,0.00031337502878159285,0.03691666596569121,0.00019629101734608412,False,True,repair,failed,0.0,3.0,"step 1 still violates after 3 repair iterations (triggered by {'immutable': False, 'non_decreasing': True, 'age_horizon': True, 'directional': True})",,,,,,,,,,,,0.0024546670028939843,False,True,True,True
uci,3,v3,dsr_full,0.99,41,decoded_naive,decoded_banded,riemannian,True,7181,8040,0.00031337502878159285,0.03691666596569121,0.00019629101734608412,False,True,repair,failed,0.0,3.0,"step 1 still violates after 3 repair iterations (triggered by {'immutable': False, 'non_decreasing': True, 'age_horizon': True, 'directional': True})",,,,,,,,,,,,0.0023971250047907233,False,True,True,True
uci,3,v3,dsr_full,0.99,45,decoded_naive,decoded_banded,riemannian,True,7181,8040,0.00031337502878159285,0.03691666596569121,0.00019629101734608412,False,True,search,,,,,,,,,,,,,,,,0.001991208060644567,,,,
uci,3,v3,dsr_full,0.99,47,decoded_naive,decoded_banded,riemannian,True,7181,8040,0.00031337502878159285,0.03691666596569121,0.00019629101734608412,False,True,repair,failed,0.0,3.0,"step 1 still violates after 3 repair iterations (triggered by {'immutable': False, 'non_decreasing': True, 'age_horizon': True, 'directional': True})",,,,,,,,,,,,0.0023932919139042497,False,True,True,True
uci,3,v3,dsr_full,0.99,48,decoded_naive,decoded_banded,riemannian,True,7181,8040,0.00031337502878159285,0.03691666596569121,0.00019629101734608412,False,True,search,,,,,,,,,,,,,,,,0.0019410410895943642,,,,
uci,3,v3,dsr_full,0.99,52,decoded_naive,decoded_banded,riemannian,True,7181,8040,0.00031337502878159285,0.03691666596569121,0.00019629101734608412,False,True,search,,,,,,,,,,,,,,,,0.0020004999823868275,,,,
uci,3,v3,dsr_full,0.99,56,decoded_naive,decoded_banded,riemannian,True,7181,8040,0.00031337502878159285,0.03691666596569121,0.00019629101734608412,False,True,repair,failed,0.0,3.0,"step 1 still violates after 3 repair iterations (triggered by {'immutable': False, 'non_decreasing': True, 'age_horizon': True, 'directional': True})",,,,,,,,,,,,0.0024513329844921827,False,True,True,True
uci,4,v3,old_latent_pruning,0.95,3,raw,raw,riemannian,False,7878,8040,0.00028445792850106955,0.042378999991342425,0.0002210000529885292,True,False,,not_attempted,0.0,0.0,,"[201, 102]",2.0,0.08006002008914948,True,True,False,True,False,False,-7.376974559134437,0.2409868687391281,0.002061333041638136,,,,
uci,4,v3,old_latent_pruning,0.95,4,raw,raw,riemannian,False,7878,8040,0.00028445792850106955,0.042378999991342425,0.0002210000529885292,False,True,search,,,,,,,,,,,,,,,,0.001948749995790422,,,,
uci,4,v3,old_latent_pruning,0.95,5,raw,raw,riemannian,False,7878,8040,0.00028445792850106955,0.042378999991342425,0.0002210000529885292,True,False,,not_attempted,0.0,0.0,,"[201, 36]",2.0,0.06143192574381828,True,True,False,True,False,False,-7.194283980254747,0.18980185687541962,0.0019528750563040376,,,,
uci,4,v3,old_latent_pruning,0.95,6,raw,raw,riemannian,False,7878,8040,0.00028445792850106955,0.042378999991342425,0.0002210000529885292,True,False,,not_attempted,0.0,0.0,,"[201, 23]",2.0,0.029420427978038788,False,False,False,False,False,False,-8.06133269410318,0.07624055445194244,0.0021061660954728723,,,,
uci,4,v3,old_latent_pruning,0.95,11,raw,raw,riemannian,False,7878,8040,0.00028445792850106955,0.042378999991342425,0.0002210000529885292,False,True,search,,,,,,,,,,,,,,,,0.0020256669959053397,,,,
uci,4,v3,old_latent_pruning,0.95,14,raw,raw,riemannian,False,7878,8040,0.00028445792850106955,0.042378999991342425,0.0002210000529885292,False,True,search,,,,,,,,,,,,,,,,0.0020206670742481947,,,,
uci,4,v3,old_latent_pruning,0.95,16,raw,raw,riemannian,False,7878,8040,0.00028445792850106955,0.042378999991342425,0.0002210000529885292,False,True,search,,,,,,,,,,,,,,,,0.002014167024753988,,,,
uci,4,v3,old_latent_pruning,0.95,17,raw,raw,riemannian,False,7878,8040,0.00028445792850106955,0.042378999991342425,0.0002210000529885292,False,True,search,,,,,,,,,,,,,,,,0.0019431249238550663,,,,
uci,4,v3,old_latent_pruning,0.95,19,raw,raw,riemannian,False,7878,8040,0.00028445792850106955,0.042378999991342425,0.0002210000529885292,False,True,search,,,,,,,,,,,,,,,,0.0019712919602170587,,,,
uci,4,v3,old_latent_pruning,0.95,20,raw,raw,riemannian,False,7878,8040,0.00028445792850106955,0.042378999991342425,0.0002210000529885292,False,True,search,,,,,,,,,,,,,,,,0.0019101249054074287,,,,
uci,4,v3,old_latent_pruning,0.95,23,raw,raw,riemannian,False,7878,8040,0.00028445792850106955,0.042378999991342425,0.0002210000529885292,False,True,search,,,,,,,,,,,,,,,,0.001987749943509698,,,,
uci,4,v3,old_latent_pruning,0.95,27,raw,raw,riemannian,False,7878,8040,0.00028445792850106955,0.042378999991342425,0.0002210000529885292,False,True,search,,,,,,,,,,,,,,,,0.001897958922199905,,,,
uci,4,v3,old_latent_pruning,0.95,31,raw,raw,riemannian,False,7878,8040,0.00028445792850106955,0.042378999991342425,0.0002210000529885292,True,False,,not_attempted,0.0,0.0,,"[201, 76]",2.0,0.05630824342370033,True,True,False,True,False,False,-7.238786098922209,0.1768486201763153,0.0019352909876033664,,,,
uci,4,v3,old_latent_pruning,0.95,32,raw,raw,riemannian,False,7878,8040,0.00028445792850106955,0.042378999991342425,0.0002210000529885292,False,True,search,,,,,,,,,,,,,,,,0.0019560420187190175,,,,
uci,4,v3,old_latent_pruning,0.95,33,raw,raw,riemannian,False,7878,8040,0.00028445792850106955,0.042378999991342425,0.0002210000529885292,False,True,search,,,,,,,,,,,,,,,,0.0019607499707490206,,,,
uci,4,v3,old_latent_pruning,0.95,34,raw,raw,riemannian,False,7878,8040,0.00028445792850106955,0.042378999991342425,0.0002210000529885292,False,True,search,,,,,,,,,,,,,,,,0.001884375000372529,,,,
uci,4,v3,old_latent_pruning,0.95,36,raw,raw,riemannian,False,7878,8040,0.00028445792850106955,0.042378999991342425,0.0002210000529885292,False,True,search,,,,,,,,,,,,,,,,0.001853915979154408,,,,
uci,4,v3,old_latent_pruning,0.95,37,raw,raw,riemannian,False,7878,8040,0.00028445792850106955,0.042378999991342425,0.0002210000529885292,True,False,,not_attempted,0.0,0.0,,"[201, 188]",2.0,0.06885674595832825,True,True,False,True,False,False,-7.496577970154433,0.17785285413265228,0.0020128749310970306,,,,
uci,4,v3,old_latent_pruning,0.95,38,raw,raw,riemannian,False,7878,8040,0.00028445792850106955,0.042378999991342425,0.0002210000529885292,False,True,search,,,,,,,,,,,,,,,,0.0019413329428061843,,,,
uci,4,v3,old_latent_pruning,0.95,40,raw,raw,riemannian,False,7878,8040,0.00028445792850106955,0.042378999991342425,0.0002210000529885292,False,True,search,,,,,,,,,,,,,,,,0.0019282500725239515,,,,
uci,4,v3,old_latent_pruning,0.95,42,raw,raw,riemannian,False,7878,8040,0.00028445792850106955,0.042378999991342425,0.0002210000529885292,False,True,search,,,,,,,,,,,,,,,,0.0019422919722273946,,,,
uci,4,v3,old_latent_pruning,0.95,44,raw,raw,riemannian,False,7878,8040,0.00028445792850106955,0.042378999991342425,0.0002210000529885292,False,True,search,,,,,,,,,,,,,,,,0.001927834004163742,,,,
uci,4,v3,old_latent_pruning,0.95,45,raw,raw,riemannian,False,7878,8040,0.00028445792850106955,0.042378999991342425,0.0002210000529885292,False,True,search,,,,,,,,,,,,,,,,0.0018807919695973396,,,,
uci,4,v3,old_latent_pruning,0.95,57,raw,raw,riemannian,False,7878,8040,0.00028445792850106955,0.042378999991342425,0.0002210000529885292,False,True,search,,,,,,,,,,,,,,,,0.001898125046864152,,,,
uci,4,v3,old_latent_pruning,0.95,58,raw,raw,riemannian,False,7878,8040,0.00028445792850106955,0.042378999991342425,0.0002210000529885292,False,True,search,,,,,,,,,,,,,,,,0.0020212080562487245,,,,
uci,4,v3,old_latent_pruning,0.95,59,raw,raw,riemannian,False,7878,8040,0.00028445792850106955,0.042378999991342425,0.0002210000529885292,True,False,,not_attempted,0.0,0.0,,"[201, 7]",2.0,0.10017760843038559,True,True,False,True,False,False,-6.957117138667212,0.27859124541282654,0.0020932500483468175,,,,
uci,4,v3,dsr_c1,0.95,3,decoded_naive,decoded_naive,riemannian,False,7054,8040,0.0003166669048368931,0.042378999991342425,0.0002210000529885292,True,False,,not_attempted,0.0,0.0,,"[201, 181, 70, 18]",4.0,0.0619627321138978,False,True,False,False,False,False,-7.390789263301691,0.11354091763496399,0.001932124956510961,,,,
uci,4,v3,dsr_c1,0.95,4,decoded_naive,decoded_naive,riemannian,False,7054,8040,0.0003166669048368931,0.042378999991342425,0.0002210000529885292,True,False,,not_attempted,0.0,0.0,,"[201, 58]",2.0,0.0385732427239418,False,False,False,False,False,False,-7.2484045805580335,0.1316101849079132,0.001999167026951909,,,,
uci,4,v3,dsr_c1,0.95,5,decoded_naive,decoded_naive,riemannian,False,7054,8040,0.0003166669048368931,0.042378999991342425,0.0002210000529885292,True,False,,not_attempted,0.0,0.0,,"[201, 87, 67]",3.0,0.09724368900060654,False,True,False,False,False,False,-7.212722344134199,0.19479461014270782,0.0020387909607961774,,,,
uci,4,v3,dsr_c1,0.95,6,decoded_naive,decoded_naive,riemannian,False,7054,8040,0.0003166669048368931,0.042378999991342425,0.0002210000529885292,True,False,,not_attempted,0.0,0.0,,"[201, 23]",2.0,0.029420427978038788,False,False,False,False,False,False,-8.06133269410318,0.07624055445194244,0.002005374990403652,,,,
uci,4,v3,dsr_c1,0.95,11,decoded_naive,decoded_naive,riemannian,False,7054,8040,0.0003166669048368931,0.042378999991342425,0.0002210000529885292,True,False,,not_attempted,0.0,0.0,,"[201, 178]",2.0,0.025315310806035995,False,False,False,False,False,False,-7.519122487912124,0.060394108295440674,0.0020884580444544554,,,,
uci,4,v3,dsr_c1,0.95,14,decoded_naive,decoded_naive,riemannian,False,7054,8040,0.0003166669048368931,0.042378999991342425,0.0002210000529885292,True,False,,not_attempted,0.0,0.0,,"[201, 102]",2.0,0.05895315855741501,False,False,False,False,False,False,-7.348976887892364,0.1651085466146469,0.0019821670139208436,,,,
uci,4,v3,dsr_c1,0.95,16,decoded_naive,decoded_naive,riemannian,False,7054,8040,0.0003166669048368931,0.042378999991342425,0.0002210000529885292,False,True,search,,,,,,,,,,,,,,,,0.0020104589639231563,,,,
uci,4,v3,dsr_c1,0.95,17,decoded_naive,decoded_naive,riemannian,False,7054,8040,0.0003166669048368931,0.042378999991342425,0.0002210000529885292,True,False,,not_attempted,0.0,0.0,,"[201, 23]",2.0,0.010142992250621319,False,False,False,False,False,False,-8.083141840361414,0.01893702894449234,0.0020347500685602427,,,,
uci,4,v3,dsr_c1,0.95,19,decoded_naive,decoded_naive,riemannian,False,7054,8040,0.0003166669048368931,0.042378999991342425,0.0002210000529885292,False,True,search,,,,,,,,,,,,,,,,0.0019513339502736926,,,,
uci,4,v3,dsr_c1,0.95,20,decoded_naive,decoded_naive,riemannian,False,7054,8040,0.0003166669048368931,0.042378999991342425,0.0002210000529885292,False,True,search,,,,,,,,,,,,,,,,0.0018777080113068223,,,,
uci,4,v3,dsr_c1,0.95,23,decoded_naive,decoded_naive,riemannian,False,7054,8040,0.0003166669048368931,0.042378999991342425,0.0002210000529885292,True,False,,not_attempted,0.0,0.0,,"[201, 23]",2.0,0.008256064727902412,False,False,False,False,False,False,-8.08014494625576,0.02937830612063408,0.0020267500076442957,,,,
uci,4,v3,dsr_c1,0.95,27,decoded_naive,decoded_naive,riemannian,False,7054,8040,0.0003166669048368931,0.042378999991342425,0.0002210000529885292,False,True,search,,,,,,,,,,,,,,,,0.0020410839933902025,,,,
uci,4,v3,dsr_c1,0.95,31,decoded_naive,decoded_naive,riemannian,False,7054,8040,0.0003166669048368931,0.042378999991342425,0.0002210000529885292,True,False,,not_attempted,0.0,0.0,,"[201, 175]",2.0,0.008754280395805836,False,False,False,False,False,False,-7.24713920492024,0.03147132694721222,0.0019283749861642718,,,,
uci,4,v3,dsr_c1,0.95,32,decoded_naive,decoded_naive,riemannian,False,7054,8040,0.0003166669048368931,0.042378999991342425,0.0002210000529885292,True,False,,not_attempted,0.0,0.0,,"[201, 184]",2.0,0.045478835701942444,False,False,False,False,False,False,-7.55982768917726,0.11677472293376923,0.0019769170321524143,,,,
uci,4,v3,dsr_c1,0.95,33,decoded_naive,decoded_naive,riemannian,False,7054,8040,0.0003166669048368931,0.042378999991342425,0.0002210000529885292,False,True,search,,,,,,,,,,,,,,,,0.001953791012056172,,,,
uci,4,v3,dsr_c1,0.95,34,decoded_naive,decoded_naive,riemannian,False,7054,8040,0.0003166669048368931,0.042378999991342425,0.0002210000529885292,True,False,,not_attempted,0.0,0.0,,"[201, 102]",2.0,0.028579922392964363,False,False,False,False,False,False,-7.359073246814953,0.09739702939987183,0.0019797920249402523,,,,
uci,4,v3,dsr_c1,0.95,36,decoded_naive,decoded_naive,riemannian,False,7054,8040,0.0003166669048368931,0.042378999991342425,0.0002210000529885292,True,False,,not_attempted,0.0,0.0,,"[201, 188]",2.0,0.0324140302836895,False,False,False,False,False,False,-7.461386613068293,0.08932803571224213,0.0019682920537889004,,,,
uci,4,v3,dsr_c1,0.95,37,decoded_naive,decoded_naive,riemannian,False,7054,8040,0.0003166669048368931,0.042378999991342425,0.0002210000529885292,True,False,,not_attempted,0.0,0.0,,"[201, 178]",2.0,0.014082644134759903,False,False,False,False,False,False,-7.524351684541213,0.04392337054014206,0.001955999992787838,,,,
uci,4,v3,dsr_c1,0.95,38,decoded_naive,decoded_naive,riemannian,False,7054,8040,0.0003166669048368931,0.042378999991342425,0.0002210000529885292,False,True,search,,,,,,,,,,,,,,,,0.002109707915224135,,,,
uci,4,v3,dsr_c1,0.95,40,decoded_naive,decoded_naive,riemannian,False,7054,8040,0.0003166669048368931,0.042378999991342425,0.0002210000529885292,False,True,search,,,,,,,,,,,,,,,,0.0020014579640701413,,,,
uci,4,v3,dsr_c1,0.95,42,decoded_naive,decoded_naive,riemannian,False,7054,8040,0.0003166669048368931,0.042378999991342425,0.0002210000529885292,False,True,search,,,,,,,,,,,,,,,,0.001921582967042923,,,,
uci,4,v3,dsr_c1,0.95,44,decoded_naive,decoded_naive,riemannian,False,7054,8040,0.0003166669048368931,0.042378999991342425,0.0002210000529885292,False,True,search,,,,,,,,,,,,,,,,0.0019388749497011304,,,,
uci,4,v3,dsr_c1,0.95,45,decoded_naive,decoded_naive,riemannian,False,7054,8040,0.0003166669048368931,0.042378999991342425,0.0002210000529885292,True,False,,not_attempted,0.0,0.0,,"[201, 68]",2.0,0.04949711263179779,False,False,False,False,False,False,-7.264416955407175,0.17223910987377167,0.001911250059492886,,,,
uci,4,v3,dsr_c1,0.95,57,decoded_naive,decoded_naive,riemannian,False,7054,8040,0.0003166669048368931,0.042378999991342425,0.0002210000529885292,False,True,search,,,,,,,,,,,,,,,,0.0023606669856235385,,,,
uci,4,v3,dsr_c1,0.95,58,decoded_naive,decoded_naive,riemannian,False,7054,8040,0.0003166669048368931,0.042378999991342425,0.0002210000529885292,False,True,search,,,,,,,,,,,,,,,,0.0021552499383687973,,,,
uci,4,v3,dsr_c1,0.95,59,decoded_naive,decoded_naive,riemannian,False,7054,8040,0.0003166669048368931,0.042378999991342425,0.0002210000529885292,True,False,,not_attempted,0.0,0.0,,"[201, 56]",2.0,0.013721182942390442,False,False,False,False,False,False,-6.960268180664146,0.03573449328541756,0.002120958990417421,,,,
uci,4,v3,dsr_c1c2,0.95,3,decoded_banded,decoded_banded,riemannian,False,8040,8040,0.00023091596085578203,0.042378999991342425,0.0002210000529885292,False,True,search,,,,,,,,,,,,,,,,0.0021254169987514615,,,,
uci,4,v3,dsr_c1c2,0.95,4,decoded_banded,decoded_banded,riemannian,False,8040,8040,0.00023091596085578203,0.042378999991342425,0.0002210000529885292,False,True,search,,,,,,,,,,,,,,,,0.00202933291438967,,,,
uci,4,v3,dsr_c1c2,0.95,5,decoded_banded,decoded_banded,riemannian,False,8040,8040,0.00023091596085578203,0.042378999991342425,0.0002210000529885292,False,True,search,,,,,,,,,,,,,,,,0.001972750062122941,,,,
uci,4,v3,dsr_c1c2,0.95,6,decoded_banded,decoded_banded,riemannian,False,8040,8040,0.00023091596085578203,0.042378999991342425,0.0002210000529885292,False,True,search,,,,,,,,,,,,,,,,0.001924582989886403,,,,
uci,4,v3,dsr_c1c2,0.95,11,decoded_banded,decoded_banded,riemannian,False,8040,8040,0.00023091596085578203,0.042378999991342425,0.0002210000529885292,False,True,search,,,,,,,,,,,,,,,,0.0018878330010920763,,,,
uci,4,v3,dsr_c1c2,0.95,14,decoded_banded,decoded_banded,riemannian,False,8040,8040,0.00023091596085578203,0.042378999991342425,0.0002210000529885292,False,True,search,,,,,,,,,,,,,,,,0.0019797079730778933,,,,
uci,4,v3,dsr_c1c2,0.95,16,decoded_banded,decoded_banded,riemannian,False,8040,8040,0.00023091596085578203,0.042378999991342425,0.0002210000529885292,False,True,search,,,,,,,,,,,,,,,,0.0018648329423740506,,,,
uci,4,v3,dsr_c1c2,0.95,17,decoded_banded,decoded_banded,riemannian,False,8040,8040,0.00023091596085578203,0.042378999991342425,0.0002210000529885292,False,True,search,,,,,,,,,,,,,,,,0.0018778330413624644,,,,
uci,4,v3,dsr_c1c2,0.95,19,decoded_banded,decoded_banded,riemannian,False,8040,8040,0.00023091596085578203,0.042378999991342425,0.0002210000529885292,False,True,search,,,,,,,,,,,,,,,,0.001937209046445787,,,,
uci,4,v3,dsr_c1c2,0.95,20,decoded_banded,decoded_banded,riemannian,False,8040,8040,0.00023091596085578203,0.042378999991342425,0.0002210000529885292,False,True,search,,,,,,,,,,,,,,,,0.0019197920337319374,,,,
uci,4,v3,dsr_c1c2,0.95,23,decoded_banded,decoded_banded,riemannian,False,8040,8040,0.00023091596085578203,0.042378999991342425,0.0002210000529885292,False,True,search,,,,,,,,,,,,,,,,0.0018913339590653777,,,,
uci,4,v3,dsr_c1c2,0.95,27,decoded_banded,decoded_banded,riemannian,False,8040,8040,0.00023091596085578203,0.042378999991342425,0.0002210000529885292,False,True,search,,,,,,,,,,,,,,,,0.0018980420427396894,,,,
uci,4,v3,dsr_c1c2,0.95,31,decoded_banded,decoded_banded,riemannian,False,8040,8040,0.00023091596085578203,0.042378999991342425,0.0002210000529885292,False,True,search,,,,,,,,,,,,,,,,0.0019354169489815831,,,,
uci,4,v3,dsr_c1c2,0.95,32,decoded_banded,decoded_banded,riemannian,False,8040,8040,0.00023091596085578203,0.042378999991342425,0.0002210000529885292,False,True,search,,,,,,,,,,,,,,,,0.0018486250191926956,,,,
uci,4,v3,dsr_c1c2,0.95,33,decoded_banded,decoded_banded,riemannian,False,8040,8040,0.00023091596085578203,0.042378999991342425,0.0002210000529885292,False,True,search,,,,,,,,,,,,,,,,0.0018605829682201147,,,,
uci,4,v3,dsr_c1c2,0.95,34,decoded_banded,decoded_banded,riemannian,False,8040,8040,0.00023091596085578203,0.042378999991342425,0.0002210000529885292,False,True,search,,,,,,,,,,,,,,,,0.0018882080912590027,,,,
uci,4,v3,dsr_c1c2,0.95,36,decoded_banded,decoded_banded,riemannian,False,8040,8040,0.00023091596085578203,0.042378999991342425,0.0002210000529885292,False,True,search,,,,,,,,,,,,,,,,0.0019238339737057686,,,,
uci,4,v3,dsr_c1c2,0.95,37,decoded_banded,decoded_banded,riemannian,False,8040,8040,0.00023091596085578203,0.042378999991342425,0.0002210000529885292,False,True,search,,,,,,,,,,,,,,,,0.0018577920272946358,,,,
uci,4,v3,dsr_c1c2,0.95,38,decoded_banded,decoded_banded,riemannian,False,8040,8040,0.00023091596085578203,0.042378999991342425,0.0002210000529885292,False,True,search,,,,,,,,,,,,,,,,0.0019638329977169633,,,,
uci,4,v3,dsr_c1c2,0.95,40,decoded_banded,decoded_banded,riemannian,False,8040,8040,0.00023091596085578203,0.042378999991342425,0.0002210000529885292,False,True,search,,,,,,,,,,,,,,,,0.001973541919142008,,,,
uci,4,v3,dsr_c1c2,0.95,42,decoded_banded,decoded_banded,riemannian,False,8040,8040,0.00023091596085578203,0.042378999991342425,0.0002210000529885292,False,True,search,,,,,,,,,,,,,,,,0.0018402920104563236,,,,
uci,4,v3,dsr_c1c2,0.95,44,decoded_banded,decoded_banded,riemannian,False,8040,8040,0.00023091596085578203,0.042378999991342425,0.0002210000529885292,False,True,search,,,,,,,,,,,,,,,,0.0019055840093642473,,,,
uci,4,v3,dsr_c1c2,0.95,45,decoded_banded,decoded_banded,riemannian,False,8040,8040,0.00023091596085578203,0.042378999991342425,0.0002210000529885292,False,True,search,,,,,,,,,,,,,,,,0.0018959579756483436,,,,
uci,4,v3,dsr_c1c2,0.95,57,decoded_banded,decoded_banded,riemannian,False,8040,8040,0.00023091596085578203,0.042378999991342425,0.0002210000529885292,False,True,search,,,,,,,,,,,,,,,,0.0019227908924221992,,,,
uci,4,v3,dsr_c1c2,0.95,58,decoded_banded,decoded_banded,riemannian,False,8040,8040,0.00023091596085578203,0.042378999991342425,0.0002210000529885292,False,True,search,,,,,,,,,,,,,,,,0.0018765419954434037,,,,
uci,4,v3,dsr_c1c2,0.95,59,decoded_banded,decoded_banded,riemannian,False,8040,8040,0.00023091596085578203,0.042378999991342425,0.0002210000529885292,False,True,search,,,,,,,,,,,,,,,,0.0018810409819707274,,,,
uci,4,v3,dsr_full,0.95,3,decoded_naive,decoded_banded,riemannian,True,7054,8040,0.00031879195012152195,0.042378999991342425,0.0002210000529885292,False,True,repair,failed,0.0,3.0,"step 1 still violates after 3 repair iterations (triggered by {'immutable': False, 'non_decreasing': True, 'age_horizon': True, 'directional': True})",,,,,,,,,,,,0.002366167027503252,False,True,True,True
uci,4,v3,dsr_full,0.95,4,decoded_naive,decoded_banded,riemannian,True,7054,8040,0.00031879195012152195,0.042378999991342425,0.0002210000529885292,False,True,repair,failed,0.0,3.0,"step 1 still violates after 3 repair iterations (triggered by {'immutable': False, 'non_decreasing': True, 'age_horizon': True, 'directional': True})",,,,,,,,,,,,0.0023436249466612935,False,True,True,True
uci,4,v3,dsr_full,0.95,5,decoded_naive,decoded_banded,riemannian,True,7054,8040,0.00031879195012152195,0.042378999991342425,0.0002210000529885292,False,True,repair,failed,0.0,3.0,"step 1 still violates after 3 repair iterations (triggered by {'immutable': False, 'non_decreasing': True, 'age_horizon': True, 'directional': True})",,,,,,,,,,,,0.002437666989862919,False,True,True,True
uci,4,v3,dsr_full,0.95,6,decoded_naive,decoded_banded,riemannian,True,7054,8040,0.00031879195012152195,0.042378999991342425,0.0002210000529885292,False,True,repair,failed,0.0,3.0,"step 1 still violates after 3 repair iterations (triggered by {'immutable': False, 'non_decreasing': True, 'age_horizon': True, 'directional': True})",,,,,,,,,,,,0.002348958980292082,False,True,True,True
uci,4,v3,dsr_full,0.95,11,decoded_naive,decoded_banded,riemannian,True,7054,8040,0.00031879195012152195,0.042378999991342425,0.0002210000529885292,False,True,repair,failed,0.0,3.0,"step 1 still violates after 3 repair iterations (triggered by {'immutable': False, 'non_decreasing': True, 'age_horizon': True, 'directional': True})",,,,,,,,,,,,0.0023145420709624887,False,True,True,True
uci,4,v3,dsr_full,0.95,14,decoded_naive,decoded_banded,riemannian,True,7054,8040,0.00031879195012152195,0.042378999991342425,0.0002210000529885292,False,True,repair,failed,0.0,3.0,"step 1 still violates after 3 repair iterations (triggered by {'immutable': False, 'non_decreasing': True, 'age_horizon': True, 'directional': True})",,,,,,,,,,,,0.002444458077661693,False,True,True,True
uci,4,v3,dsr_full,0.95,16,decoded_naive,decoded_banded,riemannian,True,7054,8040,0.00031879195012152195,0.042378999991342425,0.0002210000529885292,False,True,search,,,,,,,,,,,,,,,,0.0019006249494850636,,,,
uci,4,v3,dsr_full,0.95,17,decoded_naive,decoded_banded,riemannian,True,7054,8040,0.00031879195012152195,0.042378999991342425,0.0002210000529885292,False,True,repair,failed,0.0,3.0,"step 1 still violates after 3 repair iterations (triggered by {'immutable': False, 'non_decreasing': True, 'age_horizon': True, 'directional': True})",,,,,,,,,,,,0.0023393339943140745,False,True,True,True
uci,4,v3,dsr_full,0.95,19,decoded_naive,decoded_banded,riemannian,True,7054,8040,0.00031879195012152195,0.042378999991342425,0.0002210000529885292,False,True,search,,,,,,,,,,,,,,,,0.0019451250554993749,,,,
uci,4,v3,dsr_full,0.95,20,decoded_naive,decoded_banded,riemannian,True,7054,8040,0.00031879195012152195,0.042378999991342425,0.0002210000529885292,False,True,search,,,,,,,,,,,,,,,,0.001914708991535008,,,,
uci,4,v3,dsr_full,0.95,23,decoded_naive,decoded_banded,riemannian,True,7054,8040,0.00031879195012152195,0.042378999991342425,0.0002210000529885292,False,True,repair,failed,0.0,3.0,"step 1 still violates after 3 repair iterations (triggered by {'immutable': False, 'non_decreasing': True, 'age_horizon': True, 'directional': True})",,,,,,,,,,,,0.002375915995799005,False,True,True,True
uci,4,v3,dsr_full,0.95,27,decoded_naive,decoded_banded,riemannian,True,7054,8040,0.00031879195012152195,0.042378999991342425,0.0002210000529885292,False,True,search,,,,,,,,,,,,,,,,0.0019376249983906746,,,,
uci,4,v3,dsr_full,0.95,31,decoded_naive,decoded_banded,riemannian,True,7054,8040,0.00031879195012152195,0.042378999991342425,0.0002210000529885292,False,True,repair,failed,0.0,3.0,"step 1 still violates after 3 repair iterations (triggered by {'immutable': False, 'non_decreasing': True, 'age_horizon': True, 'directional': True})",,,,,,,,,,,,0.0024411670165136456,False,True,True,True
uci,4,v3,dsr_full,0.95,32,decoded_naive,decoded_banded,riemannian,True,7054,8040,0.00031879195012152195,0.042378999991342425,0.0002210000529885292,False,True,repair,failed,0.0,3.0,"step 1 still violates after 3 repair iterations (triggered by {'immutable': False, 'non_decreasing': True, 'age_horizon': True, 'directional': True})",,,,,,,,,,,,0.002409250009804964,False,True,True,True
uci,4,v3,dsr_full,0.95,33,decoded_naive,decoded_banded,riemannian,True,7054,8040,0.00031879195012152195,0.042378999991342425,0.0002210000529885292,False,True,search,,,,,,,,,,,,,,,,0.0019816249841824174,,,,
uci,4,v3,dsr_full,0.95,34,decoded_naive,decoded_banded,riemannian,True,7054,8040,0.00031879195012152195,0.042378999991342425,0.0002210000529885292,False,True,repair,failed,0.0,3.0,"step 1 still violates after 3 repair iterations (triggered by {'immutable': False, 'non_decreasing': True, 'age_horizon': True, 'directional': True})",,,,,,,,,,,,0.002428209059871733,False,True,True,True
uci,4,v3,dsr_full,0.95,36,decoded_naive,decoded_banded,riemannian,True,7054,8040,0.00031879195012152195,0.042378999991342425,0.0002210000529885292,False,True,repair,failed,0.0,3.0,"step 1 still violates after 3 repair iterations (triggered by {'immutable': False, 'non_decreasing': True, 'age_horizon': True, 'directional': True})",,,,,,,,,,,,0.002306499984115362,False,True,True,True
uci,4,v3,dsr_full,0.95,37,decoded_naive,decoded_banded,riemannian,True,7054,8040,0.00031879195012152195,0.042378999991342425,0.0002210000529885292,False,True,repair,failed,0.0,3.0,"step 1 still violates after 3 repair iterations (triggered by {'immutable': False, 'non_decreasing': True, 'age_horizon': True, 'directional': True})",,,,,,,,,,,,0.0025022089248523116,False,True,True,True
uci,4,v3,dsr_full,0.95,38,decoded_naive,decoded_banded,riemannian,True,7054,8040,0.00031879195012152195,0.042378999991342425,0.0002210000529885292,False,True,search,,,,,,,,,,,,,,,,0.001940040965564549,,,,
uci,4,v3,dsr_full,0.95,40,decoded_naive,decoded_banded,riemannian,True,7054,8040,0.00031879195012152195,0.042378999991342425,0.0002210000529885292,False,True,search,,,,,,,,,,,,,,,,0.0020358340116217732,,,,
uci,4,v3,dsr_full,0.95,42,decoded_naive,decoded_banded,riemannian,True,7054,8040,0.00031879195012152195,0.042378999991342425,0.0002210000529885292,False,True,search,,,,,,,,,,,,,,,,0.0020072920015081763,,,,
uci,4,v3,dsr_full,0.95,44,decoded_naive,decoded_banded,riemannian,True,7054,8040,0.00031879195012152195,0.042378999991342425,0.0002210000529885292,False,True,search,,,,,,,,,,,,,,,,0.002015999983996153,,,,
uci,4,v3,dsr_full,0.95,45,decoded_naive,decoded_banded,riemannian,True,7054,8040,0.00031879195012152195,0.042378999991342425,0.0002210000529885292,False,True,repair,failed,0.0,3.0,"step 1 still violates after 3 repair iterations (triggered by {'immutable': False, 'non_decreasing': True, 'age_horizon': True, 'directional': True})",,,,,,,,,,,,0.002395416027866304,False,True,True,True
uci,4,v3,dsr_full,0.95,57,decoded_naive,decoded_banded,riemannian,True,7054,8040,0.00031879195012152195,0.042378999991342425,0.0002210000529885292,False,True,search,,,,,,,,,,,,,,,,0.0019053749274462461,,,,
uci,4,v3,dsr_full,0.95,58,decoded_naive,decoded_banded,riemannian,True,7054,8040,0.00031879195012152195,0.042378999991342425,0.0002210000529885292,False,True,search,,,,,,,,,,,,,,,,0.0018646249081939459,,,,
uci,4,v3,dsr_full,0.95,59,decoded_naive,decoded_banded,riemannian,True,7054,8040,0.00031879195012152195,0.042378999991342425,0.0002210000529885292,False,True,repair,failed,0.0,3.0,"step 1 still violates after 3 repair iterations (triggered by {'immutable': False, 'non_decreasing': True, 'age_horizon': True, 'directional': True})",,,,,,,,,,,,0.00245479098521173,False,True,True,True
uci,4,v3,dsr_full_euclidean,0.95,3,decoded_naive,decoded_banded,euclidean,True,7054,8040,0.00031525001395493746,0.042378999991342425,0.0002210000529885292,False,True,repair,failed,0.0,3.0,"step 1 still violates after 3 repair iterations (triggered by {'immutable': False, 'non_decreasing': True, 'age_horizon': True, 'directional': True})",,,,,,,,,,,,0.0024336669594049454,False,True,True,True
uci,4,v3,dsr_full_euclidean,0.95,4,decoded_naive,decoded_banded,euclidean,True,7054,8040,0.00031525001395493746,0.042378999991342425,0.0002210000529885292,False,True,repair,failed,0.0,3.0,"step 1 still violates after 3 repair iterations (triggered by {'immutable': False, 'non_decreasing': True, 'age_horizon': True, 'directional': True})",,,,,,,,,,,,0.0023631249787285924,False,True,True,True
uci,4,v3,dsr_full_euclidean,0.95,5,decoded_naive,decoded_banded,euclidean,True,7054,8040,0.00031525001395493746,0.042378999991342425,0.0002210000529885292,False,True,repair,failed,0.0,3.0,"step 1 still violates after 3 repair iterations (triggered by {'immutable': False, 'non_decreasing': True, 'age_horizon': True, 'directional': True})",,,,,,,,,,,,0.002389166969805956,False,True,True,True
uci,4,v3,dsr_full_euclidean,0.95,6,decoded_naive,decoded_banded,euclidean,True,7054,8040,0.00031525001395493746,0.042378999991342425,0.0002210000529885292,False,True,repair,failed,0.0,3.0,"step 1 still violates after 3 repair iterations (triggered by {'immutable': False, 'non_decreasing': True, 'age_horizon': True, 'directional': True})",,,,,,,,,,,,0.002405333914794028,False,True,True,True
uci,4,v3,dsr_full_euclidean,0.95,11,decoded_naive,decoded_banded,euclidean,True,7054,8040,0.00031525001395493746,0.042378999991342425,0.0002210000529885292,False,True,repair,failed,0.0,3.0,"step 1 still violates after 3 repair iterations (triggered by {'immutable': False, 'non_decreasing': True, 'age_horizon': True, 'directional': True})",,,,,,,,,,,,0.0023875830229371786,False,True,True,True
uci,4,v3,dsr_full_euclidean,0.95,14,decoded_naive,decoded_banded,euclidean,True,7054,8040,0.00031525001395493746,0.042378999991342425,0.0002210000529885292,False,True,repair,failed,0.0,3.0,"step 1 still violates after 3 repair iterations (triggered by {'immutable': False, 'non_decreasing': True, 'age_horizon': True, 'directional': True})",,,,,,,,,,,,0.0023329579271376133,False,True,True,True
uci,4,v3,dsr_full_euclidean,0.95,16,decoded_naive,decoded_banded,euclidean,True,7054,8040,0.00031525001395493746,0.042378999991342425,0.0002210000529885292,False,True,search,,,,,,,,,,,,,,,,0.0020300420001149178,,,,
uci,4,v3,dsr_full_euclidean,0.95,17,decoded_naive,decoded_banded,euclidean,True,7054,8040,0.00031525001395493746,0.042378999991342425,0.0002210000529885292,False,True,repair,failed,0.0,3.0,"step 1 still violates after 3 repair iterations (triggered by {'immutable': False, 'non_decreasing': True, 'age_horizon': True, 'directional': True})",,,,,,,,,,,,0.0023766669910401106,False,True,True,True
uci,4,v3,dsr_full_euclidean,0.95,19,decoded_naive,decoded_banded,euclidean,True,7054,8040,0.00031525001395493746,0.042378999991342425,0.0002210000529885292,False,True,search,,,,,,,,,,,,,,,,0.001915082917548716,,,,
uci,4,v3,dsr_full_euclidean,0.95,20,decoded_naive,decoded_banded,euclidean,True,7054,8040,0.00031525001395493746,0.042378999991342425,0.0002210000529885292,False,True,search,,,,,,,,,,,,,,,,0.001966750016435981,,,,
uci,4,v3,dsr_full_euclidean,0.95,23,decoded_naive,decoded_banded,euclidean,True,7054,8040,0.00031525001395493746,0.042378999991342425,0.0002210000529885292,False,True,repair,failed,0.0,3.0,"step 1 still violates after 3 repair iterations (triggered by {'immutable': False, 'non_decreasing': True, 'age_horizon': True, 'directional': True})",,,,,,,,,,,,0.002310416894033551,False,True,True,True
uci,4,v3,dsr_full_euclidean,0.95,27,decoded_naive,decoded_banded,euclidean,True,7054,8040,0.00031525001395493746,0.042378999991342425,0.0002210000529885292,False,True,search,,,,,,,,,,,,,,,,0.0019373750546947122,,,,
uci,4,v3,dsr_full_euclidean,0.95,31,decoded_naive,decoded_banded,euclidean,True,7054,8040,0.00031525001395493746,0.042378999991342425,0.0002210000529885292,False,True,repair,failed,0.0,3.0,"step 1 still violates after 3 repair iterations (triggered by {'immutable': False, 'non_decreasing': True, 'age_horizon': True, 'directional': True})",,,,,,,,,,,,0.002365749911405146,False,True,True,True
uci,4,v3,dsr_full_euclidean,0.95,32,decoded_naive,decoded_banded,euclidean,True,7054,8040,0.00031525001395493746,0.042378999991342425,0.0002210000529885292,False,True,repair,failed,0.0,3.0,"step 1 still violates after 3 repair iterations (triggered by {'immutable': False, 'non_decreasing': True, 'age_horizon': True, 'directional': True})",,,,,,,,,,,,0.002449542051181197,False,True,True,True
uci,4,v3,dsr_full_euclidean,0.95,33,decoded_naive,decoded_banded,euclidean,True,7054,8040,0.00031525001395493746,0.042378999991342425,0.0002210000529885292,False,True,search,,,,,,,,,,,,,,,,0.0019506250973790884,,,,
uci,4,v3,dsr_full_euclidean,0.95,34,decoded_naive,decoded_banded,euclidean,True,7054,8040,0.00031525001395493746,0.042378999991342425,0.0002210000529885292,False,True,repair,failed,0.0,3.0,"step 1 still violates after 3 repair iterations (triggered by {'immutable': False, 'non_decreasing': True, 'age_horizon': True, 'directional': True})",,,,,,,,,,,,0.002379499957896769,False,True,True,True
uci,4,v3,dsr_full_euclidean,0.95,36,decoded_naive,decoded_banded,euclidean,True,7054,8040,0.00031525001395493746,0.042378999991342425,0.0002210000529885292,False,True,repair,failed,0.0,3.0,"step 1 still violates after 3 repair iterations (triggered by {'immutable': False, 'non_decreasing': True, 'age_horizon': True, 'directional': True})",,,,,,,,,,,,0.0024696249747648835,False,True,True,True
uci,4,v3,dsr_full_euclidean,0.95,37,decoded_naive,decoded_banded,euclidean,True,7054,8040,0.00031525001395493746,0.042378999991342425,0.0002210000529885292,False,True,repair,failed,0.0,3.0,"step 1 still violates after 3 repair iterations (triggered by {'immutable': False, 'non_decreasing': True, 'age_horizon': True, 'directional': True})",,,,,,,,,,,,0.002367874956689775,False,True,True,True
uci,4,v3,dsr_full_euclidean,0.95,38,decoded_naive,decoded_banded,euclidean,True,7054,8040,0.00031525001395493746,0.042378999991342425,0.0002210000529885292,False,True,search,,,,,,,,,,,,,,,,0.0019174159970134497,,,,
uci,4,v3,dsr_full_euclidean,0.95,40,decoded_naive,decoded_banded,euclidean,True,7054,8040,0.00031525001395493746,0.042378999991342425,0.0002210000529885292,False,True,search,,,,,,,,,,,,,,,,0.00194041698705405,,,,
uci,4,v3,dsr_full_euclidean,0.95,42,decoded_naive,decoded_banded,euclidean,True,7054,8040,0.00031525001395493746,0.042378999991342425,0.0002210000529885292,False,True,search,,,,,,,,,,,,,,,,0.002042209031060338,,,,
uci,4,v3,dsr_full_euclidean,0.95,44,decoded_naive,decoded_banded,euclidean,True,7054,8040,0.00031525001395493746,0.042378999991342425,0.0002210000529885292,False,True,search,,,,,,,,,,,,,,,,0.0018916670233011246,,,,
uci,4,v3,dsr_full_euclidean,0.95,45,decoded_naive,decoded_banded,euclidean,True,7054,8040,0.00031525001395493746,0.042378999991342425,0.0002210000529885292,False,True,repair,failed,0.0,3.0,"step 1 still violates after 3 repair iterations (triggered by {'immutable': False, 'non_decreasing': True, 'age_horizon': True, 'directional': True})",,,,,,,,,,,,0.0023622920271009207,False,True,True,True
uci,4,v3,dsr_full_euclidean,0.95,57,decoded_naive,decoded_banded,euclidean,True,7054,8040,0.00031525001395493746,0.042378999991342425,0.0002210000529885292,False,True,search,,,,,,,,,,,,,,,,0.0018930420046672225,,,,
uci,4,v3,dsr_full_euclidean,0.95,58,decoded_naive,decoded_banded,euclidean,True,7054,8040,0.00031525001395493746,0.042378999991342425,0.0002210000529885292,False,True,search,,,,,,,,,,,,,,,,0.001928167068399489,,,,
uci,4,v3,dsr_full_euclidean,0.95,59,decoded_naive,decoded_banded,euclidean,True,7054,8040,0.00031525001395493746,0.042378999991342425,0.0002210000529885292,False,True,repair,failed,0.0,3.0,"step 1 still violates after 3 repair iterations (triggered by {'immutable': False, 'non_decreasing': True, 'age_horizon': True, 'directional': True})",,,,,,,,,,,,0.0023343340726569295,False,True,True,True
uci,4,v3,dsr_bands_no_identity,0.95,3,banded_no_identity,banded_no_identity,riemannian,False,8040,8040,0.00023704208433628082,0.042378999991342425,0.0002210000529885292,False,True,search,,,,,,,,,,,,,,,,0.002042749896645546,,,,
uci,4,v3,dsr_bands_no_identity,0.95,4,banded_no_identity,banded_no_identity,riemannian,False,8040,8040,0.00023704208433628082,0.042378999991342425,0.0002210000529885292,False,True,search,,,,,,,,,,,,,,,,0.0018992499681189656,,,,
uci,4,v3,dsr_bands_no_identity,0.95,5,banded_no_identity,banded_no_identity,riemannian,False,8040,8040,0.00023704208433628082,0.042378999991342425,0.0002210000529885292,False,True,search,,,,,,,,,,,,,,,,0.0019024169305339456,,,,
uci,4,v3,dsr_bands_no_identity,0.95,6,banded_no_identity,banded_no_identity,riemannian,False,8040,8040,0.00023704208433628082,0.042378999991342425,0.0002210000529885292,False,True,search,,,,,,,,,,,,,,,,0.0019197500078007579,,,,
uci,4,v3,dsr_bands_no_identity,0.95,11,banded_no_identity,banded_no_identity,riemannian,False,8040,8040,0.00023704208433628082,0.042378999991342425,0.0002210000529885292,False,True,search,,,,,,,,,,,,,,,,0.0019157499773427844,,,,
uci,4,v3,dsr_bands_no_identity,0.95,14,banded_no_identity,banded_no_identity,riemannian,False,8040,8040,0.00023704208433628082,0.042378999991342425,0.0002210000529885292,False,True,search,,,,,,,,,,,,,,,,0.001877542003057897,,,,
uci,4,v3,dsr_bands_no_identity,0.95,16,banded_no_identity,banded_no_identity,riemannian,False,8040,8040,0.00023704208433628082,0.042378999991342425,0.0002210000529885292,False,True,search,,,,,,,,,,,,,,,,0.0019405410857871175,,,,
uci,4,v3,dsr_bands_no_identity,0.95,17,banded_no_identity,banded_no_identity,riemannian,False,8040,8040,0.00023704208433628082,0.042378999991342425,0.0002210000529885292,False,True,search,,,,,,,,,,,,,,,,0.0019777079578489065,,,,
uci,4,v3,dsr_bands_no_identity,0.95,19,banded_no_identity,banded_no_identity,riemannian,False,8040,8040,0.00023704208433628082,0.042378999991342425,0.0002210000529885292,False,True,search,,,,,,,,,,,,,,,,0.0018727920250967145,,,,
uci,4,v3,dsr_bands_no_identity,0.95,20,banded_no_identity,banded_no_identity,riemannian,False,8040,8040,0.00023704208433628082,0.042378999991342425,0.0002210000529885292,False,True,search,,,,,,,,,,,,,,,,0.0019877500599250197,,,,
uci,4,v3,dsr_bands_no_identity,0.95,23,banded_no_identity,banded_no_identity,riemannian,False,8040,8040,0.00023704208433628082,0.042378999991342425,0.0002210000529885292,False,True,search,,,,,,,,,,,,,,,,0.0018614169675856829,,,,
uci,4,v3,dsr_bands_no_identity,0.95,27,banded_no_identity,banded_no_identity,riemannian,False,8040,8040,0.00023704208433628082,0.042378999991342425,0.0002210000529885292,False,True,search,,,,,,,,,,,,,,,,0.0018584580393508077,,,,
uci,4,v3,dsr_bands_no_identity,0.95,31,banded_no_identity,banded_no_identity,riemannian,False,8040,8040,0.00023704208433628082,0.042378999991342425,0.0002210000529885292,False,True,search,,,,,,,,,,,,,,,,0.001900249975733459,,,,
uci,4,v3,dsr_bands_no_identity,0.95,32,banded_no_identity,banded_no_identity,riemannian,False,8040,8040,0.00023704208433628082,0.042378999991342425,0.0002210000529885292,False,True,search,,,,,,,,,,,,,,,,0.0019054579315707088,,,,
uci,4,v3,dsr_bands_no_identity,0.95,33,banded_no_identity,banded_no_identity,riemannian,False,8040,8040,0.00023704208433628082,0.042378999991342425,0.0002210000529885292,False,True,search,,,,,,,,,,,,,,,,0.0019883749773725867,,,,
uci,4,v3,dsr_bands_no_identity,0.95,34,banded_no_identity,banded_no_identity,riemannian,False,8040,8040,0.00023704208433628082,0.042378999991342425,0.0002210000529885292,False,True,search,,,,,,,,,,,,,,,,0.0018873329972848296,,,,
uci,4,v3,dsr_bands_no_identity,0.95,36,banded_no_identity,banded_no_identity,riemannian,False,8040,8040,0.00023704208433628082,0.042378999991342425,0.0002210000529885292,False,True,search,,,,,,,,,,,,,,,,0.0018847499741241336,,,,
uci,4,v3,dsr_bands_no_identity,0.95,37,banded_no_identity,banded_no_identity,riemannian,False,8040,8040,0.00023704208433628082,0.042378999991342425,0.0002210000529885292,False,True,search,,,,,,,,,,,,,,,,0.0018706669798120856,,,,
uci,4,v3,dsr_bands_no_identity,0.95,38,banded_no_identity,banded_no_identity,riemannian,False,8040,8040,0.00023704208433628082,0.042378999991342425,0.0002210000529885292,False,True,search,,,,,,,,,,,,,,,,0.001863708021119237,,,,
uci,4,v3,dsr_bands_no_identity,0.95,40,banded_no_identity,banded_no_identity,riemannian,False,8040,8040,0.00023704208433628082,0.042378999991342425,0.0002210000529885292,False,True,search,,,,,,,,,,,,,,,,0.0019364579347893596,,,,
uci,4,v3,dsr_bands_no_identity,0.95,42,banded_no_identity,banded_no_identity,riemannian,False,8040,8040,0.00023704208433628082,0.042378999991342425,0.0002210000529885292,False,True,search,,,,,,,,,,,,,,,,0.0019091670401394367,,,,
uci,4,v3,dsr_bands_no_identity,0.95,44,banded_no_identity,banded_no_identity,riemannian,False,8040,8040,0.00023704208433628082,0.042378999991342425,0.0002210000529885292,False,True,search,,,,,,,,,,,,,,,,0.00198320799972862,,,,
uci,4,v3,dsr_bands_no_identity,0.95,45,banded_no_identity,banded_no_identity,riemannian,False,8040,8040,0.00023704208433628082,0.042378999991342425,0.0002210000529885292,False,True,search,,,,,,,,,,,,,,,,0.0018569579115137458,,,,
uci,4,v3,dsr_bands_no_identity,0.95,57,banded_no_identity,banded_no_identity,riemannian,False,8040,8040,0.00023704208433628082,0.042378999991342425,0.0002210000529885292,False,True,search,,,,,,,,,,,,,,,,0.0018480840371921659,,,,
uci,4,v3,dsr_bands_no_identity,0.95,58,banded_no_identity,banded_no_identity,riemannian,False,8040,8040,0.00023704208433628082,0.042378999991342425,0.0002210000529885292,False,True,search,,,,,,,,,,,,,,,,0.00186841597314924,,,,
uci,4,v3,dsr_bands_no_identity,0.95,59,banded_no_identity,banded_no_identity,riemannian,False,8040,8040,0.00023704208433628082,0.042378999991342425,0.0002210000529885292,False,True,search,,,,,,,,,,,,,,,,0.0019126249244436622,,,,
uci,4,v3,dsr_full,0.05,3,decoded_naive,decoded_banded,riemannian,True,7054,8040,0.0003197080222889781,0.042378999991342425,0.0002210000529885292,False,True,repair,failed,0.0,3.0,"step 1 still violates after 3 repair iterations (triggered by {'immutable': False, 'non_decreasing': True, 'age_horizon': False, 'directional': True})",,,,,,,,,,,,0.002357166027650237,False,True,False,True
uci,4,v3,dsr_full,0.05,4,decoded_naive,decoded_banded,riemannian,True,7054,8040,0.0003197080222889781,0.042378999991342425,0.0002210000529885292,False,True,repair,failed,0.0,3.0,"step 1 still violates after 3 repair iterations (triggered by {'immutable': False, 'non_decreasing': False, 'age_horizon': False, 'directional': True})",,,,,,,,,,,,0.002395207993686199,False,False,False,True
uci,4,v3,dsr_full,0.05,5,decoded_naive,decoded_banded,riemannian,True,7054,8040,0.0003197080222889781,0.042378999991342425,0.0002210000529885292,False,True,repair,failed,0.0,3.0,"step 1 still violates after 3 repair iterations (triggered by {'immutable': False, 'non_decreasing': False, 'age_horizon': False, 'directional': True})",,,,,,,,,,,,0.002334333024919033,False,False,False,True
uci,4,v3,dsr_full,0.05,6,decoded_naive,decoded_banded,riemannian,True,7054,8040,0.0003197080222889781,0.042378999991342425,0.0002210000529885292,False,True,repair,failed,0.0,3.0,"step 1 still violates after 3 repair iterations (triggered by {'immutable': False, 'non_decreasing': False, 'age_horizon': False, 'directional': True})",,,,,,,,,,,,0.002364792046137154,False,False,False,True
uci,4,v3,dsr_full,0.05,11,decoded_naive,decoded_banded,riemannian,True,7054,8040,0.0003197080222889781,0.042378999991342425,0.0002210000529885292,False,True,repair,failed,0.0,3.0,"step 1 still violates after 3 repair iterations (triggered by {'immutable': False, 'non_decreasing': False, 'age_horizon': False, 'directional': True})",,,,,,,,,,,,0.002588207949884236,False,False,False,True
uci,4,v3,dsr_full,0.05,14,decoded_naive,decoded_banded,riemannian,True,7054,8040,0.0003197080222889781,0.042378999991342425,0.0002210000529885292,False,True,repair,failed,0.0,3.0,"step 1 still violates after 3 repair iterations (triggered by {'immutable': False, 'non_decreasing': False, 'age_horizon': False, 'directional': True})",,,,,,,,,,,,0.002478333073668182,False,False,False,True
uci,4,v3,dsr_full,0.05,16,decoded_naive,decoded_banded,riemannian,True,7054,8040,0.0003197080222889781,0.042378999991342425,0.0002210000529885292,False,True,search,,,,,,,,,,,,,,,,0.0019638329977169633,,,,
uci,4,v3,dsr_full,0.05,17,decoded_naive,decoded_banded,riemannian,True,7054,8040,0.0003197080222889781,0.042378999991342425,0.0002210000529885292,False,True,repair,failed,0.0,3.0,"step 1 still violates after 3 repair iterations (triggered by {'immutable': False, 'non_decreasing': True, 'age_horizon': False, 'directional': True})",,,,,,,,,,,,0.0024611250264570117,False,True,False,True
uci,4,v3,dsr_full,0.05,19,decoded_naive,decoded_banded,riemannian,True,7054,8040,0.0003197080222889781,0.042378999991342425,0.0002210000529885292,False,True,search,,,,,,,,,,,,,,,,0.001919916016049683,,,,
uci,4,v3,dsr_full,0.05,20,decoded_naive,decoded_banded,riemannian,True,7054,8040,0.0003197080222889781,0.042378999991342425,0.0002210000529885292,False,True,search,,,,,,,,,,,,,,,,0.0019101250218227506,,,,
uci,4,v3,dsr_full,0.05,23,decoded_naive,decoded_banded,riemannian,True,7054,8040,0.0003197080222889781,0.042378999991342425,0.0002210000529885292,False,True,repair,failed,0.0,3.0,"step 1 still violates after 3 repair iterations (triggered by {'immutable': False, 'non_decreasing': True, 'age_horizon': False, 'directional': True})",,,,,,,,,,,,0.0023735000286251307,False,True,False,True
uci,4,v3,dsr_full,0.05,27,decoded_naive,decoded_banded,riemannian,True,7054,8040,0.0003197080222889781,0.042378999991342425,0.0002210000529885292,False,True,search,,,,,,,,,,,,,,,,0.0018664170056581497,,,,
uci,4,v3,dsr_full,0.05,31,decoded_naive,decoded_banded,riemannian,True,7054,8040,0.0003197080222889781,0.042378999991342425,0.0002210000529885292,False,True,repair,failed,0.0,3.0,"step 1 still violates after 3 repair iterations (triggered by {'immutable': False, 'non_decreasing': True, 'age_horizon': False, 'directional': True})",,,,,,,,,,,,0.002392458962276578,False,True,False,True
uci,4,v3,dsr_full,0.05,32,decoded_naive,decoded_banded,riemannian,True,7054,8040,0.0003197080222889781,0.042378999991342425,0.0002210000529885292,False,True,repair,failed,0.0,3.0,"step 1 still violates after 3 repair iterations (triggered by {'immutable': False, 'non_decreasing': False, 'age_horizon': False, 'directional': True})",,,,,,,,,,,,0.0025092499563470483,False,False,False,True
uci,4,v3,dsr_full,0.05,33,decoded_naive,decoded_banded,riemannian,True,7054,8040,0.0003197080222889781,0.042378999991342425,0.0002210000529885292,False,True,search,,,,,,,,,,,,,,,,0.002036666963249445,,,,
uci,4,v3,dsr_full,0.05,34,decoded_naive,decoded_banded,riemannian,True,7054,8040,0.0003197080222889781,0.042378999991342425,0.0002210000529885292,False,True,repair,failed,0.0,3.0,"step 1 still violates after 3 repair iterations (triggered by {'immutable': False, 'non_decreasing': True, 'age_horizon': False, 'directional': True})",,,,,,,,,,,,0.0023420409997925162,False,True,False,True
uci,4,v3,dsr_full,0.05,36,decoded_naive,decoded_banded,riemannian,True,7054,8040,0.0003197080222889781,0.042378999991342425,0.0002210000529885292,False,True,repair,failed,0.0,3.0,"step 1 still violates after 3 repair iterations (triggered by {'immutable': False, 'non_decreasing': False, 'age_horizon': False, 'directional': True})",,,,,,,,,,,,0.002329499926418066,False,False,False,True
uci,4,v3,dsr_full,0.05,37,decoded_naive,decoded_banded,riemannian,True,7054,8040,0.0003197080222889781,0.042378999991342425,0.0002210000529885292,False,True,repair,failed,0.0,3.0,"step 1 still violates after 3 repair iterations (triggered by {'immutable': False, 'non_decreasing': True, 'age_horizon': False, 'directional': True})",,,,,,,,,,,,0.002382833044975996,False,True,False,True
uci,4,v3,dsr_full,0.05,38,decoded_naive,decoded_banded,riemannian,True,7054,8040,0.0003197080222889781,0.042378999991342425,0.0002210000529885292,False,True,search,,,,,,,,,,,,,,,,0.0019141670782119036,,,,
uci,4,v3,dsr_full,0.05,40,decoded_naive,decoded_banded,riemannian,True,7054,8040,0.0003197080222889781,0.042378999991342425,0.0002210000529885292,False,True,search,,,,,,,,,,,,,,,,0.001951750018633902,,,,
uci,4,v3,dsr_full,0.05,42,decoded_naive,decoded_banded,riemannian,True,7054,8040,0.0003197080222889781,0.042378999991342425,0.0002210000529885292,False,True,search,,,,,,,,,,,,,,,,0.0020117909880355,,,,
uci,4,v3,dsr_full,0.05,44,decoded_naive,decoded_banded,riemannian,True,7054,8040,0.0003197080222889781,0.042378999991342425,0.0002210000529885292,False,True,search,,,,,,,,,,,,,,,,0.0019863749621436,,,,
uci,4,v3,dsr_full,0.05,45,decoded_naive,decoded_banded,riemannian,True,7054,8040,0.0003197080222889781,0.042378999991342425,0.0002210000529885292,False,True,repair,failed,0.0,3.0,"step 1 still violates after 3 repair iterations (triggered by {'immutable': False, 'non_decreasing': True, 'age_horizon': False, 'directional': True})",,,,,,,,,,,,0.0024203750072047114,False,True,False,True
uci,4,v3,dsr_full,0.05,57,decoded_naive,decoded_banded,riemannian,True,7054,8040,0.0003197080222889781,0.042378999991342425,0.0002210000529885292,False,True,search,,,,,,,,,,,,,,,,0.001990084070712328,,,,
uci,4,v3,dsr_full,0.05,58,decoded_naive,decoded_banded,riemannian,True,7054,8040,0.0003197080222889781,0.042378999991342425,0.0002210000529885292,False,True,search,,,,,,,,,,,,,,,,0.00198487495072186,,,,
uci,4,v3,dsr_full,0.05,59,decoded_naive,decoded_banded,riemannian,True,7054,8040,0.0003197080222889781,0.042378999991342425,0.0002210000529885292,False,True,repair,failed,0.0,3.0,"step 1 still violates after 3 repair iterations (triggered by {'immutable': False, 'non_decreasing': True, 'age_horizon': False, 'directional': True})",,,,,,,,,,,,0.0023579589324072003,False,True,False,True
uci,4,v3,dsr_full,0.1,3,decoded_naive,decoded_banded,riemannian,True,7054,8040,0.0003174579469487071,0.042378999991342425,0.0002210000529885292,False,True,repair,failed,0.0,3.0,"step 1 still violates after 3 repair iterations (triggered by {'immutable': False, 'non_decreasing': True, 'age_horizon': False, 'directional': True})",,,,,,,,,,,,0.0024107920471578836,False,True,False,True
uci,4,v3,dsr_full,0.1,4,decoded_naive,decoded_banded,riemannian,True,7054,8040,0.0003174579469487071,0.042378999991342425,0.0002210000529885292,False,True,repair,failed,0.0,3.0,"step 1 still violates after 3 repair iterations (triggered by {'immutable': False, 'non_decreasing': False, 'age_horizon': False, 'directional': True})",,,,,,,,,,,,0.002388875000178814,False,False,False,True
uci,4,v3,dsr_full,0.1,5,decoded_naive,decoded_banded,riemannian,True,7054,8040,0.0003174579469487071,0.042378999991342425,0.0002210000529885292,False,True,repair,failed,0.0,3.0,"step 1 still violates after 3 repair iterations (triggered by {'immutable': False, 'non_decreasing': False, 'age_horizon': False, 'directional': True})",,,,,,,,,,,,0.0023748750099912286,False,False,False,True
uci,4,v3,dsr_full,0.1,6,decoded_naive,decoded_banded,riemannian,True,7054,8040,0.0003174579469487071,0.042378999991342425,0.0002210000529885292,False,True,repair,failed,0.0,3.0,"step 1 still violates after 3 repair iterations (triggered by {'immutable': False, 'non_decreasing': False, 'age_horizon': False, 'directional': True})",,,,,,,,,,,,0.002352957963012159,False,False,False,True
uci,4,v3,dsr_full,0.1,11,decoded_naive,decoded_banded,riemannian,True,7054,8040,0.0003174579469487071,0.042378999991342425,0.0002210000529885292,False,True,repair,failed,0.0,3.0,"step 1 still violates after 3 repair iterations (triggered by {'immutable': False, 'non_decreasing': False, 'age_horizon': False, 'directional': True})",,,,,,,,,,,,0.0023536670487374067,False,False,False,True
uci,4,v3,dsr_full,0.1,14,decoded_naive,decoded_banded,riemannian,True,7054,8040,0.0003174579469487071,0.042378999991342425,0.0002210000529885292,False,True,repair,failed,0.0,3.0,"step 1 still violates after 3 repair iterations (triggered by {'immutable': False, 'non_decreasing': False, 'age_horizon': False, 'directional': True})",,,,,,,,,,,,0.002441124990582466,False,False,False,True
uci,4,v3,dsr_full,0.1,16,decoded_naive,decoded_banded,riemannian,True,7054,8040,0.0003174579469487071,0.042378999991342425,0.0002210000529885292,False,True,search,,,,,,,,,,,,,,,,0.001941625028848648,,,,
uci,4,v3,dsr_full,0.1,17,decoded_naive,decoded_banded,riemannian,True,7054,8040,0.0003174579469487071,0.042378999991342425,0.0002210000529885292,False,True,repair,failed,0.0,3.0,"step 1 still violates after 3 repair iterations (triggered by {'immutable': False, 'non_decreasing': True, 'age_horizon': False, 'directional': True})",,,,,,,,,,,,0.0023894169135019183,False,True,False,True
uci,4,v3,dsr_full,0.1,19,decoded_naive,decoded_banded,riemannian,True,7054,8040,0.0003174579469487071,0.042378999991342425,0.0002210000529885292,False,True,search,,,,,,,,,,,,,,,,0.001994625083170831,,,,
uci,4,v3,dsr_full,0.1,20,decoded_naive,decoded_banded,riemannian,True,7054,8040,0.0003174579469487071,0.042378999991342425,0.0002210000529885292,False,True,search,,,,,,,,,,,,,,,,0.0019092910224571824,,,,
uci,4,v3,dsr_full,0.1,23,decoded_naive,decoded_banded,riemannian,True,7054,8040,0.0003174579469487071,0.042378999991342425,0.0002210000529885292,False,True,repair,failed,0.0,3.0,"step 1 still violates after 3 repair iterations (triggered by {'immutable': False, 'non_decreasing': True, 'age_horizon': False, 'directional': True})",,,,,,,,,,,,0.0023692079121246934,False,True,False,True
uci,4,v3,dsr_full,0.1,27,decoded_naive,decoded_banded,riemannian,True,7054,8040,0.0003174579469487071,0.042378999991342425,0.0002210000529885292,False,True,search,,,,,,,,,,,,,,,,0.0018762090476229787,,,,
uci,4,v3,dsr_full,0.1,31,decoded_naive,decoded_banded,riemannian,True,7054,8040,0.0003174579469487071,0.042378999991342425,0.0002210000529885292,False,True,repair,failed,0.0,3.0,"step 1 still violates after 3 repair iterations (triggered by {'immutable': False, 'non_decreasing': True, 'age_horizon': False, 'directional': True})",,,,,,,,,,,,0.0023264579940587282,False,True,False,True
uci,4,v3,dsr_full,0.1,32,decoded_naive,decoded_banded,riemannian,True,7054,8040,0.0003174579469487071,0.042378999991342425,0.0002210000529885292,False,True,repair,failed,0.0,3.0,"step 1 still violates after 3 repair iterations (triggered by {'immutable': False, 'non_decreasing': False, 'age_horizon': False, 'directional': True})",,,,,,,,,,,,0.0023501659743487835,False,False,False,True
uci,4,v3,dsr_full,0.1,33,decoded_naive,decoded_banded,riemannian,True,7054,8040,0.0003174579469487071,0.042378999991342425,0.0002210000529885292,False,True,search,,,,,,,,,,,,,,,,0.0026242079911753535,,,,
uci,4,v3,dsr_full,0.1,34,decoded_naive,decoded_banded,riemannian,True,7054,8040,0.0003174579469487071,0.042378999991342425,0.0002210000529885292,False,True,repair,failed,0.0,3.0,"step 1 still violates after 3 repair iterations (triggered by {'immutable': False, 'non_decreasing': True, 'age_horizon': False, 'directional': True})",,,,,,,,,,,,0.002917167032137513,False,True,False,True
uci,4,v3,dsr_full,0.1,36,decoded_naive,decoded_banded,riemannian,True,7054,8040,0.0003174579469487071,0.042378999991342425,0.0002210000529885292,False,True,repair,failed,0.0,3.0,"step 1 still violates after 3 repair iterations (triggered by {'immutable': False, 'non_decreasing': False, 'age_horizon': False, 'directional': True})",,,,,,,,,,,,0.0024105830816552043,False,False,False,True
uci,4,v3,dsr_full,0.1,37,decoded_naive,decoded_banded,riemannian,True,7054,8040,0.0003174579469487071,0.042378999991342425,0.0002210000529885292,False,True,repair,failed,0.0,3.0,"step 1 still violates after 3 repair iterations (triggered by {'immutable': False, 'non_decreasing': True, 'age_horizon': False, 'directional': True})",,,,,,,,,,,,0.0023559590335935354,False,True,False,True
uci,4,v3,dsr_full,0.1,38,decoded_naive,decoded_banded,riemannian,True,7054,8040,0.0003174579469487071,0.042378999991342425,0.0002210000529885292,False,True,search,,,,,,,,,,,,,,,,0.0019039579201489687,,,,
uci,4,v3,dsr_full,0.1,40,decoded_naive,decoded_banded,riemannian,True,7054,8040,0.0003174579469487071,0.042378999991342425,0.0002210000529885292,False,True,search,,,,,,,,,,,,,,,,0.001920167007483542,,,,
uci,4,v3,dsr_full,0.1,42,decoded_naive,decoded_banded,riemannian,True,7054,8040,0.0003174579469487071,0.042378999991342425,0.0002210000529885292,False,True,search,,,,,,,,,,,,,,,,0.0019249999895691872,,,,
uci,4,v3,dsr_full,0.1,44,decoded_naive,decoded_banded,riemannian,True,7054,8040,0.0003174579469487071,0.042378999991342425,0.0002210000529885292,False,True,search,,,,,,,,,,,,,,,,0.001908542006276548,,,,
uci,4,v3,dsr_full,0.1,45,decoded_naive,decoded_banded,riemannian,True,7054,8040,0.0003174579469487071,0.042378999991342425,0.0002210000529885292,False,True,repair,failed,0.0,3.0,"step 1 still violates after 3 repair iterations (triggered by {'immutable': False, 'non_decreasing': True, 'age_horizon': False, 'directional': True})",,,,,,,,,,,,0.002392292022705078,False,True,False,True
uci,4,v3,dsr_full,0.1,57,decoded_naive,decoded_banded,riemannian,True,7054,8040,0.0003174579469487071,0.042378999991342425,0.0002210000529885292,False,True,search,,,,,,,,,,,,,,,,0.0018846250604838133,,,,
uci,4,v3,dsr_full,0.1,58,decoded_naive,decoded_banded,riemannian,True,7054,8040,0.0003174579469487071,0.042378999991342425,0.0002210000529885292,False,True,search,,,,,,,,,,,,,,,,0.0018738340586423874,,,,
uci,4,v3,dsr_full,0.1,59,decoded_naive,decoded_banded,riemannian,True,7054,8040,0.0003174579469487071,0.042378999991342425,0.0002210000529885292,False,True,repair,failed,0.0,3.0,"step 1 still violates after 3 repair iterations (triggered by {'immutable': False, 'non_decreasing': True, 'age_horizon': False, 'directional': True})",,,,,,,,,,,,0.0023180829593911767,False,True,False,True
uci,4,v3,dsr_full,0.25,3,decoded_naive,decoded_banded,riemannian,True,7054,8040,0.00031162495724856853,0.042378999991342425,0.0002210000529885292,False,True,repair,failed,0.0,3.0,"step 1 still violates after 3 repair iterations (triggered by {'immutable': False, 'non_decreasing': True, 'age_horizon': False, 'directional': True})",,,,,,,,,,,,0.0023447920102626085,False,True,False,True
uci,4,v3,dsr_full,0.25,4,decoded_naive,decoded_banded,riemannian,True,7054,8040,0.00031162495724856853,0.042378999991342425,0.0002210000529885292,False,True,repair,failed,0.0,3.0,"step 1 still violates after 3 repair iterations (triggered by {'immutable': False, 'non_decreasing': True, 'age_horizon': False, 'directional': True})",,,,,,,,,,,,0.0024642079370096326,False,True,False,True
uci,4,v3,dsr_full,0.25,5,decoded_naive,decoded_banded,riemannian,True,7054,8040,0.00031162495724856853,0.042378999991342425,0.0002210000529885292,False,True,repair,failed,0.0,3.0,"step 1 still violates after 3 repair iterations (triggered by {'immutable': False, 'non_decreasing': True, 'age_horizon': False, 'directional': True})",,,,,,,,,,,,0.0024164170026779175,False,True,False,True
uci,4,v3,dsr_full,0.25,6,decoded_naive,decoded_banded,riemannian,True,7054,8040,0.00031162495724856853,0.042378999991342425,0.0002210000529885292,False,True,repair,failed,0.0,3.0,"step 1 still violates after 3 repair iterations (triggered by {'immutable': False, 'non_decreasing': True, 'age_horizon': False, 'directional': True})",,,,,,,,,,,,0.0023802500218153,False,True,False,True
uci,4,v3,dsr_full,0.25,11,decoded_naive,decoded_banded,riemannian,True,7054,8040,0.00031162495724856853,0.042378999991342425,0.0002210000529885292,False,True,repair,failed,0.0,3.0,"step 1 still violates after 3 repair iterations (triggered by {'immutable': False, 'non_decreasing': True, 'age_horizon': False, 'directional': True})",,,,,,,,,,,,0.002351250033825636,False,True,False,True
uci,4,v3,dsr_full,0.25,14,decoded_naive,decoded_banded,riemannian,True,7054,8040,0.00031162495724856853,0.042378999991342425,0.0002210000529885292,False,True,repair,failed,0.0,3.0,"step 1 still violates after 3 repair iterations (triggered by {'immutable': False, 'non_decreasing': True, 'age_horizon': False, 'directional': True})",,,,,,,,,,,,0.0023538749665021896,False,True,False,True
uci,4,v3,dsr_full,0.25,16,decoded_naive,decoded_banded,riemannian,True,7054,8040,0.00031162495724856853,0.042378999991342425,0.0002210000529885292,False,True,search,,,,,,,,,,,,,,,,0.0019633329939097166,,,,
uci,4,v3,dsr_full,0.25,17,decoded_naive,decoded_banded,riemannian,True,7054,8040,0.00031162495724856853,0.042378999991342425,0.0002210000529885292,False,True,repair,failed,0.0,3.0,"step 1 still violates after 3 repair iterations (triggered by {'immutable': False, 'non_decreasing': True, 'age_horizon': False, 'directional': True})",,,,,,,,,,,,0.0023806249955669045,False,True,False,True
uci,4,v3,dsr_full,0.25,19,decoded_naive,decoded_banded,riemannian,True,7054,8040,0.00031162495724856853,0.042378999991342425,0.0002210000529885292,False,True,search,,,,,,,,,,,,,,,,0.002154375077225268,,,,
uci,4,v3,dsr_full,0.25,20,decoded_naive,decoded_banded,riemannian,True,7054,8040,0.00031162495724856853,0.042378999991342425,0.0002210000529885292,False,True,search,,,,,,,,,,,,,,,,0.001925916993059218,,,,
uci,4,v3,dsr_full,0.25,23,decoded_naive,decoded_banded,riemannian,True,7054,8040,0.00031162495724856853,0.042378999991342425,0.0002210000529885292,False,True,repair,failed,0.0,3.0,"step 1 still violates after 3 repair iterations (triggered by {'immutable': False, 'non_decreasing': True, 'age_horizon': False, 'directional': True})",,,,,,,,,,,,0.00236604199744761,False,True,False,True
uci,4,v3,dsr_full,0.25,27,decoded_naive,decoded_banded,riemannian,True,7054,8040,0.00031162495724856853,0.042378999991342425,0.0002210000529885292,False,True,search,,,,,,,,,,,,,,,,0.0019417500589042902,,,,
uci,4,v3,dsr_full,0.25,31,decoded_naive,decoded_banded,riemannian,True,7054,8040,0.00031162495724856853,0.042378999991342425,0.0002210000529885292,False,True,repair,failed,0.0,3.0,"step 1 still violates after 3 repair iterations (triggered by {'immutable': False, 'non_decreasing': True, 'age_horizon': False, 'directional': True})",,,,,,,,,,,,0.002372666960582137,False,True,False,True
uci,4,v3,dsr_full,0.25,32,decoded_naive,decoded_banded,riemannian,True,7054,8040,0.00031162495724856853,0.042378999991342425,0.0002210000529885292,False,True,repair,failed,0.0,3.0,"step 1 still violates after 3 repair iterations (triggered by {'immutable': False, 'non_decreasing': True, 'age_horizon': False, 'directional': True})",,,,,,,,,,,,0.0023691250244155526,False,True,False,True
uci,4,v3,dsr_full,0.25,33,decoded_naive,decoded_banded,riemannian,True,7054,8040,0.00031162495724856853,0.042378999991342425,0.0002210000529885292,False,True,search,,,,,,,,,,,,,,,,0.0019308329792693257,,,,
uci,4,v3,dsr_full,0.25,34,decoded_naive,decoded_banded,riemannian,True,7054,8040,0.00031162495724856853,0.042378999991342425,0.0002210000529885292,False,True,repair,failed,0.0,3.0,"step 1 still violates after 3 repair iterations (triggered by {'immutable': False, 'non_decreasing': True, 'age_horizon': False, 'directional': True})",,,,,,,,,,,,0.002398042008280754,False,True,False,True
uci,4,v3,dsr_full,0.25,36,decoded_naive,decoded_banded,riemannian,True,7054,8040,0.00031162495724856853,0.042378999991342425,0.0002210000529885292,False,True,repair,failed,0.0,3.0,"step 1 still violates after 3 repair iterations (triggered by {'immutable': False, 'non_decreasing': True, 'age_horizon': False, 'directional': True})",,,,,,,,,,,,0.0023408749839290977,False,True,False,True
uci,4,v3,dsr_full,0.25,37,decoded_naive,decoded_banded,riemannian,True,7054,8040,0.00031162495724856853,0.042378999991342425,0.0002210000529885292,False,True,repair,failed,0.0,3.0,"step 1 still violates after 3 repair iterations (triggered by {'immutable': False, 'non_decreasing': True, 'age_horizon': False, 'directional': True})",,,,,,,,,,,,0.0023009999422356486,False,True,False,True
uci,4,v3,dsr_full,0.25,38,decoded_naive,decoded_banded,riemannian,True,7054,8040,0.00031162495724856853,0.042378999991342425,0.0002210000529885292,False,True,search,,,,,,,,,,,,,,,,0.0018855419475585222,,,,
uci,4,v3,dsr_full,0.25,40,decoded_naive,decoded_banded,riemannian,True,7054,8040,0.00031162495724856853,0.042378999991342425,0.0002210000529885292,False,True,search,,,,,,,,,,,,,,,,0.001939374953508377,,,,
uci,4,v3,dsr_full,0.25,42,decoded_naive,decoded_banded,riemannian,True,7054,8040,0.00031162495724856853,0.042378999991342425,0.0002210000529885292,False,True,search,,,,,,,,,,,,,,,,0.0018820420373231173,,,,
uci,4,v3,dsr_full,0.25,44,decoded_naive,decoded_banded,riemannian,True,7054,8040,0.00031162495724856853,0.042378999991342425,0.0002210000529885292,False,True,search,,,,,,,,,,,,,,,,0.0019105420215055346,,,,
uci,4,v3,dsr_full,0.25,45,decoded_naive,decoded_banded,riemannian,True,7054,8040,0.00031162495724856853,0.042378999991342425,0.0002210000529885292,False,True,repair,failed,0.0,3.0,"step 1 still violates after 3 repair iterations (triggered by {'immutable': False, 'non_decreasing': True, 'age_horizon': False, 'directional': True})",,,,,,,,,,,,0.002436624956317246,False,True,False,True
uci,4,v3,dsr_full,0.25,57,decoded_naive,decoded_banded,riemannian,True,7054,8040,0.00031162495724856853,0.042378999991342425,0.0002210000529885292,False,True,search,,,,,,,,,,,,,,,,0.0018808329477906227,,,,
uci,4,v3,dsr_full,0.25,58,decoded_naive,decoded_banded,riemannian,True,7054,8040,0.00031162495724856853,0.042378999991342425,0.0002210000529885292,False,True,search,,,,,,,,,,,,,,,,0.0018782919505611062,,,,
uci,4,v3,dsr_full,0.25,59,decoded_naive,decoded_banded,riemannian,True,7054,8040,0.00031162495724856853,0.042378999991342425,0.0002210000529885292,False,True,repair,failed,0.0,3.0,"step 1 still violates after 3 repair iterations (triggered by {'immutable': False, 'non_decreasing': True, 'age_horizon': False, 'directional': True})",,,,,,,,,,,,0.0023484580451622605,False,True,False,True
uci,4,v3,dsr_full,0.5,3,decoded_naive,decoded_banded,riemannian,True,7054,8040,0.0003101249458268285,0.042378999991342425,0.0002210000529885292,False,True,repair,failed,0.0,3.0,"step 1 still violates after 3 repair iterations (triggered by {'immutable': False, 'non_decreasing': True, 'age_horizon': False, 'directional': True})",,,,,,,,,,,,0.002428292063996196,False,True,False,True
uci,4,v3,dsr_full,0.5,4,decoded_naive,decoded_banded,riemannian,True,7054,8040,0.0003101249458268285,0.042378999991342425,0.0002210000529885292,False,True,repair,failed,0.0,3.0,"step 1 still violates after 3 repair iterations (triggered by {'immutable': False, 'non_decreasing': True, 'age_horizon': False, 'directional': True})",,,,,,,,,,,,0.0023740410106256604,False,True,False,True
uci,4,v3,dsr_full,0.5,5,decoded_naive,decoded_banded,riemannian,True,7054,8040,0.0003101249458268285,0.042378999991342425,0.0002210000529885292,False,True,repair,failed,0.0,3.0,"step 1 still violates after 3 repair iterations (triggered by {'immutable': False, 'non_decreasing': True, 'age_horizon': False, 'directional': True})",,,,,,,,,,,,0.0024717090418562293,False,True,False,True
uci,4,v3,dsr_full,0.5,6,decoded_naive,decoded_banded,riemannian,True,7054,8040,0.0003101249458268285,0.042378999991342425,0.0002210000529885292,False,True,repair,failed,0.0,3.0,"step 1 still violates after 3 repair iterations (triggered by {'immutable': False, 'non_decreasing': True, 'age_horizon': False, 'directional': True})",,,,,,,,,,,,0.002311374992132187,False,True,False,True
uci,4,v3,dsr_full,0.5,11,decoded_naive,decoded_banded,riemannian,True,7054,8040,0.0003101249458268285,0.042378999991342425,0.0002210000529885292,False,True,repair,failed,0.0,3.0,"step 1 still violates after 3 repair iterations (triggered by {'immutable': False, 'non_decreasing': True, 'age_horizon': False, 'directional': True})",,,,,,,,,,,,0.0023886250564828515,False,True,False,True
uci,4,v3,dsr_full,0.5,14,decoded_naive,decoded_banded,riemannian,True,7054,8040,0.0003101249458268285,0.042378999991342425,0.0002210000529885292,False,True,repair,failed,0.0,3.0,"step 1 still violates after 3 repair iterations (triggered by {'immutable': False, 'non_decreasing': True, 'age_horizon': False, 'directional': True})",,,,,,,,,,,,0.002384832943789661,False,True,False,True
uci,4,v3,dsr_full,0.5,16,decoded_naive,decoded_banded,riemannian,True,7054,8040,0.0003101249458268285,0.042378999991342425,0.0002210000529885292,False,True,search,,,,,,,,,,,,,,,,0.001911959028802812,,,,
uci,4,v3,dsr_full,0.5,17,decoded_naive,decoded_banded,riemannian,True,7054,8040,0.0003101249458268285,0.042378999991342425,0.0002210000529885292,False,True,repair,failed,0.0,3.0,"step 1 still violates after 3 repair iterations (triggered by {'immutable': False, 'non_decreasing': True, 'age_horizon': False, 'directional': True})",,,,,,,,,,,,0.002424833015538752,False,True,False,True
uci,4,v3,dsr_full,0.5,19,decoded_naive,decoded_banded,riemannian,True,7054,8040,0.0003101249458268285,0.042378999991342425,0.0002210000529885292,False,True,search,,,,,,,,,,,,,,,,0.0019477088935673237,,,,
uci,4,v3,dsr_full,0.5,20,decoded_naive,decoded_banded,riemannian,True,7054,8040,0.0003101249458268285,0.042378999991342425,0.0002210000529885292,False,True,search,,,,,,,,,,,,,,,,0.001975208055227995,,,,
uci,4,v3,dsr_full,0.5,23,decoded_naive,decoded_banded,riemannian,True,7054,8040,0.0003101249458268285,0.042378999991342425,0.0002210000529885292,False,True,repair,failed,0.0,3.0,"step 1 still violates after 3 repair iterations (triggered by {'immutable': False, 'non_decreasing': True, 'age_horizon': False, 'directional': True})",,,,,,,,,,,,0.0024007080355659127,False,True,False,True
uci,4,v3,dsr_full,0.5,27,decoded_naive,decoded_banded,riemannian,True,7054,8040,0.0003101249458268285,0.042378999991342425,0.0002210000529885292,False,True,search,,,,,,,,,,,,,,,,0.0018689580028876662,,,,
uci,4,v3,dsr_full,0.5,31,decoded_naive,decoded_banded,riemannian,True,7054,8040,0.0003101249458268285,0.042378999991342425,0.0002210000529885292,False,True,repair,failed,0.0,3.0,"step 1 still violates after 3 repair iterations (triggered by {'immutable': False, 'non_decreasing': True, 'age_horizon': False, 'directional': True})",,,,,,,,,,,,0.002335999975912273,False,True,False,True
uci,4,v3,dsr_full,0.5,32,decoded_naive,decoded_banded,riemannian,True,7054,8040,0.0003101249458268285,0.042378999991342425,0.0002210000529885292,False,True,repair,failed,0.0,3.0,"step 1 still violates after 3 repair iterations (triggered by {'immutable': False, 'non_decreasing': True, 'age_horizon': False, 'directional': True})",,,,,,,,,,,,0.0022985830437391996,False,True,False,True
uci,4,v3,dsr_full,0.5,33,decoded_naive,decoded_banded,riemannian,True,7054,8040,0.0003101249458268285,0.042378999991342425,0.0002210000529885292,False,True,search,,,,,,,,,,,,,,,,0.0019098339835181832,,,,
uci,4,v3,dsr_full,0.5,34,decoded_naive,decoded_banded,riemannian,True,7054,8040,0.0003101249458268285,0.042378999991342425,0.0002210000529885292,False,True,repair,failed,0.0,3.0,"step 1 still violates after 3 repair iterations (triggered by {'immutable': False, 'non_decreasing': True, 'age_horizon': False, 'directional': True})",,,,,,,,,,,,0.002391833928413689,False,True,False,True
uci,4,v3,dsr_full,0.5,36,decoded_naive,decoded_banded,riemannian,True,7054,8040,0.0003101249458268285,0.042378999991342425,0.0002210000529885292,False,True,repair,failed,0.0,3.0,"step 1 still violates after 3 repair iterations (triggered by {'immutable': False, 'non_decreasing': True, 'age_horizon': False, 'directional': True})",,,,,,,,,,,,0.002315749996341765,False,True,False,True
uci,4,v3,dsr_full,0.5,37,decoded_naive,decoded_banded,riemannian,True,7054,8040,0.0003101249458268285,0.042378999991342425,0.0002210000529885292,False,True,repair,failed,0.0,3.0,"step 1 still violates after 3 repair iterations (triggered by {'immutable': False, 'non_decreasing': True, 'age_horizon': False, 'directional': True})",,,,,,,,,,,,0.0023572079371660948,False,True,False,True
uci,4,v3,dsr_full,0.5,38,decoded_naive,decoded_banded,riemannian,True,7054,8040,0.0003101249458268285,0.042378999991342425,0.0002210000529885292,False,True,search,,,,,,,,,,,,,,,,0.0019119170028716326,,,,
uci,4,v3,dsr_full,0.5,40,decoded_naive,decoded_banded,riemannian,True,7054,8040,0.0003101249458268285,0.042378999991342425,0.0002210000529885292,False,True,search,,,,,,,,,,,,,,,,0.001896750065498054,,,,
uci,4,v3,dsr_full,0.5,42,decoded_naive,decoded_banded,riemannian,True,7054,8040,0.0003101249458268285,0.042378999991342425,0.0002210000529885292,False,True,search,,,,,,,,,,,,,,,,0.001964709023013711,,,,
uci,4,v3,dsr_full,0.5,44,decoded_naive,decoded_banded,riemannian,True,7054,8040,0.0003101249458268285,0.042378999991342425,0.0002210000529885292,False,True,search,,,,,,,,,,,,,,,,0.0019127089763060212,,,,
uci,4,v3,dsr_full,0.5,45,decoded_naive,decoded_banded,riemannian,True,7054,8040,0.0003101249458268285,0.042378999991342425,0.0002210000529885292,False,True,repair,failed,0.0,3.0,"step 1 still violates after 3 repair iterations (triggered by {'immutable': False, 'non_decreasing': True, 'age_horizon': False, 'directional': True})",,,,,,,,,,,,0.0024814170319586992,False,True,False,True
uci,4,v3,dsr_full,0.5,57,decoded_naive,decoded_banded,riemannian,True,7054,8040,0.0003101249458268285,0.042378999991342425,0.0002210000529885292,False,True,search,,,,,,,,,,,,,,,,0.0019206249853596091,,,,
uci,4,v3,dsr_full,0.5,58,decoded_naive,decoded_banded,riemannian,True,7054,8040,0.0003101249458268285,0.042378999991342425,0.0002210000529885292,False,True,search,,,,,,,,,,,,,,,,0.001930624945089221,,,,
uci,4,v3,dsr_full,0.5,59,decoded_naive,decoded_banded,riemannian,True,7054,8040,0.0003101249458268285,0.042378999991342425,0.0002210000529885292,False,True,repair,failed,0.0,3.0,"step 1 still violates after 3 repair iterations (triggered by {'immutable': False, 'non_decreasing': True, 'age_horizon': False, 'directional': True})",,,,,,,,,,,,0.0023532919585704803,False,True,False,True
uci,4,v3,dsr_full,0.8,3,decoded_naive,decoded_banded,riemannian,True,7054,8040,0.00031033309642225504,0.042378999991342425,0.0002210000529885292,False,True,repair,failed,0.0,3.0,"step 1 still violates after 3 repair iterations (triggered by {'immutable': False, 'non_decreasing': True, 'age_horizon': True, 'directional': True})",,,,,,,,,,,,0.002345458953641355,False,True,True,True
uci,4,v3,dsr_full,0.8,4,decoded_naive,decoded_banded,riemannian,True,7054,8040,0.00031033309642225504,0.042378999991342425,0.0002210000529885292,False,True,repair,failed,0.0,3.0,"step 1 still violates after 3 repair iterations (triggered by {'immutable': False, 'non_decreasing': True, 'age_horizon': True, 'directional': True})",,,,,,,,,,,,0.0023728751111775637,False,True,True,True
uci,4,v3,dsr_full,0.8,5,decoded_naive,decoded_banded,riemannian,True,7054,8040,0.00031033309642225504,0.042378999991342425,0.0002210000529885292,False,True,repair,failed,0.0,3.0,"step 1 still violates after 3 repair iterations (triggered by {'immutable': False, 'non_decreasing': True, 'age_horizon': True, 'directional': True})",,,,,,,,,,,,0.002371458918787539,False,True,True,True
uci,4,v3,dsr_full,0.8,6,decoded_naive,decoded_banded,riemannian,True,7054,8040,0.00031033309642225504,0.042378999991342425,0.0002210000529885292,False,True,repair,failed,0.0,3.0,"step 1 still violates after 3 repair iterations (triggered by {'immutable': False, 'non_decreasing': True, 'age_horizon': True, 'directional': True})",,,,,,,,,,,,0.0023715829011052847,False,True,True,True
uci,4,v3,dsr_full,0.8,11,decoded_naive,decoded_banded,riemannian,True,7054,8040,0.00031033309642225504,0.042378999991342425,0.0002210000529885292,False,True,repair,failed,0.0,3.0,"step 1 still violates after 3 repair iterations (triggered by {'immutable': False, 'non_decreasing': True, 'age_horizon': True, 'directional': True})",,,,,,,,,,,,0.0023514580680057406,False,True,True,True
uci,4,v3,dsr_full,0.8,14,decoded_naive,decoded_banded,riemannian,True,7054,8040,0.00031033309642225504,0.042378999991342425,0.0002210000529885292,False,True,repair,failed,0.0,3.0,"step 1 still violates after 3 repair iterations (triggered by {'immutable': False, 'non_decreasing': True, 'age_horizon': True, 'directional': True})",,,,,,,,,,,,0.00276658299844712,False,True,True,True
uci,4,v3,dsr_full,0.8,16,decoded_naive,decoded_banded,riemannian,True,7054,8040,0.00031033309642225504,0.042378999991342425,0.0002210000529885292,False,True,search,,,,,,,,,,,,,,,,0.0020384170347824693,,,,
uci,4,v3,dsr_full,0.8,17,decoded_naive,decoded_banded,riemannian,True,7054,8040,0.00031033309642225504,0.042378999991342425,0.0002210000529885292,False,True,repair,failed,0.0,3.0,"step 1 still violates after 3 repair iterations (triggered by {'immutable': False, 'non_decreasing': True, 'age_horizon': True, 'directional': True})",,,,,,,,,,,,0.0023644580505788326,False,True,True,True
uci,4,v3,dsr_full,0.8,19,decoded_naive,decoded_banded,riemannian,True,7054,8040,0.00031033309642225504,0.042378999991342425,0.0002210000529885292,False,True,search,,,,,,,,,,,,,,,,0.0021412500645965338,,,,
uci,4,v3,dsr_full,0.8,20,decoded_naive,decoded_banded,riemannian,True,7054,8040,0.00031033309642225504,0.042378999991342425,0.0002210000529885292,False,True,search,,,,,,,,,,,,,,,,0.002054500044323504,,,,
uci,4,v3,dsr_full,0.8,23,decoded_naive,decoded_banded,riemannian,True,7054,8040,0.00031033309642225504,0.042378999991342425,0.0002210000529885292,False,True,repair,failed,0.0,3.0,"step 1 still violates after 3 repair iterations (triggered by {'immutable': False, 'non_decreasing': True, 'age_horizon': True, 'directional': True})",,,,,,,,,,,,0.0023869170108810067,False,True,True,True
uci,4,v3,dsr_full,0.8,27,decoded_naive,decoded_banded,riemannian,True,7054,8040,0.00031033309642225504,0.042378999991342425,0.0002210000529885292,False,True,search,,,,,,,,,,,,,,,,0.001989708049222827,,,,
uci,4,v3,dsr_full,0.8,31,decoded_naive,decoded_banded,riemannian,True,7054,8040,0.00031033309642225504,0.042378999991342425,0.0002210000529885292,False,True,repair,failed,0.0,3.0,"step 1 still violates after 3 repair iterations (triggered by {'immutable': False, 'non_decreasing': True, 'age_horizon': True, 'directional': True})",,,,,,,,,,,,0.0023624999448657036,False,True,True,True
uci,4,v3,dsr_full,0.8,32,decoded_naive,decoded_banded,riemannian,True,7054,8040,0.00031033309642225504,0.042378999991342425,0.0002210000529885292,False,True,repair,failed,0.0,3.0,"step 1 still violates after 3 repair iterations (triggered by {'immutable': False, 'non_decreasing': True, 'age_horizon': True, 'directional': True})",,,,,,,,,,,,0.002396250027231872,False,True,True,True
uci,4,v3,dsr_full,0.8,33,decoded_naive,decoded_banded,riemannian,True,7054,8040,0.00031033309642225504,0.042378999991342425,0.0002210000529885292,False,True,search,,,,,,,,,,,,,,,,0.0018699169158935547,,,,
uci,4,v3,dsr_full,0.8,34,decoded_naive,decoded_banded,riemannian,True,7054,8040,0.00031033309642225504,0.042378999991342425,0.0002210000529885292,False,True,repair,failed,0.0,3.0,"step 1 still violates after 3 repair iterations (triggered by {'immutable': False, 'non_decreasing': True, 'age_horizon': True, 'directional': True})",,,,,,,,,,,,0.0024812500923871994,False,True,True,True
uci,4,v3,dsr_full,0.8,36,decoded_naive,decoded_banded,riemannian,True,7054,8040,0.00031033309642225504,0.042378999991342425,0.0002210000529885292,False,True,repair,failed,0.0,3.0,"step 1 still violates after 3 repair iterations (triggered by {'immutable': False, 'non_decreasing': True, 'age_horizon': True, 'directional': True})",,,,,,,,,,,,0.0024515000404790044,False,True,True,True
uci,4,v3,dsr_full,0.8,37,decoded_naive,decoded_banded,riemannian,True,7054,8040,0.00031033309642225504,0.042378999991342425,0.0002210000529885292,False,True,repair,failed,0.0,3.0,"step 1 still violates after 3 repair iterations (triggered by {'immutable': False, 'non_decreasing': True, 'age_horizon': True, 'directional': True})",,,,,,,,,,,,0.002354332944378257,False,True,True,True
uci,4,v3,dsr_full,0.8,38,decoded_naive,decoded_banded,riemannian,True,7054,8040,0.00031033309642225504,0.042378999991342425,0.0002210000529885292,False,True,search,,,,,,,,,,,,,,,,0.0019017918966710567,,,,
uci,4,v3,dsr_full,0.8,40,decoded_naive,decoded_banded,riemannian,True,7054,8040,0.00031033309642225504,0.042378999991342425,0.0002210000529885292,False,True,search,,,,,,,,,,,,,,,,0.0019337090197950602,,,,
uci,4,v3,dsr_full,0.8,42,decoded_naive,decoded_banded,riemannian,True,7054,8040,0.00031033309642225504,0.042378999991342425,0.0002210000529885292,False,True,search,,,,,,,,,,,,,,,,0.001938665984198451,,,,
uci,4,v3,dsr_full,0.8,44,decoded_naive,decoded_banded,riemannian,True,7054,8040,0.00031033309642225504,0.042378999991342425,0.0002210000529885292,False,True,search,,,,,,,,,,,,,,,,0.0019463750068098307,,,,
uci,4,v3,dsr_full,0.8,45,decoded_naive,decoded_banded,riemannian,True,7054,8040,0.00031033309642225504,0.042378999991342425,0.0002210000529885292,False,True,repair,failed,0.0,3.0,"step 1 still violates after 3 repair iterations (triggered by {'immutable': False, 'non_decreasing': True, 'age_horizon': True, 'directional': True})",,,,,,,,,,,,0.0024475830141454935,False,True,True,True
uci,4,v3,dsr_full,0.8,57,decoded_naive,decoded_banded,riemannian,True,7054,8040,0.00031033309642225504,0.042378999991342425,0.0002210000529885292,False,True,search,,,,,,,,,,,,,,,,0.0019042080966755748,,,,
uci,4,v3,dsr_full,0.8,58,decoded_naive,decoded_banded,riemannian,True,7054,8040,0.00031033309642225504,0.042378999991342425,0.0002210000529885292,False,True,search,,,,,,,,,,,,,,,,0.0018952080281451344,,,,
uci,4,v3,dsr_full,0.8,59,decoded_naive,decoded_banded,riemannian,True,7054,8040,0.00031033309642225504,0.042378999991342425,0.0002210000529885292,False,True,repair,failed,0.0,3.0,"step 1 still violates after 3 repair iterations (triggered by {'immutable': False, 'non_decreasing': True, 'age_horizon': True, 'directional': True})",,,,,,,,,,,,0.00229704100638628,False,True,True,True
uci,4,v3,dsr_full,0.9,3,decoded_naive,decoded_banded,riemannian,True,7054,8040,0.0003221250372007489,0.042378999991342425,0.0002210000529885292,False,True,repair,failed,0.0,3.0,"step 1 still violates after 3 repair iterations (triggered by {'immutable': False, 'non_decreasing': True, 'age_horizon': True, 'directional': True})",,,,,,,,,,,,0.0023388750851154327,False,True,True,True
uci,4,v3,dsr_full,0.9,4,decoded_naive,decoded_banded,riemannian,True,7054,8040,0.0003221250372007489,0.042378999991342425,0.0002210000529885292,False,True,repair,failed,0.0,3.0,"step 1 still violates after 3 repair iterations (triggered by {'immutable': False, 'non_decreasing': True, 'age_horizon': True, 'directional': True})",,,,,,,,,,,,0.002525000018067658,False,True,True,True
uci,4,v3,dsr_full,0.9,5,decoded_naive,decoded_banded,riemannian,True,7054,8040,0.0003221250372007489,0.042378999991342425,0.0002210000529885292,False,True,repair,failed,0.0,3.0,"step 1 still violates after 3 repair iterations (triggered by {'immutable': False, 'non_decreasing': True, 'age_horizon': True, 'directional': True})",,,,,,,,,,,,0.0023893750039860606,False,True,True,True
uci,4,v3,dsr_full,0.9,6,decoded_naive,decoded_banded,riemannian,True,7054,8040,0.0003221250372007489,0.042378999991342425,0.0002210000529885292,False,True,repair,failed,0.0,3.0,"step 1 still violates after 3 repair iterations (triggered by {'immutable': False, 'non_decreasing': True, 'age_horizon': True, 'directional': True})",,,,,,,,,,,,0.0023554160725325346,False,True,True,True
uci,4,v3,dsr_full,0.9,11,decoded_naive,decoded_banded,riemannian,True,7054,8040,0.0003221250372007489,0.042378999991342425,0.0002210000529885292,False,True,repair,failed,0.0,3.0,"step 1 still violates after 3 repair iterations (triggered by {'immutable': False, 'non_decreasing': True, 'age_horizon': True, 'directional': True})",,,,,,,,,,,,0.0024132500402629375,False,True,True,True
uci,4,v3,dsr_full,0.9,14,decoded_naive,decoded_banded,riemannian,True,7054,8040,0.0003221250372007489,0.042378999991342425,0.0002210000529885292,False,True,repair,failed,0.0,3.0,"step 1 still violates after 3 repair iterations (triggered by {'immutable': False, 'non_decreasing': True, 'age_horizon': True, 'directional': True})",,,,,,,,,,,,0.002923749969340861,False,True,True,True
uci,4,v3,dsr_full,0.9,16,decoded_naive,decoded_banded,riemannian,True,7054,8040,0.0003221250372007489,0.042378999991342425,0.0002210000529885292,False,True,search,,,,,,,,,,,,,,,,0.0026106250006705523,,,,
uci,4,v3,dsr_full,0.9,17,decoded_naive,decoded_banded,riemannian,True,7054,8040,0.0003221250372007489,0.042378999991342425,0.0002210000529885292,False,True,repair,failed,0.0,3.0,"step 1 still violates after 3 repair iterations (triggered by {'immutable': False, 'non_decreasing': True, 'age_horizon': True, 'directional': True})",,,,,,,,,,,,0.0031073749996721745,False,True,True,True
uci,4,v3,dsr_full,0.9,19,decoded_naive,decoded_banded,riemannian,True,7054,8040,0.0003221250372007489,0.042378999991342425,0.0002210000529885292,False,True,search,,,,,,,,,,,,,,,,0.0021620000479742885,,,,
uci,4,v3,dsr_full,0.9,20,decoded_naive,decoded_banded,riemannian,True,7054,8040,0.0003221250372007489,0.042378999991342425,0.0002210000529885292,False,True,search,,,,,,,,,,,,,,,,0.002024458022788167,,,,
uci,4,v3,dsr_full,0.9,23,decoded_naive,decoded_banded,riemannian,True,7054,8040,0.0003221250372007489,0.042378999991342425,0.0002210000529885292,False,True,repair,failed,0.0,3.0,"step 1 still violates after 3 repair iterations (triggered by {'immutable': False, 'non_decreasing': True, 'age_horizon': True, 'directional': True})",,,,,,,,,,,,0.003493957919999957,False,True,True,True
uci,4,v3,dsr_full,0.9,27,decoded_naive,decoded_banded,riemannian,True,7054,8040,0.0003221250372007489,0.042378999991342425,0.0002210000529885292,False,True,search,,,,,,,,,,,,,,,,0.002108875080011785,,,,
uci,4,v3,dsr_full,0.9,31,decoded_naive,decoded_banded,riemannian,True,7054,8040,0.0003221250372007489,0.042378999991342425,0.0002210000529885292,False,True,repair,failed,0.0,3.0,"step 1 still violates after 3 repair iterations (triggered by {'immutable': False, 'non_decreasing': True, 'age_horizon': True, 'directional': True})",,,,,,,,,,,,0.0023908750154078007,False,True,True,True
uci,4,v3,dsr_full,0.9,32,decoded_naive,decoded_banded,riemannian,True,7054,8040,0.0003221250372007489,0.042378999991342425,0.0002210000529885292,False,True,repair,failed,0.0,3.0,"step 1 still violates after 3 repair iterations (triggered by {'immutable': False, 'non_decreasing': True, 'age_horizon': True, 'directional': True})",,,,,,,,,,,,0.0023606671020388603,False,True,True,True
uci,4,v3,dsr_full,0.9,33,decoded_naive,decoded_banded,riemannian,True,7054,8040,0.0003221250372007489,0.042378999991342425,0.0002210000529885292,False,True,search,,,,,,,,,,,,,,,,0.002013916033320129,,,,
uci,4,v3,dsr_full,0.9,34,decoded_naive,decoded_banded,riemannian,True,7054,8040,0.0003221250372007489,0.042378999991342425,0.0002210000529885292,False,True,repair,failed,0.0,3.0,"step 1 still violates after 3 repair iterations (triggered by {'immutable': False, 'non_decreasing': True, 'age_horizon': True, 'directional': True})",,,,,,,,,,,,0.0025716250529512763,False,True,True,True
uci,4,v3,dsr_full,0.9,36,decoded_naive,decoded_banded,riemannian,True,7054,8040,0.0003221250372007489,0.042378999991342425,0.0002210000529885292,False,True,repair,failed,0.0,3.0,"step 1 still violates after 3 repair iterations (triggered by {'immutable': False, 'non_decreasing': True, 'age_horizon': True, 'directional': True})",,,,,,,,,,,,0.002446250058710575,False,True,True,True
uci,4,v3,dsr_full,0.9,37,decoded_naive,decoded_banded,riemannian,True,7054,8040,0.0003221250372007489,0.042378999991342425,0.0002210000529885292,False,True,repair,failed,0.0,3.0,"step 1 still violates after 3 repair iterations (triggered by {'immutable': False, 'non_decreasing': True, 'age_horizon': True, 'directional': True})",,,,,,,,,,,,0.002355291973799467,False,True,True,True
uci,4,v3,dsr_full,0.9,38,decoded_naive,decoded_banded,riemannian,True,7054,8040,0.0003221250372007489,0.042378999991342425,0.0002210000529885292,False,True,search,,,,,,,,,,,,,,,,0.0019867500523105264,,,,
uci,4,v3,dsr_full,0.9,40,decoded_naive,decoded_banded,riemannian,True,7054,8040,0.0003221250372007489,0.042378999991342425,0.0002210000529885292,False,True,search,,,,,,,,,,,,,,,,0.0019083329243585467,,,,
uci,4,v3,dsr_full,0.9,42,decoded_naive,decoded_banded,riemannian,True,7054,8040,0.0003221250372007489,0.042378999991342425,0.0002210000529885292,False,True,search,,,,,,,,,,,,,,,,0.0019455419387668371,,,,
uci,4,v3,dsr_full,0.9,44,decoded_naive,decoded_banded,riemannian,True,7054,8040,0.0003221250372007489,0.042378999991342425,0.0002210000529885292,False,True,search,,,,,,,,,,,,,,,,0.0019359999569132924,,,,
uci,4,v3,dsr_full,0.9,45,decoded_naive,decoded_banded,riemannian,True,7054,8040,0.0003221250372007489,0.042378999991342425,0.0002210000529885292,False,True,repair,failed,0.0,3.0,"step 1 still violates after 3 repair iterations (triggered by {'immutable': False, 'non_decreasing': True, 'age_horizon': True, 'directional': True})",,,,,,,,,,,,0.0024430829798802733,False,True,True,True
uci,4,v3,dsr_full,0.9,57,decoded_naive,decoded_banded,riemannian,True,7054,8040,0.0003221250372007489,0.042378999991342425,0.0002210000529885292,False,True,search,,,,,,,,,,,,,,,,0.0019359169527888298,,,,
uci,4,v3,dsr_full,0.9,58,decoded_naive,decoded_banded,riemannian,True,7054,8040,0.0003221250372007489,0.042378999991342425,0.0002210000529885292,False,True,search,,,,,,,,,,,,,,,,0.0019043339416384697,,,,
uci,4,v3,dsr_full,0.9,59,decoded_naive,decoded_banded,riemannian,True,7054,8040,0.0003221250372007489,0.042378999991342425,0.0002210000529885292,False,True,repair,failed,0.0,3.0,"step 1 still violates after 3 repair iterations (triggered by {'immutable': False, 'non_decreasing': True, 'age_horizon': True, 'directional': True})",,,,,,,,,,,,0.002843583934009075,False,True,True,True
uci,4,v3,dsr_full,0.99,3,decoded_naive,decoded_banded,riemannian,True,7054,8040,0.0003589170519262552,0.042378999991342425,0.0002210000529885292,False,True,repair,failed,0.0,3.0,"step 1 still violates after 3 repair iterations (triggered by {'immutable': False, 'non_decreasing': True, 'age_horizon': True, 'directional': True})",,,,,,,,,,,,0.0029620410641655326,False,True,True,True
uci,4,v3,dsr_full,0.99,4,decoded_naive,decoded_banded,riemannian,True,7054,8040,0.0003589170519262552,0.042378999991342425,0.0002210000529885292,False,True,repair,failed,0.0,3.0,"step 1 still violates after 3 repair iterations (triggered by {'immutable': False, 'non_decreasing': True, 'age_horizon': True, 'directional': True})",,,,,,,,,,,,0.0028774170204997063,False,True,True,True
uci,4,v3,dsr_full,0.99,5,decoded_naive,decoded_banded,riemannian,True,7054,8040,0.0003589170519262552,0.042378999991342425,0.0002210000529885292,False,True,repair,failed,0.0,3.0,"step 1 still violates after 3 repair iterations (triggered by {'immutable': False, 'non_decreasing': True, 'age_horizon': True, 'directional': True})",,,,,,,,,,,,0.002683792030438781,False,True,True,True
uci,4,v3,dsr_full,0.99,6,decoded_naive,decoded_banded,riemannian,True,7054,8040,0.0003589170519262552,0.042378999991342425,0.0002210000529885292,False,True,repair,failed,0.0,3.0,"step 1 still violates after 3 repair iterations (triggered by {'immutable': False, 'non_decreasing': True, 'age_horizon': True, 'directional': True})",,,,,,,,,,,,0.002470292034558952,False,True,True,True
uci,4,v3,dsr_full,0.99,11,decoded_naive,decoded_banded,riemannian,True,7054,8040,0.0003589170519262552,0.042378999991342425,0.0002210000529885292,False,True,repair,failed,0.0,3.0,"step 1 still violates after 3 repair iterations (triggered by {'immutable': False, 'non_decreasing': True, 'age_horizon': True, 'directional': True})",,,,,,,,,,,,0.00265016604680568,False,True,True,True
uci,4,v3,dsr_full,0.99,14,decoded_naive,decoded_banded,riemannian,True,7054,8040,0.0003589170519262552,0.042378999991342425,0.0002210000529885292,False,True,repair,failed,0.0,3.0,"step 1 still violates after 3 repair iterations (triggered by {'immutable': False, 'non_decreasing': True, 'age_horizon': True, 'directional': True})",,,,,,,,,,,,0.0027197919553145766,False,True,True,True
uci,4,v3,dsr_full,0.99,16,decoded_naive,decoded_banded,riemannian,True,7054,8040,0.0003589170519262552,0.042378999991342425,0.0002210000529885292,False,True,search,,,,,,,,,,,,,,,,0.0022129169665277004,,,,
uci,4,v3,dsr_full,0.99,17,decoded_naive,decoded_banded,riemannian,True,7054,8040,0.0003589170519262552,0.042378999991342425,0.0002210000529885292,False,True,repair,failed,0.0,3.0,"step 1 still violates after 3 repair iterations (triggered by {'immutable': False, 'non_decreasing': True, 'age_horizon': True, 'directional': True})",,,,,,,,,,,,0.003417791915126145,False,True,True,True
uci,4,v3,dsr_full,0.99,19,decoded_naive,decoded_banded,riemannian,True,7054,8040,0.0003589170519262552,0.042378999991342425,0.0002210000529885292,False,True,search,,,,,,,,,,,,,,,,0.0028145830146968365,,,,
uci,4,v3,dsr_full,0.99,20,decoded_naive,decoded_banded,riemannian,True,7054,8040,0.0003589170519262552,0.042378999991342425,0.0002210000529885292,False,True,search,,,,,,,,,,,,,,,,0.002354166004806757,,,,
uci,4,v3,dsr_full,0.99,23,decoded_naive,decoded_banded,riemannian,True,7054,8040,0.0003589170519262552,0.042378999991342425,0.0002210000529885292,False,True,repair,failed,0.0,3.0,"step 1 still violates after 3 repair iterations (triggered by {'immutable': False, 'non_decreasing': True, 'age_horizon': True, 'directional': True})",,,,,,,,,,,,0.0027789160376414657,False,True,True,True
uci,4,v3,dsr_full,0.99,27,decoded_naive,decoded_banded,riemannian,True,7054,8040,0.0003589170519262552,0.042378999991342425,0.0002210000529885292,False,True,search,,,,,,,,,,,,,,,,0.0021748750004917383,,,,
uci,4,v3,dsr_full,0.99,31,decoded_naive,decoded_banded,riemannian,True,7054,8040,0.0003589170519262552,0.042378999991342425,0.0002210000529885292,False,True,repair,failed,0.0,3.0,"step 1 still violates after 3 repair iterations (triggered by {'immutable': False, 'non_decreasing': True, 'age_horizon': True, 'directional': True})",,,,,,,,,,,,0.00284512504003942,False,True,True,True
uci,4,v3,dsr_full,0.99,32,decoded_naive,decoded_banded,riemannian,True,7054,8040,0.0003589170519262552,0.042378999991342425,0.0002210000529885292,False,True,repair,failed,0.0,3.0,"step 1 still violates after 3 repair iterations (triggered by {'immutable': False, 'non_decreasing': True, 'age_horizon': True, 'directional': True})",,,,,,,,,,,,0.002885207999497652,False,True,True,True
uci,4,v3,dsr_full,0.99,33,decoded_naive,decoded_banded,riemannian,True,7054,8040,0.0003589170519262552,0.042378999991342425,0.0002210000529885292,False,True,search,,,,,,,,,,,,,,,,0.00294120900798589,,,,
uci,4,v3,dsr_full,0.99,34,decoded_naive,decoded_banded,riemannian,True,7054,8040,0.0003589170519262552,0.042378999991342425,0.0002210000529885292,False,True,repair,failed,0.0,3.0,"step 1 still violates after 3 repair iterations (triggered by {'immutable': False, 'non_decreasing': True, 'age_horizon': True, 'directional': True})",,,,,,,,,,,,0.0029479169752448797,False,True,True,True
uci,4,v3,dsr_full,0.99,36,decoded_naive,decoded_banded,riemannian,True,7054,8040,0.0003589170519262552,0.042378999991342425,0.0002210000529885292,False,True,repair,failed,0.0,3.0,"step 1 still violates after 3 repair iterations (triggered by {'immutable': False, 'non_decreasing': True, 'age_horizon': True, 'directional': True})",,,,,,,,,,,,0.0024307910352945328,False,True,True,True
uci,4,v3,dsr_full,0.99,37,decoded_naive,decoded_banded,riemannian,True,7054,8040,0.0003589170519262552,0.042378999991342425,0.0002210000529885292,False,True,repair,failed,0.0,3.0,"step 1 still violates after 3 repair iterations (triggered by {'immutable': False, 'non_decreasing': True, 'age_horizon': True, 'directional': True})",,,,,,,,,,,,0.0024892919464036822,False,True,True,True
uci,4,v3,dsr_full,0.99,38,decoded_naive,decoded_banded,riemannian,True,7054,8040,0.0003589170519262552,0.042378999991342425,0.0002210000529885292,False,True,search,,,,,,,,,,,,,,,,0.002206333912909031,,,,
uci,4,v3,dsr_full,0.99,40,decoded_naive,decoded_banded,riemannian,True,7054,8040,0.0003589170519262552,0.042378999991342425,0.0002210000529885292,False,True,search,,,,,,,,,,,,,,,,0.0022589999716728926,,,,
uci,4,v3,dsr_full,0.99,42,decoded_naive,decoded_banded,riemannian,True,7054,8040,0.0003589170519262552,0.042378999991342425,0.0002210000529885292,False,True,search,,,,,,,,,,,,,,,,0.0019445829093456268,,,,
uci,4,v3,dsr_full,0.99,44,decoded_naive,decoded_banded,riemannian,True,7054,8040,0.0003589170519262552,0.042378999991342425,0.0002210000529885292,False,True,search,,,,,,,,,,,,,,,,0.0019457500893622637,,,,
uci,4,v3,dsr_full,0.99,45,decoded_naive,decoded_banded,riemannian,True,7054,8040,0.0003589170519262552,0.042378999991342425,0.0002210000529885292,False,True,repair,failed,0.0,3.0,"step 1 still violates after 3 repair iterations (triggered by {'immutable': False, 'non_decreasing': True, 'age_horizon': True, 'directional': True})",,,,,,,,,,,,0.0024609999964013696,False,True,True,True
uci,4,v3,dsr_full,0.99,57,decoded_naive,decoded_banded,riemannian,True,7054,8040,0.0003589170519262552,0.042378999991342425,0.0002210000529885292,False,True,search,,,,,,,,,,,,,,,,0.001917207962833345,,,,
uci,4,v3,dsr_full,0.99,58,decoded_naive,decoded_banded,riemannian,True,7054,8040,0.0003589170519262552,0.042378999991342425,0.0002210000529885292,False,True,search,,,,,,,,,,,,,,,,0.0019307079492136836,,,,
uci,4,v3,dsr_full,0.99,59,decoded_naive,decoded_banded,riemannian,True,7054,8040,0.0003589170519262552,0.042378999991342425,0.0002210000529885292,False,True,repair,failed,0.0,3.0,"step 1 still violates after 3 repair iterations (triggered by {'immutable': False, 'non_decreasing': True, 'age_horizon': True, 'directional': True})",,,,,,,,,,,,0.002308750059455633,False,True,True,True
