dataset,seed,patient_idx,method,success,latency_sec,cvr_hard,cvr_full,effort,kde
nhanes_real,0,1,DiCE,False,0.014804832986555994,,,,
nhanes_real,0,1,FACE,True,0.09206404199358076,1.0,1.0,5.76401424407959,-6.85728030761485
nhanes_real,0,1,GrowingSpheres,True,0.0009969170205295086,1.0,1.0,4.1638810271477285,-8.200864601391835
nhanes_real,0,1,REVISE,True,0.0072703330079093575,1.0,1.0,5.361887454986572,-6.360073701086032
nhanes_real,0,2,DiCE,False,0.013964583980850875,,,,
nhanes_real,0,2,FACE,True,0.09121245797723532,1.0,1.0,2.8530473709106445,-6.9293245941398185
nhanes_real,0,2,GrowingSpheres,True,0.0005879170494154096,1.0,1.0,2.1461385295398685,-7.192143639245634
nhanes_real,0,2,REVISE,True,0.005045291967689991,1.0,1.0,3.4040210247039795,-6.25631799689388
nhanes_real,0,5,DiCE,True,0.0016554589965380728,1.0,1.0,2.562870979309082,-9.40525929601503
nhanes_real,0,5,FACE,True,0.09150320902699605,1.0,1.0,5.563790798187256,-6.956020982105744
nhanes_real,0,5,GrowingSpheres,True,0.0006420410354621708,1.0,1.0,2.62737978228383,-10.620917921883398
nhanes_real,0,5,REVISE,True,0.005931332998443395,1.0,1.0,5.707745552062988,-6.403006635597341
nhanes_real,0,6,DiCE,True,0.0011565409949980676,1.0,1.0,2.575632095336914,-6.8391332991676705
nhanes_real,0,6,FACE,True,0.0947312909993343,1.0,1.0,2.7208404541015625,-6.388976786046192
nhanes_real,0,6,GrowingSpheres,True,0.0004737079725600779,1.0,1.0,1.579262683941746,-6.619834743782613
nhanes_real,0,6,REVISE,True,0.005063167016487569,1.0,1.0,3.8281397819519043,-6.134040728357844
nhanes_real,0,7,DiCE,False,0.014666792005300522,,,,
nhanes_real,0,7,FACE,True,0.09110612497897819,1.0,1.0,5.348235130310059,-6.068699445309529
nhanes_real,0,7,GrowingSpheres,True,0.0011433750041760504,1.0,1.0,8.049278342884385,-9.743266793391458
nhanes_real,0,7,REVISE,True,0.008539791975636035,1.0,1.0,5.557559490203857,-6.206502171418743
nhanes_real,0,8,DiCE,False,0.01489079202292487,,,,
nhanes_real,0,8,FACE,True,0.09147383400704712,1.0,1.0,2.516782283782959,-7.085785960837132
nhanes_real,0,8,GrowingSpheres,True,0.0006358749815262854,1.0,1.0,2.6692284237792165,-7.743938966517906
nhanes_real,0,8,REVISE,True,0.005723125010263175,1.0,1.0,4.613778114318848,-6.076779881386511
nhanes_real,0,9,DiCE,True,0.0013795419945381582,1.0,1.0,2.5018081665039062,-9.901545357357225
nhanes_real,0,9,FACE,True,0.09399312495952472,1.0,1.0,3.853034496307373,-7.278899298270909
nhanes_real,0,9,GrowingSpheres,True,0.0005471670301631093,1.0,1.0,2.005940259069677,-9.344238919318187
nhanes_real,0,9,REVISE,True,0.00585241598309949,1.0,1.0,5.900869369506836,-6.505940638765198
nhanes_real,0,11,DiCE,False,0.014183583029080182,,,,
nhanes_real,0,11,FACE,True,0.09124629199504852,1.0,1.0,6.909911155700684,-7.683246560506046
nhanes_real,0,11,GrowingSpheres,True,0.0009740000241436064,1.0,1.0,5.939069079967849,-9.058099796457519
nhanes_real,0,11,REVISE,True,0.008087916998192668,1.0,1.0,9.29055118560791,-6.05073720857081
nhanes_real,0,12,DiCE,True,0.001844500016886741,1.0,1.0,1.8654863834381104,-8.425436870973988
nhanes_real,0,12,FACE,True,0.09980500000528991,1.0,1.0,3.6084320545196533,-6.388976786046192
nhanes_real,0,12,GrowingSpheres,True,0.0006632499862462282,1.0,1.0,1.7046818380961284,-8.084436860665623
nhanes_real,0,12,REVISE,True,0.009609291970264167,1.0,1.0,5.502444267272949,-6.12840900852931
nhanes_real,0,13,DiCE,False,0.01570708298822865,,,,
nhanes_real,0,13,FACE,True,0.09751070797210559,1.0,1.0,4.1401801109313965,-8.233240907368089
nhanes_real,0,13,GrowingSpheres,True,0.0011108339531347156,1.0,1.0,6.175562506611341,-11.381418595288345
nhanes_real,0,13,REVISE,True,0.009077999973669648,1.0,1.0,6.76957893371582,-6.2459737236337896
nhanes_real,0,14,DiCE,False,0.01565595797728747,,,,
nhanes_real,0,14,FACE,True,0.09494891704525799,1.0,1.0,4.995188236236572,-7.481110053586464
nhanes_real,0,14,GrowingSpheres,True,0.0008807090343907475,1.0,1.0,2.5471034866761246,-8.046681743685012
nhanes_real,0,14,REVISE,True,0.008487707993481308,1.0,1.0,6.3432512283325195,-6.185718137277906
nhanes_real,0,17,DiCE,True,0.0016511669964529574,1.0,1.0,2.0834100246429443,-7.630547520006884
nhanes_real,0,17,FACE,True,0.09366612497251481,1.0,1.0,3.560338020324707,-6.797300329212382
nhanes_real,0,17,GrowingSpheres,True,0.0005086659803055227,1.0,1.0,1.890190026900652,-7.157404464388144
nhanes_real,0,17,REVISE,True,0.009073833003640175,1.0,1.0,5.134460926055908,-6.248975449579392
nhanes_real,0,21,DiCE,False,0.015408667037263513,,,,
nhanes_real,0,21,FACE,True,0.09357062500203028,1.0,1.0,5.720505714416504,-8.894864273623895
nhanes_real,0,21,GrowingSpheres,True,0.0012799170217476785,1.0,1.0,6.986858731496325,-11.943870724038222
nhanes_real,0,21,REVISE,False,0.04581820894964039,,,,
nhanes_real,0,22,DiCE,True,0.0011705000069923699,1.0,1.0,2.4665942192077637,-7.073781992028504
nhanes_real,0,22,FACE,True,0.093020583037287,1.0,1.0,2.802666664123535,-6.816501779424558
nhanes_real,0,22,GrowingSpheres,True,0.0005412919563241303,1.0,1.0,1.3542749238445255,-7.297617246810166
nhanes_real,0,22,REVISE,True,0.0006198339979164302,1.0,1.0,4.769871234893799,-6.61884549854291
nhanes_real,0,23,DiCE,True,0.001010584004689008,1.0,1.0,2.164407253265381,-8.27844414283391
nhanes_real,0,23,FACE,True,0.09351675002835691,1.0,1.0,2.7503151893615723,-7.135196114178602
nhanes_real,0,23,GrowingSpheres,True,0.0004444579826667905,1.0,1.0,1.5904843571355718,-7.987875746657307
nhanes_real,0,23,REVISE,True,0.005398291978053749,1.0,1.0,3.3173091411590576,-6.624469726458489
nhanes_real,0,26,DiCE,True,0.0009749169694259763,1.0,1.0,1.4681079387664795,-7.1409355259514316
nhanes_real,0,26,FACE,True,0.09386916604125872,1.0,1.0,1.502609372138977,-7.454635863777797
nhanes_real,0,26,GrowingSpheres,True,0.000351125025190413,1.0,1.0,1.5424735569707533,-7.254663111480406
nhanes_real,0,26,REVISE,True,0.0006871669902466238,1.0,1.0,4.46102237701416,-6.950487686066223
nhanes_real,0,30,DiCE,True,0.001508333021774888,1.0,1.0,2.723414897918701,-7.4151654832323874
nhanes_real,0,30,FACE,True,0.0915537920081988,1.0,1.0,4.39330530166626,-7.2125991421236995
nhanes_real,0,30,GrowingSpheres,True,0.00044312496902421117,1.0,1.0,0.8711580369068447,-7.62149167307793
nhanes_real,0,30,REVISE,True,0.00735062500461936,1.0,1.0,3.8507211208343506,-6.2426984994451615
nhanes_real,0,31,DiCE,True,0.0015801250119693577,1.0,1.0,2.895371913909912,-11.466376929677505
nhanes_real,0,31,FACE,True,0.09045554202748463,1.0,1.0,6.257275581359863,-9.000376236389503
nhanes_real,0,31,GrowingSpheres,True,0.0006011250079609454,1.0,1.0,3.8082144538766234,-10.682188809032938
nhanes_real,0,31,REVISE,True,0.0007063750526867807,1.0,1.0,11.179914474487305,-6.631676928709517
nhanes_real,0,38,DiCE,False,0.014954791986383498,,,,
nhanes_real,0,38,FACE,True,0.09154979104641825,1.0,1.0,2.7709591388702393,-7.515327962748248
nhanes_real,0,38,GrowingSpheres,True,0.0006464580073952675,1.0,1.0,4.117468571394345,-8.230871683578542
nhanes_real,0,38,REVISE,True,0.00875116599490866,1.0,1.0,2.7313339710235596,-6.926740570682032
nhanes_real,0,39,DiCE,True,0.001032250002026558,1.0,1.0,1.6973047256469727,-8.200267482447622
nhanes_real,0,39,FACE,True,0.09183066699188203,1.0,1.0,3.9891741275787354,-7.392716271446808
nhanes_real,0,39,GrowingSpheres,True,0.00039595802081748843,1.0,1.0,2.825584578362888,-8.306502509778676
nhanes_real,0,39,REVISE,True,0.0005862920079380274,1.0,1.0,5.710114002227783,-6.029143077243008
nhanes_real,0,41,DiCE,False,0.014959833002649248,,,,
nhanes_real,0,41,FACE,True,0.09090562502387911,1.0,1.0,5.4564080238342285,-7.7127082793299415
nhanes_real,0,41,GrowingSpheres,True,0.0009622499928809702,1.0,1.0,7.996874225248084,-11.806673523571206
nhanes_real,0,41,REVISE,True,0.007456917024683207,1.0,1.0,6.1553544998168945,-6.538183276029706
nhanes_real,0,42,DiCE,False,0.015177291992586106,,,,
nhanes_real,0,42,FACE,True,0.09038454102119431,1.0,1.0,5.220141887664795,-6.9293245941398185
nhanes_real,0,42,GrowingSpheres,True,0.0007673330255784094,1.0,1.0,5.162961319062103,-11.430946579815988
nhanes_real,0,42,REVISE,True,0.008103415952064097,1.0,1.0,7.54847526550293,-6.573599665600765
nhanes_real,0,45,DiCE,False,0.014069041993934661,,,,
nhanes_real,0,45,FACE,True,0.09087829198688269,1.0,1.0,6.462153434753418,-6.7379937746921605
nhanes_real,0,45,GrowingSpheres,True,0.0007696659886278212,1.0,1.0,2.25334843531611,-10.360977384986889
nhanes_real,0,45,REVISE,True,0.012291957973502576,1.0,1.0,5.46309757232666,-6.214836086157473
nhanes_real,0,47,DiCE,True,0.0018425409798510373,1.0,1.0,2.7737627029418945,-10.566219441066234
nhanes_real,0,47,FACE,True,0.09082562499679625,1.0,1.0,3.6317529678344727,-7.515327962748248
nhanes_real,0,47,GrowingSpheres,True,0.0006116669974289834,1.0,1.0,3.291935909817659,-8.95938453480587
nhanes_real,0,47,REVISE,True,0.008374625002034009,1.0,1.0,3.8869757652282715,-6.952581479637178
nhanes_real,0,51,DiCE,False,0.015398707997519523,,,,
nhanes_real,0,51,FACE,True,0.09123762499075383,1.0,1.0,6.012516975402832,-9.444310984433166
nhanes_real,0,51,GrowingSpheres,True,0.0010313749662600458,1.0,1.0,5.3933541111439105,-16.491731826380956
nhanes_real,0,51,REVISE,True,0.008249334001448005,1.0,1.0,15.281707763671875,-6.209833784924081
nhanes_real,0,53,DiCE,True,0.0015479999710805714,1.0,1.0,3.280219316482544,-6.661472387813758
nhanes_real,0,53,FACE,True,0.09463283402146772,1.0,1.0,4.723472595214844,-6.799190016735489
nhanes_real,0,53,GrowingSpheres,True,0.0005817499477416277,1.0,1.0,1.2409978916558781,-8.528252072964978
nhanes_real,0,53,REVISE,True,0.0017099169781431556,1.0,1.0,4.96471643447876,-6.503372653894399
nhanes_real,0,54,DiCE,True,0.00298045901581645,1.0,1.0,2.467625617980957,-8.472085478897688
nhanes_real,0,54,FACE,True,0.09233812498860061,1.0,1.0,3.271409511566162,-7.392716271446808
nhanes_real,0,54,GrowingSpheres,True,0.0007044589729048312,1.0,1.0,2.4290582550689557,-8.046477924259326
nhanes_real,0,54,REVISE,True,0.005400000023655593,1.0,1.0,6.098299503326416,-6.116801802261369
nhanes_real,0,56,DiCE,False,0.015143749944400042,,,,
nhanes_real,0,56,FACE,True,0.09118650003802031,1.0,1.0,6.154310703277588,-6.785730065913892
nhanes_real,0,56,GrowingSpheres,True,0.001107583986595273,1.0,1.0,6.240095340526934,-11.333366736327038
nhanes_real,0,56,REVISE,False,0.042307833035010844,,,,
nhanes_real,0,60,DiCE,True,0.0021904160385020077,1.0,1.0,3.5136070251464844,-8.045501941174011
nhanes_real,0,60,FACE,True,0.09157412499189377,1.0,1.0,3.513258218765259,-6.94180251728339
nhanes_real,0,60,GrowingSpheres,True,0.0006719580269418657,1.0,1.0,1.1356494829397685,-7.894476780778244
nhanes_real,0,60,REVISE,True,0.004023333021905273,1.0,1.0,6.180489540100098,-6.270878535484012
nhanes_real,0,61,DiCE,False,0.01470495801186189,,,,
nhanes_real,0,61,FACE,True,0.09120941703440621,1.0,1.0,4.267362117767334,-7.435852830981746
nhanes_real,0,61,GrowingSpheres,True,0.0008187919738702476,1.0,1.0,4.06148152956019,-7.914848451434793
nhanes_real,0,61,REVISE,True,0.01038958301069215,1.0,1.0,4.2412614822387695,-6.733648363300103
nhanes_real,0,62,DiCE,True,0.0018911659717559814,1.0,1.0,3.237006187438965,-8.988297702619152
nhanes_real,0,62,FACE,True,0.09055541700217873,1.0,1.0,7.438431262969971,-6.843646418083419
nhanes_real,0,62,GrowingSpheres,True,0.0006239579524844885,1.0,1.0,2.5743205682039365,-9.378376971978945
nhanes_real,0,62,REVISE,True,0.00473429198609665,1.0,1.0,5.05733585357666,-6.907492471007671
nhanes_real,0,63,DiCE,True,0.0006997500313445926,1.0,1.0,1.528552770614624,-6.794064153244916
nhanes_real,0,63,FACE,True,0.09098337503382936,1.0,1.0,1.7694685459136963,-6.94180251728339
nhanes_real,0,63,GrowingSpheres,True,0.0002690000110305846,1.0,1.0,1.631836775927527,-6.662566356811245
nhanes_real,0,63,REVISE,True,0.0006138750468380749,1.0,1.0,2.5154685974121094,-6.215783274022561
nhanes_real,0,64,DiCE,False,0.01469229202484712,,,,
nhanes_real,0,64,FACE,True,0.09071883297292516,1.0,1.0,2.614854335784912,-6.797300329212382
nhanes_real,0,64,GrowingSpheres,True,0.0006298749940469861,1.0,1.0,1.7847461091619456,-8.278353480295287
nhanes_real,0,64,REVISE,False,0.04229725000914186,,,,
nhanes_real,0,65,DiCE,True,0.0014867080026306212,1.0,1.0,2.5779175758361816,-9.025228705951179
nhanes_real,0,65,FACE,True,0.09108524996554479,1.0,1.0,4.568166255950928,-8.264969902447863
nhanes_real,0,65,GrowingSpheres,True,0.0006582090281881392,1.0,1.0,5.1838588142060145,-12.55069543911782
nhanes_real,0,65,REVISE,True,0.0010538329952396452,1.0,1.0,6.365171432495117,-8.071584743458288
nhanes_real,0,67,DiCE,False,0.015384082973469049,,,,
nhanes_real,0,67,FACE,True,0.10181487497175112,1.0,1.0,3.3755767345428467,-6.2682830082995675
nhanes_real,0,67,GrowingSpheres,True,0.0006991670234128833,1.0,1.0,3.1039500055303475,-7.479003208102524
nhanes_real,0,67,REVISE,True,0.00396645802538842,1.0,1.0,2.3082733154296875,-6.422563691769935
nhanes_real,0,68,DiCE,True,0.0011478749802336097,1.0,1.0,2.1478981971740723,-7.934046078706981
nhanes_real,0,68,FACE,True,0.1132920830277726,1.0,1.0,4.402842998504639,-7.63211530552686
nhanes_real,0,68,GrowingSpheres,True,0.0004177499795332551,1.0,1.0,1.91433473707791,-8.019572877565487
nhanes_real,0,68,REVISE,True,0.0021174169960431755,1.0,1.0,4.318670272827148,-6.187613390215461
nhanes_real,0,70,DiCE,False,0.01593716599745676,,,,
nhanes_real,0,70,FACE,True,0.09166379197267815,1.0,1.0,8.258439064025879,-6.490221700009308
nhanes_real,0,70,GrowingSpheres,True,0.0008661249885335565,1.0,1.0,2.6608457667397727,-8.728021768504247
nhanes_real,0,70,REVISE,True,0.0059462920180521905,1.0,1.0,5.369112968444824,-6.532044866792905
nhanes_real,0,72,DiCE,False,0.01473433297360316,,,,
nhanes_real,0,72,FACE,True,0.09076270798686892,1.0,1.0,2.6255385875701904,-7.433540800900616
nhanes_real,0,72,GrowingSpheres,True,0.0010790410451591015,1.0,1.0,3.6365483240670695,-11.587443270736037
nhanes_real,0,72,REVISE,True,0.011167790973559022,1.0,1.0,6.992501735687256,-6.099475617628172
nhanes_real,0,74,DiCE,False,0.014148791960906237,,,,
nhanes_real,0,74,FACE,True,0.09057054197182879,1.0,1.0,4.714981555938721,-7.7127082793299415
nhanes_real,0,74,GrowingSpheres,True,0.0007172079640440643,1.0,1.0,4.8287869593011035,-9.734280144235258
nhanes_real,0,74,REVISE,True,0.004047041991725564,1.0,1.0,5.029695510864258,-7.0107061394855865
nhanes_real,0,76,DiCE,False,0.015139124996494502,,,,
nhanes_real,0,76,FACE,True,0.09100666700396687,1.0,1.0,3.2168140411376953,-7.451336336244954
nhanes_real,0,76,GrowingSpheres,True,0.0007054159650579095,1.0,1.0,4.872652125992806,-8.522242794747275
nhanes_real,0,76,REVISE,True,0.010230999963823706,1.0,1.0,5.737795829772949,-6.534373199699896
nhanes_real,0,78,DiCE,True,0.0008552090148441494,1.0,1.0,2.4782562255859375,-11.896511397181065
nhanes_real,0,78,FACE,True,0.09103029198013246,1.0,1.0,5.0821027755737305,-9.670391338393381
nhanes_real,0,78,GrowingSpheres,True,0.0003361670533195138,1.0,1.0,1.401117655549288,-12.206108027862339
nhanes_real,0,78,REVISE,True,0.004706749983597547,1.0,1.0,17.660751342773438,-8.14480034868042
nhanes_real,0,79,DiCE,True,0.0010463329963386059,1.0,1.0,2.509004592895508,-10.379199621441433
nhanes_real,0,79,FACE,True,0.09097808302612975,1.0,1.0,6.067660331726074,-8.285580773454855
nhanes_real,0,79,GrowingSpheres,True,0.0003852079971693456,1.0,1.0,1.4713739071287106,-9.592747951636639
nhanes_real,0,79,REVISE,True,0.0054919999674893916,1.0,1.0,10.208975791931152,-6.6835777125927525
nhanes_real,0,80,DiCE,False,0.015136291971430182,,,,
nhanes_real,0,80,FACE,True,0.09150375000899658,1.0,1.0,11.59587287902832,-9.741172650333828
nhanes_real,0,80,GrowingSpheres,True,0.0010371250100433826,1.0,1.0,5.810086341469857,-15.481340936922809
nhanes_real,0,80,REVISE,True,0.01294870802666992,1.0,1.0,14.022054672241211,-9.279864034507677
nhanes_real,0,83,DiCE,False,0.01449224998941645,,,,
nhanes_real,0,83,FACE,True,0.09066620795056224,1.0,1.0,5.422274112701416,-7.454635863777797
nhanes_real,0,83,GrowingSpheres,True,0.0009254580363631248,1.0,1.0,6.49054988172204,-7.909338861072855
nhanes_real,0,83,REVISE,True,0.005675584019627422,1.0,1.0,8.29084300994873,-6.7639058831693335
nhanes_real,0,85,DiCE,True,0.0008945000008679926,1.0,1.0,2.6046791076660156,-10.63666100298543
nhanes_real,0,85,FACE,True,0.09122183301951736,1.0,1.0,4.64580774307251,-8.655346708147912
nhanes_real,0,85,GrowingSpheres,True,0.00027250003768131137,1.0,1.0,0.8349477736729696,-9.612766701865898
nhanes_real,0,85,REVISE,True,0.003003000048920512,1.0,1.0,10.402191162109375,-6.2149528903775995
nhanes_real,0,87,DiCE,False,0.014681666973046958,,,,
nhanes_real,0,87,FACE,True,0.09252483298769221,1.0,1.0,2.4912726879119873,-6.9293245941398185
nhanes_real,0,87,GrowingSpheres,True,0.0009287090506404638,1.0,1.0,4.826115363866219,-8.828752845484681
nhanes_real,0,87,REVISE,True,0.00866975000826642,1.0,1.0,3.6444568634033203,-6.8570608857231985
nhanes_real,0,88,DiCE,True,0.0007677499670535326,1.0,1.0,1.6111143827438354,-7.427012467279157
nhanes_real,0,88,FACE,True,0.09069224999984726,0.0,1.0,4.753041744232178,-6.785730065913892
nhanes_real,0,88,GrowingSpheres,True,0.00029970804462209344,1.0,1.0,1.8332960634407787,-7.261535248858234
nhanes_real,0,88,REVISE,True,0.0014794580056332052,1.0,1.0,4.183492183685303,-6.257336970384968
nhanes_real,0,90,DiCE,True,0.001764915999956429,1.0,1.0,2.709723949432373,-8.842900168672088
nhanes_real,0,90,FACE,True,0.09106141701340675,1.0,1.0,2.9505279064178467,-6.647317623932574
nhanes_real,0,90,GrowingSpheres,True,0.0006549169775098562,1.0,1.0,3.474993865951235,-9.09170851534315
nhanes_real,0,90,REVISE,True,0.008136042044498026,1.0,1.0,4.876503944396973,-6.533677573289731
nhanes_real,0,97,DiCE,True,0.001609666971489787,1.0,1.0,3.3024892807006836,-8.632133435775563
nhanes_real,0,97,FACE,True,0.09028220799518749,1.0,1.0,5.021790027618408,-7.171501367702392
nhanes_real,0,97,GrowingSpheres,True,0.0005419999943114817,1.0,1.0,2.3285725998256863,-8.90500518000408
nhanes_real,0,97,REVISE,True,0.0024398749810643494,1.0,1.0,5.440950393676758,-6.467203522484892
nhanes_real,0,99,DiCE,True,0.0014507909654639661,1.0,1.0,3.0093579292297363,-8.588065024602377
nhanes_real,0,99,FACE,True,0.09034774999599904,1.0,1.0,3.7520389556884766,-7.4408872498394265
nhanes_real,0,99,GrowingSpheres,True,0.00047629198525100946,1.0,1.0,2.8079662366777276,-9.852151397077055
nhanes_real,0,99,REVISE,True,0.0005819160141982138,1.0,1.0,8.559928894042969,-6.859488472505079
nhanes_real,0,100,DiCE,False,0.014864415978081524,,,,
nhanes_real,0,100,FACE,True,0.09092183300526813,1.0,1.0,3.533493995666504,-9.444310984433166
nhanes_real,0,100,GrowingSpheres,True,0.00076954101677984,1.0,1.0,3.8944936908050996,-10.416171160338362
nhanes_real,0,100,REVISE,True,0.007188791991211474,1.0,1.0,11.587015151977539,-6.412396236962341
nhanes_real,0,105,DiCE,False,0.015175166015978903,,,,
nhanes_real,0,105,FACE,True,0.09142354200594127,1.0,1.0,8.258009910583496,-9.701451329338454
nhanes_real,0,105,GrowingSpheres,True,0.0009087499929592013,1.0,1.0,3.5198585120312655,-14.716016897895944
nhanes_real,0,105,REVISE,True,0.011087207996752113,1.0,1.0,8.681720733642578,-7.313065304294082
nhanes_real,0,107,DiCE,False,0.014397417020518333,,,,
nhanes_real,0,107,FACE,True,0.09080666699446738,1.0,1.0,3.8097927570343018,-7.506468712414293
nhanes_real,0,107,GrowingSpheres,True,0.000698166957590729,1.0,1.0,3.072750698637916,-9.804386126507305
nhanes_real,0,107,REVISE,True,0.008804375014733523,1.0,1.0,4.526169776916504,-6.403309351254949
nhanes_real,0,109,DiCE,False,0.015235541970469058,,,,
nhanes_real,0,109,FACE,True,0.09092929103644565,1.0,1.0,4.122298240661621,-6.647317623932574
nhanes_real,0,109,GrowingSpheres,True,0.0010785000049509108,1.0,1.0,3.2847433648081745,-12.201210770077285
nhanes_real,0,109,REVISE,True,0.008349000010639429,1.0,1.0,6.634470462799072,-6.462114954546948
nhanes_real,0,113,DiCE,False,0.01472158299293369,,,,
nhanes_real,0,113,FACE,True,0.09149433299899101,1.0,1.0,5.694404602050781,-7.085785960837132
nhanes_real,0,113,GrowingSpheres,True,0.0008574580424465239,1.0,1.0,3.678725548857358,-9.620097381469519
nhanes_real,0,113,REVISE,True,0.011998958012554795,1.0,1.0,5.062843322753906,-6.6541064903546765
nhanes_real,0,115,DiCE,False,0.0146346659748815,,,,
nhanes_real,0,115,FACE,True,0.09148004197049886,1.0,1.0,5.230958461761475,-6.2682830082995675
nhanes_real,0,115,GrowingSpheres,True,0.0007577500073239207,1.0,1.0,4.537588612442154,-8.948246210882589
nhanes_real,0,115,REVISE,True,0.003071625018492341,1.0,1.0,4.877072334289551,-6.087833531698992
nhanes_real,0,118,DiCE,True,0.0013412089901976287,1.0,1.0,3.9850499629974365,-9.509970671307666
nhanes_real,0,118,FACE,True,0.09071708400733769,1.0,1.0,6.23978328704834,-9.384148643587325
nhanes_real,0,118,GrowingSpheres,True,0.0005604169564321637,1.0,1.0,4.226550183579601,-9.540802789423807
nhanes_real,0,118,REVISE,True,0.0010269159683957696,1.0,1.0,6.914461135864258,-7.304457735643846
nhanes_real,0,120,DiCE,False,0.014895041997078806,,,,
nhanes_real,0,120,FACE,True,0.0906154999975115,1.0,1.0,7.598124027252197,-8.26619912401082
nhanes_real,0,120,GrowingSpheres,True,0.0008588329656049609,1.0,1.0,5.299211381015368,-7.897440602731621
nhanes_real,0,120,REVISE,True,0.014134792028926313,1.0,1.0,7.56002950668335,-6.305098432316293
nhanes_real,0,122,DiCE,True,0.0023366250097751617,1.0,1.0,3.0802831649780273,-10.741518180282016
nhanes_real,0,122,FACE,True,0.09078199998475611,1.0,1.0,6.595483779907227,-7.9422847375928445
nhanes_real,0,122,GrowingSpheres,True,0.0005731660057790577,1.0,1.0,2.368835130293163,-9.331844047007172
nhanes_real,0,122,REVISE,True,0.007261291961185634,1.0,1.0,8.61043643951416,-6.7666996420525365
nhanes_real,0,123,DiCE,True,0.002174499968532473,1.0,1.0,2.4737908840179443,-6.975623802503447
nhanes_real,0,123,FACE,True,0.09082637500250712,1.0,1.0,5.310593128204346,-6.85728030761485
nhanes_real,0,123,GrowingSpheres,True,0.0006085829809308052,1.0,1.0,3.736997403105393,-7.9918093225007585
nhanes_real,0,123,REVISE,True,0.003310791973490268,1.0,1.0,3.2322099208831787,-6.259456414419701
nhanes_real,0,124,DiCE,True,0.0010318750282749534,1.0,1.0,2.86188006401062,-7.288690283112711
nhanes_real,0,124,FACE,True,0.09026166697731242,1.0,1.0,2.8078925609588623,-6.611582730330648
nhanes_real,0,124,GrowingSpheres,True,0.0003909170045517385,1.0,1.0,1.3352260791927493,-7.637725385690573
nhanes_real,0,124,REVISE,True,0.000560290995053947,1.0,1.0,4.932582378387451,-6.059986638449523
nhanes_real,0,126,DiCE,False,0.014600166992750019,,,,
nhanes_real,0,126,FACE,True,0.09314099996117875,1.0,1.0,3.9292726516723633,-6.577459777512697
nhanes_real,0,126,GrowingSpheres,True,0.0006454169633798301,1.0,1.0,2.7449022361916855,-6.664357605879122
nhanes_real,0,126,REVISE,True,0.005053874978329986,1.0,1.0,4.790828704833984,-6.066788232532294
nhanes_real,0,127,DiCE,True,0.0008405839907936752,1.0,1.0,2.2900495529174805,-11.025293986967377
nhanes_real,0,127,FACE,True,0.09068212501006201,1.0,1.0,2.6418747901916504,-9.715898563633093
nhanes_real,0,127,GrowingSpheres,True,0.0003196660545654595,1.0,1.0,1.3400647242797434,-11.262951292748099
nhanes_real,0,127,REVISE,True,0.004305417009163648,1.0,1.0,6.941080570220947,-8.134413520028923
nhanes_real,0,129,DiCE,True,0.0007136670174077153,1.0,1.0,1.4200091361999512,-7.4040910360120655
nhanes_real,0,129,FACE,True,0.09087458299472928,0.0,0.0,3.308387279510498,-6.861892555011325
nhanes_real,0,129,GrowingSpheres,True,0.00022070901468396187,1.0,1.0,1.1083289615493048,-7.595611353240568
nhanes_real,0,129,REVISE,True,0.000584250024985522,1.0,1.0,4.584198474884033,-6.461271716003157
nhanes_real,0,132,DiCE,True,0.0005684159696102142,1.0,1.0,1.0823007822036743,-8.038362288258732
nhanes_real,0,132,FACE,True,0.09125541697721928,1.0,1.0,2.7918407917022705,-7.021587631623062
nhanes_real,0,132,GrowingSpheres,True,0.0002643750049173832,1.0,1.0,0.9540996886007176,-8.27535172957235
nhanes_real,0,132,REVISE,True,0.0006192920263856649,1.0,1.0,5.130326747894287,-6.087777661138125
nhanes_real,0,133,DiCE,True,0.0007294579991139472,1.0,1.0,1.5036288499832153,-6.12959382408634
nhanes_real,0,133,FACE,True,0.090771000017412,1.0,1.0,1.4980751276016235,-6.2682830082995675
nhanes_real,0,133,GrowingSpheres,True,0.00021591701079159975,1.0,1.0,0.9462959672734994,-6.075794167715587
nhanes_real,0,133,REVISE,True,0.0006086669745855033,1.0,1.0,1.138298749923706,-6.060392855129998
nhanes_real,0,134,DiCE,True,0.001843875041231513,1.0,1.0,3.5559237003326416,-11.993738423270141
nhanes_real,0,134,FACE,True,0.09065079200081527,0.0,1.0,10.996427536010742,-6.388976786046192
nhanes_real,0,134,GrowingSpheres,True,0.0005769169656559825,1.0,1.0,3.424055701729558,-13.81548808132726
nhanes_real,0,134,REVISE,True,0.004249042016454041,1.0,1.0,11.44389820098877,-6.087631747099583
nhanes_real,0,139,DiCE,True,0.002255833998788148,1.0,1.0,3.3870768547058105,-7.3961768821251255
nhanes_real,0,139,FACE,True,0.09045783296460286,1.0,1.0,6.237867832183838,-6.861892555011325
nhanes_real,0,139,GrowingSpheres,True,0.0007447500247508287,1.0,1.0,2.0258286749462306,-8.81460552225418
nhanes_real,0,139,REVISE,True,0.0028083750512450933,1.0,1.0,3.8915061950683594,-6.653427698759453
nhanes_real,0,140,DiCE,False,0.014900958049111068,,,,
nhanes_real,0,140,FACE,True,0.09042520797811449,1.0,1.0,3.4768478870391846,-8.140441898824736
nhanes_real,0,140,GrowingSpheres,True,0.0006017919513396919,1.0,1.0,4.433596295871942,-9.710488975270833
nhanes_real,0,140,REVISE,True,0.007773082994390279,1.0,1.0,6.364780902862549,-6.94618227833902
nhanes_real,0,143,DiCE,False,0.014707125024870038,,,,
nhanes_real,0,143,FACE,True,0.09072041598847136,1.0,1.0,7.803435802459717,-9.596187398278516
nhanes_real,0,143,GrowingSpheres,True,0.0008957909885793924,1.0,1.0,5.217176801586309,-18.576311942010804
nhanes_real,0,143,REVISE,True,0.005275375035125762,1.0,1.0,21.377235412597656,-6.516251003937228
nhanes_real,0,144,DiCE,True,0.0011532919597811997,1.0,1.0,2.509864330291748,-6.73506772857804
nhanes_real,0,144,FACE,True,0.0913484170450829,1.0,1.0,3.323270082473755,-7.003977794104555
nhanes_real,0,144,GrowingSpheres,True,0.00040504103526473045,1.0,1.0,1.5860500647741016,-6.919810157803738
nhanes_real,0,144,REVISE,True,0.0015046659973450005,1.0,1.0,1.9704837799072266,-6.197649883365073
nhanes_real,0,145,DiCE,False,0.014975666999816895,,,,
nhanes_real,0,145,FACE,True,0.09115420799935237,1.0,1.0,2.9935121536254883,-6.563762295905182
nhanes_real,0,145,GrowingSpheres,True,0.0006835000240243971,1.0,1.0,4.194388592337702,-7.28517404386632
nhanes_real,0,145,REVISE,True,0.005365458957385272,1.0,1.0,3.4978206157684326,-6.183635133163449
nhanes_real,0,147,DiCE,True,0.0017276660073548555,1.0,1.0,2.609123468399048,-8.058529755311582
nhanes_real,0,147,FACE,True,0.09090220899088308,1.0,1.0,4.114777565002441,-6.977646580687802
nhanes_real,0,147,GrowingSpheres,True,0.0006099999882280827,1.0,1.0,2.8513955641028113,-7.5774550256058255
nhanes_real,0,147,REVISE,True,0.0042030420154333115,1.0,1.0,4.233880519866943,-6.288157766399266
nhanes_real,0,149,DiCE,False,0.014605709002353251,,,,
nhanes_real,0,149,FACE,True,0.0911040420178324,1.0,1.0,4.651981353759766,-7.135196114178602
nhanes_real,0,149,GrowingSpheres,True,0.0010602090042084455,1.0,1.0,8.62798627469611,-11.467068139188004
nhanes_real,0,149,REVISE,True,0.009757291991263628,1.0,1.0,2.0579662322998047,-7.06532285337095
nhanes_real,0,150,DiCE,True,0.0014407919952645898,1.0,1.0,2.4809722900390625,-9.201540822359611
nhanes_real,0,150,FACE,True,0.09063041699118912,1.0,1.0,4.993920803070068,-7.63211530552686
nhanes_real,0,150,GrowingSpheres,True,0.000429667008575052,1.0,1.0,2.4478696306135315,-9.248048987497643
nhanes_real,0,150,REVISE,True,0.002049500006251037,1.0,1.0,6.48538875579834,-7.002697059041344
nhanes_real,0,155,DiCE,True,0.001978499989490956,1.0,1.0,2.811774730682373,-8.09537306748347
nhanes_real,0,155,FACE,True,0.09023570799035951,1.0,1.0,3.106316089630127,-8.127168574536281
nhanes_real,0,155,GrowingSpheres,True,0.0005832919850945473,1.0,1.0,3.7498360961667845,-8.069957713667922
nhanes_real,0,155,REVISE,True,0.004274082952179015,1.0,1.0,4.41845703125,-6.461166994659017
nhanes_real,0,156,DiCE,True,0.0007272919756360352,1.0,1.0,1.7471959590911865,-9.67201397324688
nhanes_real,0,156,FACE,True,0.09108191699488088,1.0,1.0,2.4706130027770996,-9.641650883470067
nhanes_real,0,156,GrowingSpheres,True,0.00039375002961605787,1.0,1.0,1.5957831585386577,-9.724277388687293
nhanes_real,0,156,REVISE,True,0.0006502090254798532,1.0,1.0,9.264205932617188,-6.9610328101500265
nhanes_real,0,158,DiCE,True,0.0005815839977003634,1.0,1.0,0.8695966005325317,-8.857760448907902
nhanes_real,0,158,FACE,True,0.0908208749606274,1.0,1.0,3.0181853771209717,-8.324885023651838
nhanes_real,0,158,GrowingSpheres,True,0.00024324998958036304,1.0,1.0,0.729979890052115,-8.96356123496057
nhanes_real,0,158,REVISE,True,0.0029509160085581243,1.0,1.0,4.617517471313477,-7.1863115771908
nhanes_real,0,160,DiCE,True,0.0012151250266470015,1.0,1.0,2.7861406803131104,-7.896945208378053
nhanes_real,0,160,FACE,True,0.08997229201486334,1.0,1.0,2.292738676071167,-6.735350921401158
nhanes_real,0,160,GrowingSpheres,True,0.0004274160019122064,1.0,1.0,1.3185693537386152,-7.2857130858141
nhanes_real,0,160,REVISE,True,0.007937041984405369,1.0,1.0,3.9485392570495605,-6.345855919289773
nhanes_real,0,162,DiCE,False,0.015082166995853186,,,,
nhanes_real,0,162,FACE,True,0.09067075001075864,1.0,1.0,11.712923049926758,-8.697740482324704
nhanes_real,0,162,GrowingSpheres,False,0.0012752909678965807,,,,
nhanes_real,0,162,REVISE,False,0.04435224999906495,,,,
nhanes_real,0,163,DiCE,True,0.0010173329501412809,1.0,1.0,2.3642354011535645,-8.581182465924659
nhanes_real,0,163,FACE,True,0.0918834590120241,1.0,1.0,4.958765983581543,-7.278360096731962
nhanes_real,0,163,GrowingSpheres,True,0.00040316703962162137,1.0,1.0,1.7015755386574187,-8.91749676148599
nhanes_real,0,163,REVISE,True,0.0025899999891407788,1.0,1.0,7.5277099609375,-6.147853110036808
nhanes_real,0,164,DiCE,True,0.0029618749977089465,1.0,1.0,2.4254534244537354,-7.592413496083678
nhanes_real,0,164,FACE,True,0.09490870800800622,1.0,1.0,3.0605969429016113,-7.454635863777797
nhanes_real,0,164,GrowingSpheres,True,0.000822707952465862,1.0,1.0,3.1737933440239616,-8.32896059021491
nhanes_real,0,164,REVISE,True,0.003464790992438793,1.0,1.0,4.934932708740234,-6.429786472874968
nhanes_real,0,166,DiCE,False,0.01535545801743865,,,,
nhanes_real,0,166,FACE,True,0.09201712498907,1.0,1.0,6.29019832611084,-6.647317623932574
nhanes_real,0,166,GrowingSpheres,True,0.0011544579756446183,1.0,1.0,7.547723335251452,-13.500040627497642
nhanes_real,0,166,REVISE,False,0.04483508301200345,,,,
nhanes_real,0,167,DiCE,True,0.00270545796956867,1.0,1.0,4.153507709503174,-11.291283527426947
nhanes_real,0,167,FACE,True,0.09089562494773418,1.0,1.0,7.21213436126709,-9.600059928817203
nhanes_real,0,167,GrowingSpheres,True,0.000762958952691406,1.0,1.0,3.751772281346176,-14.628726453930229
nhanes_real,0,167,REVISE,True,0.0034176670014858246,1.0,1.0,13.160170555114746,-7.0122541834565535
nhanes_real,0,168,DiCE,False,0.014907249948009849,,,,
nhanes_real,0,168,FACE,True,0.09077370900195092,1.0,1.0,4.661715507507324,-7.715333602311242
nhanes_real,0,168,GrowingSpheres,True,0.0007808330119587481,1.0,1.0,5.373965994721202,-9.000736053929202
nhanes_real,0,168,REVISE,True,0.006942500011064112,1.0,1.0,6.2343316078186035,-6.37068589960562
nhanes_real,0,171,DiCE,True,0.0010333749814890325,1.0,1.0,2.6597156524658203,-8.99028718882315
nhanes_real,0,171,FACE,True,0.09073433297453448,1.0,1.0,2.5752506256103516,-7.295845788805776
nhanes_real,0,171,GrowingSpheres,True,0.0004600000102072954,1.0,1.0,3.752581175237096,-8.636133198006805
nhanes_real,0,171,REVISE,True,0.006305042013991624,1.0,1.0,5.177472114562988,-6.495991080033031
nhanes_real,0,173,DiCE,True,0.0007062089862301946,1.0,1.0,1.6159701347351074,-6.629306754831889
nhanes_real,0,173,FACE,True,0.09093120798934251,1.0,1.0,1.6061633825302124,-6.923900945449575
nhanes_real,0,173,GrowingSpheres,True,0.00029004202224314213,1.0,1.0,1.021827840576784,-6.808605398776485
nhanes_real,0,173,REVISE,True,0.0005951250204816461,1.0,1.0,3.633518695831299,-6.24866937103922
nhanes_real,0,174,DiCE,True,0.0005507500027306378,1.0,1.0,1.309971570968628,-9.437996000506203
nhanes_real,0,174,FACE,True,0.09101620898582041,1.0,1.0,3.0954349040985107,-8.225438787562293
nhanes_real,0,174,GrowingSpheres,True,0.00027908297488465905,1.0,1.0,1.1938035485920826,-9.347277283638924
nhanes_real,0,174,REVISE,True,0.0011196249979548156,1.0,1.0,8.748302459716797,-6.321828404101407
nhanes_real,0,179,DiCE,False,0.01513287500711158,,,,
nhanes_real,0,179,FACE,True,0.09076962503604591,1.0,1.0,3.942654848098755,-6.068699445309529
nhanes_real,0,179,GrowingSpheres,True,0.001213249983265996,1.0,1.0,8.440593220875355,-11.445409549691298
nhanes_real,0,179,REVISE,True,0.009937916998751462,1.0,1.0,4.978683948516846,-6.108362266104335
nhanes_real,0,180,DiCE,False,0.014792375033721328,,,,
nhanes_real,0,180,FACE,True,0.09137120796367526,1.0,1.0,2.0768632888793945,-7.085785960837132
nhanes_real,0,180,GrowingSpheres,True,0.0006357500096783042,1.0,1.0,3.1966705301246026,-7.039150279852338
nhanes_real,0,180,REVISE,True,0.006897000013850629,1.0,1.0,5.73021125793457,-6.410610689581545
nhanes_real,0,187,DiCE,False,0.014456790988333523,,,,
nhanes_real,0,187,FACE,True,0.09101945802103728,1.0,1.0,6.6496405601501465,-7.435852830981746
nhanes_real,0,187,GrowingSpheres,True,0.0009680409566499293,1.0,1.0,6.653673832693213,-13.457009263915273
nhanes_real,0,187,REVISE,True,0.0110620409832336,1.0,1.0,6.59552001953125,-6.939435697220739
nhanes_real,0,188,DiCE,True,0.000882500025909394,1.0,1.0,1.9442517757415771,-9.99718329074975
nhanes_real,0,188,FACE,True,0.0914602919947356,1.0,1.0,4.054052352905273,-7.63211530552686
nhanes_real,0,188,GrowingSpheres,True,0.0003649159916676581,1.0,1.0,1.1438421370653877,-9.763181485915862
nhanes_real,0,188,REVISE,True,0.002520791022107005,1.0,1.0,6.2203850746154785,-7.03549488809131
nhanes_real,0,189,DiCE,True,0.0010568330180831254,1.0,1.0,2.077563524246216,-7.055366010812342
nhanes_real,0,189,FACE,True,0.09095591597724706,1.0,1.0,1.5619193315505981,-7.278480332851872
nhanes_real,0,189,GrowingSpheres,True,0.0003854589886032045,1.0,1.0,1.7732597972676223,-6.944411600585248
nhanes_real,0,189,REVISE,True,0.0006124589708633721,1.0,1.0,5.36046028137207,-6.213738537113125
nhanes_real,0,191,DiCE,False,0.014913666993379593,,,,
nhanes_real,0,191,FACE,True,0.09145795897347853,1.0,1.0,4.892551898956299,-6.9403859325978505
nhanes_real,0,191,GrowingSpheres,True,0.0006839590496383607,1.0,1.0,2.1178699909007497,-8.85893745926343
nhanes_real,0,191,REVISE,True,0.011745749972760677,1.0,1.0,6.6397857666015625,-6.462106692532706
nhanes_real,0,194,DiCE,False,0.015183249954134226,,,,
nhanes_real,0,194,FACE,True,0.09082233300432563,1.0,1.0,3.3534843921661377,-6.920427896384314
nhanes_real,0,194,GrowingSpheres,True,0.0006563750212080777,1.0,1.0,3.5249249529232722,-9.364142774922293
nhanes_real,0,194,REVISE,True,0.009081624972168356,1.0,1.0,6.622230529785156,-6.234665062836131
nhanes_real,0,195,DiCE,False,0.014854041975922883,,,,
nhanes_real,0,195,FACE,True,0.0909162909956649,1.0,1.0,5.1034159660339355,-7.188143257242684
nhanes_real,0,195,GrowingSpheres,True,0.000785792013630271,1.0,1.0,3.477118584421188,-10.05825560742365
nhanes_real,0,195,REVISE,True,0.007436833984684199,1.0,1.0,6.14219856262207,-6.370962419078754
nhanes_real,0,196,DiCE,True,0.0009079169831238687,1.0,1.0,1.242088794708252,-7.623724293705232
nhanes_real,0,196,FACE,True,0.09082304098410532,1.0,1.0,5.122494697570801,-6.797300329212382
nhanes_real,0,196,GrowingSpheres,True,0.00032816699240356684,1.0,1.0,1.5784749306400325,-7.131201817418237
nhanes_real,0,196,REVISE,True,0.004301041015423834,1.0,1.0,4.144655704498291,-6.277349049969736
nhanes_real,0,197,DiCE,False,0.015039874997455627,,,,
nhanes_real,0,197,FACE,True,0.09022079198621213,1.0,1.0,5.662240982055664,-6.647317623932574
nhanes_real,0,197,GrowingSpheres,True,0.0008363749948330224,1.0,1.0,3.8391354628951326,-12.214825149435327
nhanes_real,0,197,REVISE,True,0.012408834008965641,1.0,1.0,5.328772068023682,-6.178635044242078
nhanes_real,0,198,DiCE,True,0.0014544579898938537,1.0,1.0,2.707153558731079,-12.382485012275575
nhanes_real,0,198,FACE,True,0.09195254102814943,1.0,1.0,5.547959804534912,-9.671352639364978
nhanes_real,0,198,GrowingSpheres,True,0.0005220409948378801,1.0,1.0,1.9236227938573915,-13.13207168375757
nhanes_real,0,198,REVISE,True,0.006389416987076402,1.0,1.0,10.269214630126953,-7.7267375097405875
nhanes_real,0,199,DiCE,False,0.01455412502400577,,,,
nhanes_real,0,199,FACE,True,0.09197570796823129,1.0,1.0,3.506296157836914,-6.068699445309529
nhanes_real,0,199,GrowingSpheres,True,0.0007454159785993397,1.0,1.0,3.2548876011037313,-8.219012617192199
nhanes_real,0,199,REVISE,True,0.006903417001012713,1.0,1.0,3.489138126373291,-6.628406248351411
nhanes_real,0,200,DiCE,False,0.014615416002925485,,,,
nhanes_real,0,200,FACE,True,0.0912857920047827,1.0,1.0,3.0867083072662354,-7.019889366757864
nhanes_real,0,200,GrowingSpheres,True,0.0006750410539098084,1.0,1.0,3.009157597900988,-7.197916395610128
nhanes_real,0,200,REVISE,True,0.005699665984138846,1.0,1.0,5.1515679359436035,-6.163641242578684
nhanes_real,0,201,DiCE,False,0.015167124976869673,,,,
nhanes_real,0,201,FACE,True,0.09093616699101403,1.0,1.0,5.5007476806640625,-9.444310984433166
nhanes_real,0,201,GrowingSpheres,True,0.0009460420114919543,1.0,1.0,4.860410826862898,-17.705675939429405
nhanes_real,0,201,REVISE,False,0.04336633300408721,,,,
nhanes_real,0,204,DiCE,False,0.014488583023194224,,,,
nhanes_real,0,204,FACE,True,0.0908114580088295,1.0,1.0,6.974694728851318,-8.26619912401082
nhanes_real,0,204,GrowingSpheres,True,0.0007687920005992055,1.0,1.0,5.224529705814537,-14.649828695761574
nhanes_real,0,204,REVISE,True,0.005118249973747879,1.0,1.0,11.356409072875977,-6.16981182712143
nhanes_real,0,208,DiCE,True,0.0007242499850690365,1.0,1.0,1.3132636547088623,-6.740949118792799
nhanes_real,0,208,FACE,True,0.09041966701624915,1.0,1.0,1.8200258016586304,-6.94551203806369
nhanes_real,0,208,GrowingSpheres,True,0.0003031250089406967,1.0,1.0,1.2610035471237095,-6.871220648295958
nhanes_real,0,208,REVISE,True,0.0006060409941710532,1.0,1.0,4.1956400871276855,-6.080722614543529
nhanes_real,0,212,DiCE,True,0.001949917001184076,1.0,1.0,2.5028281211853027,-8.178170512826533
nhanes_real,0,212,FACE,True,0.09095987502951175,1.0,1.0,3.4718823432922363,-6.480188727486248
nhanes_real,0,212,GrowingSpheres,True,0.000507415970787406,1.0,1.0,2.4845999709896063,-7.965942896942274
nhanes_real,0,212,REVISE,True,0.008266083023045212,1.0,1.0,4.028249740600586,-6.828973343047084
nhanes_real,0,214,DiCE,False,0.014715583005454391,,,,
nhanes_real,0,214,FACE,True,0.09090304200071841,1.0,1.0,3.768333911895752,-7.003977794104555
nhanes_real,0,214,GrowingSpheres,True,0.0009006250184029341,1.0,1.0,6.142784732914394,-7.968367830405266
nhanes_real,0,214,REVISE,True,0.006943999964278191,1.0,1.0,5.549242973327637,-6.461592720987962
nhanes_real,0,215,DiCE,True,0.001586791011504829,1.0,1.0,2.294970989227295,-7.788894214107621
nhanes_real,0,215,FACE,True,0.09309687500353903,1.0,1.0,3.128108501434326,-7.433540800900616
nhanes_real,0,215,GrowingSpheres,True,0.000540749984793365,1.0,1.0,0.9026785909129135,-8.084780299388457
nhanes_real,0,215,REVISE,True,0.002795791020616889,1.0,1.0,4.460587978363037,-6.310193764969151
nhanes_real,0,218,DiCE,True,0.0005630410159938037,1.0,1.0,1.3179552555084229,-7.629582464708128
nhanes_real,0,218,FACE,True,0.09233316697645932,1.0,1.0,1.8368051052093506,-7.977592968782883
nhanes_real,0,218,GrowingSpheres,True,0.00020337500609457493,1.0,1.0,0.5827265506766848,-7.731980445799234
nhanes_real,0,218,REVISE,True,0.0030920410063117743,1.0,1.0,2.164421319961548,-6.525464632847278
nhanes_real,0,219,DiCE,False,0.015597791003528982,,,,
nhanes_real,0,219,FACE,True,0.0913474999833852,1.0,1.0,6.801474094390869,-8.285580773454855
nhanes_real,0,219,GrowingSpheres,True,0.0009558330057188869,1.0,1.0,5.548989119141516,-8.585999005141362
nhanes_real,0,219,REVISE,True,0.010633416008204222,1.0,1.0,8.057717323303223,-7.514152002592143
nhanes_real,0,220,DiCE,False,0.015204416995402426,,,,
nhanes_real,0,220,FACE,True,0.09066216700011864,1.0,1.0,5.596005916595459,-9.062152604318728
nhanes_real,0,220,GrowingSpheres,True,0.000918709032703191,1.0,1.0,6.690068107253867,-11.581153019220721
nhanes_real,0,220,REVISE,True,0.004811125050764531,1.0,1.0,6.587841987609863,-7.209202364898921
nhanes_real,0,223,DiCE,False,0.01492633402813226,,,,
nhanes_real,0,223,FACE,True,0.09161100001074374,1.0,1.0,11.00963020324707,-8.324885023651838
nhanes_real,0,223,GrowingSpheres,True,0.0009112919797189534,1.0,1.0,5.011168492907106,-14.796621734760572
nhanes_real,0,223,REVISE,True,0.00948037498164922,1.0,1.0,10.339276313781738,-7.886917444264765
nhanes_real,0,224,DiCE,True,0.0005592919769696891,1.0,1.0,1.2454378604888916,-7.544116912755856
nhanes_real,0,224,FACE,True,0.09032587503315881,0.0,1.0,3.328341007232666,-6.9293245941398185
nhanes_real,0,224,GrowingSpheres,True,0.00020637502893805504,1.0,1.0,0.9704406760459107,-7.389263363580552
nhanes_real,0,224,REVISE,True,0.0005966249736957252,1.0,1.0,4.151606559753418,-6.297774277660449
nhanes_real,0,226,DiCE,True,0.0014606250333599746,1.0,1.0,3.4738810062408447,-8.85046599063002
nhanes_real,0,226,FACE,True,0.09064854198368266,1.0,1.0,4.119540691375732,-6.94180251728339
nhanes_real,0,226,GrowingSpheres,True,0.0004946249537169933,1.0,1.0,1.509025184299135,-8.30554643310395
nhanes_real,0,226,REVISE,True,0.0011607920168899,1.0,1.0,6.2422943115234375,-6.296445217047431
nhanes_real,0,229,DiCE,False,0.01485916698584333,,,,
nhanes_real,0,229,FACE,True,0.09106720797717571,1.0,1.0,8.143725395202637,-7.003977794104555
nhanes_real,0,229,GrowingSpheres,True,0.0007183750276453793,1.0,1.0,3.461451176924667,-9.724772046573875
nhanes_real,0,229,REVISE,True,0.00619749998440966,1.0,1.0,7.242903232574463,-6.4578228644649425
nhanes_real,0,234,DiCE,False,0.014807833009399474,,,,
nhanes_real,0,234,FACE,True,0.09101899998495355,1.0,1.0,5.02981424331665,-7.085785960837132
nhanes_real,0,234,GrowingSpheres,True,0.0008259169990196824,1.0,1.0,3.952470225437866,-12.72512705461587
nhanes_real,0,234,REVISE,True,0.011476417013909668,1.0,1.0,6.4846391677856445,-6.694477841937325
nhanes_real,0,235,DiCE,False,0.014800957986153662,,,,
nhanes_real,0,235,FACE,True,0.09109337499830872,1.0,1.0,3.3984432220458984,-6.388976786046192
nhanes_real,0,235,GrowingSpheres,True,0.0007230829796753824,1.0,1.0,2.7454161722475816,-11.249003784435686
nhanes_real,0,235,REVISE,True,0.00861158297630027,1.0,1.0,5.982794761657715,-6.487180473166719
nhanes_real,0,236,DiCE,False,0.015035708027426153,,,,
nhanes_real,0,236,FACE,True,0.09075320797273889,1.0,1.0,1.5197758674621582,-6.563762295905182
nhanes_real,0,236,GrowingSpheres,True,0.0006553340354003012,1.0,1.0,2.9739741139083233,-7.993385109435548
nhanes_real,0,236,REVISE,True,0.006056084006559104,1.0,1.0,2.918191909790039,-6.260685664990847
nhanes_real,0,238,DiCE,False,0.014996582991443574,,,,
nhanes_real,0,238,FACE,True,0.09132837498327717,1.0,1.0,2.69118595123291,-7.40850515377733
nhanes_real,0,238,GrowingSpheres,True,0.0009108750382438302,1.0,1.0,5.992890636716176,-11.999859798469725
nhanes_real,0,238,REVISE,False,0.04204545798711479,,,,
nhanes_real,0,239,DiCE,True,0.0009817910031415522,1.0,1.0,2.095377206802368,-7.172935564497936
nhanes_real,0,239,FACE,True,0.09104420797666535,1.0,1.0,3.6730456352233887,-6.956020982105744
nhanes_real,0,239,GrowingSpheres,True,0.0004229170153848827,1.0,1.0,1.9835507728545119,-7.566590658626362
nhanes_real,0,239,REVISE,True,0.003835542011074722,1.0,1.0,3.351358413696289,-6.188060546958882
nhanes_real,0,241,DiCE,True,0.0008618339779786766,1.0,1.0,2.1321606636047363,-7.519870065414057
nhanes_real,0,241,FACE,True,0.09062779101077467,1.0,1.0,3.925339698791504,-6.367381527431084
nhanes_real,0,241,GrowingSpheres,True,0.0003766669542528689,1.0,1.0,2.689081598267024,-7.76519827872073
nhanes_real,0,241,REVISE,True,0.00549341703299433,1.0,1.0,5.487095832824707,-6.125129060552992
nhanes_real,0,242,DiCE,True,0.0014399169594980776,1.0,1.0,2.2636501789093018,-7.629106808252567
nhanes_real,0,242,FACE,True,0.08993895800085738,1.0,1.0,3.306849956512451,-7.392716271446808
nhanes_real,0,242,GrowingSpheres,True,0.0004492920124903321,1.0,1.0,2.529182886257498,-8.001767461941608
nhanes_real,0,242,REVISE,True,0.0025694999494589865,1.0,1.0,5.514802932739258,-6.044017452889993
nhanes_real,0,245,DiCE,True,0.0020606250036507845,1.0,1.0,3.0775461196899414,-6.928251144517995
nhanes_real,0,245,FACE,True,0.0904370000353083,1.0,1.0,2.40299916267395,-6.85728030761485
nhanes_real,0,245,GrowingSpheres,True,0.000588540977332741,1.0,1.0,3.220516364742753,-6.521592149559883
nhanes_real,0,245,REVISE,True,0.0019068329711444676,1.0,1.0,4.135104656219482,-6.088730624418812
nhanes_real,0,246,DiCE,True,0.002237332984805107,1.0,1.0,2.678287982940674,-6.912129745181835
nhanes_real,0,246,FACE,True,0.09272495802724734,1.0,1.0,5.054799556732178,-6.923900945449575
nhanes_real,0,246,GrowingSpheres,True,0.0006961670005694032,1.0,1.0,3.2992200252944013,-7.4990278248563005
nhanes_real,0,246,REVISE,True,0.0025205829879269004,1.0,1.0,3.6593239307403564,-6.318836317999548
nhanes_real,0,247,DiCE,False,0.014832166954874992,,,,
nhanes_real,0,247,FACE,True,0.09001766704022884,1.0,1.0,9.853486061096191,-7.536569735702212
nhanes_real,0,247,GrowingSpheres,True,0.001039540977217257,1.0,1.0,4.027272612540999,-16.879913828307096
nhanes_real,0,247,REVISE,True,0.010714499978348613,1.0,1.0,10.22138786315918,-7.357035436850166
nhanes_real,0,249,DiCE,False,0.01470366696594283,,,,
nhanes_real,0,249,FACE,True,0.09075208299327642,1.0,1.0,4.0307111740112305,-7.315894435288215
nhanes_real,0,249,GrowingSpheres,True,0.0009251250303350389,1.0,1.0,5.896974378260126,-7.995652081994535
nhanes_real,0,249,REVISE,True,0.007230917050037533,1.0,1.0,4.3487348556518555,-6.940513830323702
nhanes_real,0,250,DiCE,True,0.0017435000045225024,1.0,1.0,2.9056639671325684,-8.142164637592572
nhanes_real,0,250,FACE,True,0.09034316602628678,1.0,1.0,3.822859048843384,-7.2125991421236995
nhanes_real,0,250,GrowingSpheres,True,0.0006781659903936088,1.0,1.0,3.122086945491903,-8.933463142320466
nhanes_real,0,250,REVISE,True,0.008745665953028947,1.0,1.0,4.579016208648682,-6.426064980232933
nhanes_real,0,254,DiCE,False,0.015171042003203183,,,,
nhanes_real,0,254,FACE,True,0.09123962500598282,1.0,1.0,3.461616039276123,-7.113770842833514
nhanes_real,0,254,GrowingSpheres,True,0.0006876250263303518,1.0,1.0,2.5735326532060596,-9.924390880593956
nhanes_real,0,254,REVISE,True,0.003400790970772505,1.0,1.0,5.161580562591553,-6.239082733556332
nhanes_real,0,255,DiCE,True,0.0019330410286784172,1.0,1.0,3.4194440841674805,-10.871988642251466
nhanes_real,0,255,FACE,True,0.09036787500372157,1.0,1.0,0.9178612232208252,-9.60580903775204
nhanes_real,0,255,GrowingSpheres,True,0.0005599160213023424,1.0,1.0,1.535795717524542,-9.75845749446347
nhanes_real,0,255,REVISE,True,0.0011172909871675074,1.0,1.0,14.451539993286133,-6.335297566630892
nhanes_real,0,256,DiCE,False,0.015059500001370907,,,,
nhanes_real,0,256,FACE,True,0.09088629198959097,1.0,1.0,4.224107265472412,-6.647317623932574
nhanes_real,0,256,GrowingSpheres,True,0.0009107500081881881,1.0,1.0,4.1716628215443174,-14.466755688240323
nhanes_real,0,256,REVISE,False,0.04372262500692159,,,,
nhanes_real,0,257,DiCE,False,0.014713665994349867,,,,
nhanes_real,0,257,FACE,True,0.0907611669972539,1.0,1.0,2.283510684967041,-7.07990626427728
nhanes_real,0,257,GrowingSpheres,True,0.000664540973957628,1.0,1.0,3.779888874214029,-8.337485127510575
nhanes_real,0,257,REVISE,True,0.003603750024922192,1.0,1.0,3.0345022678375244,-6.25059339879834
nhanes_real,0,264,DiCE,True,0.0016225830186158419,1.0,1.0,2.3082523345947266,-6.281026685228193
nhanes_real,0,264,FACE,True,0.09026787499897182,1.0,1.0,2.56011700630188,-6.068699445309529
nhanes_real,0,264,GrowingSpheres,True,0.0004974579787813127,1.0,1.0,2.6868031069676945,-6.575360563648713
nhanes_real,0,264,REVISE,True,0.0027324999682605267,1.0,1.0,1.267393946647644,-6.106992789552008
nhanes_real,0,265,DiCE,True,0.0011212080135010183,1.0,1.0,3.0635108947753906,-13.163894228457668
nhanes_real,0,265,FACE,True,0.09087616699980572,1.0,1.0,8.450233459472656,-9.491373871066541
nhanes_real,0,265,GrowingSpheres,True,0.0004670409834943712,1.0,1.0,2.5843170520352947,-11.768246143073867
nhanes_real,0,265,REVISE,True,0.0019931250135414302,1.0,1.0,9.226252555847168,-10.075697351694986
nhanes_real,0,267,DiCE,True,0.0010100419749505818,1.0,1.0,1.7772133350372314,-7.3408265247444255
nhanes_real,0,267,FACE,True,0.09221820899983868,1.0,1.0,2.638357400894165,-6.9293245941398185
nhanes_real,0,267,GrowingSpheres,True,0.00039962498703971505,1.0,1.0,1.7728660799790144,-6.727205074608495
nhanes_real,0,267,REVISE,True,0.000681874982547015,1.0,1.0,5.121905326843262,-6.127889649163556
nhanes_real,0,270,DiCE,True,0.0017116250237450004,1.0,1.0,2.3052031993865967,-8.852154904646444
nhanes_real,0,270,FACE,True,0.09130041697062552,1.0,1.0,4.421395301818848,-6.953731099973135
nhanes_real,0,270,GrowingSpheres,True,0.0006012500380165875,1.0,1.0,2.7075997711494297,-9.41710627070641
nhanes_real,0,270,REVISE,True,0.0020559590193443,1.0,1.0,3.0069024562835693,-7.523096618962967
nhanes_real,0,273,DiCE,False,0.015173332998529077,,,,
nhanes_real,0,273,FACE,True,0.09072641597595066,1.0,1.0,2.137599468231201,-6.068699445309529
nhanes_real,0,273,GrowingSpheres,True,0.0008204170153476298,1.0,1.0,3.4785119418359542,-6.268006077073824
nhanes_real,0,273,REVISE,True,0.006840666988864541,1.0,1.0,3.4750914573669434,-6.160186984179955
nhanes_real,0,278,DiCE,False,0.014896832988597453,,,,
nhanes_real,0,278,FACE,True,0.09129404200939462,1.0,1.0,3.730619192123413,-6.85728030761485
nhanes_real,0,278,GrowingSpheres,True,0.0013140829978510737,1.0,1.0,5.927669546269319,-13.711355358490499
nhanes_real,0,278,REVISE,False,0.04464279196690768,,,,
nhanes_real,0,281,DiCE,True,0.002328417031094432,1.0,1.0,2.395897388458252,-10.690777212935767
nhanes_real,0,281,FACE,True,0.0915826249984093,1.0,1.0,4.395392417907715,-9.384148643587325
nhanes_real,0,281,GrowingSpheres,True,0.0007679999689571559,1.0,1.0,5.4322841406678695,-13.29438928566313
nhanes_real,0,281,REVISE,True,0.0091088330373168,1.0,1.0,10.085209846496582,-7.755197795204745
nhanes_real,0,282,DiCE,False,0.015178708010353148,,,,
nhanes_real,0,282,FACE,True,0.09103079204214737,1.0,1.0,3.8969664573669434,-7.2125991421236995
nhanes_real,0,282,GrowingSpheres,True,0.0007196670048870146,1.0,1.0,3.4476521179599704,-10.341268080409094
nhanes_real,0,282,REVISE,True,0.012533208006061614,1.0,1.0,7.431389808654785,-6.1994797713230625
nhanes_real,0,286,DiCE,True,0.001454083016142249,1.0,1.0,2.1776351928710938,-6.525875153463198
nhanes_real,0,286,FACE,True,0.09066254203207791,1.0,1.0,3.19887375831604,-6.577459777512697
nhanes_real,0,286,GrowingSpheres,True,0.0005013329791836441,1.0,1.0,2.788492016194535,-7.123603585768687
nhanes_real,0,286,REVISE,True,0.001436582999303937,1.0,1.0,4.270746231079102,-6.172824651225808
nhanes_real,0,291,DiCE,False,0.014922999951522797,,,,
nhanes_real,0,291,FACE,True,0.09055858303327113,1.0,1.0,2.681856155395508,-6.563762295905182
nhanes_real,0,291,GrowingSpheres,True,0.000685166975017637,1.0,1.0,5.1732134891945964,-9.135784170220688
nhanes_real,0,291,REVISE,True,0.005147250019945204,1.0,1.0,3.953240156173706,-6.124798868393481
nhanes_real,0,292,DiCE,False,0.014586917008273304,,,,
nhanes_real,0,292,FACE,True,0.0910163339576684,1.0,1.0,9.888450622558594,-7.683246560506046
nhanes_real,0,292,GrowingSpheres,True,0.0009360829717479646,1.0,1.0,2.966392955904967,-16.8247565427195
nhanes_real,0,292,REVISE,True,0.007676500012166798,1.0,1.0,12.372444152832031,-6.502664892952511
nhanes_real,0,293,DiCE,True,0.001450791023671627,1.0,1.0,2.4397811889648438,-8.980610971966321
nhanes_real,0,293,FACE,True,0.09063191700261086,1.0,1.0,5.481457710266113,-8.027540175953444
nhanes_real,0,293,GrowingSpheres,True,0.0003850000211969018,1.0,1.0,1.1428875606516582,-9.713564672529953
nhanes_real,0,293,REVISE,True,0.005165582988411188,1.0,1.0,5.207033157348633,-6.601000727191533
nhanes_real,0,296,DiCE,False,0.015214000013656914,,,,
nhanes_real,0,296,FACE,True,0.09081508399685845,1.0,1.0,4.168294429779053,-6.489196731523043
nhanes_real,0,296,GrowingSpheres,True,0.000773874984588474,1.0,1.0,1.3233923984526197,-8.155242423309955
nhanes_real,0,296,REVISE,True,0.008091332972981036,1.0,1.0,4.154635429382324,-6.6346184648959365
nhanes_real,0,297,DiCE,False,0.01490741700399667,,,,
nhanes_real,0,297,FACE,True,0.0906221250188537,1.0,1.0,2.843578815460205,-8.655346708147912
nhanes_real,0,297,GrowingSpheres,True,0.000764833006542176,1.0,1.0,3.7887014410417454,-8.992100563590022
nhanes_real,0,297,REVISE,True,0.0049801659770309925,1.0,1.0,9.815046310424805,-6.1414423752088645
nhanes_real,0,298,DiCE,True,0.0009878749842755497,1.0,1.0,2.3019161224365234,-9.109156926310236
nhanes_real,0,298,FACE,True,0.09133199998177588,1.0,1.0,2.813124656677246,-8.621527757942236
nhanes_real,0,298,GrowingSpheres,True,0.000380749988835305,1.0,1.0,2.042101337843166,-9.226882609432916
nhanes_real,0,298,REVISE,True,0.0005773750017397106,1.0,1.0,5.537234306335449,-6.995802632202832
nhanes_real,0,300,DiCE,False,0.014971249969676137,,,,
nhanes_real,0,300,FACE,True,0.09060412499820814,1.0,1.0,3.5398998260498047,-8.8186572666702
nhanes_real,0,300,GrowingSpheres,True,0.0008719160105101764,1.0,1.0,5.4113951792095145,-7.773184714107327
nhanes_real,0,300,REVISE,True,0.0075928340083919466,1.0,1.0,4.845743656158447,-6.666344134583316
nhanes_real,0,303,DiCE,False,0.014246792008634657,,,,
nhanes_real,0,303,FACE,True,0.09047120896866545,1.0,1.0,16.195829391479492,-9.679840905091766
nhanes_real,0,303,GrowingSpheres,True,0.0008323339861817658,1.0,1.0,2.906455150195079,-33.47338554338858
nhanes_real,0,303,REVISE,True,0.006558875029440969,1.0,1.0,15.243523597717285,-10.306101782771652
nhanes_real,0,304,DiCE,False,0.01484924997203052,,,,
nhanes_real,0,304,FACE,True,0.09099562501069158,1.0,1.0,2.2319700717926025,-6.068699445309529
nhanes_real,0,304,GrowingSpheres,True,0.0009106660145334899,1.0,1.0,6.82263630308959,-10.406813050262741
nhanes_real,0,304,REVISE,True,0.0073655410087667406,1.0,1.0,3.0182409286499023,-6.3723010805104945
nhanes_real,0,306,DiCE,True,0.0007126660202629864,1.0,1.0,1.7526991367340088,-7.419961747012725
nhanes_real,0,306,FACE,True,0.09491537499707192,1.0,1.0,0.8951017260551453,-6.9293245941398185
nhanes_real,0,306,GrowingSpheres,True,0.00037091702688485384,1.0,1.0,1.1646783142689534,-6.953579238420494
nhanes_real,0,306,REVISE,True,0.0008186660124920309,1.0,1.0,4.115421295166016,-6.279741748365284
nhanes_real,0,308,DiCE,True,0.0023724170168861747,1.0,1.0,3.9050498008728027,-8.452160488915545
nhanes_real,0,308,FACE,True,0.09492887498345226,1.0,1.0,3.0764594078063965,-8.25783701832477
nhanes_real,0,308,GrowingSpheres,True,0.0007958750356920063,1.0,1.0,3.529944807953058,-8.649098870795454
nhanes_real,0,308,REVISE,True,0.0011945840087719262,1.0,1.0,4.584877967834473,-6.944705781231855
nhanes_real,0,312,DiCE,True,0.0014298330061137676,1.0,1.0,2.756446361541748,-10.078114635759778
nhanes_real,0,312,FACE,True,0.09150062501430511,1.0,1.0,5.240617752075195,-7.435852830981746
nhanes_real,0,312,GrowingSpheres,True,0.0004879579646512866,1.0,1.0,3.305505320923988,-9.568545026233867
nhanes_real,0,312,REVISE,True,0.004141625016927719,1.0,1.0,4.390378475189209,-7.052720142428264
nhanes_real,0,313,DiCE,True,0.0009127499652095139,1.0,1.0,1.7755844593048096,-8.761648827008713
nhanes_real,0,313,FACE,True,0.09158750000642613,1.0,1.0,7.223948001861572,-7.54006236534128
nhanes_real,0,313,GrowingSpheres,True,0.0003649169811978936,1.0,1.0,1.7717097266409358,-9.91375488844936
nhanes_real,0,313,REVISE,True,0.0034525420051068068,1.0,1.0,6.868608474731445,-6.613096117360846
nhanes_real,0,314,DiCE,True,0.0012684999965131283,1.0,1.0,2.5173850059509277,-6.227224099070835
nhanes_real,0,314,FACE,True,0.09688245900906622,1.0,1.0,1.5613175630569458,-6.2682830082995675
nhanes_real,0,314,GrowingSpheres,True,0.0005868329899385571,1.0,1.0,3.4478860824306086,-6.493361764938957
nhanes_real,0,314,REVISE,True,0.0008082500426098704,1.0,1.0,1.1421114206314087,-6.0669170800002235
nhanes_real,0,316,DiCE,True,0.0006464169709943235,1.0,1.0,1.4887127876281738,-9.065112263502973
nhanes_real,0,316,FACE,True,0.09170687501318753,1.0,1.0,2.0287117958068848,-7.854715345349813
nhanes_real,0,316,GrowingSpheres,True,0.00034854200202971697,1.0,1.0,0.9649933469557255,-8.672925474587217
nhanes_real,0,316,REVISE,True,0.001643666997551918,1.0,1.0,6.717439651489258,-6.847399466950838
nhanes_real,0,317,DiCE,True,0.0015184589428827167,1.0,1.0,2.3269801139831543,-14.88309104706319
nhanes_real,0,317,FACE,True,0.09180900000501424,1.0,1.0,5.932443141937256,-9.384148643587325
nhanes_real,0,317,GrowingSpheres,True,0.0005853340262547135,1.0,1.0,3.0315032060903713,-15.710852548248054
nhanes_real,0,317,REVISE,True,0.007488624949473888,1.0,1.0,10.989298820495605,-7.99286693132148
nhanes_real,0,318,DiCE,True,0.0008586660260334611,1.0,1.0,1.7321836948394775,-9.471425056178116
nhanes_real,0,318,FACE,True,0.09156262502074242,1.0,1.0,2.4876139163970947,-8.249015853871486
nhanes_real,0,318,GrowingSpheres,True,0.0003744169953279197,1.0,1.0,1.9769167569308437,-8.839665744208522
nhanes_real,0,318,REVISE,True,0.0016972909797914326,1.0,1.0,5.762740135192871,-6.390077088062284
nhanes_real,0,320,DiCE,True,0.0015415000380016863,1.0,1.0,2.742867946624756,-7.7099672968768775
nhanes_real,0,320,FACE,True,0.09131508402060717,1.0,1.0,3.9387848377227783,-6.2682830082995675
nhanes_real,0,320,GrowingSpheres,True,0.0004460839554667473,1.0,1.0,0.9880174912232822,-7.393780120478816
nhanes_real,0,320,REVISE,True,0.002116709016263485,1.0,1.0,4.1223249435424805,-6.174649323220191
nhanes_real,0,323,DiCE,False,0.015026416978798807,,,,
nhanes_real,0,323,FACE,True,0.09078370901988819,1.0,1.0,5.6519927978515625,-8.65962742586415
nhanes_real,0,323,GrowingSpheres,True,0.0007105830009095371,1.0,1.0,3.313320732268244,-18.90205393192818
nhanes_real,0,323,REVISE,True,0.00864033296238631,1.0,1.0,8.804391860961914,-8.555650187942303
nhanes_real,0,325,DiCE,False,0.014977165963500738,,,,
nhanes_real,0,325,FACE,True,0.09674954204820096,1.0,1.0,3.6134538650512695,-6.388976786046192
nhanes_real,0,325,GrowingSpheres,True,0.0008552079671062529,1.0,1.0,2.7410363208057364,-8.49349485595845
nhanes_real,0,325,REVISE,False,0.04511841596104205,,,,
nhanes_real,0,327,DiCE,False,0.015666041988879442,,,,
nhanes_real,0,327,FACE,True,0.09505883301608264,1.0,1.0,4.1513447761535645,-7.7127082793299415
nhanes_real,0,327,GrowingSpheres,True,0.0009433749946765602,1.0,1.0,3.555386130159694,-8.079970435755458
nhanes_real,0,327,REVISE,True,0.014342083013616502,1.0,1.0,7.318562984466553,-6.340976397439649
nhanes_real,0,328,DiCE,True,0.002019875042606145,1.0,1.0,2.02907133102417,-7.057085498087397
nhanes_real,0,328,FACE,True,0.09197649999987334,1.0,1.0,4.73822021484375,-6.500439829085553
nhanes_real,0,328,GrowingSpheres,True,0.0006340830004774034,1.0,1.0,2.3035756625245947,-6.777406151110336
nhanes_real,0,328,REVISE,True,0.0033667500247247517,1.0,1.0,3.4057698249816895,-6.1793865042212275
nhanes_real,0,330,DiCE,True,0.001247707987204194,1.0,1.0,3.0312185287475586,-11.771918783042487
nhanes_real,0,330,FACE,True,0.09122670802753419,1.0,1.0,4.814016342163086,-9.115837762890575
nhanes_real,0,330,GrowingSpheres,True,0.00047575001372024417,1.0,1.0,1.6148940237057792,-12.777381599509486
nhanes_real,0,330,REVISE,True,0.000658417004160583,1.0,1.0,9.873106002807617,-7.237110766780686
nhanes_real,0,331,DiCE,False,0.014948041993193328,,,,
nhanes_real,0,331,FACE,True,0.09125391696579754,1.0,1.0,3.2044124603271484,-6.068699445309529
nhanes_real,0,331,GrowingSpheres,True,0.0009485420305281878,1.0,1.0,7.089293354061245,-9.343524083342631
nhanes_real,0,331,REVISE,True,0.011497667001094669,1.0,1.0,4.196903228759766,-6.393986171578279
nhanes_real,0,332,DiCE,True,0.0010216659866273403,1.0,1.0,1.5585360527038574,-7.238505624085844
nhanes_real,0,332,FACE,True,0.09045404201606289,1.0,1.0,2.394476890563965,-6.7379937746921605
nhanes_real,0,332,GrowingSpheres,True,0.00030029198387637734,1.0,1.0,0.6707962097614181,-7.266860988881476
nhanes_real,0,332,REVISE,True,0.004232624953147024,1.0,1.0,4.742132186889648,-6.079074736770713
nhanes_real,0,335,DiCE,True,0.0005758340121246874,1.0,1.0,1.2712291479110718,-7.716186104312657
nhanes_real,0,335,FACE,True,0.09123433299828321,1.0,1.0,2.5737509727478027,-7.018494078287407
nhanes_real,0,335,GrowingSpheres,True,0.00029383302899077535,1.0,1.0,1.4375179244438998,-8.056919446777922
nhanes_real,0,335,REVISE,True,0.0006298330263234675,1.0,1.0,3.642568588256836,-6.279407823979858
nhanes_real,0,338,DiCE,True,0.001040541974361986,1.0,1.0,3.0735905170440674,-10.388721057566274
nhanes_real,0,338,FACE,True,0.09123620897298679,1.0,1.0,3.8048195838928223,-8.826559842707033
nhanes_real,0,338,GrowingSpheres,True,0.0003719169762916863,1.0,1.0,2.024942550522848,-10.492471027654227
nhanes_real,0,338,REVISE,True,0.004641833016648889,1.0,1.0,9.270543098449707,-6.273040045488234
nhanes_real,0,339,DiCE,True,0.0015462919836863875,1.0,1.0,2.996224880218506,-8.010879913636948
nhanes_real,0,339,FACE,True,0.09031583403702825,1.0,1.0,2.76181697845459,-7.188143257242684
nhanes_real,0,339,GrowingSpheres,True,0.00040233402978628874,1.0,1.0,2.737008039196208,-8.197930490257678
nhanes_real,0,339,REVISE,True,0.0033102920278906822,1.0,1.0,3.633474826812744,-6.278760244659728
nhanes_real,0,344,DiCE,False,0.015325125015806407,,,,
nhanes_real,0,344,FACE,True,0.09159479202935472,1.0,1.0,7.797601222991943,-9.431000754778093
nhanes_real,0,344,GrowingSpheres,True,0.0008635829435661435,1.0,1.0,5.874577012226677,-11.71444225017853
nhanes_real,0,344,REVISE,True,0.005130624980665743,1.0,1.0,15.067856788635254,-7.115914787334869
nhanes_real,0,348,DiCE,True,0.002231165999546647,1.0,1.0,3.2603602409362793,-10.692776772412216
nhanes_real,0,348,FACE,True,0.09542470797896385,1.0,1.0,7.913530349731445,-9.7223003180884
nhanes_real,0,348,GrowingSpheres,True,0.0008106249733828008,1.0,1.0,4.5441999692152955,-11.522863350641401
nhanes_real,0,348,REVISE,True,0.0021299590007402003,1.0,1.0,14.113444328308105,-6.186459039275544
nhanes_real,0,349,DiCE,False,0.015093207999598235,,,,
nhanes_real,0,349,FACE,True,0.0918602499878034,1.0,1.0,6.98946475982666,-6.501870510808292
nhanes_real,0,349,GrowingSpheres,True,0.0008798749768175185,1.0,1.0,4.251429237169299,-7.0939904962331735
nhanes_real,0,349,REVISE,True,0.0035147920134477317,1.0,1.0,6.123932838439941,-6.080869408971381
nhanes_real,0,351,DiCE,False,0.014595374988857657,,,,
nhanes_real,0,351,FACE,True,0.09254779201000929,1.0,1.0,3.469801664352417,-6.563762295905182
nhanes_real,0,351,GrowingSpheres,True,0.0007272090297192335,1.0,1.0,3.301799448986516,-7.294837954380981
nhanes_real,0,351,REVISE,True,0.007132832950446755,1.0,1.0,4.778796195983887,-6.285368337604275
nhanes_real,0,353,DiCE,True,0.0020982910064049065,1.0,1.0,3.0294418334960938,-8.813400467268101
nhanes_real,0,353,FACE,True,0.09161504200892523,1.0,1.0,4.561855792999268,-8.935868236124874
nhanes_real,0,353,GrowingSpheres,True,0.0005803329986520112,1.0,1.0,2.9219269360403395,-8.997853681214915
nhanes_real,0,353,REVISE,True,0.00766445801127702,1.0,1.0,6.163967609405518,-6.634514277966515
nhanes_real,0,356,DiCE,False,0.014711832976900041,,,,
nhanes_real,0,356,FACE,True,0.09158891695551574,1.0,1.0,7.769132614135742,-8.275867549940081
nhanes_real,0,356,GrowingSpheres,True,0.0007493749726563692,1.0,1.0,2.9305433228888185,-10.252613604722658
nhanes_real,0,356,REVISE,True,0.005923624965362251,1.0,1.0,11.280998229980469,-6.1416763221964406
nhanes_real,0,358,DiCE,True,0.002861583954654634,1.0,1.0,4.666044235229492,-15.659580462650407
nhanes_real,0,358,FACE,True,0.0908480419893749,1.0,1.0,12.800941467285156,-9.741172650333828
nhanes_real,0,358,GrowingSpheres,True,0.0009782079723663628,1.0,1.0,4.854416188478074,-22.023027519179713
nhanes_real,0,358,REVISE,True,0.010579666995909065,1.0,1.0,15.77169132232666,-10.390635996374074
nhanes_real,0,360,DiCE,False,0.014498583041131496,,,,
nhanes_real,0,360,FACE,True,0.09043395798653364,1.0,1.0,2.623826026916504,-6.2682830082995675
nhanes_real,0,360,GrowingSpheres,True,0.0009120000177063048,1.0,1.0,2.6726622665893065,-7.1488209212701825
nhanes_real,0,360,REVISE,True,0.006805291981436312,1.0,1.0,3.8501601219177246,-6.206937024419709
nhanes_real,0,361,DiCE,True,0.002054958022199571,1.0,1.0,4.441841125488281,-12.459406851713382
nhanes_real,0,361,FACE,True,0.09075487498193979,1.0,1.0,9.713064193725586,-9.641650883470067
nhanes_real,0,361,GrowingSpheres,True,0.0006788329919800162,1.0,1.0,3.3843509850722886,-13.218126594598814
nhanes_real,0,361,REVISE,True,0.004209333972539753,1.0,1.0,9.874811172485352,-10.27782747842098
nhanes_real,0,362,DiCE,True,0.0020892089814879,1.0,1.0,3.4403960704803467,-12.073358689351547
nhanes_real,0,362,FACE,True,0.09081287501612678,1.0,1.0,9.118494033813477,-9.7223003180884
nhanes_real,0,362,GrowingSpheres,True,0.0006305839633569121,1.0,1.0,2.5651754606053276,-12.753476671467025
nhanes_real,0,362,REVISE,True,0.0015266669797711074,1.0,1.0,13.537900924682617,-6.303993417221816
nhanes_real,0,363,DiCE,True,0.0011905410210601985,1.0,1.0,2.7611546516418457,-9.145064974079215
nhanes_real,0,363,FACE,True,0.09078737499658018,1.0,1.0,4.3983659744262695,-9.167725708066552
nhanes_real,0,363,GrowingSpheres,True,0.00043220800580456853,1.0,1.0,2.4882084888471994,-9.4152823084355
nhanes_real,0,363,REVISE,True,0.001043458003550768,1.0,1.0,9.87022590637207,-8.603738579596344
nhanes_real,0,368,DiCE,True,0.0016196659998968244,1.0,1.0,2.450474739074707,-7.16649783698972
nhanes_real,0,368,FACE,True,0.0904656249913387,1.0,1.0,3.163933038711548,-7.171501367702392
nhanes_real,0,368,GrowingSpheres,True,0.0005959999980404973,1.0,1.0,2.337704173117991,-7.647075188252127
nhanes_real,0,368,REVISE,True,0.00184599997010082,1.0,1.0,2.377495527267456,-6.657354956631244
nhanes_real,0,371,DiCE,True,0.0007057919865474105,1.0,1.0,1.3094860315322876,-6.852543504001372
nhanes_real,0,371,FACE,True,0.09084362495923415,1.0,1.0,1.2053354978561401,-7.055666226165972
nhanes_real,0,371,GrowingSpheres,True,0.00029550003819167614,1.0,1.0,1.5120425495521683,-7.39810319614806
nhanes_real,0,371,REVISE,True,0.000632000039331615,1.0,1.0,2.9776504039764404,-6.42807407398651
nhanes_real,0,374,DiCE,True,0.0007436660234816372,1.0,1.0,2.0211825370788574,-8.959653035723308
nhanes_real,0,374,FACE,True,0.09072350000496954,1.0,1.0,2.5690879821777344,-9.072054296935493
nhanes_real,0,374,GrowingSpheres,True,0.0003018329734914005,1.0,1.0,1.5191583997132534,-8.931826156240366
nhanes_real,0,374,REVISE,True,0.0006296249921433628,1.0,1.0,7.050995349884033,-6.159887236127428
nhanes_real,0,375,DiCE,True,0.001070207974407822,1.0,1.0,2.359586238861084,-7.802934653960047
nhanes_real,0,375,FACE,True,0.09227691701380536,1.0,1.0,3.196425199508667,-7.885324064669428
nhanes_real,0,375,GrowingSpheres,True,0.0003891669912263751,1.0,1.0,1.9978347593724641,-7.725609530720337
nhanes_real,0,375,REVISE,True,0.004757707996759564,1.0,1.0,4.79764986038208,-6.478535790584129
nhanes_real,0,386,DiCE,True,0.001658499997574836,1.0,1.0,2.229254961013794,-8.520153759012214
nhanes_real,0,386,FACE,True,0.09049129200866446,1.0,1.0,2.891831398010254,-7.128633564349562
nhanes_real,0,386,GrowingSpheres,True,0.0005539589910767972,1.0,1.0,2.3917190065156175,-8.874566126915898
nhanes_real,0,386,REVISE,True,0.006578166037797928,1.0,1.0,9.14281940460205,-6.438170326155236
nhanes_real,0,392,DiCE,True,0.0022762500448152423,1.0,1.0,1.7701679468154907,-10.250614346401756
nhanes_real,0,392,FACE,True,0.0917650840128772,1.0,1.0,2.5263946056365967,-9.165991091638631
nhanes_real,0,392,GrowingSpheres,True,0.000546166964340955,1.0,1.0,1.572525781808353,-10.966481769671999
nhanes_real,0,392,REVISE,True,0.006532084022182971,1.0,1.0,8.039234161376953,-6.215706339721876
nhanes_real,0,398,DiCE,False,0.015450667007826269,,,,
nhanes_real,0,398,FACE,True,0.09068895800737664,1.0,1.0,6.746391296386719,-7.392716271446808
nhanes_real,0,398,GrowingSpheres,True,0.000988749961834401,1.0,1.0,6.251716526568896,-9.688087219230361
nhanes_real,0,398,REVISE,True,0.011386208003386855,1.0,1.0,8.614261627197266,-6.10551917433196
nhanes_real,0,400,DiCE,True,0.0011715000146068633,1.0,1.0,2.9076013565063477,-8.679059399625874
nhanes_real,0,400,FACE,True,0.09058745898073539,1.0,1.0,4.418156623840332,-7.311355686205864
nhanes_real,0,400,GrowingSpheres,True,0.0003865839680656791,1.0,1.0,1.620664330547815,-8.804599388266746
nhanes_real,0,400,REVISE,True,0.0028135000029578805,1.0,1.0,5.362485885620117,-6.662928347783888
nhanes_real,0,401,DiCE,True,0.001634957967326045,1.0,1.0,3.002791404724121,-9.541456370366921
nhanes_real,0,401,FACE,True,0.0910951669793576,1.0,1.0,6.8996901512146,-6.821908699861037
nhanes_real,0,401,GrowingSpheres,True,0.0007272920338436961,1.0,1.0,3.0159450812753827,-14.422166119554591
nhanes_real,0,401,REVISE,True,0.005139917018823326,1.0,1.0,7.2492146492004395,-6.23922237496604
nhanes_real,0,402,DiCE,False,0.015292625001166016,,,,
nhanes_real,0,402,FACE,True,0.09084237500792369,1.0,1.0,4.649313449859619,-7.433540800900616
nhanes_real,0,402,GrowingSpheres,True,0.0010315420222468674,1.0,1.0,6.651729565667483,-10.805384771416174
nhanes_real,0,402,REVISE,False,0.04231450002407655,,,,
nhanes_real,0,403,DiCE,False,0.015129000006709248,,,,
nhanes_real,0,403,FACE,True,0.09131870797136799,1.0,1.0,3.8426947593688965,-8.748875899673378
nhanes_real,0,403,GrowingSpheres,True,0.00074712501373142,1.0,1.0,3.2906579472650224,-11.287001024462555
nhanes_real,0,403,REVISE,False,0.04524720797780901,,,,
nhanes_real,0,410,DiCE,True,0.0013774170074611902,1.0,1.0,3.1993355751037598,-7.8535522286845785
nhanes_real,0,410,FACE,True,0.09563904203241691,1.0,1.0,3.5887646675109863,-6.94180251728339
nhanes_real,0,410,GrowingSpheres,True,0.0004641669802367687,1.0,1.0,1.7921643985312614,-7.901645315136711
nhanes_real,0,410,REVISE,True,0.002822374983225018,1.0,1.0,3.1896419525146484,-6.443201099198236
nhanes_real,0,411,DiCE,False,0.01823345897719264,,,,
nhanes_real,0,411,FACE,True,0.0980320000089705,1.0,1.0,3.394921064376831,-7.435852830981746
nhanes_real,0,411,GrowingSpheres,True,0.0007403329946100712,1.0,1.0,2.2566250065600855,-7.7967385711592945
nhanes_real,0,411,REVISE,True,0.004921625019051135,1.0,1.0,2.1112918853759766,-6.576618004409286
nhanes_real,0,412,DiCE,True,0.0013575409539043903,1.0,1.0,3.3116695880889893,-7.814970109989961
nhanes_real,0,412,FACE,True,0.09184050001204014,1.0,1.0,3.1667895317077637,-7.113770842833514
nhanes_real,0,412,GrowingSpheres,True,0.0006577919702976942,1.0,1.0,3.8372783483253703,-7.288950002615788
nhanes_real,0,412,REVISE,True,0.0006944159977138042,1.0,1.0,5.418597221374512,-6.049946510091383
nhanes_real,0,416,DiCE,True,0.0012442499864846468,1.0,1.0,2.4981613159179688,-6.301002432160688
nhanes_real,0,416,FACE,True,0.09125599998515099,1.0,1.0,2.6633641719818115,-6.577459777512697
nhanes_real,0,416,GrowingSpheres,True,0.0005119170527905226,1.0,1.0,1.7752741986240086,-6.206153187495667
nhanes_real,0,416,REVISE,True,0.0006597909959964454,1.0,1.0,2.635737180709839,-6.056589731675832
nhanes_real,0,417,DiCE,True,0.002229625009931624,1.0,1.0,2.772580862045288,-10.795407857501996
nhanes_real,0,417,FACE,True,0.09077829198213294,1.0,1.0,7.888057231903076,-7.433540800900616
nhanes_real,0,417,GrowingSpheres,True,0.0005700409528799355,1.0,1.0,3.8741877224427688,-9.878793923916657
nhanes_real,0,417,REVISE,True,0.0038047090056352317,1.0,1.0,7.960307598114014,-6.182642467846771
nhanes_real,0,418,DiCE,False,0.014531916996929795,,,,
nhanes_real,0,418,FACE,True,0.09109333297237754,1.0,1.0,3.325998544692993,-7.451336336244954
nhanes_real,0,418,GrowingSpheres,True,0.0008775829919613898,1.0,1.0,4.052967539928829,-8.837047626874687
nhanes_real,0,418,REVISE,True,0.008378750004339963,1.0,1.0,8.253681182861328,-6.515576617878272
nhanes_real,0,419,DiCE,False,0.014996292011346668,,,,
nhanes_real,0,419,FACE,True,0.09152437502052635,1.0,1.0,8.663856506347656,-6.563762295905182
nhanes_real,0,419,GrowingSpheres,True,0.0009623749647289515,1.0,1.0,5.058329761135533,-7.861350265785923
nhanes_real,0,419,REVISE,True,0.009596542047802359,1.0,1.0,6.293407440185547,-6.445602782209594
nhanes_real,0,420,DiCE,True,0.0016497090109623969,1.0,1.0,1.9452180862426758,-8.26297286880931
nhanes_real,0,420,FACE,True,0.09111825004220009,1.0,1.0,4.173937797546387,-7.085785960837132
nhanes_real,0,420,GrowingSpheres,True,0.0005434170016087592,1.0,1.0,2.068350316200031,-8.17228266962352
nhanes_real,0,420,REVISE,True,0.003799250000156462,1.0,1.0,5.1235032081604,-6.148023676067721
nhanes_real,0,421,DiCE,True,0.0018974579870700836,1.0,1.0,2.6805434226989746,-8.32143916369456
nhanes_real,0,421,FACE,True,0.0905865830136463,1.0,1.0,4.235505104064941,-6.9403859325978505
nhanes_real,0,421,GrowingSpheres,True,0.0006231670267879963,1.0,1.0,2.0574358788496863,-7.012963368998722
nhanes_real,0,421,REVISE,True,0.008580833033192903,1.0,1.0,5.3769330978393555,-6.365604395073792
nhanes_real,0,422,DiCE,True,0.0011797089828178287,1.0,1.0,2.45943021774292,-7.387095749472825
nhanes_real,0,422,FACE,True,0.09070562495617196,1.0,1.0,3.737854242324829,-6.808402536221534
nhanes_real,0,422,GrowingSpheres,True,0.00037883303593844175,1.0,1.0,2.491255910394017,-7.038291681131585
nhanes_real,0,422,REVISE,True,0.001503957959357649,1.0,1.0,3.3225767612457275,-6.24753558715158
nhanes_real,0,424,DiCE,True,0.0007051249849610031,1.0,1.0,1.498892068862915,-7.624039295876517
nhanes_real,0,424,FACE,True,0.09242054098285735,1.0,1.0,2.7491273880004883,-7.226458159122171
nhanes_real,0,424,GrowingSpheres,True,0.00029104104032739997,1.0,1.0,0.6273734146509793,-7.872714972115668
nhanes_real,0,424,REVISE,True,0.0006754170171916485,1.0,1.0,5.694974899291992,-6.1661460982950995
nhanes_real,0,426,DiCE,True,0.0011830830480903387,1.0,1.0,1.9395062923431396,-7.557030130005119
nhanes_real,0,426,FACE,True,0.09130170795833692,1.0,1.0,2.1970162391662598,-7.019889366757864
nhanes_real,0,426,GrowingSpheres,True,0.0004950419533997774,1.0,1.0,2.5381764721298237,-8.06140354492642
nhanes_real,0,426,REVISE,True,0.0015527080395258963,1.0,1.0,3.8212239742279053,-6.131662045604578
nhanes_real,0,427,DiCE,False,0.014949375006835908,,,,
nhanes_real,0,427,FACE,True,0.09127475001150742,1.0,1.0,3.405567169189453,-6.9293245941398185
nhanes_real,0,427,GrowingSpheres,True,0.0006014159880578518,1.0,1.0,3.967267684646047,-7.71952230025499
nhanes_real,0,427,REVISE,True,0.005476917023770511,1.0,1.0,3.4010536670684814,-6.274645385849198
nhanes_real,0,428,DiCE,True,0.0021335419733077288,1.0,1.0,4.273128032684326,-6.738656302337992
nhanes_real,0,428,FACE,True,0.09107829199638218,1.0,1.0,5.604228973388672,-7.175597322813138
nhanes_real,0,428,GrowingSpheres,True,0.0006798749673180282,1.0,1.0,3.0913392324402436,-8.117867990135387
nhanes_real,0,428,REVISE,True,0.0015440419665537775,1.0,1.0,3.8047032356262207,-6.451855509410041
nhanes_real,0,429,DiCE,True,0.0014552079956047237,1.0,1.0,2.488788604736328,-6.770383410707908
nhanes_real,0,429,FACE,True,0.09157599997706711,1.0,1.0,2.2686097621917725,-6.2682830082995675
nhanes_real,0,429,GrowingSpheres,True,0.0005830419831909239,1.0,1.0,3.026698401273299,-6.568381615344736
nhanes_real,0,429,REVISE,True,0.0019055839511565864,1.0,1.0,1.7482179403305054,-6.086947579515266
nhanes_real,0,430,DiCE,True,0.001365375006571412,1.0,1.0,2.8981332778930664,-6.678828992460554
nhanes_real,0,430,FACE,True,0.09143333398969844,1.0,1.0,2.352220296859741,-6.923900945449575
nhanes_real,0,430,GrowingSpheres,True,0.0005717080202884972,1.0,1.0,2.490577247390703,-7.017059832641124
nhanes_real,0,430,REVISE,True,0.0006808749749325216,1.0,1.0,4.393336772918701,-6.438030275868518
nhanes_real,0,431,DiCE,True,0.0005963749717921019,1.0,1.0,1.1656712293624878,-7.044800405430703
nhanes_real,0,431,FACE,True,0.09055387496482581,1.0,1.0,0.681056022644043,-6.953666105455819
nhanes_real,0,431,GrowingSpheres,True,0.00020833301823586226,1.0,1.0,0.8831216357168282,-7.3360757411244055
nhanes_real,0,431,REVISE,True,0.0018652920261956751,1.0,1.0,4.400117874145508,-6.265699519068658
nhanes_real,0,433,DiCE,True,0.0013085830141790211,1.0,1.0,2.9798829555511475,-12.89893716422959
nhanes_real,0,433,FACE,True,0.09148908400675282,1.0,1.0,8.833569526672363,-7.506468712414293
nhanes_real,0,433,GrowingSpheres,True,0.0004550419980660081,1.0,1.0,1.6555759032607948,-14.304772560497018
nhanes_real,0,433,REVISE,True,0.005530458991415799,1.0,1.0,7.381257057189941,-7.703013358281844
nhanes_real,0,434,DiCE,True,0.0014450420276261866,1.0,1.0,3.4644811153411865,-10.048668296615306
nhanes_real,0,434,FACE,True,0.097340542008169,1.0,1.0,5.287664413452148,-8.249015853871486
nhanes_real,0,434,GrowingSpheres,True,0.000544042035471648,1.0,1.0,1.4319563046674162,-10.537914046575093
nhanes_real,0,434,REVISE,True,0.0030474999803118408,1.0,1.0,7.5199809074401855,-6.740483781695439
nhanes_real,0,436,DiCE,False,0.015176582965068519,,,,
nhanes_real,0,436,FACE,True,0.09213070903206244,1.0,1.0,4.157033920288086,-6.707615084089012
nhanes_real,0,436,GrowingSpheres,True,0.0006989160319790244,1.0,1.0,2.1981472817278114,-9.656175808834979
nhanes_real,0,436,REVISE,True,0.009876707976218313,1.0,1.0,4.3159589767456055,-6.40477602045126
nhanes_real,0,437,DiCE,False,0.014969500014558434,,,,
nhanes_real,0,437,FACE,True,0.0921753749717027,1.0,1.0,3.8947770595550537,-6.797300329212382
nhanes_real,0,437,GrowingSpheres,True,0.0007274579838849604,1.0,1.0,3.0012067138500758,-9.147381239594033
nhanes_real,0,437,REVISE,True,0.010230000014416873,1.0,1.0,5.986650466918945,-6.2175813463243905
nhanes_real,0,444,DiCE,True,0.0007333749672397971,1.0,1.0,1.5534851551055908,-7.93522788834582
nhanes_real,0,444,FACE,True,0.09158295905217528,1.0,1.0,1.9799113273620605,-7.63211530552686
nhanes_real,0,444,GrowingSpheres,True,0.00031224999111145735,1.0,1.0,1.2109703818638131,-7.619034135506489
nhanes_real,0,444,REVISE,True,0.0005833749892190099,1.0,1.0,4.103397369384766,-6.517970732791671
nhanes_real,0,446,DiCE,True,0.0022516250028274953,1.0,1.0,2.9889354705810547,-10.072259287257527
nhanes_real,0,446,FACE,True,0.09435058297822252,1.0,1.0,5.521061420440674,-8.672472851184455
nhanes_real,0,446,GrowingSpheres,True,0.0008463329868391156,1.0,1.0,3.161470361629383,-8.979581639098823
nhanes_real,0,446,REVISE,True,0.008302333008032292,1.0,1.0,8.544546127319336,-6.837916892509931
nhanes_real,0,448,DiCE,False,0.015679625037591904,,,,
nhanes_real,0,448,FACE,True,0.0910914579872042,1.0,1.0,3.9112162590026855,-7.1900705366763615
nhanes_real,0,448,GrowingSpheres,True,0.0007733329548500478,1.0,1.0,3.725156280573132,-9.035445526132955
nhanes_real,0,448,REVISE,True,0.002995499991811812,1.0,1.0,3.1283931732177734,-6.3261221289099945
nhanes_real,0,449,DiCE,True,0.0011534999939613044,1.0,1.0,2.23604154586792,-7.308829588045395
nhanes_real,0,449,FACE,True,0.09094958298373967,1.0,1.0,2.6020071506500244,-7.278360096731962
nhanes_real,0,449,GrowingSpheres,True,0.00042204203782603145,1.0,1.0,1.3326422248129735,-6.966191442151248
nhanes_real,0,449,REVISE,True,0.00607995898462832,1.0,1.0,4.9972004890441895,-6.102698385226434
nhanes_real,0,452,DiCE,True,0.0010304159950464964,1.0,1.0,2.404247522354126,-6.446151804050565
nhanes_real,0,452,FACE,True,0.09148583299247548,1.0,1.0,2.1570382118225098,-6.068699445309529
nhanes_real,0,452,GrowingSpheres,True,0.00036216701846569777,1.0,1.0,1.9452553555487269,-6.320743945014179
nhanes_real,0,452,REVISE,True,0.0006350420298986137,1.0,1.0,2.0551564693450928,-6.069055841471473
nhanes_real,0,454,DiCE,False,0.01683849998516962,,,,
nhanes_real,0,454,FACE,True,0.09797833295306191,1.0,1.0,4.741140365600586,-8.8186572666702
nhanes_real,0,454,GrowingSpheres,True,0.0008489159517921507,1.0,1.0,2.06672863249542,-8.202436473352199
nhanes_real,0,454,REVISE,True,0.011108499951660633,1.0,1.0,3.7486162185668945,-6.587886520440685
nhanes_real,0,458,DiCE,True,0.001625208999030292,1.0,1.0,3.9144301414489746,-9.045514372818394
nhanes_real,0,458,FACE,True,0.09096054098336026,1.0,1.0,5.947587013244629,-8.275867549940081
nhanes_real,0,458,GrowingSpheres,True,0.0005778340273536742,1.0,1.0,2.377573256966414,-10.67645998299713
nhanes_real,0,458,REVISE,True,0.0006503749755211174,1.0,1.0,8.598348617553711,-6.078240875458102
nhanes_real,0,459,DiCE,False,0.015269916970282793,,,,
nhanes_real,0,459,FACE,True,0.09053912502713501,1.0,1.0,7.020822048187256,-7.536569735702212
nhanes_real,0,459,GrowingSpheres,True,0.000886125024408102,1.0,1.0,4.921105472231098,-11.312487265952626
nhanes_real,0,459,REVISE,True,0.009161332971416414,1.0,1.0,9.576019287109375,-6.284959848990537
nhanes_real,0,460,DiCE,False,0.015008124988526106,,,,
nhanes_real,0,460,FACE,True,0.09058666601777077,1.0,1.0,6.801808834075928,-7.348982077835725
nhanes_real,0,460,GrowingSpheres,True,0.0008020419627428055,1.0,1.0,3.698391224741899,-10.905291415789184
nhanes_real,0,460,REVISE,True,0.011976791021879762,1.0,1.0,7.874762535095215,-6.352001210764083
nhanes_real,0,461,DiCE,False,0.015118167037144303,,,,
nhanes_real,0,461,FACE,True,0.09119924996048212,1.0,1.0,6.419918537139893,-8.027540175953444
nhanes_real,0,461,GrowingSpheres,True,0.001198749989271164,1.0,1.0,7.37230304327434,-22.88425637268064
nhanes_real,0,461,REVISE,False,0.044038624968379736,,,,
nhanes_real,0,463,DiCE,True,0.0008739589829929173,1.0,1.0,2.408259868621826,-10.534068393945212
nhanes_real,0,463,FACE,True,0.09079316700808704,1.0,1.0,4.851497173309326,-8.264969902447863
nhanes_real,0,463,GrowingSpheres,True,0.0002877910155802965,1.0,1.0,1.1345675292586943,-10.639714669276628
nhanes_real,0,463,REVISE,True,0.0037081659538671374,1.0,1.0,6.637645244598389,-8.073592002741323
nhanes_real,0,464,DiCE,False,0.01506274996791035,,,,
nhanes_real,0,464,FACE,True,0.09095595899270847,1.0,1.0,2.1233201026916504,-8.368359917730189
nhanes_real,0,464,GrowingSpheres,True,0.0006664590328000486,1.0,1.0,3.3586454247754842,-11.089273732743298
nhanes_real,0,464,REVISE,True,0.007829165959265083,1.0,1.0,6.652064323425293,-6.3039912936427545
nhanes_real,0,466,DiCE,True,0.0017447500140406191,1.0,1.0,2.2067160606384277,-7.649578664882535
nhanes_real,0,466,FACE,True,0.09086154098622501,1.0,1.0,3.874406576156616,-6.9293245941398185
nhanes_real,0,466,GrowingSpheres,True,0.0005942499847151339,1.0,1.0,2.0786442941721286,-7.262500838629073
nhanes_real,0,466,REVISE,True,0.0037594169843941927,1.0,1.0,6.353396415710449,-6.151984027479667
nhanes_real,0,468,DiCE,True,0.0010329170036129653,1.0,1.0,2.6328165531158447,-12.590070943956704
nhanes_real,0,468,FACE,True,0.09058154100785032,1.0,1.0,8.009052276611328,-9.326682559232164
nhanes_real,0,468,GrowingSpheres,True,0.000380749988835305,1.0,1.0,1.9768702798429034,-12.427780106152733
nhanes_real,0,468,REVISE,True,0.004119999997783452,1.0,1.0,6.016008377075195,-9.293915554542174
nhanes_real,0,469,DiCE,False,0.01449587504612282,,,,
nhanes_real,0,469,FACE,True,0.0905677080154419,1.0,1.0,6.9333672523498535,-7.128633564349562
nhanes_real,0,469,GrowingSpheres,True,0.0013137079658918083,1.0,1.0,5.94771951427143,-18.234230691624575
nhanes_real,0,469,REVISE,False,0.04389462497783825,,,,
nhanes_real,0,475,DiCE,False,0.014334124978631735,,,,
nhanes_real,0,475,FACE,True,0.0911225420422852,1.0,1.0,2.0330424308776855,-6.489196731523043
nhanes_real,0,475,GrowingSpheres,True,0.0007345000049099326,1.0,1.0,4.099505334793041,-8.259074834619113
nhanes_real,0,475,REVISE,True,0.006685249973088503,1.0,1.0,1.9524301290512085,-6.498455662838573
nhanes_real,0,476,DiCE,True,0.0011417089845053852,1.0,1.0,2.4669151306152344,-7.485784046991514
nhanes_real,0,476,FACE,True,0.0907007500063628,1.0,1.0,1.6649940013885498,-6.785730065913892
nhanes_real,0,476,GrowingSpheres,True,0.00037766696186736226,1.0,1.0,2.534763971230696,-7.249107136019138
nhanes_real,0,476,REVISE,True,0.004979665973223746,1.0,1.0,4.785219669342041,-6.301284240906132
nhanes_real,0,477,DiCE,False,0.01451729197287932,,,,
nhanes_real,0,477,FACE,True,0.09079379099421203,1.0,1.0,7.319387435913086,-9.431000754778093
nhanes_real,0,477,GrowingSpheres,False,0.0012797079980373383,,,,
nhanes_real,0,477,REVISE,False,0.04442070802906528,,,,
nhanes_real,0,482,DiCE,True,0.003001582983415574,1.0,1.0,3.915165901184082,-9.189117785975686
nhanes_real,0,482,FACE,True,0.0907680420204997,1.0,1.0,6.421621322631836,-7.7127082793299415
nhanes_real,0,482,GrowingSpheres,True,0.00075758300954476,1.0,1.0,4.246843950278414,-12.445342703144064
nhanes_real,0,482,REVISE,True,0.004253167018759996,1.0,1.0,7.219406604766846,-7.728504915110044
nhanes_real,0,483,DiCE,False,0.015300208993721753,,,,
nhanes_real,0,483,FACE,True,0.09068383398698643,1.0,1.0,1.649035930633545,-7.018494078287407
nhanes_real,0,483,GrowingSpheres,True,0.0006047500064596534,1.0,1.0,3.3533780165120533,-7.3737506238238115
nhanes_real,0,483,REVISE,True,0.005573415954131633,1.0,1.0,2.6991066932678223,-6.596708947428329
nhanes_real,0,484,DiCE,False,0.015178542002104223,,,,
nhanes_real,0,484,FACE,True,0.09138016699580476,1.0,1.0,4.976137638092041,-7.435852830981746
nhanes_real,0,484,GrowingSpheres,True,0.0005472920020110905,1.0,1.0,2.1785141340349004,-7.694842763635442
nhanes_real,0,484,REVISE,True,0.006959583959542215,1.0,1.0,4.111961364746094,-6.782939234066353
nhanes_real,0,489,DiCE,True,0.001066999975591898,1.0,1.0,2.398885726928711,-10.11903815265807
nhanes_real,0,489,FACE,True,0.09084125002846122,1.0,1.0,4.552260875701904,-8.588432628386265
nhanes_real,0,489,GrowingSpheres,True,0.00036583305336534977,1.0,1.0,1.87918429853191,-10.522675817358381
nhanes_real,0,489,REVISE,True,0.006190082989633083,1.0,1.0,5.3784499168396,-7.529940936103767
nhanes_real,0,490,DiCE,False,0.014815167000051588,,,,
nhanes_real,0,490,FACE,True,0.09073320799507201,1.0,1.0,3.622335433959961,-7.433540800900616
nhanes_real,0,490,GrowingSpheres,True,0.0007574170012958348,1.0,1.0,3.3311943720177397,-8.825348451064398
nhanes_real,0,490,REVISE,True,0.005594958027359098,1.0,1.0,6.963233947753906,-6.114626314076727
nhanes_real,0,491,DiCE,True,0.0009062919998541474,1.0,1.0,2.440997838973999,-7.3469437924033745
nhanes_real,0,491,FACE,True,0.0911645830492489,1.0,1.0,1.2794783115386963,-7.226458159122171
nhanes_real,0,491,GrowingSpheres,True,0.00035625003511086106,1.0,1.0,1.1011558640662316,-7.648305144618617
nhanes_real,0,491,REVISE,True,0.0006300840177573264,1.0,1.0,4.116086959838867,-6.159589496119429
nhanes_real,0,497,DiCE,False,0.014450040995143354,,,,
nhanes_real,0,497,FACE,True,0.0922254589968361,1.0,1.0,5.0131964683532715,-8.894864273623895
nhanes_real,0,497,GrowingSpheres,True,0.0007453340222127736,1.0,1.0,3.265362685225702,-13.53224340692325
nhanes_real,0,497,REVISE,True,0.008813332999125123,1.0,1.0,8.7007417678833,-6.52359587897483
nhanes_real,0,502,DiCE,False,0.015093207999598235,,,,
nhanes_real,0,502,FACE,True,0.09016266599064693,1.0,1.0,9.725151062011719,-8.275867549940081
nhanes_real,0,502,GrowingSpheres,True,0.001123833004385233,1.0,1.0,5.924698200172891,-10.990937983626017
nhanes_real,0,502,REVISE,True,0.00856883404776454,1.0,1.0,9.96441650390625,-6.172031355310869
nhanes_real,0,509,DiCE,True,0.0007609589956700802,1.0,1.0,1.425264596939087,-8.205084436048654
nhanes_real,0,509,FACE,True,0.09064579103142023,1.0,1.0,3.596972942352295,-7.575498526784477
nhanes_real,0,509,GrowingSpheres,True,0.0002646659850142896,1.0,1.0,0.9392280239081691,-7.9430461777335415
nhanes_real,0,509,REVISE,True,0.0006125000072643161,1.0,1.0,5.7819414138793945,-6.524870279676422
nhanes_real,0,516,DiCE,False,0.014854750013910234,,,,
nhanes_real,0,516,FACE,True,0.09142462501768023,1.0,1.0,5.226792335510254,-6.85728030761485
nhanes_real,0,516,GrowingSpheres,True,0.0009981669718399644,1.0,1.0,3.7994723138686917,-9.754800264501318
nhanes_real,0,516,REVISE,True,0.008603082969784737,1.0,1.0,6.317891597747803,-6.1829086751918165
nhanes_real,0,518,DiCE,False,0.01479937497060746,,,,
nhanes_real,0,518,FACE,True,0.09103108296403661,1.0,1.0,9.776460647583008,-8.264969902447863
nhanes_real,0,518,GrowingSpheres,True,0.0009544999920763075,1.0,1.0,1.9276670091148769,-22.38176997593832
nhanes_real,0,518,REVISE,True,0.010748291970230639,1.0,1.0,10.138799667358398,-8.349841278075761
nhanes_real,0,521,DiCE,True,0.002248207980301231,1.0,1.0,3.3886542320251465,-9.116937530935372
nhanes_real,0,521,FACE,True,0.09189816599246114,1.0,1.0,6.4209699630737305,-7.451336336244954
nhanes_real,0,521,GrowingSpheres,True,0.0007618750096298754,1.0,1.0,4.147881836111872,-9.13766058521357
nhanes_real,0,521,REVISE,True,0.0026227920316159725,1.0,1.0,8.677266120910645,-6.826567729470511
nhanes_real,0,524,DiCE,False,0.015154583030380309,,,,
nhanes_real,0,524,FACE,True,0.0906387499999255,1.0,1.0,2.9704694747924805,-6.647317623932574
nhanes_real,0,524,GrowingSpheres,True,0.0007672089850530028,1.0,1.0,4.1288442182204275,-10.953322198310042
nhanes_real,0,524,REVISE,True,0.011420541966799647,1.0,1.0,5.114938735961914,-6.411739238131424
nhanes_real,0,527,DiCE,False,0.014917458989657462,,,,
nhanes_real,0,527,FACE,True,0.09083329199347645,1.0,1.0,11.81501293182373,-9.670391338393381
nhanes_real,0,527,GrowingSpheres,True,0.00089366699103266,1.0,1.0,3.8647588683902003,-16.32969139292998
nhanes_real,0,527,REVISE,True,0.005474791978485882,1.0,1.0,14.666545867919922,-9.100815574919338
nhanes_real,0,529,DiCE,True,0.0009265419794246554,1.0,1.0,2.347443103790283,-8.769739196257547
nhanes_real,0,529,FACE,True,0.09179616597248241,1.0,1.0,5.915567398071289,-6.754482524575619
nhanes_real,0,529,GrowingSpheres,True,0.00036162498872727156,1.0,1.0,1.016236271788332,-9.060177985333468
nhanes_real,0,529,REVISE,True,0.003380957990884781,1.0,1.0,8.031720161437988,-6.173443258292588
nhanes_real,0,530,DiCE,True,0.0007336669950746,1.0,1.0,1.4749337434768677,-6.955408106336934
nhanes_real,0,530,FACE,True,0.09109262499259785,1.0,1.0,2.215278148651123,-6.367381527431084
nhanes_real,0,530,GrowingSpheres,True,0.0002822080277837813,1.0,1.0,0.9522892580512575,-7.140426991865436
nhanes_real,0,530,REVISE,True,0.0036195419961586595,1.0,1.0,3.398953437805176,-6.1642449383278155
nhanes_real,0,531,DiCE,True,0.0009472499950788915,1.0,1.0,2.5156259536743164,-7.616940929129386
nhanes_real,0,531,FACE,True,0.0911584579735063,1.0,1.0,2.92883563041687,-6.280497464623729
nhanes_real,0,531,GrowingSpheres,True,0.0003250829759053886,1.0,1.0,1.4119772418801682,-7.344321747134245
nhanes_real,0,531,REVISE,True,0.0006629999843426049,1.0,1.0,3.1886322498321533,-6.197133425200347
nhanes_real,0,535,DiCE,False,0.01455320802051574,,,,
nhanes_real,0,535,FACE,True,0.09079508302966133,1.0,1.0,5.017084121704102,-6.785730065913892
nhanes_real,0,535,GrowingSpheres,True,0.0006960410391911864,1.0,1.0,2.37307512035691,-10.914445401535392
nhanes_real,0,535,REVISE,True,0.008321375004015863,1.0,1.0,7.090357780456543,-6.209424529210155
nhanes_real,0,536,DiCE,True,0.0010281249997206032,1.0,1.0,2.1509885787963867,-7.182207571722677
nhanes_real,0,536,FACE,True,0.09078462503384799,1.0,1.0,1.3728413581848145,-6.434209981422991
nhanes_real,0,536,GrowingSpheres,True,0.0003328750026412308,1.0,1.0,1.73168749610579,-7.097915008048433
nhanes_real,0,536,REVISE,True,0.0010574170155450702,1.0,1.0,2.086000442504883,-6.157385347391608
nhanes_real,0,537,DiCE,True,0.0010180409881286323,1.0,1.0,2.0375771522521973,-7.883242007604176
nhanes_real,0,537,FACE,True,0.09074716595932841,1.0,1.0,3.027940034866333,-7.218595588297651
nhanes_real,0,537,GrowingSpheres,True,0.0003905000048689544,1.0,1.0,2.041331157627432,-8.897322322127
nhanes_real,0,537,REVISE,True,0.004092417017091066,1.0,1.0,7.157033920288086,-6.591743075706629
nhanes_real,0,544,DiCE,True,0.0005667920340783894,1.0,1.0,1.450227975845337,-7.9874980076563995
nhanes_real,0,544,FACE,True,0.09109275002265349,1.0,1.0,2.461991786956787,-7.2125991421236995
nhanes_real,0,544,GrowingSpheres,True,0.0002144169993698597,1.0,1.0,0.6872392135560711,-8.011869410043952
nhanes_real,0,544,REVISE,True,0.0037325830198824406,1.0,1.0,5.029882431030273,-6.357650805834616
nhanes_real,0,549,DiCE,False,0.015216082974802703,,,,
nhanes_real,0,549,FACE,True,0.09290662495186552,1.0,1.0,4.933071136474609,-7.63211530552686
nhanes_real,0,549,GrowingSpheres,True,0.0009053749963641167,1.0,1.0,5.1324108261695915,-8.132571812441366
nhanes_real,0,549,REVISE,True,0.006242041999939829,1.0,1.0,7.456580638885498,-6.331681768087288
nhanes_real,0,550,DiCE,True,0.0009180419729091227,1.0,1.0,1.8283942937850952,-8.613497645189325
nhanes_real,0,550,FACE,True,0.09205108298920095,1.0,1.0,3.2921063899993896,-7.575498526784477
nhanes_real,0,550,GrowingSpheres,True,0.00039054197259247303,1.0,1.0,1.0893570733861098,-8.561478416140172
nhanes_real,0,550,REVISE,True,0.0006883339956402779,1.0,1.0,4.1376953125,-7.369241648042747
nhanes_real,0,555,DiCE,True,0.002226291981060058,1.0,1.0,3.8743982315063477,-11.819067037261897
nhanes_real,0,555,FACE,True,0.09146258304826915,1.0,1.0,4.140455722808838,-9.348736712827993
nhanes_real,0,555,GrowingSpheres,True,0.0006285830168053508,1.0,1.0,1.6865097522930825,-10.932362854673258
nhanes_real,0,555,REVISE,True,0.003917834023013711,1.0,1.0,9.902145385742188,-6.7785562577125535
nhanes_real,0,556,DiCE,False,0.015136166010051966,,,,
nhanes_real,0,556,FACE,True,0.09154645795933902,1.0,1.0,7.327707290649414,-8.655346708147912
nhanes_real,0,556,GrowingSpheres,True,0.0010737089905887842,1.0,1.0,8.074180784903886,-11.307957309234748
nhanes_real,0,556,REVISE,True,0.006418375007342547,1.0,1.0,12.266501426696777,-6.213779443857085
nhanes_real,0,557,DiCE,True,0.0013080419739708304,1.0,1.0,2.831806182861328,-7.4239034787955855
nhanes_real,0,557,FACE,True,0.09138291701674461,1.0,1.0,3.497694492340088,-7.435852830981746
nhanes_real,0,557,GrowingSpheres,True,0.0004824170027859509,1.0,1.0,3.4853795985187412,-7.669665328608289
nhanes_real,0,557,REVISE,True,0.0023745420039631426,1.0,1.0,2.599309206008911,-6.494834444220578
nhanes_real,0,558,DiCE,False,0.014754708972759545,,,,
nhanes_real,0,558,FACE,True,0.09136262501124293,1.0,1.0,2.1888835430145264,-8.66633754298689
nhanes_real,0,558,GrowingSpheres,True,0.0005370409926399589,1.0,1.0,2.207784098500072,-8.466367041121947
nhanes_real,0,558,REVISE,True,0.006285167008172721,1.0,1.0,5.199588298797607,-7.142516067488618
nhanes_real,0,562,DiCE,False,0.014914250001311302,,,,
nhanes_real,0,562,FACE,True,0.09096350002801046,1.0,1.0,6.413029193878174,-7.003977794104555
nhanes_real,0,562,GrowingSpheres,True,0.0006999580073170364,1.0,1.0,3.8295811856932653,-8.844425019572919
nhanes_real,0,562,REVISE,True,0.0069167500478215516,1.0,1.0,6.829071998596191,-6.246719024850703
nhanes_real,0,564,DiCE,False,0.015133500040974468,,,,
nhanes_real,0,564,FACE,True,0.09093125001527369,1.0,1.0,4.555882453918457,-6.808402536221534
nhanes_real,0,564,GrowingSpheres,True,0.0008735420415177941,1.0,1.0,4.655368718490681,-10.085246880630926
nhanes_real,0,564,REVISE,True,0.005341292009688914,1.0,1.0,6.42178201675415,-6.1869277475719855
nhanes_real,0,567,DiCE,False,0.014739417005330324,,,,
nhanes_real,0,567,FACE,True,0.09125716699054465,1.0,1.0,3.1127872467041016,-8.25783701832477
nhanes_real,0,567,GrowingSpheres,True,0.0008792089647613466,1.0,1.0,4.448103832238994,-8.631980710541034
nhanes_real,0,567,REVISE,True,0.005082208022940904,1.0,1.0,7.075283050537109,-6.37107265749758
nhanes_real,0,568,DiCE,True,0.001301625045016408,1.0,1.0,2.6604013442993164,-9.854849253358504
nhanes_real,0,568,FACE,True,0.0908931249869056,1.0,1.0,3.908399820327759,-8.672472851184455
nhanes_real,0,568,GrowingSpheres,True,0.00038587499875575304,1.0,1.0,1.5044445762124876,-9.619133341765172
nhanes_real,0,568,REVISE,True,0.006918250001035631,1.0,1.0,6.36364221572876,-7.233626233885715
nhanes_real,0,569,DiCE,False,0.015316166973207146,,,,
nhanes_real,0,569,FACE,True,0.09061729098903015,1.0,1.0,3.581820487976074,-7.7121232497938195
nhanes_real,0,569,GrowingSpheres,True,0.0007067080005072057,1.0,1.0,3.6977692022959117,-9.680890937730327
nhanes_real,0,569,REVISE,False,0.04316250002011657,,,,
nhanes_real,0,579,DiCE,True,0.001124291040468961,1.0,1.0,2.168625831604004,-7.5332691515591375
nhanes_real,0,579,FACE,True,0.09078437503194436,1.0,1.0,4.270269393920898,-6.785730065913892
nhanes_real,0,579,GrowingSpheres,True,0.00042679201578721404,1.0,1.0,1.9569765328298336,-7.234275881217224
nhanes_real,0,579,REVISE,True,0.00578008295269683,1.0,1.0,4.805108070373535,-6.090495254584242
nhanes_real,0,580,DiCE,True,0.0013734999811276793,1.0,1.0,2.4957029819488525,-9.323544976850014
nhanes_real,0,580,FACE,True,0.09168095799395815,1.0,1.0,6.060393333435059,-9.188002488668689
nhanes_real,0,580,GrowingSpheres,True,0.0005743330111727118,1.0,1.0,3.328893659673543,-9.39945440588302
nhanes_real,0,580,REVISE,True,0.005980249959975481,1.0,1.0,7.471429824829102,-6.97940872402696
nhanes_real,0,582,DiCE,False,0.014513667032588273,,,,
nhanes_real,0,582,FACE,True,0.0908777920412831,1.0,1.0,4.785665035247803,-6.068699445309529
nhanes_real,0,582,GrowingSpheres,True,0.001114125014282763,1.0,1.0,2.7800819679415283,-9.90879440846187
nhanes_real,0,582,REVISE,True,0.010702833998948336,1.0,1.0,4.745789527893066,-6.067895226251714
nhanes_real,0,585,DiCE,True,0.0016324580064974725,1.0,1.0,2.419703483581543,-8.18744460475287
nhanes_real,0,585,FACE,True,0.09229658398544416,1.0,1.0,5.734643936157227,-8.522566747480282
nhanes_real,0,585,GrowingSpheres,True,0.0005617919960059226,1.0,1.0,1.7628028803287963,-10.61057597323971
nhanes_real,0,585,REVISE,True,0.005264500039629638,1.0,1.0,4.567008972167969,-6.311356534938573
nhanes_real,0,586,DiCE,True,0.0007212089840322733,1.0,1.0,1.6087567806243896,-7.360990754580856
nhanes_real,0,586,FACE,True,0.09152133396128193,1.0,1.0,2.5188465118408203,-7.226458159122171
nhanes_real,0,586,GrowingSpheres,True,0.00031104101799428463,1.0,1.0,1.428938866566897,-7.868924444631932
nhanes_real,0,586,REVISE,True,0.0006179999909363687,1.0,1.0,4.6857008934021,-6.087461799039422
nhanes_real,0,587,DiCE,False,0.014974582998547703,,,,
nhanes_real,0,587,FACE,True,0.09084108402021229,1.0,1.0,3.890742063522339,-7.53963078056138
nhanes_real,0,587,GrowingSpheres,True,0.0008629580261185765,1.0,1.0,4.01256330523419,-8.930544534195118
nhanes_real,0,587,REVISE,True,0.0027704579988494515,1.0,1.0,6.2460737228393555,-6.161824826958181
nhanes_real,0,590,DiCE,False,0.014647707983385772,,,,
nhanes_real,0,590,FACE,True,0.0911674999515526,1.0,1.0,5.144514083862305,-7.128633564349562
nhanes_real,0,590,GrowingSpheres,True,0.0012077920255251229,1.0,1.0,7.685550698421364,-13.510298995508245
nhanes_real,0,590,REVISE,True,0.0116206249804236,1.0,1.0,5.857900619506836,-6.190257145119865
nhanes_real,0,594,DiCE,False,0.015003582986537367,,,,
nhanes_real,0,594,FACE,True,0.09097454097354785,1.0,1.0,5.5115814208984375,-6.577459777512697
nhanes_real,0,594,GrowingSpheres,True,0.0008204170153476298,1.0,1.0,5.279388516460889,-9.128258482266995
nhanes_real,0,594,REVISE,True,0.00834070798009634,1.0,1.0,4.827043533325195,-6.081130282529729
nhanes_real,0,599,DiCE,True,0.00222266698256135,1.0,1.0,2.5503175258636475,-10.484432296063675
nhanes_real,0,599,FACE,True,0.0944292499916628,1.0,1.0,2.9389801025390625,-8.8186572666702
nhanes_real,0,599,GrowingSpheres,True,0.0006483329925686121,1.0,1.0,4.022433907733661,-9.62661074169499
nhanes_real,0,599,REVISE,True,0.012009458034299314,1.0,1.0,5.736074924468994,-7.012963645945426
nhanes_real,0,600,DiCE,True,0.0016734169912524521,1.0,1.0,3.845097780227661,-12.91744620742695
nhanes_real,0,600,FACE,True,0.09203625004738569,1.0,1.0,4.709172248840332,-9.741172650333828
nhanes_real,0,600,GrowingSpheres,True,0.0005942920106463134,1.0,1.0,1.8428200420353062,-13.909136692632057
nhanes_real,0,600,REVISE,True,0.007260542013682425,1.0,1.0,15.887388229370117,-8.505004845902384
nhanes_real,0,601,DiCE,False,0.014794958988204598,,,,
nhanes_real,0,601,FACE,True,0.09853079100139439,1.0,1.0,5.205649375915527,-8.894864273623895
nhanes_real,0,601,GrowingSpheres,True,0.000978041032794863,1.0,1.0,1.9805223495350766,-8.16079149351003
nhanes_real,0,601,REVISE,True,0.012833582994062454,1.0,1.0,7.14713716506958,-6.146125530785625
nhanes_real,0,602,DiCE,True,0.0010805840138345957,1.0,1.0,2.122891426086426,-20.236040177512926
nhanes_real,0,602,FACE,True,0.09476266603451222,1.0,1.0,10.573488235473633,-9.671352639364978
nhanes_real,0,602,GrowingSpheres,True,0.0005511670024134219,1.0,1.0,2.3778532450400442,-23.06921797669989
nhanes_real,0,602,REVISE,True,0.00457895896397531,1.0,1.0,18.863309860229492,-8.06640129398879
nhanes_real,0,603,DiCE,True,0.0007449170225299895,1.0,1.0,1.0643675327301025,-7.706613380786786
nhanes_real,0,603,FACE,True,0.09239216602873057,0.0,1.0,4.537687301635742,-7.005752814162708
nhanes_real,0,603,GrowingSpheres,True,0.00020712497644126415,1.0,1.0,0.7702146040435787,-7.9109717565403805
nhanes_real,0,603,REVISE,True,0.003724333015270531,1.0,1.0,3.8789803981781006,-6.454627427573191
nhanes_real,0,605,DiCE,True,0.002256917010527104,1.0,1.0,2.3484911918640137,-7.618236445508987
nhanes_real,0,605,FACE,True,0.09260074998019263,1.0,1.0,2.110403299331665,-7.575498526784477
nhanes_real,0,605,GrowingSpheres,True,0.0006084589986130595,1.0,1.0,3.4270719809565,-8.839016473040266
nhanes_real,0,605,REVISE,True,0.002853624988347292,1.0,1.0,5.379089832305908,-6.5896851909838015
nhanes_real,0,607,DiCE,True,0.001217291981447488,1.0,1.0,2.5439133644104004,-6.82443499819598
nhanes_real,0,607,FACE,True,0.09174800000619143,1.0,1.0,2.692206859588623,-6.953731099973135
nhanes_real,0,607,GrowingSpheres,True,0.0005398330395109951,1.0,1.0,3.652614445025982,-6.635688855930761
nhanes_real,0,607,REVISE,True,0.001106542011257261,1.0,1.0,3.212075710296631,-6.459769615704193
nhanes_real,0,613,DiCE,True,0.0015262080123648047,1.0,1.0,2.4895994663238525,-8.303462215063695
nhanes_real,0,613,FACE,True,0.09289050003280863,1.0,1.0,5.023562908172607,-6.814304443815141
nhanes_real,0,613,GrowingSpheres,True,0.0005303329671733081,1.0,1.0,2.058025803911895,-8.702333330854314
nhanes_real,0,613,REVISE,True,0.005373332998715341,1.0,1.0,5.2152204513549805,-6.312792537834643
nhanes_real,0,614,DiCE,True,0.0005455840146169066,1.0,1.0,1.1593554019927979,-11.230337865318532
nhanes_real,0,614,FACE,True,0.0912201669998467,1.0,1.0,5.320967674255371,-7.435852830981746
nhanes_real,0,614,GrowingSpheres,True,0.00019008299568668008,1.0,1.0,0.3162180674127501,-10.55442859613252
nhanes_real,0,614,REVISE,True,0.0006181669887155294,1.0,1.0,5.003686428070068,-7.075325872251826
nhanes_real,0,616,DiCE,True,0.0010860000038519502,1.0,1.0,2.9618701934814453,-9.74468235791749
nhanes_real,0,616,FACE,True,0.09247291600331664,1.0,1.0,4.3884172439575195,-8.11671070670647
nhanes_real,0,616,GrowingSpheres,True,0.00039258302422240376,1.0,1.0,2.5049414060706,-9.145392898134483
nhanes_real,0,616,REVISE,True,0.0005942919524386525,1.0,1.0,7.652368545532227,-6.284578418180359
nhanes_real,0,618,DiCE,True,0.002341667015571147,1.0,1.0,3.075568675994873,-7.296533372441159
nhanes_real,0,618,FACE,True,0.09548641700530425,1.0,1.0,4.725807189941406,-6.2682830082995675
nhanes_real,0,618,GrowingSpheres,True,0.0007592500187456608,1.0,1.0,4.895077379148374,-7.166371059933391
nhanes_real,0,618,REVISE,True,0.0035836250171996653,1.0,1.0,3.700324535369873,-6.3742324736226905
nhanes_real,0,620,DiCE,True,0.0015757079818286002,1.0,1.0,3.592406988143921,-13.217289514940802
nhanes_real,0,620,FACE,True,0.0909819999942556,1.0,1.0,7.252240180969238,-9.641650883470067
nhanes_real,0,620,GrowingSpheres,True,0.0006440419820137322,1.0,1.0,4.038588882953061,-11.711501592686039
nhanes_real,0,620,REVISE,True,0.0029947080183774233,1.0,1.0,5.6194963455200195,-10.540978183317392
nhanes_real,0,621,DiCE,True,0.0008824169635772705,1.0,1.0,1.7339283227920532,-9.02269896388014
nhanes_real,0,621,FACE,True,0.09274854196701199,1.0,1.0,3.2513771057128906,-8.249015853871486
nhanes_real,0,621,GrowingSpheres,True,0.0003488339716568589,1.0,1.0,1.0705009252782056,-8.353911720221886
nhanes_real,0,621,REVISE,True,0.0029020829824730754,1.0,1.0,6.2785186767578125,-6.604584507237979
nhanes_real,0,624,DiCE,True,0.0010696669924072921,1.0,1.0,2.4356305599212646,-7.938370196862355
nhanes_real,0,624,FACE,True,0.09193262504413724,1.0,1.0,3.467789649963379,-7.885324064669428
nhanes_real,0,624,GrowingSpheres,True,0.0004109590081498027,1.0,1.0,0.8070826102728149,-8.418875709548736
nhanes_real,0,624,REVISE,True,0.0036020000115968287,1.0,1.0,4.332829475402832,-6.592212030691981
nhanes_real,0,627,DiCE,True,0.0008746249950490892,1.0,1.0,1.370591163635254,-7.159618515467441
nhanes_real,0,627,FACE,True,0.09160570800304413,1.0,1.0,3.3693675994873047,-7.400968915905167
nhanes_real,0,627,GrowingSpheres,True,0.0002945420565083623,1.0,1.0,1.6252230083352357,-7.371640928133199
nhanes_real,0,627,REVISE,True,0.0006684159743599594,1.0,1.0,4.6562676429748535,-6.044378873725571
nhanes_real,0,628,DiCE,False,0.015275124984327704,,,,
nhanes_real,0,628,FACE,True,0.09098450001329184,1.0,1.0,4.822414875030518,-6.707615084089012
nhanes_real,0,628,GrowingSpheres,True,0.0006580000044777989,1.0,1.0,2.8628270524465362,-8.701522701961457
nhanes_real,0,628,REVISE,True,0.009650584019254893,1.0,1.0,5.970710277557373,-6.708089210245126
nhanes_real,0,629,DiCE,True,0.000854874961078167,1.0,1.0,1.4363141059875488,-6.846077982964937
nhanes_real,0,629,FACE,True,0.0909879999817349,1.0,1.0,1.234675407409668,-6.434209981422991
nhanes_real,0,629,GrowingSpheres,True,0.0003516250289976597,1.0,1.0,1.3189214282726507,-6.343056723510792
nhanes_real,0,629,REVISE,True,0.0010711249778978527,1.0,1.0,2.249725341796875,-6.1007290782535595
nhanes_real,0,630,DiCE,False,0.015251416014507413,,,,
nhanes_real,0,630,FACE,True,0.09079416701570153,1.0,1.0,3.7842113971710205,-7.536569735702212
nhanes_real,0,630,GrowingSpheres,True,0.0011038330267183483,1.0,1.0,7.746394402188747,-8.371735667622195
nhanes_real,0,630,REVISE,True,0.008271166996564716,1.0,1.0,5.911006450653076,-6.308669120396216
nhanes_real,0,631,DiCE,True,0.0014982079737819731,1.0,1.0,2.8650567531585693,-10.037869781066801
nhanes_real,0,631,FACE,True,0.09134612500201911,1.0,1.0,6.637113571166992,-9.384148643587325
nhanes_real,0,631,GrowingSpheres,True,0.0005039169918745756,1.0,1.0,1.4442559717435355,-11.049070740938582
nhanes_real,0,631,REVISE,True,0.0020210830261930823,1.0,1.0,6.675741672515869,-7.677741989123319
nhanes_real,0,633,DiCE,False,0.014514249982312322,,,,
nhanes_real,0,633,FACE,True,0.09055879100924358,1.0,1.0,6.396615982055664,-6.647317623932574
nhanes_real,0,633,GrowingSpheres,True,0.0007646659505553544,1.0,1.0,3.4322521366104235,-8.776495454887662
nhanes_real,0,633,REVISE,False,0.04408441699342802,,,,
nhanes_real,0,634,DiCE,True,0.0011392920278012753,1.0,1.0,2.635133981704712,-9.30067405244631
nhanes_real,0,634,FACE,True,0.09056962502654642,1.0,1.0,3.8317580223083496,-8.169159638915843
nhanes_real,0,634,GrowingSpheres,True,0.000502374954521656,1.0,1.0,2.4081330260405673,-9.05917725276816
nhanes_real,0,634,REVISE,True,0.0010372500400990248,1.0,1.0,5.263763427734375,-6.624964016856684
nhanes_real,0,635,DiCE,True,0.0017104999860748649,1.0,1.0,2.3260812759399414,-9.154364619463381
nhanes_real,0,635,FACE,True,0.09106245898874477,1.0,1.0,8.556700706481934,-7.792488717270915
nhanes_real,0,635,GrowingSpheres,True,0.0006895829574204981,1.0,1.0,1.8505566696437008,-10.503524737881179
nhanes_real,0,635,REVISE,True,0.0033014159998856485,1.0,1.0,6.003596782684326,-7.646522757694141
nhanes_real,0,637,DiCE,True,0.00088283303193748,1.0,1.0,2.112658977508545,-9.085478674827419
nhanes_real,0,637,FACE,True,0.09082924999529496,1.0,1.0,5.524150848388672,-7.003977794104555
nhanes_real,0,637,GrowingSpheres,True,0.00030804198468104005,1.0,1.0,1.131924639725984,-9.056853378848134
nhanes_real,0,637,REVISE,True,0.0005789580172859132,1.0,1.0,4.784117698669434,-6.547848983898211
nhanes_real,0,642,DiCE,False,0.01495562499621883,,,,
nhanes_real,0,642,FACE,True,0.09123954200185835,1.0,1.0,4.0284857749938965,-7.40850515377733
nhanes_real,0,642,GrowingSpheres,True,0.0007939169881865382,1.0,1.0,3.9130061128535365,-7.836792892706162
nhanes_real,0,642,REVISE,True,0.010189541964791715,1.0,1.0,6.5898237228393555,-6.3030997563592415
nhanes_real,0,643,DiCE,False,0.014460208010859787,,,,
nhanes_real,0,643,FACE,True,0.09086333302548155,1.0,1.0,6.458395004272461,-9.444310984433166
nhanes_real,0,643,GrowingSpheres,False,0.0012999999453313649,,,,
nhanes_real,0,643,REVISE,False,0.04453533299965784,,,,
nhanes_real,0,644,DiCE,True,0.002206957957241684,1.0,1.0,3.0366063117980957,-7.414277349141374
nhanes_real,0,644,FACE,True,0.09102883300511166,1.0,1.0,3.708327531814575,-7.003977794104555
nhanes_real,0,644,GrowingSpheres,True,0.0006707090069539845,1.0,1.0,3.1331135343136216,-8.601336778615876
nhanes_real,0,644,REVISE,True,0.005239041987806559,1.0,1.0,4.421804904937744,-6.1325660795778605
nhanes_real,0,647,DiCE,False,0.014765208994504064,,,,
nhanes_real,0,647,FACE,True,0.09161395899718627,1.0,1.0,4.110044956207275,-9.326682559232164
nhanes_real,0,647,GrowingSpheres,True,0.0007306250045076013,1.0,1.0,2.964611650172839,-9.503649112766384
nhanes_real,0,647,REVISE,True,0.005694749997928739,1.0,1.0,3.8451619148254395,-7.404913453749782
nhanes_real,0,655,DiCE,False,0.014825708989519626,,,,
nhanes_real,0,655,FACE,True,0.09115887503139675,1.0,1.0,7.225949287414551,-7.003977794104555
nhanes_real,0,655,GrowingSpheres,True,0.0007603749982081354,1.0,1.0,3.636329819244923,-8.601959728211318
nhanes_real,0,655,REVISE,True,0.0071860000025480986,1.0,1.0,7.363144874572754,-6.294987561036466
nhanes_real,0,660,DiCE,True,0.0017114169895648956,1.0,1.0,2.9764702320098877,-7.312180133504618
nhanes_real,0,660,FACE,True,0.09108129201922566,1.0,1.0,3.860726833343506,-6.501870510808292
nhanes_real,0,660,GrowingSpheres,True,0.0007168339798226953,1.0,1.0,4.562620838513531,-8.750561936081837
nhanes_real,0,660,REVISE,True,0.0033876249799504876,1.0,1.0,6.027976989746094,-6.037332034966806
nhanes_real,0,662,DiCE,True,0.0010290410136803985,1.0,1.0,2.1045093536376953,-7.193418510461572
nhanes_real,0,662,FACE,True,0.09118345903698355,1.0,1.0,1.7530306577682495,-6.434209981422991
nhanes_real,0,662,GrowingSpheres,True,0.000414125039242208,1.0,1.0,0.941180049927757,-6.756826142709139
nhanes_real,0,662,REVISE,True,0.0006019590073265135,1.0,1.0,1.8960115909576416,-6.239410841764292
nhanes_real,0,664,DiCE,True,0.0011761659989133477,1.0,1.0,3.3257389068603516,-11.12980798995314
nhanes_real,0,664,FACE,True,0.09165049996227026,1.0,1.0,3.617727756500244,-9.670391338393381
nhanes_real,0,664,GrowingSpheres,True,0.0005646669887937605,1.0,1.0,1.5117298448740166,-13.031890643321464
nhanes_real,0,664,REVISE,True,0.00267762498697266,1.0,1.0,17.96979522705078,-6.674791914317569
nhanes_real,0,665,DiCE,False,0.01510504202451557,,,,
nhanes_real,0,665,FACE,True,0.09055741596966982,1.0,1.0,6.0785064697265625,-6.500439829085553
nhanes_real,0,665,GrowingSpheres,True,0.0007801250321790576,1.0,1.0,3.82050059067767,-9.684832436063918
nhanes_real,0,665,REVISE,True,0.008292042009998113,1.0,1.0,6.494043350219727,-6.130663166811177
nhanes_real,0,668,DiCE,False,0.015127833001315594,,,,
nhanes_real,0,668,FACE,True,0.09197229100391269,1.0,1.0,3.41925048828125,-6.2682830082995675
nhanes_real,0,668,GrowingSpheres,True,0.0008148329798132181,1.0,1.0,4.499647824304577,-7.637376187406626
nhanes_real,0,668,REVISE,True,0.0057163750170730054,1.0,1.0,3.940053701400757,-6.192493316852305
nhanes_real,0,671,DiCE,True,0.0006983749917708337,1.0,1.0,1.8441705703735352,-7.443999809055348
nhanes_real,0,671,FACE,True,0.09076699998695403,1.0,1.0,3.6717593669891357,-6.489196731523043
nhanes_real,0,671,GrowingSpheres,True,0.0002622909960336983,1.0,1.0,0.3965463958652063,-7.607629796138758
nhanes_real,0,671,REVISE,True,0.0005682920455001295,1.0,1.0,3.2797181606292725,-6.170782087173563
nhanes_real,0,672,DiCE,True,0.0010195839568041265,1.0,1.0,2.884789228439331,-11.005601503312825
nhanes_real,0,672,FACE,True,0.0918767909752205,1.0,1.0,4.954680442810059,-9.444681609668768
nhanes_real,0,672,GrowingSpheres,True,0.0004587080329656601,1.0,1.0,1.3556394248114296,-12.328849927034774
nhanes_real,0,672,REVISE,True,0.0006145830266177654,1.0,1.0,11.527271270751953,-7.579014088548977
nhanes_real,0,679,DiCE,True,0.0010137079516425729,1.0,1.0,2.196403741836548,-7.005960815301505
nhanes_real,0,679,FACE,True,0.09105950000230223,1.0,1.0,1.8679533004760742,-6.3942116179369926
nhanes_real,0,679,GrowingSpheres,True,0.00030333298491314054,1.0,1.0,1.0573578010332363,-6.87871176706502
nhanes_real,0,679,REVISE,True,0.005054957990068942,1.0,1.0,3.1622202396392822,-6.273562317139059
nhanes_real,0,684,DiCE,False,0.01471100002527237,,,,
nhanes_real,0,684,FACE,True,0.09297325002262369,1.0,1.0,4.4931464195251465,-7.63211530552686
nhanes_real,0,684,GrowingSpheres,True,0.0006667919806204736,1.0,1.0,0.9436087969424758,-9.110364629427002
nhanes_real,0,684,REVISE,True,0.007130625017452985,1.0,1.0,7.185513496398926,-7.031420232313771
nhanes_real,0,687,DiCE,True,0.0018212079885415733,1.0,1.0,2.6024835109710693,-12.523193421241029
nhanes_real,0,687,FACE,True,0.0909667499945499,1.0,1.0,6.219875335693359,-8.158486354612593
nhanes_real,0,687,GrowingSpheres,True,0.0007008749525994062,1.0,1.0,6.05406618531825,-15.28666532148316
nhanes_real,0,687,REVISE,True,0.004638666985556483,1.0,1.0,7.509001731872559,-6.301965958862219
nhanes_real,0,690,DiCE,False,0.01452704198891297,,,,
nhanes_real,0,690,FACE,True,0.09107733401469886,1.0,1.0,2.801008939743042,-6.068699445309529
nhanes_real,0,690,GrowingSpheres,True,0.000643208040855825,1.0,1.0,4.111881948801938,-7.735468563679176
nhanes_real,0,690,REVISE,True,0.004186667036265135,1.0,1.0,2.715831756591797,-6.168301979998161
nhanes_real,0,694,DiCE,True,0.0013325409963726997,1.0,1.0,2.4685466289520264,-7.962073692034402
nhanes_real,0,694,FACE,True,0.09116975002689287,1.0,1.0,2.57765531539917,-6.797300329212382
nhanes_real,0,694,GrowingSpheres,True,0.000456084031611681,1.0,1.0,1.6304081632362615,-8.431594342385889
nhanes_real,0,694,REVISE,True,0.0067830419866368175,1.0,1.0,4.186806678771973,-6.1265053519489205
nhanes_real,0,695,DiCE,True,0.0011212090030312538,1.0,1.0,2.2907466888427734,-7.195753438314617
nhanes_real,0,695,FACE,True,0.09052029199665412,1.0,1.0,2.5101284980773926,-7.018494078287407
nhanes_real,0,695,GrowingSpheres,True,0.0003089579986408353,1.0,1.0,1.006137581153174,-6.697737017751011
nhanes_real,0,695,REVISE,True,0.0005960420239716768,1.0,1.0,2.483375072479248,-6.217981751766457
nhanes_real,0,698,DiCE,True,0.0017766659730114043,1.0,1.0,2.296659469604492,-10.645401001530423
nhanes_real,0,698,FACE,True,0.09034545900067315,1.0,1.0,5.732621669769287,-7.668601921839489
nhanes_real,0,698,GrowingSpheres,True,0.0005927919992245734,1.0,1.0,2.4394214589924426,-11.157694106847039
nhanes_real,0,698,REVISE,True,0.006042041000910103,1.0,1.0,6.335334300994873,-7.150408592537085
nhanes_real,0,699,DiCE,True,0.0011850420269183815,1.0,1.0,2.2816460132598877,-11.194225109214608
nhanes_real,0,699,FACE,True,0.09056754200719297,1.0,1.0,5.263573169708252,-7.7408691898207085
nhanes_real,0,699,GrowingSpheres,True,0.00038291700184345245,1.0,1.0,1.6599692775776573,-10.120368774483008
nhanes_real,0,699,REVISE,True,0.0015274169854819775,1.0,1.0,3.751931667327881,-7.091639476852232
nhanes_real,0,700,DiCE,True,0.0011618330026976764,1.0,1.0,2.5056076049804688,-7.156296923681447
nhanes_real,0,700,FACE,True,0.089883207983803,1.0,1.0,2.5373806953430176,-7.919955750106236
nhanes_real,0,700,GrowingSpheres,True,0.0004315829719416797,1.0,1.0,2.5621007102280426,-7.4875817768604644
nhanes_real,0,700,REVISE,True,0.0006152499699965119,1.0,1.0,3.0042731761932373,-6.218234226918961
nhanes_real,0,703,DiCE,False,0.014461874961853027,,,,
nhanes_real,0,703,FACE,True,0.09034287504618987,1.0,1.0,5.753142356872559,-6.95598228481181
nhanes_real,0,703,GrowingSpheres,True,0.0008011669851839542,1.0,1.0,5.097760609870843,-12.051094306218097
nhanes_real,0,703,REVISE,True,0.012248541985172778,1.0,1.0,6.478547096252441,-6.380112855248897
nhanes_real,0,705,DiCE,True,0.0016199169913306832,1.0,1.0,2.504326343536377,-9.430847946254602
nhanes_real,0,705,FACE,True,0.09610075003001839,1.0,1.0,4.536166667938232,-6.7379937746921605
nhanes_real,0,705,GrowingSpheres,True,0.0008577909902669489,1.0,1.0,3.1451859884875812,-10.255256784786457
nhanes_real,0,705,REVISE,True,0.011115333007182926,1.0,1.0,7.260798931121826,-6.268504800276517
nhanes_real,0,707,DiCE,False,0.015136166999582201,,,,
nhanes_real,0,707,FACE,True,0.09226570802275091,1.0,1.0,4.033740043640137,-6.286906394643728
nhanes_real,0,707,GrowingSpheres,True,0.0008181669982150197,1.0,1.0,3.391230867443211,-8.969483775746161
nhanes_real,0,707,REVISE,True,0.007442833972163498,1.0,1.0,4.611532211303711,-6.410819654927104
nhanes_real,0,708,DiCE,False,0.014901791990268975,,,,
nhanes_real,0,708,FACE,True,0.09151270799338818,1.0,1.0,8.755184173583984,-9.444681609668768
nhanes_real,0,708,GrowingSpheres,True,0.0011199170257896185,1.0,1.0,4.162541342506362,-13.617240159760268
nhanes_real,0,708,REVISE,True,0.007322332996409386,1.0,1.0,15.063924789428711,-7.4498843739646325
nhanes_real,0,710,DiCE,True,0.0005860419478267431,1.0,1.0,0.9241493344306946,-7.212640010079439
nhanes_real,0,710,FACE,True,0.09175591601524502,1.0,1.0,2.4837841987609863,-6.434209981422991
nhanes_real,0,710,GrowingSpheres,True,0.00018587498925626278,1.0,1.0,0.48188582900196497,-6.975327396239507
nhanes_real,0,710,REVISE,True,0.0006414579693228006,1.0,1.0,2.7376537322998047,-6.135436499047431
nhanes_real,0,711,DiCE,True,0.001681291963905096,1.0,1.0,2.936432361602783,-8.6310679172456
nhanes_real,0,711,FACE,True,0.09125729196239263,1.0,1.0,3.7361440658569336,-6.9293245941398185
nhanes_real,0,711,GrowingSpheres,True,0.000536041974555701,1.0,1.0,2.5354392144964644,-7.750451029389837
nhanes_real,0,711,REVISE,True,0.003624917007982731,1.0,1.0,7.061349391937256,-6.3161458649991475
nhanes_real,0,712,DiCE,False,0.015078041993547231,,,,
nhanes_real,0,712,FACE,True,0.0913819579873234,1.0,1.0,7.4321136474609375,-7.150456090396608
nhanes_real,0,712,GrowingSpheres,True,0.0010573750478215516,1.0,1.0,7.233780601985099,-16.274750700648596
nhanes_real,0,712,REVISE,False,0.04205416701734066,,,,
nhanes_real,0,713,DiCE,True,0.0022351249936036766,1.0,1.0,3.89102840423584,-11.896144427782337
nhanes_real,0,713,FACE,True,0.09056970803067088,1.0,1.0,5.086172103881836,-9.756593716911489
nhanes_real,0,713,GrowingSpheres,True,0.0006955420249141753,1.0,1.0,4.2275733447747434,-14.019202218659903
nhanes_real,0,713,REVISE,True,0.006110999966040254,1.0,1.0,18.42239761352539,-8.449700587392613
nhanes_real,0,716,DiCE,True,0.0011909590102732182,1.0,1.0,2.5545084476470947,-11.55240463930863
nhanes_real,0,716,FACE,True,0.09161687502637506,1.0,1.0,3.587728500366211,-8.28279827056305
nhanes_real,0,716,GrowingSpheres,True,0.0005777079495601356,1.0,1.0,2.9123797478674756,-10.926488101657423
nhanes_real,0,716,REVISE,True,0.004303499998059124,1.0,1.0,7.952897071838379,-6.82742121578232
nhanes_real,0,718,DiCE,False,0.015356125019025058,,,,
nhanes_real,0,718,FACE,True,0.0917076250188984,1.0,1.0,4.512859344482422,-9.531763665719032
nhanes_real,0,718,GrowingSpheres,True,0.0008167500491254032,1.0,1.0,3.7562285706793324,-10.863687845672064
nhanes_real,0,718,REVISE,True,0.004875916987657547,1.0,1.0,6.138551235198975,-7.032391394394206
nhanes_real,0,719,DiCE,True,0.0008609580108895898,1.0,1.0,1.8467116355895996,-9.207712885947746
nhanes_real,0,719,FACE,True,0.09169679199112579,1.0,1.0,2.783132791519165,-7.885324064669428
nhanes_real,0,719,GrowingSpheres,True,0.0002972499933093786,1.0,1.0,1.0689495295441422,-8.801393070314452
nhanes_real,0,719,REVISE,True,0.003570958971977234,1.0,1.0,5.842004776000977,-7.2508215634810345
nhanes_real,0,720,DiCE,False,0.014815000002272427,,,,
nhanes_real,0,720,FACE,True,0.09080762497615069,1.0,1.0,5.523092746734619,-8.324885023651838
nhanes_real,0,720,GrowingSpheres,True,0.0008913339697755873,1.0,1.0,5.641600667556173,-13.590660349032701
nhanes_real,0,720,REVISE,False,0.041616707982029766,,,,
nhanes_real,0,721,DiCE,True,0.0017257920117117465,1.0,1.0,3.5797805786132812,-11.437947226914538
nhanes_real,0,721,FACE,True,0.09302012500120327,1.0,1.0,3.7537102699279785,-8.833287697349736
nhanes_real,0,721,GrowingSpheres,True,0.0006890830118209124,1.0,1.0,4.077409454735725,-12.287865448075827
nhanes_real,0,721,REVISE,True,0.005625082994811237,1.0,1.0,9.989309310913086,-7.27309053045912
nhanes_real,0,722,DiCE,False,0.014590625010896474,,,,
nhanes_real,0,722,FACE,True,0.09172312502050772,1.0,1.0,6.348014831542969,-8.241614508913369
nhanes_real,0,722,GrowingSpheres,False,0.0013553749886341393,,,,
nhanes_real,0,722,REVISE,False,0.0428174160188064,,,,
nhanes_real,0,723,DiCE,True,0.0018719169893302023,1.0,1.0,3.017982244491577,-8.615360023448442
nhanes_real,0,723,FACE,True,0.09155954199377447,1.0,1.0,5.9657182693481445,-6.920207078895168
nhanes_real,0,723,GrowingSpheres,True,0.0005879169912077487,1.0,1.0,3.2466912036000366,-10.219668819531835
nhanes_real,0,723,REVISE,True,0.0028195829945616424,1.0,1.0,4.14257287979126,-6.728353412062257
nhanes_real,0,724,DiCE,True,0.000854959012940526,1.0,1.0,1.7510263919830322,-7.291089525628385
nhanes_real,0,724,FACE,True,0.09061583399306983,0.0,1.0,4.678781509399414,-6.7379937746921605
nhanes_real,0,724,GrowingSpheres,True,0.00030437501845881343,1.0,1.0,1.2292242241861622,-7.494781215375939
nhanes_real,0,724,REVISE,True,0.0035876670153811574,1.0,1.0,4.450253486633301,-6.119547298056333
nhanes_real,0,725,DiCE,False,0.014650917029939592,,,,
nhanes_real,0,725,FACE,True,0.09144083299906924,1.0,1.0,7.684665203094482,-7.038242473848824
nhanes_real,0,725,GrowingSpheres,True,0.0011745409574359655,1.0,1.0,7.771172690318263,-12.53196299658057
nhanes_real,0,725,REVISE,False,0.041649124992545694,,,,
nhanes_real,0,726,DiCE,False,0.01493283302988857,,,,
nhanes_real,0,726,FACE,True,0.09139133297139779,1.0,1.0,4.546735763549805,-7.171501367702392
nhanes_real,0,726,GrowingSpheres,True,0.0007520000217482448,1.0,1.0,2.386568000563228,-7.6039114975817235
nhanes_real,0,726,REVISE,True,0.005308541003614664,1.0,1.0,3.596679925918579,-6.821921695078755
nhanes_real,0,728,DiCE,True,0.0028897079755552113,1.0,1.0,4.102300643920898,-9.796308900832846
nhanes_real,0,728,FACE,True,0.09129254199797288,1.0,1.0,3.936084747314453,-8.874299053833004
nhanes_real,0,728,GrowingSpheres,True,0.0006701250094920397,1.0,1.0,3.7311571633905336,-9.62719128451294
nhanes_real,0,728,REVISE,True,0.001502583036199212,1.0,1.0,8.343677520751953,-6.089001408490523
nhanes_real,0,729,DiCE,False,0.014796083036344498,,,,
nhanes_real,0,729,FACE,True,0.0912068749894388,1.0,1.0,2.4699857234954834,-6.388976786046192
nhanes_real,0,729,GrowingSpheres,True,0.0006176670431159437,1.0,1.0,2.542355243877071,-8.415523065027717
nhanes_real,0,729,REVISE,False,0.04270162503235042,,,,
nhanes_real,0,730,DiCE,True,0.0015870840288698673,1.0,1.0,2.926682949066162,-8.28160819604553
nhanes_real,0,730,FACE,True,0.09117220900952816,1.0,1.0,3.8468759059906006,-7.506468712414293
nhanes_real,0,730,GrowingSpheres,True,0.00042787502752617,1.0,1.0,1.2190403741075788,-8.927322303368449
nhanes_real,0,730,REVISE,True,0.006640957959461957,1.0,1.0,4.203615665435791,-6.937618032740984
nhanes_real,0,734,DiCE,True,0.0017411250155419111,1.0,1.0,2.514669418334961,-7.9825678005280025
nhanes_real,0,734,FACE,True,0.09117466700263321,1.0,1.0,2.735808849334717,-6.388976786046192
nhanes_real,0,734,GrowingSpheres,True,0.0005943329888395965,1.0,1.0,2.8229246958678607,-7.69132804113806
nhanes_real,0,734,REVISE,True,0.00881608302006498,1.0,1.0,5.066388130187988,-6.422073454443934
nhanes_real,0,735,DiCE,True,0.001064457988832146,1.0,1.0,2.1814470291137695,-8.66363241755724
nhanes_real,0,735,FACE,True,0.09058545803418383,1.0,1.0,4.755739688873291,-8.14625305467057
nhanes_real,0,735,GrowingSpheres,True,0.0003343750140629709,1.0,1.0,1.5139162706522518,-9.176053608156844
nhanes_real,0,735,REVISE,True,0.0023022080422379076,1.0,1.0,6.061061382293701,-7.0323971476005
nhanes_real,0,739,DiCE,False,0.014738540980033576,,,,
nhanes_real,0,739,FACE,True,0.0915784589597024,1.0,1.0,4.818361282348633,-6.7379937746921605
nhanes_real,0,739,GrowingSpheres,True,0.0007107080309651792,1.0,1.0,2.8816220926429885,-11.05103831215802
nhanes_real,0,739,REVISE,True,0.011412957974243909,1.0,1.0,5.268182754516602,-6.267986592734257
nhanes_real,0,742,DiCE,False,0.014955165970604867,,,,
nhanes_real,0,742,FACE,True,0.09078095899894834,1.0,1.0,4.99997091293335,-6.577459777512697
nhanes_real,0,742,GrowingSpheres,True,0.000789457990322262,1.0,1.0,5.307566747708388,-7.529393771304157
nhanes_real,0,742,REVISE,True,0.004083583946339786,1.0,1.0,4.0305585861206055,-6.152624813622539
nhanes_real,0,744,DiCE,False,0.014899374975357205,,,,
nhanes_real,0,744,FACE,True,0.09087508299853653,1.0,1.0,5.240070343017578,-6.068699445309529
nhanes_real,0,744,GrowingSpheres,True,0.0008136249962262809,1.0,1.0,5.232037017036728,-6.375987621997361
nhanes_real,0,744,REVISE,True,0.006414917006623,1.0,1.0,6.03280782699585,-6.116166641928056
nhanes_real,0,746,DiCE,True,0.0015652499860152602,1.0,1.0,2.7961230278015137,-9.395400638488052
nhanes_real,0,746,FACE,True,0.09132124995812774,1.0,1.0,4.274651050567627,-8.285580773454855
nhanes_real,0,746,GrowingSpheres,True,0.00046687497524544597,1.0,1.0,2.121015633210082,-8.84039158663049
nhanes_real,0,746,REVISE,True,0.007357958005741239,1.0,1.0,9.40080738067627,-7.382950296534674
nhanes_real,0,747,DiCE,False,0.015094125003088266,,,,
nhanes_real,0,747,FACE,True,0.09088687499752268,1.0,1.0,6.483895301818848,-9.60580903775204
nhanes_real,0,747,GrowingSpheres,True,0.001023207965772599,1.0,1.0,4.5696395799027405,-11.243896240048544
nhanes_real,0,747,REVISE,True,0.009081083000637591,1.0,1.0,12.019161224365234,-7.073199104181315
nhanes_real,0,750,DiCE,True,0.0014449579757638276,1.0,1.0,1.724915862083435,-9.264582709533546
nhanes_real,0,750,FACE,True,0.09115083399228752,1.0,1.0,4.9214348793029785,-6.7379937746921605
nhanes_real,0,750,GrowingSpheres,True,0.00047233299119398,1.0,1.0,2.521685194304654,-10.077687891506109
nhanes_real,0,750,REVISE,True,0.00700049998704344,1.0,1.0,6.80330753326416,-6.146034797668797
nhanes_real,0,751,DiCE,False,0.01440908299991861,,,,
nhanes_real,0,751,FACE,True,0.09135162498569116,1.0,1.0,4.93411111831665,-7.7127082793299415
nhanes_real,0,751,GrowingSpheres,True,0.00112354097655043,1.0,1.0,3.8919714200852717,-12.168489103952293
nhanes_real,0,751,REVISE,True,0.007007290958426893,1.0,1.0,8.232230186462402,-7.186494570456757
nhanes_real,0,752,DiCE,True,0.00087629200424999,1.0,1.0,1.9668080806732178,-8.503595893871992
nhanes_real,0,752,FACE,True,0.09213637496577576,1.0,1.0,2.333928108215332,-7.62650118176978
nhanes_real,0,752,GrowingSpheres,True,0.00026537501253187656,1.0,1.0,1.113833512139838,-8.100840538155428
nhanes_real,0,752,REVISE,True,0.005748083000071347,1.0,1.0,3.4858474731445312,-6.695983947142645
nhanes_real,0,753,DiCE,True,0.0014938749955035746,1.0,1.0,2.579270124435425,-7.20504024231848
nhanes_real,0,753,FACE,True,0.0912351249717176,1.0,1.0,3.1130826473236084,-6.3942116179369926
nhanes_real,0,753,GrowingSpheres,True,0.0005529169575311244,1.0,1.0,1.646535077196815,-8.082785017806328
nhanes_real,0,753,REVISE,True,0.0069875839981250465,1.0,1.0,4.153670310974121,-6.351524539406209
nhanes_real,0,755,DiCE,True,0.0009253330063074827,1.0,1.0,1.917186975479126,-7.00240318421351
nhanes_real,0,755,FACE,True,0.09088762500323355,1.0,1.0,3.5979671478271484,-7.226458159122171
nhanes_real,0,755,GrowingSpheres,True,0.00039120804285630584,1.0,1.0,1.6479307365830038,-7.253859710124441
nhanes_real,0,755,REVISE,True,0.0006162499776110053,1.0,1.0,3.84824275970459,-6.195598202336741
nhanes_real,0,759,DiCE,False,0.01449674996547401,,,,
nhanes_real,0,759,FACE,True,0.09067100001266226,1.0,1.0,5.951318740844727,-9.684251323817723
nhanes_real,0,759,GrowingSpheres,True,0.0009763750131241977,1.0,1.0,4.710942108784032,-14.001701512840036
nhanes_real,0,759,REVISE,True,0.005925500008743256,1.0,1.0,21.258277893066406,-6.535690503445972
nhanes_real,0,760,DiCE,False,0.014816084003541619,,,,
nhanes_real,0,760,FACE,True,0.09122841601492837,1.0,1.0,6.8201398849487305,-7.003977794104555
nhanes_real,0,760,GrowingSpheres,True,0.0013073330046609044,1.0,1.0,7.107693445314855,-10.253830753877915
nhanes_real,0,760,REVISE,False,0.04391062498325482,,,,
nhanes_real,0,764,DiCE,False,0.015817458974197507,,,,
nhanes_real,0,764,FACE,True,0.09153866698034108,1.0,1.0,9.067703247070312,-8.522566747480282
nhanes_real,0,764,GrowingSpheres,False,0.0012684999965131283,,,,
nhanes_real,0,764,REVISE,False,0.04417129198554903,,,,
nhanes_real,0,765,DiCE,False,0.014444542001001537,,,,
nhanes_real,0,765,FACE,True,0.09091337502468377,1.0,1.0,6.5102643966674805,-6.367381527431084
nhanes_real,0,765,GrowingSpheres,False,0.0012560839531943202,,,,
nhanes_real,0,765,REVISE,False,0.04409795900573954,,,,
nhanes_real,0,767,DiCE,True,0.0012209579581394792,1.0,1.0,2.0581090450286865,-7.497527789688965
nhanes_real,0,767,FACE,True,0.09103129099821672,1.0,1.0,1.5629854202270508,-6.500439829085553
nhanes_real,0,767,GrowingSpheres,True,0.00043454195838421583,1.0,1.0,1.9810009367057406,-6.679684592686344
nhanes_real,0,767,REVISE,True,0.001995583006646484,1.0,1.0,4.212314128875732,-6.04058491743379
nhanes_real,0,769,DiCE,True,0.0014747090172022581,1.0,1.0,2.621699810028076,-7.712843469170507
nhanes_real,0,769,FACE,True,0.09085925004910678,1.0,1.0,3.231818437576294,-7.1522287292234665
nhanes_real,0,769,GrowingSpheres,True,0.0004387910012155771,1.0,1.0,0.8192874043738954,-8.469311659317146
nhanes_real,0,769,REVISE,True,0.006578541011549532,1.0,1.0,4.861082077026367,-6.86774804407057
nhanes_real,0,773,DiCE,True,0.0010478339972905815,1.0,1.0,2.5625808238983154,-13.769379512927859
nhanes_real,0,773,FACE,True,0.09135825000703335,1.0,1.0,10.048091888427734,-9.326682559232164
nhanes_real,0,773,GrowingSpheres,True,0.00038516701897606254,1.0,1.0,2.611820502098386,-18.04133463451894
nhanes_real,0,773,REVISE,True,0.005626541969832033,1.0,1.0,10.826278686523438,-9.453466146055183
nhanes_real,0,774,DiCE,True,0.0016220830148085952,1.0,1.0,2.6058692932128906,-6.275704019615104
nhanes_real,0,774,FACE,True,0.09034395799972117,1.0,1.0,3.18849778175354,-6.2682830082995675
nhanes_real,0,774,GrowingSpheres,True,0.0004236249951645732,1.0,1.0,1.9719045520833691,-6.170246259589781
nhanes_real,0,774,REVISE,True,0.001447416958399117,1.0,1.0,1.6436431407928467,-6.07219295243717
nhanes_real,0,775,DiCE,True,0.0020796669996343553,1.0,1.0,2.373624324798584,-6.556179268131308
nhanes_real,0,775,FACE,True,0.09114679100457579,1.0,1.0,3.616091012954712,-7.201261196340427
nhanes_real,0,775,GrowingSpheres,True,0.0005796670448035002,1.0,1.0,2.843056519469907,-7.199170904135652
nhanes_real,0,775,REVISE,True,0.00236083404161036,1.0,1.0,4.509014129638672,-6.344310315618692
nhanes_real,0,777,DiCE,True,0.002081124985124916,1.0,1.0,3.0538716316223145,-7.042375084488812
nhanes_real,0,777,FACE,True,0.0914674160303548,1.0,1.0,3.285026788711548,-6.563762295905182
nhanes_real,0,777,GrowingSpheres,True,0.0007113340543583035,1.0,1.0,4.01484438909222,-7.808815327630415
nhanes_real,0,777,REVISE,True,0.003826584026683122,1.0,1.0,3.7796311378479004,-6.188125371084132
nhanes_real,0,782,DiCE,True,0.0013630000175908208,1.0,1.0,3.3258063793182373,-11.449159359415285
nhanes_real,0,782,FACE,True,0.09118483302881941,1.0,1.0,9.698701858520508,-7.9422847375928445
nhanes_real,0,782,GrowingSpheres,True,0.00038708397187292576,1.0,1.0,1.012521993083201,-12.351826395613763
nhanes_real,0,782,REVISE,True,0.0005920000257901847,1.0,1.0,10.444108963012695,-6.912184504157267
nhanes_real,0,783,DiCE,True,0.0013037919998168945,1.0,1.0,2.0941689014434814,-7.327948131724124
nhanes_real,0,783,FACE,True,0.0907112910063006,1.0,1.0,1.7363817691802979,-6.797300329212382
nhanes_real,0,783,GrowingSpheres,True,0.0004343749606050551,1.0,1.0,2.5973545821221093,-7.187286087226967
nhanes_real,0,783,REVISE,True,0.006069457973353565,1.0,1.0,3.3511834144592285,-6.125006544314289
nhanes_real,0,786,DiCE,True,0.0007307499763555825,1.0,1.0,1.663640022277832,-6.899716174727189
nhanes_real,0,786,FACE,True,0.09088154201162979,1.0,1.0,4.516054630279541,-6.068699445309529
nhanes_real,0,786,GrowingSpheres,True,0.00027420796686783433,1.0,1.0,1.1615534937523604,-7.1976704660865
nhanes_real,0,786,REVISE,True,0.000635292031802237,1.0,1.0,4.025032043457031,-6.047595022270372
nhanes_real,0,788,DiCE,True,0.0010151669848710299,1.0,1.0,2.7713913917541504,-10.076311987780793
nhanes_real,0,788,FACE,True,0.0906118749990128,1.0,1.0,4.372859954833984,-7.9422847375928445
nhanes_real,0,788,GrowingSpheres,True,0.0003717920044437051,1.0,1.0,1.919790717371141,-10.085825198048825
nhanes_real,0,788,REVISE,True,0.0010911250137723982,1.0,1.0,5.523813724517822,-7.092907496907011
nhanes_real,0,790,DiCE,False,0.014553500048350543,,,,
nhanes_real,0,790,FACE,True,0.09122529195155948,1.0,1.0,11.844646453857422,-9.431000754778093
nhanes_real,0,790,GrowingSpheres,True,0.000962834048550576,1.0,1.0,4.846288053908859,-14.04660339530337
nhanes_real,0,790,REVISE,True,0.00885329203447327,1.0,1.0,10.965628623962402,-8.4118855888674
nhanes_real,0,792,DiCE,False,0.014789584034588188,,,,
nhanes_real,0,792,FACE,True,0.09151125000789762,1.0,1.0,3.423624277114868,-7.40850515377733
nhanes_real,0,792,GrowingSpheres,True,0.0008834169711917639,1.0,1.0,2.693042297927887,-9.095375995690981
nhanes_real,0,792,REVISE,False,0.04317433398682624,,,,
nhanes_real,0,794,DiCE,True,0.0007353340042755008,1.0,1.0,1.7013603448867798,-8.201447432689243
nhanes_real,0,794,FACE,True,0.09087779198307544,1.0,1.0,4.305129051208496,-7.356034323979488
nhanes_real,0,794,GrowingSpheres,True,0.00021116697462275624,1.0,1.0,0.7700710671892297,-7.612379871523895
nhanes_real,0,794,REVISE,True,0.0005723340436816216,1.0,1.0,5.603721618652344,-6.083752092310936
nhanes_real,0,796,DiCE,True,0.00205183302750811,1.0,1.0,3.3953356742858887,-7.8617406830581045
nhanes_real,0,796,FACE,True,0.09157162497285753,1.0,1.0,6.372057914733887,-6.977646580687802
nhanes_real,0,796,GrowingSpheres,True,0.0007871669949963689,1.0,1.0,6.353311695490726,-8.005825337960946
nhanes_real,0,796,REVISE,True,0.0014366250252351165,1.0,1.0,6.878808975219727,-6.1857931517651705
nhanes_real,0,797,DiCE,True,0.0005467089940793812,1.0,1.0,1.373290777206421,-7.123786083750135
nhanes_real,0,797,FACE,True,0.09065979201113805,1.0,1.0,2.5894665718078613,-6.58234446233564
nhanes_real,0,797,GrowingSpheres,True,0.00021116697462275624,1.0,1.0,1.1837841322879534,-6.841623817863047
nhanes_real,0,797,REVISE,True,0.004217541019897908,1.0,1.0,2.9913692474365234,-6.211687015446726
nhanes_real,0,801,DiCE,True,0.0007562499959021807,1.0,1.0,1.2633311748504639,-7.302044157220841
nhanes_real,0,801,FACE,True,0.09102820797124878,0.0,1.0,3.2577567100524902,-6.3942116179369926
nhanes_real,0,801,GrowingSpheres,True,0.00028345902683213353,1.0,1.0,1.400033172480157,-7.4291632804480905
nhanes_real,0,801,REVISE,True,0.0029750000103376806,1.0,1.0,3.7642717361450195,-6.096084037219507
nhanes_real,0,803,DiCE,False,0.015203583054244518,,,,
nhanes_real,0,803,FACE,True,0.09120904095470905,1.0,1.0,11.306464195251465,-6.881743426960902
nhanes_real,0,803,GrowingSpheres,True,0.0012427500332705677,1.0,1.0,7.470473232833415,-11.779338436062623
nhanes_real,0,803,REVISE,True,0.008147416985593736,1.0,1.0,9.700572967529297,-8.113189020474564
nhanes_real,0,805,DiCE,True,0.0008546250173822045,1.0,1.0,2.408417224884033,-6.81654071592157
nhanes_real,0,805,FACE,True,0.0908535830094479,1.0,1.0,1.9281742572784424,-6.280497464623729
nhanes_real,0,805,GrowingSpheres,True,0.00024924997705966234,1.0,1.0,0.5592389079863092,-6.4845264984860185
nhanes_real,0,805,REVISE,True,0.0005941250128671527,1.0,1.0,2.619462013244629,-6.046125729904688
nhanes_real,0,808,DiCE,True,0.0015312919858843088,1.0,1.0,2.5797088146209717,-7.5389063482834215
nhanes_real,0,808,FACE,True,0.0912125829490833,1.0,1.0,3.6756904125213623,-8.233240907368089
nhanes_real,0,808,GrowingSpheres,True,0.000491499959025532,1.0,1.0,3.0632236817088936,-8.066163829560349
nhanes_real,0,808,REVISE,True,0.002008959010709077,1.0,1.0,2.680394411087036,-6.924958230859724
nhanes_real,0,809,DiCE,True,0.0013230830081738532,1.0,1.0,2.3130664825439453,-7.539890097251068
nhanes_real,0,809,FACE,True,0.09120262501528487,1.0,1.0,4.242117881774902,-8.127168574536281
nhanes_real,0,809,GrowingSpheres,True,0.0003976250300183892,1.0,1.0,0.6575888072398592,-6.899738591082011
nhanes_real,0,809,REVISE,True,0.0014798339689150453,1.0,1.0,3.2947890758514404,-6.246295129254989
nhanes_real,0,811,DiCE,True,0.00210862496169284,1.0,1.0,2.81009578704834,-9.58321045410167
nhanes_real,0,811,FACE,True,0.09122399997431785,1.0,1.0,3.4013869762420654,-6.9403859325978505
nhanes_real,0,811,GrowingSpheres,True,0.0006034590187482536,1.0,1.0,2.6767512181625057,-9.906815774787095
nhanes_real,0,811,REVISE,True,0.01000250002834946,1.0,1.0,6.260871887207031,-6.499207716750882
nhanes_real,0,813,DiCE,True,0.002562958048656583,1.0,1.0,4.010197639465332,-9.534222526913277
nhanes_real,0,813,FACE,True,0.0908689170028083,1.0,1.0,4.3619279861450195,-8.874299053833004
nhanes_real,0,813,GrowingSpheres,True,0.0007149580051191151,1.0,1.0,1.5478820150990784,-10.594844305585736
nhanes_real,0,813,REVISE,True,0.002309375035110861,1.0,1.0,9.202739715576172,-6.462353696691429
nhanes_real,0,814,DiCE,True,0.0008889580494724214,1.0,1.0,1.7702443599700928,-6.6814400238476175
nhanes_real,0,814,FACE,True,0.09074033400975168,1.0,1.0,1.983115792274475,-6.785730065913892
nhanes_real,0,814,GrowingSpheres,True,0.0003007080522365868,1.0,1.0,1.1707142534083876,-6.958760077457585
nhanes_real,0,814,REVISE,True,0.00413799996022135,1.0,1.0,3.4690394401550293,-6.114248500228104
nhanes_real,0,815,DiCE,False,0.014338875014800578,,,,
nhanes_real,0,815,FACE,True,0.09091979201184586,1.0,1.0,7.349391460418701,-6.956020982105744
nhanes_real,0,815,GrowingSpheres,True,0.0009693329920992255,1.0,1.0,5.263406594927424,-23.713398996739173
nhanes_real,0,815,REVISE,False,0.043288250046316534,,,,
nhanes_real,0,816,DiCE,True,0.0008257909794338048,1.0,1.0,1.9666277170181274,-7.586224623722217
nhanes_real,0,816,FACE,True,0.09080366598209366,1.0,1.0,1.9203402996063232,-7.3626486878959305
nhanes_real,0,816,GrowingSpheres,True,0.00030883302679285407,1.0,1.0,1.2718496034464692,-8.236553095139769
nhanes_real,0,816,REVISE,True,0.0005999169661663473,1.0,1.0,5.325521469116211,-6.0528861678401995
nhanes_real,0,817,DiCE,True,0.001114457962103188,1.0,1.0,2.221076011657715,-7.170250317045546
nhanes_real,0,817,FACE,True,0.09195766603806987,1.0,1.0,2.994262218475342,-7.128633564349562
nhanes_real,0,817,GrowingSpheres,True,0.0004888330004177988,1.0,1.0,2.3630028109167966,-7.2323838845761355
nhanes_real,0,817,REVISE,True,0.0047271669609472156,1.0,1.0,6.169186115264893,-6.349032375208434
nhanes_real,0,820,DiCE,False,0.01491787499981001,,,,
nhanes_real,0,820,FACE,True,0.09037291601998731,1.0,1.0,5.116908073425293,-8.8186572666702
nhanes_real,0,820,GrowingSpheres,True,0.0008336669998243451,1.0,1.0,5.593136491726006,-8.81874262238993
nhanes_real,0,820,REVISE,True,0.009562416991684586,1.0,1.0,5.000607967376709,-6.5057308551329776
nhanes_real,0,821,DiCE,True,0.0019280420383438468,1.0,1.0,2.7094907760620117,-7.044435797190587
nhanes_real,0,821,FACE,True,0.0908410000265576,1.0,1.0,1.6059904098510742,-7.226458159122171
nhanes_real,0,821,GrowingSpheres,True,0.000697124982252717,1.0,1.0,3.130959765308716,-7.9084352994599225
nhanes_real,0,821,REVISE,True,0.003001208999194205,1.0,1.0,3.391155481338501,-6.124113376887993
nhanes_real,0,822,DiCE,True,0.0013623750419355929,1.0,1.0,2.162480592727661,-8.82136505975072
nhanes_real,0,822,FACE,True,0.08987758297007531,1.0,1.0,4.5760369300842285,-6.7379937746921605
nhanes_real,0,822,GrowingSpheres,True,0.000609917042311281,1.0,1.0,2.713842353863642,-8.861349958080337
nhanes_real,0,822,REVISE,True,0.0070031670038588345,1.0,1.0,7.461323261260986,-6.317156915485193
nhanes_real,0,823,DiCE,True,0.001585459045600146,1.0,1.0,3.558310031890869,-13.882883643393848
nhanes_real,0,823,FACE,True,0.0919752909685485,1.0,1.0,5.80548095703125,-9.756995671423017
nhanes_real,0,823,GrowingSpheres,True,0.0006278750370256603,1.0,1.0,3.188881965434875,-12.384692923089775
nhanes_real,0,823,REVISE,True,0.004842999973334372,1.0,1.0,17.615251541137695,-9.995216687903751
nhanes_real,0,824,DiCE,True,0.0006986660300754011,1.0,1.0,1.275186538696289,-7.60788278921797
nhanes_real,0,824,FACE,True,0.09092870901804417,0.0,1.0,3.741118907928467,-6.500439829085553
nhanes_real,0,824,GrowingSpheres,True,0.0003041670424863696,1.0,1.0,1.9780667003045422,-7.801193476043704
nhanes_real,0,824,REVISE,True,0.0006083329790271819,1.0,1.0,3.9885902404785156,-6.34410031738829
nhanes_real,0,828,DiCE,False,0.01533679198473692,,,,
nhanes_real,0,828,FACE,True,0.09138687502127141,1.0,1.0,4.707714080810547,-7.003977794104555
nhanes_real,0,828,GrowingSpheres,True,0.0007355420384556055,1.0,1.0,4.367015074363453,-10.161275948354724
nhanes_real,0,828,REVISE,True,0.0073720000218600035,1.0,1.0,7.238647937774658,-6.583666616415762
nhanes_real,0,830,DiCE,True,0.0018271669978275895,1.0,1.0,3.5281314849853516,-13.158475335469843
nhanes_real,0,830,FACE,True,0.09052183403400704,1.0,1.0,7.1132917404174805,-9.671352639364978
nhanes_real,0,830,GrowingSpheres,True,0.000684124999679625,1.0,1.0,3.333667119889581,-12.676101923709513
nhanes_real,0,830,REVISE,True,0.0052878339774906635,1.0,1.0,13.649742126464844,-7.623850744697677
nhanes_real,0,831,DiCE,False,0.014857416041195393,,,,
nhanes_real,0,831,FACE,True,0.0908368339878507,1.0,1.0,4.667202472686768,-6.85728030761485
nhanes_real,0,831,GrowingSpheres,True,0.0017658330034464598,1.0,1.0,6.881833110822488,-13.566515008160735
nhanes_real,0,831,REVISE,False,0.045775583013892174,,,,
nhanes_real,0,838,DiCE,True,0.0016914160223677754,1.0,1.0,2.495774984359741,-9.518764093029807
nhanes_real,0,838,FACE,True,0.09226391598349437,1.0,1.0,7.738317966461182,-6.85728030761485
nhanes_real,0,838,GrowingSpheres,True,0.0006458329735323787,1.0,1.0,3.1132885286970513,-11.708616007174156
nhanes_real,0,838,REVISE,True,0.0015550419921055436,1.0,1.0,7.745723724365234,-6.356685542801884
nhanes_real,0,839,DiCE,False,0.014618166023865342,,,,
nhanes_real,0,839,FACE,True,0.09093474998371676,1.0,1.0,4.619905471801758,-9.062152604318728
nhanes_real,0,839,GrowingSpheres,True,0.0011379169882275164,1.0,1.0,6.857970854872706,-10.298232650876978
nhanes_real,0,839,REVISE,True,0.011736250016838312,1.0,1.0,7.457876205444336,-6.448585130402217
nhanes_real,0,841,DiCE,True,0.0017824159585870802,1.0,1.0,2.722738742828369,-6.71981183494797
nhanes_real,0,841,FACE,True,0.09146837500156835,1.0,1.0,3.9843130111694336,-7.301944151368707
nhanes_real,0,841,GrowingSpheres,True,0.0004793750122189522,1.0,1.0,2.1495010821023417,-7.119215743336295
nhanes_real,0,841,REVISE,True,0.0019942079670727253,1.0,1.0,4.524624347686768,-6.308444729396108
nhanes_real,0,845,DiCE,True,0.0007110830047167838,1.0,1.0,1.5756094455718994,-7.818890520430832
nhanes_real,0,845,FACE,True,0.09086337499320507,1.0,1.0,2.546374797821045,-7.128633564349562
nhanes_real,0,845,GrowingSpheres,True,0.00031383399618789554,1.0,1.0,1.185146617548634,-8.491190309913028
nhanes_real,0,845,REVISE,True,0.0027862919960170984,1.0,1.0,9.035163879394531,-6.424252507672557
nhanes_real,0,846,DiCE,True,0.0008600829751230776,1.0,1.0,2.531419277191162,-11.24743594694357
nhanes_real,0,846,FACE,True,0.09227000002283603,1.0,1.0,9.113064765930176,-7.9422847375928445
nhanes_real,0,846,GrowingSpheres,True,0.0003451670054346323,1.0,1.0,0.9083236754717008,-10.904156503569517
nhanes_real,0,846,REVISE,True,0.0006525419885292649,1.0,1.0,10.105277061462402,-6.837414924354693
nhanes_real,0,847,DiCE,True,0.0010422500199638307,1.0,1.0,2.4179277420043945,-6.999304391932404
nhanes_real,0,847,FACE,True,0.09091429098043591,1.0,1.0,1.9087128639221191,-6.563762295905182
nhanes_real,0,847,GrowingSpheres,True,0.000378625001758337,1.0,1.0,1.5494159298133305,-6.700206287971255
nhanes_real,0,847,REVISE,True,0.0011438329820521176,1.0,1.0,3.0525729656219482,-6.139386866024527
nhanes_real,0,848,DiCE,True,0.0008717080345377326,1.0,1.0,1.5995092391967773,-7.630194279574336
nhanes_real,0,848,FACE,True,0.09095699997851625,1.0,1.0,2.8449442386627197,-7.003977794104555
nhanes_real,0,848,GrowingSpheres,True,0.0003155000158585608,1.0,1.0,1.8096165669866187,-7.504885798535508
nhanes_real,0,848,REVISE,True,0.0019304580055177212,1.0,1.0,3.344400405883789,-6.327813338535824
nhanes_real,0,849,DiCE,True,0.0013777909916825593,1.0,1.0,2.565685749053955,-7.133516570866977
nhanes_real,0,849,FACE,True,0.0912032499909401,1.0,1.0,3.6613566875457764,-6.785730065913892
nhanes_real,0,849,GrowingSpheres,True,0.0004663750296458602,1.0,1.0,1.5143523899776707,-9.477321787106861
nhanes_real,0,849,REVISE,True,0.005684875010047108,1.0,1.0,5.056631088256836,-6.250156316994163
nhanes_real,0,852,DiCE,True,0.0011891659814864397,1.0,1.0,2.8318190574645996,-8.076517201760248
nhanes_real,0,852,FACE,True,0.09096654201857746,1.0,1.0,2.750486373901367,-7.0005196777975485
nhanes_real,0,852,GrowingSpheres,True,0.0003748340532183647,1.0,1.0,1.0947163064614736,-7.7703472486326115
nhanes_real,0,852,REVISE,True,0.006520625029224902,1.0,1.0,5.2001800537109375,-6.244754951981624
nhanes_real,0,854,DiCE,True,0.0011788340052589774,1.0,1.0,3.199707269668579,-9.281662035577932
nhanes_real,0,854,FACE,True,0.09153666696511209,1.0,1.0,9.028401374816895,-6.977646580687802
nhanes_real,0,854,GrowingSpheres,True,0.00047820800682529807,1.0,1.0,2.4388950972299894,-9.381407682301969
nhanes_real,0,854,REVISE,True,0.0006141249905340374,1.0,1.0,6.960242748260498,-6.167887529003947
nhanes_real,0,855,DiCE,True,0.0007321659941226244,1.0,1.0,1.784563660621643,-6.936902759909473
nhanes_real,0,855,FACE,True,0.09273174998816103,1.0,1.0,3.2140278816223145,-7.315894435288215
nhanes_real,0,855,GrowingSpheres,True,0.00034983298974111676,1.0,1.0,1.8250831585523497,-7.5283014571394045
nhanes_real,0,855,REVISE,True,0.004269167024176568,1.0,1.0,3.750593423843384,-6.192896895174466
nhanes_real,0,856,DiCE,False,0.016050999984145164,,,,
nhanes_real,0,856,FACE,True,0.0945270829834044,1.0,1.0,5.978660583496094,-8.697740482324704
nhanes_real,0,856,GrowingSpheres,True,0.0009151659905910492,1.0,1.0,4.77342139272327,-10.58041116094601
nhanes_real,0,856,REVISE,True,0.007607167004607618,1.0,1.0,10.163079261779785,-6.8364476189795145
nhanes_real,0,858,DiCE,False,0.01609995902981609,,,,
nhanes_real,0,858,FACE,True,0.09436599997570738,1.0,1.0,4.776258945465088,-8.826559842707033
nhanes_real,0,858,GrowingSpheres,True,0.0011180840083397925,1.0,1.0,8.55418998867465,-13.26348434073957
nhanes_real,0,858,REVISE,True,0.010638332983944565,1.0,1.0,7.767642021179199,-6.3434186213763315
nhanes_real,0,859,DiCE,True,0.0018091659876517951,1.0,1.0,2.320601463317871,-6.469333601393647
nhanes_real,0,859,FACE,True,0.09872570802690461,1.0,1.0,2.686258554458618,-7.201261196340427
nhanes_real,0,859,GrowingSpheres,True,0.0006664170068688691,1.0,1.0,3.0221707888388334,-6.353106308374871
nhanes_real,0,859,REVISE,True,0.001713833014946431,1.0,1.0,4.996924877166748,-6.3160345975711945
nhanes_real,0,861,DiCE,False,0.01522779098013416,,,,
nhanes_real,0,861,FACE,True,0.09148345899302512,1.0,1.0,7.454891681671143,-8.655346708147912
nhanes_real,0,861,GrowingSpheres,False,0.0013027089880779386,,,,
nhanes_real,0,861,REVISE,False,0.043168250005692244,,,,
nhanes_real,0,862,DiCE,False,0.014699416991788894,,,,
nhanes_real,0,862,FACE,True,0.09092954098014161,1.0,1.0,5.8671112060546875,-8.027540175953444
nhanes_real,0,862,GrowingSpheres,True,0.0007815000135451555,1.0,1.0,1.534049290887968,-12.439817287073605
nhanes_real,0,862,REVISE,False,0.044437916949391365,,,,
nhanes_real,0,863,DiCE,True,0.0013180830283090472,1.0,1.0,2.590745449066162,-6.551936054723349
nhanes_real,0,863,FACE,True,0.09037204197375104,1.0,1.0,2.7406136989593506,-6.923900945449575
nhanes_real,0,863,GrowingSpheres,True,0.000598000013269484,1.0,1.0,4.096652473889825,-7.581946239797283
nhanes_real,0,863,REVISE,True,0.0006350839976221323,1.0,1.0,3.4040732383728027,-6.341893934289202
nhanes_real,0,864,DiCE,True,0.0009283329709433019,1.0,1.0,1.4738352298736572,-6.8217367069912145
nhanes_real,0,864,FACE,True,0.09126570803346112,1.0,1.0,0.9231071472167969,-6.577459777512697
nhanes_real,0,864,GrowingSpheres,True,0.00030387495644390583,1.0,1.0,1.6542877599628538,-6.757997224635934
nhanes_real,0,864,REVISE,True,0.0006269169971346855,1.0,1.0,3.715575933456421,-6.027251674661798
nhanes_real,0,866,DiCE,False,0.014950875018257648,,,,
nhanes_real,0,866,FACE,True,0.09181708295363933,1.0,1.0,5.274411201477051,-7.433540800900616
nhanes_real,0,866,GrowingSpheres,False,0.0013152500032447278,,,,
nhanes_real,0,866,REVISE,False,0.04306812502909452,,,,
nhanes_real,0,875,DiCE,True,0.0009562090272083879,1.0,1.0,2.779099464416504,-8.251019026962496
nhanes_real,0,875,FACE,True,0.09097208298044279,1.0,1.0,2.930908679962158,-8.11671070670647
nhanes_real,0,875,GrowingSpheres,True,0.0004167080041952431,1.0,1.0,1.2184822599583782,-8.127584915847727
nhanes_real,0,875,REVISE,True,0.005195125006139278,1.0,1.0,4.572056770324707,-6.767718074113265
nhanes_real,0,876,DiCE,True,0.0013593329931609333,1.0,1.0,3.455714464187622,-9.82348981626588
nhanes_real,0,876,FACE,True,0.09066633303882554,1.0,1.0,3.2657995223999023,-9.60580903775204
nhanes_real,0,876,GrowingSpheres,True,0.0005717910244129598,1.0,1.0,1.5285507339834852,-10.840480116563125
nhanes_real,0,876,REVISE,True,0.0015264999819919467,1.0,1.0,11.66352653503418,-7.906631776343741
nhanes_real,0,878,DiCE,False,0.015183083014562726,,,,
nhanes_real,0,878,FACE,True,0.09125062497332692,1.0,1.0,8.93203353881836,-8.522566747480282
nhanes_real,0,878,GrowingSpheres,False,0.0013100409996695817,,,,
nhanes_real,0,878,REVISE,True,0.011402749980334193,1.0,1.0,10.367128372192383,-6.130466960253554
nhanes_real,0,879,DiCE,True,0.0013191670295782387,1.0,1.0,2.3879685401916504,-8.659840430012286
nhanes_real,0,879,FACE,True,0.09080125001491979,1.0,1.0,3.4559478759765625,-7.989200965771602
nhanes_real,0,879,GrowingSpheres,True,0.000564292015042156,1.0,1.0,3.7277369302951904,-10.220865163444042
nhanes_real,0,879,REVISE,True,0.0005917499656789005,1.0,1.0,9.252023696899414,-7.546812258571004
nhanes_real,0,881,DiCE,False,0.015069333021529019,,,,
nhanes_real,0,881,FACE,True,0.09099450003122911,1.0,1.0,7.373336315155029,-7.128633564349562
nhanes_real,0,881,GrowingSpheres,False,0.0012642079964280128,,,,
nhanes_real,0,881,REVISE,False,0.041360125003848225,,,,
nhanes_real,0,882,DiCE,True,0.0007486249669454992,1.0,1.0,1.6674652099609375,-9.009753988195396
nhanes_real,0,882,FACE,True,0.09092429198790342,1.0,1.0,2.8189144134521484,-8.067036936670863
nhanes_real,0,882,GrowingSpheres,True,0.00026000000070780516,1.0,1.0,0.5872725151801044,-9.480688148190996
nhanes_real,0,882,REVISE,True,0.002352040959522128,1.0,1.0,5.803703784942627,-6.672168404787142
nhanes_real,0,883,DiCE,True,0.0012042089947499335,1.0,1.0,2.6772611141204834,-11.759462011768097
nhanes_real,0,883,FACE,True,0.09503520803991705,1.0,1.0,7.731315612792969,-9.600059928817203
nhanes_real,0,883,GrowingSpheres,True,0.0005435830098576844,1.0,1.0,2.768421919370893,-12.705225277438897
nhanes_real,0,883,REVISE,True,0.006212791951838881,1.0,1.0,8.926441192626953,-8.09077224010423
nhanes_real,0,884,DiCE,False,0.014764958003070205,,,,
nhanes_real,0,884,FACE,True,0.09166316594928503,1.0,1.0,3.2093505859375,-7.128633564349562
nhanes_real,0,884,GrowingSpheres,True,0.0010652909986674786,1.0,1.0,5.491563301045952,-12.585517931046876
nhanes_real,0,884,REVISE,False,0.043963958974927664,,,,
nhanes_real,0,888,DiCE,False,0.01474195800255984,,,,
nhanes_real,0,888,FACE,True,0.09149470803095028,1.0,1.0,4.38436222076416,-6.85728030761485
nhanes_real,0,888,GrowingSpheres,True,0.0011070839827880263,1.0,1.0,2.5970537710436328,-11.902030460816443
nhanes_real,0,888,REVISE,False,0.04330087499693036,,,,
nhanes_real,0,891,DiCE,False,0.014613333973102272,,,,
nhanes_real,0,891,FACE,True,0.09078333299839869,1.0,1.0,6.4858903884887695,-6.367381527431084
nhanes_real,0,891,GrowingSpheres,True,0.0010563749819993973,1.0,1.0,7.87263622298012,-7.5929807389197705
nhanes_real,0,891,REVISE,False,0.044327083975076675,,,,
nhanes_real,0,892,DiCE,True,0.0009687090059742332,1.0,1.0,1.933168888092041,-6.602263144431705
nhanes_real,0,892,FACE,True,0.09144158300478011,1.0,1.0,3.3793370723724365,-6.2682830082995675
nhanes_real,0,892,GrowingSpheres,True,0.0003910000086762011,1.0,1.0,1.1724151092245931,-6.487831190038374
nhanes_real,0,892,REVISE,True,0.0006578749744221568,1.0,1.0,2.9482879638671875,-6.20280194895739
nhanes_real,0,895,DiCE,False,0.015184707997832447,,,,
nhanes_real,0,895,FACE,True,0.09134695795364678,1.0,1.0,3.9708495140075684,-8.874299053833004
nhanes_real,0,895,GrowingSpheres,True,0.0008536250097677112,1.0,1.0,2.9863187149973784,-11.914069998239922
nhanes_real,0,895,REVISE,True,0.005691082973498851,1.0,1.0,9.970386505126953,-6.136968806973371
nhanes_real,0,896,DiCE,True,0.0008673749980516732,1.0,1.0,2.040459394454956,-7.74029126303399
nhanes_real,0,896,FACE,True,0.09155937499599531,1.0,1.0,2.6974868774414062,-7.092260877023956
nhanes_real,0,896,GrowingSpheres,True,0.00034679198870435357,1.0,1.0,1.689904085609979,-7.543211544015762
nhanes_real,0,896,REVISE,True,0.0030031249625608325,1.0,1.0,5.304250717163086,-6.247714961926986
nhanes_real,0,897,DiCE,False,0.015174791973549873,,,,
nhanes_real,0,897,FACE,True,0.09079391701379791,1.0,1.0,4.950845718383789,-7.435852830981746
nhanes_real,0,897,GrowingSpheres,True,0.0011154579697176814,1.0,1.0,10.289881698839185,-12.505654365872818
nhanes_real,0,897,REVISE,True,0.00955195800634101,1.0,1.0,4.212288856506348,-7.301426082224632
nhanes_real,0,898,DiCE,False,0.015171292005106807,,,,
nhanes_real,0,898,FACE,True,0.09160591603722423,1.0,1.0,2.6077983379364014,-6.490221700009308
nhanes_real,0,898,GrowingSpheres,True,0.0008365829708054662,1.0,1.0,5.37888882093816,-8.197760123080293
nhanes_real,0,898,REVISE,True,0.006571040954440832,1.0,1.0,4.106874942779541,-6.086001924688182
nhanes_real,0,901,DiCE,False,0.01511191698955372,,,,
nhanes_real,0,901,FACE,True,0.09089674998540431,1.0,1.0,5.359989643096924,-6.068699445309529
nhanes_real,0,901,GrowingSpheres,True,0.0012145829969085753,1.0,1.0,6.304930777470052,-12.527483577715891
nhanes_real,0,901,REVISE,False,0.04305704100988805,,,,
nhanes_real,0,902,DiCE,False,0.015036666009109467,,,,
nhanes_real,0,902,FACE,True,0.0911040420178324,1.0,1.0,3.1776885986328125,-7.323060221292364
nhanes_real,0,902,GrowingSpheres,True,0.0008821670198813081,1.0,1.0,5.775689126225873,-6.735888949539479
nhanes_real,0,902,REVISE,True,0.007804666005540639,1.0,1.0,4.866975784301758,-6.228019256443267
nhanes_real,0,904,DiCE,False,0.014455750002525747,,,,
nhanes_real,0,904,FACE,True,0.09098912501940504,1.0,1.0,2.762850761413574,-7.323060221292364
nhanes_real,0,904,GrowingSpheres,True,0.0007555410265922546,1.0,1.0,5.776969678158491,-7.357484932557092
nhanes_real,0,904,REVISE,True,0.0061131250113248825,1.0,1.0,5.012458801269531,-6.1438184622389045
nhanes_real,1,0,DiCE,True,0.0018409999902360141,1.0,1.0,2.9547510147094727,-7.429429836544067
nhanes_real,1,0,FACE,True,0.09189979097573087,1.0,1.0,3.720028877258301,-7.727979251782553
nhanes_real,1,0,GrowingSpheres,True,0.000559916952624917,1.0,1.0,2.348901440882162,-7.8432210320437274
nhanes_real,1,0,REVISE,True,0.0026959579554386437,1.0,1.0,4.870116233825684,-6.342321751017275
nhanes_real,1,4,DiCE,False,0.015062417020089924,,,,
nhanes_real,1,4,FACE,True,0.10518820898141712,1.0,1.0,2.5008926391601562,-6.703553966557173
nhanes_real,1,4,GrowingSpheres,True,0.0010954589815810323,1.0,1.0,3.8126789414909688,-7.671774522819957
nhanes_real,1,4,REVISE,True,0.01141929195728153,1.0,1.0,2.868577480316162,-6.513018589351082
nhanes_real,1,7,DiCE,False,0.014577750000171363,,,,
nhanes_real,1,7,FACE,True,0.09137866704259068,1.0,1.0,3.5466747283935547,-9.517424638173386
nhanes_real,1,7,GrowingSpheres,True,0.0008084169821813703,1.0,1.0,2.8068545747524305,-12.970470137412367
nhanes_real,1,7,REVISE,True,0.008663583023007959,1.0,1.0,11.92394733428955,-7.668403322873202
nhanes_real,1,8,DiCE,False,0.014474165975116193,,,,
nhanes_real,1,8,FACE,True,0.09119858400663361,1.0,1.0,3.514601230621338,-6.43400671092491
nhanes_real,1,8,GrowingSpheres,True,0.0008479169919155538,1.0,1.0,6.0603324495734014,-7.264577632857698
nhanes_real,1,8,REVISE,True,0.007831791997887194,1.0,1.0,4.625229835510254,-6.048153013176817
nhanes_real,1,9,DiCE,False,0.015308458008803427,,,,
nhanes_real,1,9,FACE,True,0.0915490830084309,1.0,1.0,8.112821578979492,-6.953711686138697
nhanes_real,1,9,GrowingSpheres,True,0.00100079202093184,1.0,1.0,6.394168601761071,-9.592831170061855
nhanes_real,1,9,REVISE,True,0.013204957998823375,1.0,1.0,6.6013593673706055,-6.34493129655221
nhanes_real,1,11,DiCE,True,0.0010372079559601843,1.0,1.0,2.2000536918640137,-7.054404063158569
nhanes_real,1,11,FACE,True,0.09074304101523012,1.0,1.0,2.19077467918396,-6.968971650979884
nhanes_real,1,11,GrowingSpheres,True,0.00040199997602030635,1.0,1.0,2.2348711737099385,-7.46132932526279
nhanes_real,1,11,REVISE,True,0.0010422089835628867,1.0,1.0,4.686121940612793,-6.054135546534227
nhanes_real,1,12,DiCE,True,0.000850207987241447,1.0,1.0,1.3164737224578857,-6.875900629967935
nhanes_real,1,12,FACE,True,0.09111812501214445,1.0,1.0,2.989962577819824,-6.703553966557173
nhanes_real,1,12,GrowingSpheres,True,0.000334500044118613,1.0,1.0,1.8914095847671324,-6.967410696316718
nhanes_real,1,12,REVISE,True,0.001143125002272427,1.0,1.0,1.5984728336334229,-6.177694978419154
nhanes_real,1,13,DiCE,False,0.014953834004700184,,,,
nhanes_real,1,13,FACE,True,0.09068591601680964,1.0,1.0,3.0035901069641113,-6.761153340777625
nhanes_real,1,13,GrowingSpheres,True,0.0007543329847976565,1.0,1.0,4.56233903855054,-9.258530812142615
nhanes_real,1,13,REVISE,True,0.00860245805233717,1.0,1.0,2.9306955337524414,-6.578558179294507
nhanes_real,1,14,DiCE,False,0.015148458012845367,,,,
nhanes_real,1,14,FACE,True,0.09119729202939197,1.0,1.0,4.371159076690674,-6.6845671638114
nhanes_real,1,14,GrowingSpheres,True,0.0010670420015230775,1.0,1.0,4.172417457105881,-9.673047130914554
nhanes_real,1,14,REVISE,True,0.008690874965395778,1.0,1.0,5.127972602844238,-6.049600580322489
nhanes_real,1,16,DiCE,True,0.000581958971451968,1.0,1.0,1.521436095237732,-9.511616916622446
nhanes_real,1,16,FACE,True,0.09048120799707249,1.0,1.0,4.612268924713135,-7.4085227189399765
nhanes_real,1,16,GrowingSpheres,True,0.00019758398411795497,1.0,1.0,0.4397856156934975,-9.65239462751596
nhanes_real,1,16,REVISE,True,0.001898791000712663,1.0,1.0,5.884000778198242,-6.892476930723644
nhanes_real,1,17,DiCE,False,0.015341542020905763,,,,
nhanes_real,1,17,FACE,True,0.09120729198912159,1.0,1.0,7.405055522918701,-9.162006836658351
nhanes_real,1,17,GrowingSpheres,True,0.0009240000508725643,1.0,1.0,4.437706772984938,-13.45198923266823
nhanes_real,1,17,REVISE,True,0.00773625000147149,1.0,1.0,8.514986038208008,-7.370855620292548
nhanes_real,1,19,DiCE,True,0.0020139169646427035,1.0,1.0,2.8706674575805664,-7.820915983498066
nhanes_real,1,19,FACE,True,0.09066295804223046,1.0,1.0,2.258549690246582,-7.683817285218408
nhanes_real,1,19,GrowingSpheres,True,0.0006352090276777744,1.0,1.0,4.240421119377366,-8.824860365008401
nhanes_real,1,19,REVISE,True,0.003711082972586155,1.0,1.0,4.686437606811523,-6.886911148459671
nhanes_real,1,20,DiCE,False,0.015025333035737276,,,,
nhanes_real,1,20,FACE,True,0.09239845897536725,1.0,1.0,3.9667344093322754,-7.655211073179649
nhanes_real,1,20,GrowingSpheres,True,0.0010481670033186674,1.0,1.0,6.2111954068543005,-13.79802402630606
nhanes_real,1,20,REVISE,True,0.012051875004544854,1.0,1.0,6.8850226402282715,-6.207272564150123
nhanes_real,1,21,DiCE,True,0.0018287079874426126,1.0,1.0,2.506709337234497,-7.202517428100179
nhanes_real,1,21,FACE,True,0.09491754201008007,1.0,1.0,1.9209327697753906,-6.749392599038163
nhanes_real,1,21,GrowingSpheres,True,0.0007953750318847597,1.0,1.0,2.523666659301438,-8.328493732383144
nhanes_real,1,21,REVISE,True,0.00916712498292327,1.0,1.0,5.401430606842041,-6.2858777926753095
nhanes_real,1,22,DiCE,False,0.015636500029359013,,,,
nhanes_real,1,22,FACE,True,0.09164908400271088,1.0,1.0,5.3415327072143555,-7.920149144927751
nhanes_real,1,22,GrowingSpheres,True,0.0009865839965641499,1.0,1.0,5.074778637945154,-14.15681151567469
nhanes_real,1,22,REVISE,True,0.012010624981485307,1.0,1.0,6.050786018371582,-6.631171018326088
nhanes_real,1,23,DiCE,True,0.002175833040382713,1.0,1.0,2.3345589637756348,-8.085854927654026
nhanes_real,1,23,FACE,True,0.09142512502148747,1.0,1.0,2.8781144618988037,-6.729675085530571
nhanes_real,1,23,GrowingSpheres,True,0.0007692090002819896,1.0,1.0,7.051471144026536,-7.168790483043826
nhanes_real,1,23,REVISE,True,0.008659209008328617,1.0,1.0,6.020859241485596,-6.471821298999396
nhanes_real,1,26,DiCE,True,0.0012306669959798455,1.0,1.0,2.545785427093506,-9.884861429862077
nhanes_real,1,26,FACE,True,0.09063012502156198,1.0,1.0,3.418210029602051,-6.757932070176914
nhanes_real,1,26,GrowingSpheres,True,0.00034479203168302774,1.0,1.0,1.2880498314229127,-8.61834426680301
nhanes_real,1,26,REVISE,True,0.008438042015768588,1.0,1.0,7.82938289642334,-6.049383655558776
nhanes_real,1,30,DiCE,True,0.0016239579999819398,1.0,1.0,3.5867011547088623,-10.97533944913572
nhanes_real,1,30,FACE,True,0.09129816695349291,1.0,1.0,0.9218507409095764,-9.668497036820712
nhanes_real,1,30,GrowingSpheres,True,0.0006453749956563115,1.0,1.0,2.6184244515201054,-10.322609460065106
nhanes_real,1,30,REVISE,True,0.006446041981689632,1.0,1.0,9.185552597045898,-8.802543542326779
nhanes_real,1,31,DiCE,False,0.015296416007913649,,,,
nhanes_real,1,31,FACE,True,0.09176233399193734,1.0,1.0,3.78891658782959,-6.679996854110941
nhanes_real,1,31,GrowingSpheres,True,0.0007200840045697987,1.0,1.0,2.7410487605995177,-9.737844126282438
nhanes_real,1,31,REVISE,True,0.010613582970108837,1.0,1.0,6.948476314544678,-6.094833616576363
nhanes_real,1,33,DiCE,False,0.014709291979670525,,,,
nhanes_real,1,33,FACE,True,0.09073737502330914,1.0,1.0,3.1732802391052246,-6.9299743603194255
nhanes_real,1,33,GrowingSpheres,True,0.0007201249827630818,1.0,1.0,5.171505313960672,-7.575019248857789
nhanes_real,1,33,REVISE,True,0.006095207994803786,1.0,1.0,1.7180448770523071,-6.563961518875358
nhanes_real,1,39,DiCE,False,0.015064624953083694,,,,
nhanes_real,1,39,FACE,True,0.09105799999088049,1.0,1.0,2.5474321842193604,-6.8918121778909915
nhanes_real,1,39,GrowingSpheres,True,0.0005858750082552433,1.0,1.0,3.4157391202514535,-6.73363933076411
nhanes_real,1,39,REVISE,True,0.005590290995314717,1.0,1.0,4.106205940246582,-6.0456843819195605
nhanes_real,1,40,DiCE,False,0.015151875035371631,,,,
nhanes_real,1,40,FACE,True,0.09114008402684703,1.0,1.0,5.109408378601074,-7.0243926359207745
nhanes_real,1,40,GrowingSpheres,True,0.0008321250206790864,1.0,1.0,5.636019761624176,-10.538203246377448
nhanes_real,1,40,REVISE,True,0.00928562501212582,1.0,1.0,6.25099515914917,-6.230887309397435
nhanes_real,1,41,DiCE,False,0.015259207983035594,,,,
nhanes_real,1,41,FACE,True,0.09152750001521781,1.0,1.0,8.152499198913574,-9.659620648951408
nhanes_real,1,41,GrowingSpheres,True,0.0008454160415567458,1.0,1.0,3.4754922070521843,-16.35110388806985
nhanes_real,1,41,REVISE,True,0.009650291001889855,1.0,1.0,12.589508056640625,-9.9104954410709
nhanes_real,1,42,DiCE,False,0.015730333980172873,,,,
nhanes_real,1,42,FACE,True,0.09075449994998053,1.0,1.0,6.145616054534912,-7.056577010354226
nhanes_real,1,42,GrowingSpheres,True,0.0006258749635890126,1.0,1.0,3.401254724276626,-9.248019819671919
nhanes_real,1,42,REVISE,True,0.008122708997689188,1.0,1.0,2.912015914916992,-7.899707714185263
nhanes_real,1,44,DiCE,False,0.015064500039443374,,,,
nhanes_real,1,44,FACE,True,0.0908041670336388,1.0,1.0,5.122365474700928,-6.328357715265396
nhanes_real,1,44,GrowingSpheres,True,0.0008642919710837305,1.0,1.0,5.413266391820562,-8.076043553878154
nhanes_real,1,44,REVISE,True,0.005527000001166016,1.0,1.0,6.625247955322266,-6.418235078987145
nhanes_real,1,45,DiCE,False,0.015276000020094216,,,,
nhanes_real,1,45,FACE,True,0.09119524998823181,1.0,1.0,3.9107067584991455,-7.027269769003139
nhanes_real,1,45,GrowingSpheres,True,0.0005331250140443444,1.0,1.0,3.3144807194730683,-7.322527840414075
nhanes_real,1,45,REVISE,True,0.005540042009670287,1.0,1.0,5.166894435882568,-6.36600320931922
nhanes_real,1,50,DiCE,False,0.015186167031060904,,,,
nhanes_real,1,50,FACE,True,0.09464795899111778,1.0,1.0,14.185800552368164,-9.710338043761123
nhanes_real,1,50,GrowingSpheres,False,0.001307374972384423,,,,
nhanes_real,1,50,REVISE,True,0.010933750018011779,1.0,1.0,14.61064624786377,-11.585576937139958
nhanes_real,1,51,DiCE,True,0.0009334170026704669,1.0,1.0,2.3760929107666016,-10.232496885094076
nhanes_real,1,51,FACE,True,0.09207062498899177,1.0,1.0,6.242973804473877,-7.415895120501993
nhanes_real,1,51,GrowingSpheres,True,0.000449208018835634,1.0,1.0,2.0468204740721645,-10.356668844554765
nhanes_real,1,51,REVISE,True,0.00210545799927786,1.0,1.0,6.250543594360352,-7.127201177058133
nhanes_real,1,53,DiCE,True,0.0005626659840345383,1.0,1.0,1.5543930530548096,-6.9899991379142685
nhanes_real,1,53,FACE,True,0.09091629198519513,1.0,1.0,2.1410372257232666,-6.349078984351635
nhanes_real,1,53,GrowingSpheres,True,0.0002810829901136458,1.0,1.0,0.735516094716426,-7.274808493657921
nhanes_real,1,53,REVISE,True,0.0049629170098342,1.0,1.0,4.235246658325195,-6.217606976627197
nhanes_real,1,55,DiCE,True,0.0010296250111423433,1.0,1.0,2.449190139770508,-6.915303213275416
nhanes_real,1,55,FACE,True,0.09051008301321417,1.0,1.0,4.498179912567139,-6.3002985860638505
nhanes_real,1,55,GrowingSpheres,True,0.0003530410467647016,1.0,1.0,1.528852666296869,-7.2282188603376145
nhanes_real,1,55,REVISE,True,0.0006259580259211361,1.0,1.0,3.5710833072662354,-6.09362478753334
nhanes_real,1,59,DiCE,False,0.015168750018347055,,,,
nhanes_real,1,59,FACE,True,0.09107783302897587,1.0,1.0,5.742373466491699,-6.3002985860638505
nhanes_real,1,59,GrowingSpheres,True,0.0007968749850988388,1.0,1.0,3.0439236303324977,-7.794480168217262
nhanes_real,1,59,REVISE,True,0.007348166953306645,1.0,1.0,6.032829761505127,-6.046052527329606
nhanes_real,1,61,DiCE,False,0.014635041996371001,,,,
nhanes_real,1,61,FACE,True,0.09077212499687448,1.0,1.0,2.6410505771636963,-7.385151270929845
nhanes_real,1,61,GrowingSpheres,True,0.0008185839978978038,1.0,1.0,3.528502625275787,-8.329214670894785
nhanes_real,1,61,REVISE,True,0.010394499986432493,1.0,1.0,7.855583190917969,-6.598673055593979
nhanes_real,1,62,DiCE,False,0.015072625013999641,,,,
nhanes_real,1,62,FACE,True,0.09132620802847669,1.0,1.0,7.3144683837890625,-6.485814247278829
nhanes_real,1,62,GrowingSpheres,True,0.0009652500157244503,1.0,1.0,4.23142878578116,-13.860886215313005
nhanes_real,1,62,REVISE,False,0.0440403749817051,,,,
nhanes_real,1,66,DiCE,True,0.0029702920001000166,1.0,1.0,2.9694907665252686,-7.769616324997082
nhanes_real,1,66,FACE,True,0.09132816595956683,1.0,1.0,3.3323676586151123,-6.653717074519397
nhanes_real,1,66,GrowingSpheres,True,0.0006310829776339233,1.0,1.0,3.069135727586911,-9.241855145346491
nhanes_real,1,66,REVISE,True,0.010245167009998113,1.0,1.0,4.6280107498168945,-6.18849163143944
nhanes_real,1,67,DiCE,True,0.0015011659706942737,1.0,1.0,3.8295726776123047,-10.209459227628127
nhanes_real,1,67,FACE,True,0.09059283300302923,1.0,1.0,7.867101192474365,-8.661516590964496
nhanes_real,1,67,GrowingSpheres,True,0.0005974170053377748,1.0,1.0,3.9754630888246334,-11.806136093655814
nhanes_real,1,67,REVISE,True,0.004734499962069094,1.0,1.0,10.119874954223633,-6.746054318343209
nhanes_real,1,69,DiCE,True,0.000882500025909394,1.0,1.0,1.667097568511963,-9.530026571765692
nhanes_real,1,69,FACE,True,0.09181254100985825,1.0,1.0,5.148348808288574,-8.294106961676404
nhanes_real,1,69,GrowingSpheres,True,0.0004277089610695839,1.0,1.0,1.5472066531571835,-9.706529566784997
nhanes_real,1,69,REVISE,True,0.0006499160081148148,1.0,1.0,5.807194709777832,-7.102955291913191
nhanes_real,1,70,DiCE,False,0.014568707963917404,,,,
nhanes_real,1,70,FACE,True,0.09143708302872255,1.0,1.0,5.831460952758789,-8.229758444284878
nhanes_real,1,70,GrowingSpheres,True,0.0008724580402486026,1.0,1.0,4.632663368206574,-12.867853699657552
nhanes_real,1,70,REVISE,True,0.0061420410056598485,1.0,1.0,8.000614166259766,-6.90021265525206
nhanes_real,1,72,DiCE,False,0.015296457975637168,,,,
nhanes_real,1,72,FACE,True,0.09209120803279802,1.0,1.0,2.097935438156128,-7.003695022527589
nhanes_real,1,72,GrowingSpheres,True,0.0006498330039903522,1.0,1.0,4.398846224285294,-10.337528576847776
nhanes_real,1,72,REVISE,True,0.005118541012052447,1.0,1.0,4.730191230773926,-6.1325973298074885
nhanes_real,1,73,DiCE,False,0.015543540997896343,,,,
nhanes_real,1,73,FACE,True,0.09183291700901464,1.0,1.0,4.456547737121582,-7.978376093812567
nhanes_real,1,73,GrowingSpheres,True,0.0009492079843766987,1.0,1.0,5.077624663833588,-13.197262829623723
nhanes_real,1,73,REVISE,True,0.009091874992009252,1.0,1.0,6.527303218841553,-6.079511741487524
nhanes_real,1,74,DiCE,True,0.00087629200424999,1.0,1.0,2.2583651542663574,-8.140528376649572
nhanes_real,1,74,FACE,True,0.0944726670277305,1.0,1.0,3.7788333892822266,-8.271973248144338
nhanes_real,1,74,GrowingSpheres,True,0.0005147499614395201,1.0,1.0,1.0418249616800885,-8.707346877936418
nhanes_real,1,74,REVISE,True,0.0007408329984173179,1.0,1.0,4.907684326171875,-6.6098291683272805
nhanes_real,1,75,DiCE,True,0.0015263330424204469,1.0,1.0,2.437641143798828,-8.042482596997647
nhanes_real,1,75,FACE,True,0.09711345902178437,1.0,1.0,3.173715591430664,-8.385134283234002
nhanes_real,1,75,GrowingSpheres,True,0.0005789580172859132,1.0,1.0,2.430258878966353,-9.244395559762912
nhanes_real,1,75,REVISE,True,0.008370791969355196,1.0,1.0,4.471830368041992,-6.442203483768629
nhanes_real,1,76,DiCE,True,0.0011092090280726552,1.0,1.0,2.5392637252807617,-8.363383577919986
nhanes_real,1,76,FACE,True,0.09171920904191211,1.0,1.0,4.29709529876709,-8.095168615704317
nhanes_real,1,76,GrowingSpheres,True,0.0003136669984087348,1.0,1.0,0.5092774000438374,-8.47227360578419
nhanes_real,1,76,REVISE,True,0.003928916004952043,1.0,1.0,6.126464366912842,-6.332135682483987
nhanes_real,1,78,DiCE,True,0.000777459004893899,1.0,1.0,1.6578235626220703,-9.719664194198145
nhanes_real,1,78,FACE,True,0.09145620802883059,1.0,1.0,4.291705131530762,-8.140581558339854
nhanes_real,1,78,GrowingSpheres,True,0.00029620801797136664,1.0,1.0,0.942582188416737,-10.247415012647107
nhanes_real,1,78,REVISE,True,0.0009771250188350677,1.0,1.0,5.126002788543701,-7.820736256541651
nhanes_real,1,82,DiCE,False,0.014925749972462654,,,,
nhanes_real,1,82,FACE,True,0.09221708297263831,1.0,1.0,2.941528797149658,-8.435865018595196
nhanes_real,1,82,GrowingSpheres,True,0.0009504579938948154,1.0,1.0,4.89968769298359,-7.3318657439865245
nhanes_real,1,82,REVISE,True,0.009001291007734835,1.0,1.0,4.627902030944824,-7.154424028743469
nhanes_real,1,85,DiCE,False,0.01681841694517061,,,,
nhanes_real,1,85,FACE,True,0.09492616704665124,1.0,1.0,5.529264450073242,-9.517424638173386
nhanes_real,1,85,GrowingSpheres,True,0.001292250002734363,1.0,1.0,6.109735674948089,-16.808117797938614
nhanes_real,1,85,REVISE,False,0.04747495899209753,,,,
nhanes_real,1,88,DiCE,False,0.015197500004433095,,,,
nhanes_real,1,88,FACE,True,0.09115354099776596,1.0,1.0,4.747950077056885,-8.4418067487537
nhanes_real,1,88,GrowingSpheres,True,0.0008407079731114209,1.0,1.0,2.058352396407564,-12.952078183002383
nhanes_real,1,88,REVISE,True,0.007747834024485201,1.0,1.0,9.03337287902832,-6.226033600870393
nhanes_real,1,89,DiCE,True,0.0006860420107841492,1.0,1.0,1.355170726776123,-6.831694813657332
nhanes_real,1,89,FACE,True,0.09092466701986268,1.0,1.0,3.186124563217163,-6.279606552713686
nhanes_real,1,89,GrowingSpheres,True,0.0003328750026412308,1.0,1.0,1.410184774824887,-6.477084441228616
nhanes_real,1,89,REVISE,True,0.0011601250153034925,1.0,1.0,3.0291495323181152,-6.047904145207093
nhanes_real,1,93,DiCE,True,0.00117200001841411,1.0,1.0,3.3410987854003906,-16.372287290594635
nhanes_real,1,93,FACE,True,0.09068495803512633,1.0,1.0,10.607898712158203,-9.710338043761123
nhanes_real,1,93,GrowingSpheres,True,0.0004570000455714762,1.0,1.0,3.147872209920372,-16.42363881113824
nhanes_real,1,93,REVISE,True,0.00470458302879706,1.0,1.0,7.224433898925781,-11.647120766694538
nhanes_real,1,94,DiCE,True,0.0007583750411868095,1.0,1.0,1.309868574142456,-8.367996694503134
nhanes_real,1,94,FACE,True,0.09047225001268089,1.0,1.0,3.4933619499206543,-8.078253767762362
nhanes_real,1,94,GrowingSpheres,True,0.0002967079635709524,1.0,1.0,0.849533004269269,-7.989171470668466
nhanes_real,1,94,REVISE,True,0.0015772919869050384,1.0,1.0,3.405947685241699,-6.540162150356153
nhanes_real,1,97,DiCE,True,0.0012226250255480409,1.0,1.0,2.470045566558838,-8.757439979519573
nhanes_real,1,97,FACE,True,0.09334129100898281,1.0,1.0,4.395831108093262,-7.861991263124208
nhanes_real,1,97,GrowingSpheres,True,0.0005403329851105809,1.0,1.0,2.3432810293604067,-8.754335740892678
nhanes_real,1,97,REVISE,True,0.0017228330252692103,1.0,1.0,4.621431827545166,-7.3368171495241885
nhanes_real,1,98,DiCE,False,0.014749875001143664,,,,
nhanes_real,1,98,FACE,True,0.09068245900562033,1.0,1.0,7.424284934997559,-6.43400671092491
nhanes_real,1,98,GrowingSpheres,True,0.001075417036190629,1.0,1.0,5.362655583621789,-7.072307856275794
nhanes_real,1,98,REVISE,False,0.04216354095842689,,,,
nhanes_real,1,99,DiCE,False,0.014698375016450882,,,,
nhanes_real,1,99,FACE,True,0.0906204580096528,1.0,1.0,5.2947540283203125,-7.395381860578528
nhanes_real,1,99,GrowingSpheres,True,0.0006941249594092369,1.0,1.0,3.5032638304322035,-10.790285301444829
nhanes_real,1,99,REVISE,True,0.010545916040427983,1.0,1.0,5.831455230712891,-7.659032839745783
nhanes_real,1,101,DiCE,True,0.0015242919907905161,1.0,1.0,3.7691092491149902,-8.922291550001727
nhanes_real,1,101,FACE,True,0.09107887500431389,1.0,1.0,4.076197624206543,-8.229758444284878
nhanes_real,1,101,GrowingSpheres,True,0.0005717079620808363,1.0,1.0,2.317010681905163,-9.577706706982415
nhanes_real,1,101,REVISE,True,0.002200417045969516,1.0,1.0,4.723156452178955,-7.719243470509632
nhanes_real,1,102,DiCE,False,0.015288334048818797,,,,
nhanes_real,1,102,FACE,True,0.0914426670060493,1.0,1.0,4.682092189788818,-8.283837698510997
nhanes_real,1,102,GrowingSpheres,True,0.0009965840145014226,1.0,1.0,7.123400939552562,-14.775497568492076
nhanes_real,1,102,REVISE,True,0.013208000047598034,1.0,1.0,8.240330696105957,-6.445008317996724
nhanes_real,1,103,DiCE,True,0.0007390000391751528,1.0,1.0,1.958459496498108,-7.580524132710627
nhanes_real,1,103,FACE,True,0.09844862500904128,0.0,1.0,3.2337145805358887,-6.974232375159501
nhanes_real,1,103,GrowingSpheres,True,0.00036083400482311845,1.0,1.0,0.9582084041519747,-7.739761556899436
nhanes_real,1,103,REVISE,True,0.0007964169490151107,1.0,1.0,4.834336280822754,-6.304010138634457
nhanes_real,1,104,DiCE,False,0.016381416004151106,,,,
nhanes_real,1,104,FACE,True,0.09190724999643862,1.0,1.0,4.070951461791992,-6.435748557439938
nhanes_real,1,104,GrowingSpheres,True,0.0008939580293372273,1.0,1.0,5.720416399477661,-9.318556658821969
nhanes_real,1,104,REVISE,True,0.00800649996381253,1.0,1.0,4.566349029541016,-6.255575112401051
nhanes_real,1,106,DiCE,True,0.0011035840143449605,1.0,1.0,2.101503372192383,-7.218835537155993
nhanes_real,1,106,FACE,True,0.09103358304128051,1.0,1.0,2.136306047439575,-6.485814247278829
nhanes_real,1,106,GrowingSpheres,True,0.00044308300130069256,1.0,1.0,1.565852596918309,-6.9070832070379975
nhanes_real,1,106,REVISE,True,0.006533167033921927,1.0,1.0,3.5718164443969727,-6.06372348182722
nhanes_real,1,107,DiCE,True,0.0015493750106543303,1.0,1.0,3.2838711738586426,-11.445344310971361
nhanes_real,1,107,FACE,True,0.09326645801775157,1.0,1.0,6.622903823852539,-7.996969496762336
nhanes_real,1,107,GrowingSpheres,True,0.000753958011046052,1.0,1.0,2.1022435207187957,-14.226019063025307
nhanes_real,1,107,REVISE,True,0.002705209015402943,1.0,1.0,7.524331569671631,-7.981937746217452
nhanes_real,1,108,DiCE,False,0.016388416988775134,,,,
nhanes_real,1,108,FACE,True,0.09484520903788507,1.0,1.0,7.506397724151611,-9.72022082686081
nhanes_real,1,108,GrowingSpheres,True,0.0011474170023575425,1.0,1.0,8.152742485537301,-14.815634847814888
nhanes_real,1,108,REVISE,True,0.008590709010604769,1.0,1.0,12.914310455322266,-7.024927910883688
nhanes_real,1,110,DiCE,True,0.0010786670027300715,1.0,1.0,3.0863711833953857,-11.37330532844549
nhanes_real,1,110,FACE,True,0.09219154197489843,1.0,1.0,5.701571464538574,-9.460170919082255
nhanes_real,1,110,GrowingSpheres,True,0.00044908298877999187,1.0,1.0,0.7243463098805443,-10.959704741376648
nhanes_real,1,110,REVISE,True,0.0006948750233277678,1.0,1.0,3.568728446960449,-9.775463659144316
nhanes_real,1,111,DiCE,False,0.015344874991569668,,,,
nhanes_real,1,111,FACE,True,0.09184245800133795,1.0,1.0,4.740809440612793,-7.249009983410144
nhanes_real,1,111,GrowingSpheres,True,0.0007906669634394348,1.0,1.0,2.257496201778073,-12.137499176283612
nhanes_real,1,111,REVISE,True,0.011821500025689602,1.0,1.0,4.979796409606934,-6.504659221464985
nhanes_real,1,116,DiCE,True,0.001093916012905538,1.0,1.0,2.3576083183288574,-6.5758486224846235
nhanes_real,1,116,FACE,True,0.0941500419867225,1.0,1.0,3.231748580932617,-6.9299743603194255
nhanes_real,1,116,GrowingSpheres,True,0.0004478750051930547,1.0,1.0,1.716053991592605,-6.437205595795259
nhanes_real,1,116,REVISE,True,0.0007161249523051083,1.0,1.0,2.0981998443603516,-6.155669405233137
nhanes_real,1,117,DiCE,False,0.015437667025253177,,,,
nhanes_real,1,117,FACE,True,0.09220370900584385,1.0,1.0,3.0163044929504395,-6.8599755344924365
nhanes_real,1,117,GrowingSpheres,True,0.0007263330044224858,1.0,1.0,1.6153250412685929,-6.978145355143919
nhanes_real,1,117,REVISE,True,0.008788666978944093,1.0,1.0,3.8934924602508545,-6.4351063128422865
nhanes_real,1,120,DiCE,True,0.0005484999855980277,1.0,1.0,1.3757495880126953,-6.643709243885991
nhanes_real,1,120,FACE,True,0.08971891697729006,1.0,1.0,2.9047369956970215,-6.820244314925207
nhanes_real,1,120,GrowingSpheres,True,0.0002827499993145466,1.0,1.0,0.850568886312681,-6.85315727229981
nhanes_real,1,120,REVISE,True,0.0006353750359266996,1.0,1.0,2.3841428756713867,-6.183225060516177
nhanes_real,1,122,DiCE,False,0.015425625024363399,,,,
nhanes_real,1,122,FACE,True,0.09120066702598706,1.0,1.0,5.747775077819824,-7.655211073179649
nhanes_real,1,122,GrowingSpheres,True,0.0015943340258672833,1.0,1.0,4.836742679717428,-13.817725151545845
nhanes_real,1,122,REVISE,True,0.008482708013616502,1.0,1.0,6.460897922515869,-6.330035819606503
nhanes_real,1,123,DiCE,True,0.0012332909973338246,1.0,1.0,2.4054160118103027,-7.234443859332989
nhanes_real,1,123,FACE,True,0.0916788749746047,1.0,1.0,2.827824115753174,-6.7196189119820815
nhanes_real,1,123,GrowingSpheres,True,0.0004029169795103371,1.0,1.0,1.4121555472647418,-7.078562967112502
nhanes_real,1,123,REVISE,True,0.007150290999561548,1.0,1.0,4.5667829513549805,-6.04950198984271
nhanes_real,1,127,DiCE,False,0.014964709000196308,,,,
nhanes_real,1,127,FACE,True,0.09100312495138496,1.0,1.0,2.7371084690093994,-7.026301157625639
nhanes_real,1,127,GrowingSpheres,True,0.0006510840030387044,1.0,1.0,2.8227439086529373,-8.234025713940742
nhanes_real,1,127,REVISE,True,0.011113374959677458,1.0,1.0,5.951207160949707,-6.4449887657569125
nhanes_real,1,128,DiCE,True,0.0008869169978424907,1.0,1.0,1.4912933111190796,-6.235937656390554
nhanes_real,1,128,FACE,True,0.08986412500962615,1.0,1.0,3.2916598320007324,-6.974232375159501
nhanes_real,1,128,GrowingSpheres,True,0.0003957080189138651,1.0,1.0,2.4284036168183802,-6.351531321148945
nhanes_real,1,128,REVISE,True,0.0006087080109864473,1.0,1.0,1.5334928035736084,-6.120417720594193
nhanes_real,1,131,DiCE,True,0.0017945420113392174,1.0,1.0,3.103653907775879,-8.795083895383362
nhanes_real,1,131,FACE,True,0.08975591597845778,1.0,1.0,3.43919038772583,-8.251299019434562
nhanes_real,1,131,GrowingSpheres,True,0.0005205409834161401,1.0,1.0,2.442099880994049,-9.572653687265603
nhanes_real,1,131,REVISE,True,0.005687624972779304,1.0,1.0,5.263457298278809,-6.937079308155643
nhanes_real,1,132,DiCE,False,0.014764708990696818,,,,
nhanes_real,1,132,FACE,True,0.09037245798390359,1.0,1.0,7.921605110168457,-8.169596490834492
nhanes_real,1,132,GrowingSpheres,False,0.0012957500293850899,,,,
nhanes_real,1,132,REVISE,True,0.007222709013149142,1.0,1.0,9.67196273803711,-7.269399720289494
nhanes_real,1,133,DiCE,True,0.001156417012680322,1.0,1.0,2.1417794227600098,-14.787596005881703
nhanes_real,1,133,FACE,True,0.09058016701601446,1.0,1.0,7.412416934967041,-7.731790555290967
nhanes_real,1,133,GrowingSpheres,True,0.0004920829669572413,1.0,1.0,2.0779650960348586,-15.348472490472789
nhanes_real,1,133,REVISE,True,0.002484540978912264,1.0,1.0,11.102095603942871,-6.655750568391387
nhanes_real,1,135,DiCE,False,0.015247332979924977,,,,
nhanes_real,1,135,FACE,True,0.09155945800011978,1.0,1.0,1.6847246885299683,-7.027269769003139
nhanes_real,1,135,GrowingSpheres,True,0.0007075830362737179,1.0,1.0,3.5934715414838694,-8.786316869566207
nhanes_real,1,135,REVISE,True,0.008386374975088984,1.0,1.0,4.464090347290039,-6.569147529134915
nhanes_real,1,137,DiCE,False,0.014968875038903207,,,,
nhanes_real,1,137,FACE,True,0.09113645897014067,1.0,1.0,7.4075422286987305,-7.731790555290967
nhanes_real,1,137,GrowingSpheres,True,0.0010346669587306678,1.0,1.0,3.0465484735238677,-10.75493459860349
nhanes_real,1,137,REVISE,True,0.007961459050420672,1.0,1.0,10.932449340820312,-6.180852251469032
nhanes_real,1,138,DiCE,True,0.0007149169687181711,1.0,1.0,1.665177583694458,-8.577502674719796
nhanes_real,1,138,FACE,True,0.0906666669761762,1.0,1.0,4.745227336883545,-6.747579774520379
nhanes_real,1,138,GrowingSpheres,True,0.00032058299984782934,1.0,1.0,1.834699486630905,-8.151206590675567
nhanes_real,1,138,REVISE,True,0.0028952909633517265,1.0,1.0,6.0249128341674805,-6.199698748849462
nhanes_real,1,142,DiCE,False,0.014914875035174191,,,,
nhanes_real,1,142,FACE,True,0.08995787502499297,1.0,1.0,8.177592277526855,-7.124106538412773
nhanes_real,1,142,GrowingSpheres,True,0.0006327909650281072,1.0,1.0,2.413724329694907,-13.589045512073668
nhanes_real,1,142,REVISE,True,0.005253083014395088,1.0,1.0,11.427071571350098,-6.172961699773625
nhanes_real,1,146,DiCE,True,0.0005996669642627239,1.0,1.0,1.5281732082366943,-6.614374116741864
nhanes_real,1,146,FACE,True,0.09061716595897451,1.0,1.0,1.0827651023864746,-6.749392599038163
nhanes_real,1,146,GrowingSpheres,True,0.0002696249866858125,1.0,1.0,0.980882711892951,-6.574336914336453
nhanes_real,1,146,REVISE,True,0.0034317499957978725,1.0,1.0,3.7678537368774414,-6.067903884400524
nhanes_real,1,147,DiCE,True,0.0015352920163422823,1.0,1.0,2.956498146057129,-7.82796069558084
nhanes_real,1,147,FACE,True,0.09093591599958017,1.0,1.0,6.673848628997803,-7.861991263124208
nhanes_real,1,147,GrowingSpheres,True,0.0005069170147180557,1.0,1.0,2.5287570283695446,-7.697287446749543
nhanes_real,1,147,REVISE,True,0.0010315419640392065,1.0,1.0,6.339631080627441,-6.389726310732513
nhanes_real,1,150,DiCE,True,0.0010186670115217566,1.0,1.0,2.7630062103271484,-8.834408795091951
nhanes_real,1,150,FACE,True,0.0907043750048615,1.0,1.0,5.0109124183654785,-7.553358193383058
nhanes_real,1,150,GrowingSpheres,True,0.00041741703171283007,1.0,1.0,3.144607817654909,-9.54948424953454
nhanes_real,1,150,REVISE,True,0.0005790000432170928,1.0,1.0,4.992732048034668,-6.990519295366591
nhanes_real,1,153,DiCE,True,0.0005673749838024378,1.0,1.0,1.2519264221191406,-10.699635087545662
nhanes_real,1,153,FACE,True,0.09068766597192734,1.0,1.0,4.872544765472412,-8.398360585489092
nhanes_real,1,153,GrowingSpheres,True,0.00026004196843132377,1.0,1.0,1.6329224411821524,-10.320744525146107
nhanes_real,1,153,REVISE,True,0.0014574590022675693,1.0,1.0,5.983136177062988,-7.9622388739879755
nhanes_real,1,156,DiCE,True,0.0007095419568940997,1.0,1.0,2.0656588077545166,-10.81055927234135
nhanes_real,1,156,FACE,True,0.09044037503190339,1.0,1.0,5.888424873352051,-9.555826287954194
nhanes_real,1,156,GrowingSpheres,True,0.00036150001687929034,1.0,1.0,1.607172386413239,-10.848716364634258
nhanes_real,1,156,REVISE,True,0.0006450419896282256,1.0,1.0,7.8884735107421875,-7.630396810559095
nhanes_real,1,158,DiCE,True,0.0009583749924786389,1.0,1.0,1.9008076190948486,-6.4515489592208315
nhanes_real,1,158,FACE,True,0.09088516602059826,1.0,1.0,3.5200634002685547,-6.419010560466342
nhanes_real,1,158,GrowingSpheres,True,0.0003077500150538981,1.0,1.0,0.4190556352455772,-6.806902172924657
nhanes_real,1,158,REVISE,True,0.0006218330236151814,1.0,1.0,2.8117575645446777,-6.220726165502375
nhanes_real,1,159,DiCE,False,0.015026792010758072,,,,
nhanes_real,1,159,FACE,True,0.09078508400125429,1.0,1.0,5.978412628173828,-8.4418067487537
nhanes_real,1,159,GrowingSpheres,True,0.0009539159946143627,1.0,1.0,5.193407280745835,-12.884764586829608
nhanes_real,1,159,REVISE,True,0.007707584009040147,1.0,1.0,8.688811302185059,-6.231751467757276
nhanes_real,1,160,DiCE,True,0.00089366699103266,1.0,1.0,1.9937970638275146,-6.916444820028174
nhanes_real,1,160,FACE,True,0.09025787498103455,1.0,1.0,1.9409986734390259,-6.679996854110941
nhanes_real,1,160,GrowingSpheres,True,0.0003457089769653976,1.0,1.0,2.0527906301498344,-7.168656417170304
nhanes_real,1,160,REVISE,True,0.0044216669630259275,1.0,1.0,3.39408540725708,-6.0483325861607256
nhanes_real,1,162,DiCE,False,0.015026999986730516,,,,
nhanes_real,1,162,FACE,True,0.09112987498519942,1.0,1.0,8.0465087890625,-7.395381860578528
nhanes_real,1,162,GrowingSpheres,True,0.0008241249597631395,1.0,1.0,5.951174640529183,-13.236846716039695
nhanes_real,1,162,REVISE,True,0.00555599998915568,1.0,1.0,5.25785493850708,-8.592806523679954
nhanes_real,1,165,DiCE,False,0.015412250009831041,,,,
nhanes_real,1,165,FACE,True,0.09080141701269895,1.0,1.0,7.099161148071289,-7.557821101765365
nhanes_real,1,165,GrowingSpheres,True,0.0011790000135079026,1.0,1.0,7.958752680769546,-12.36696251186622
nhanes_real,1,165,REVISE,True,0.01277149998350069,1.0,1.0,8.266867637634277,-6.414669429615834
nhanes_real,1,167,DiCE,False,0.014924707997124642,,,,
nhanes_real,1,167,FACE,True,0.09070325002539903,1.0,1.0,6.023797512054443,-6.9299743603194255
nhanes_real,1,167,GrowingSpheres,True,0.0008329579723067582,1.0,1.0,5.952519747528006,-8.24693683598153
nhanes_real,1,167,REVISE,True,0.008382916043046862,1.0,1.0,4.159214496612549,-6.866580717667335
nhanes_real,1,168,DiCE,False,0.015113041969016194,,,,
nhanes_real,1,168,FACE,True,0.090598292008508,1.0,1.0,13.569486618041992,-8.858868679627241
nhanes_real,1,168,GrowingSpheres,True,0.0008464579586870968,1.0,1.0,4.449967288722236,-12.3334065703134
nhanes_real,1,168,REVISE,True,0.011202167021110654,1.0,1.0,14.699308395385742,-9.57375120129058
nhanes_real,1,170,DiCE,True,0.001810166984796524,1.0,1.0,2.780254364013672,-6.683341928155265
nhanes_real,1,170,FACE,True,0.09081241703825071,1.0,1.0,2.8501901626586914,-6.820244314925207
nhanes_real,1,170,GrowingSpheres,True,0.0005477499798871577,1.0,1.0,1.5680480249589785,-6.633978843868932
nhanes_real,1,170,REVISE,True,0.0032052500173449516,1.0,1.0,3.1796743869781494,-6.1473013046607825
nhanes_real,1,175,DiCE,False,0.015280541032552719,,,,
nhanes_real,1,175,FACE,True,0.09464399999706075,1.0,1.0,2.406573534011841,-6.330305366058843
nhanes_real,1,175,GrowingSpheres,True,0.0007051249849610031,1.0,1.0,2.817494576214137,-7.020852353908772
nhanes_real,1,175,REVISE,True,0.011532749980688095,1.0,1.0,3.6996021270751953,-6.187023870723158
nhanes_real,1,177,DiCE,True,0.0009455829858779907,1.0,1.0,1.796264886856079,-6.90110004300398
nhanes_real,1,177,FACE,True,0.0919477500137873,0.0,1.0,4.483565330505371,-6.820244314925207
nhanes_real,1,177,GrowingSpheres,True,0.0003626249963417649,1.0,1.0,1.5660234108785727,-6.964569126187584
nhanes_real,1,177,REVISE,True,0.00062654196517542,1.0,1.0,3.1678004264831543,-6.567490586243846
nhanes_real,1,180,DiCE,True,0.001473833981435746,1.0,1.0,2.7010207176208496,-8.142667422091966
nhanes_real,1,180,FACE,True,0.09166820801328868,1.0,1.0,3.378741979598999,-7.861783960915255
nhanes_real,1,180,GrowingSpheres,True,0.0004709589993581176,1.0,1.0,1.8416687662554558,-7.98068773954456
nhanes_real,1,180,REVISE,True,0.0011095000081695616,1.0,1.0,7.5471720695495605,-6.242136455340946
nhanes_real,1,185,DiCE,False,0.015155208006035537,,,,
nhanes_real,1,185,FACE,True,0.09038574999431148,1.0,1.0,5.9756574630737305,-9.400829817593376
nhanes_real,1,185,GrowingSpheres,True,0.0007245420129038393,1.0,1.0,3.8044967420496163,-8.938447251760735
nhanes_real,1,185,REVISE,True,0.012499833013862371,1.0,1.0,4.788969993591309,-7.1871442824742795
nhanes_real,1,190,DiCE,True,0.0014934579958207905,1.0,1.0,2.735128402709961,-12.635352023369034
nhanes_real,1,190,FACE,True,0.09090408397605643,1.0,1.0,6.720460414886475,-8.571125675299829
nhanes_real,1,190,GrowingSpheres,True,0.0005573329981416464,1.0,1.0,2.410855781548281,-11.105365549652422
nhanes_real,1,190,REVISE,True,0.00868037500185892,1.0,1.0,7.172344207763672,-7.342399815704968
nhanes_real,1,191,DiCE,True,0.0007158330408856273,1.0,1.0,1.4336135387420654,-9.80812505073672
nhanes_real,1,191,FACE,True,0.09056074998807162,0.0,0.0,5.779154300689697,-9.032120347685826
nhanes_real,1,191,GrowingSpheres,True,0.0002145830076187849,1.0,1.0,1.0578803957674965,-9.80168126737432
nhanes_real,1,191,REVISE,True,0.0005831249873153865,1.0,1.0,8.451679229736328,-7.530958726096163
nhanes_real,1,193,DiCE,True,0.0008862080285325646,1.0,1.0,2.3139286041259766,-15.908779547276133
nhanes_real,1,193,FACE,True,0.09082874999148771,1.0,1.0,9.59882640838623,-9.757325691449754
nhanes_real,1,193,GrowingSpheres,True,0.00039245898369699717,1.0,1.0,2.463073686312003,-15.690515514583918
nhanes_real,1,193,REVISE,True,0.0024851670023053885,1.0,1.0,6.988527297973633,-11.352788779120148
nhanes_real,1,194,DiCE,False,0.015524790971539915,,,,
nhanes_real,1,194,FACE,True,0.09062208299292251,1.0,1.0,3.6927385330200195,-9.162006836658351
nhanes_real,1,194,GrowingSpheres,True,0.0007662499556317925,1.0,1.0,3.38296529210487,-8.397008185244353
nhanes_real,1,194,REVISE,True,0.005502791958861053,1.0,1.0,7.908271789550781,-6.598076853960983
nhanes_real,1,198,DiCE,True,0.0011577080003917217,1.0,1.0,2.8671646118164062,-18.400926381438573
nhanes_real,1,198,FACE,True,0.0904184160172008,1.0,1.0,13.71737289428711,-9.645439116271755
nhanes_real,1,198,GrowingSpheres,True,0.00038608297472819686,1.0,1.0,1.4572264293703556,-20.302898576956906
nhanes_real,1,198,REVISE,True,0.00607599999057129,1.0,1.0,11.019746780395508,-10.48078195630806
nhanes_real,1,200,DiCE,True,0.0011945830192416906,1.0,1.0,2.133209705352783,-6.441846780364145
nhanes_real,1,200,FACE,True,0.09143854101421311,1.0,1.0,1.5425100326538086,-6.632591878202185
nhanes_real,1,200,GrowingSpheres,True,0.00043758400715887547,1.0,1.0,2.3235179556881747,-6.3141472667264305
nhanes_real,1,200,REVISE,True,0.0012203329824842513,1.0,1.0,2.633240222930908,-6.105898552877684
nhanes_real,1,203,DiCE,True,0.0019602919928729534,1.0,1.0,2.677375555038452,-9.03841933225044
nhanes_real,1,203,FACE,True,0.10363083297852427,1.0,1.0,3.514270782470703,-7.027269769003139
nhanes_real,1,203,GrowingSpheres,True,0.0006456659757532179,1.0,1.0,4.1651906050155585,-9.72893411665138
nhanes_real,1,203,REVISE,True,0.004863708978518844,1.0,1.0,5.868912220001221,-6.725087772835168
nhanes_real,1,204,DiCE,False,0.014655124978162348,,,,
nhanes_real,1,204,FACE,True,0.09111716703046113,1.0,1.0,5.399824142456055,-6.683433360734899
nhanes_real,1,204,GrowingSpheres,True,0.001001249998807907,1.0,1.0,6.004000398950644,-8.183506737157172
nhanes_real,1,204,REVISE,True,0.006952541996724904,1.0,1.0,5.952418327331543,-6.455791386407077
nhanes_real,1,206,DiCE,True,0.0020917090005241334,1.0,1.0,2.235706329345703,-9.534040429499962
nhanes_real,1,206,FACE,True,0.09012937505031005,1.0,1.0,4.014046669006348,-7.249009983410144
nhanes_real,1,206,GrowingSpheres,True,0.0006186249665915966,1.0,1.0,2.2946934508071575,-10.774135897459496
nhanes_real,1,206,REVISE,True,0.011387000035028905,1.0,1.0,3.587282419204712,-6.75475396739248
nhanes_real,1,207,DiCE,False,0.014931583951693028,,,,
nhanes_real,1,207,FACE,True,0.0912052919738926,1.0,1.0,4.15141487121582,-9.162006836658351
nhanes_real,1,207,GrowingSpheres,True,0.0009066249476745725,1.0,1.0,6.863144700624122,-11.694831533829072
nhanes_real,1,207,REVISE,True,0.005636834015604109,1.0,1.0,11.132529258728027,-6.545658665494585
nhanes_real,1,208,DiCE,True,0.00195966602768749,1.0,1.0,2.6270618438720703,-6.731598452349033
nhanes_real,1,208,FACE,True,0.09132658399175853,1.0,1.0,3.074012279510498,-6.652701309931327
nhanes_real,1,208,GrowingSpheres,True,0.0007817079895175993,1.0,1.0,2.532121387822472,-6.229434680885282
nhanes_real,1,208,REVISE,True,0.004501166986301541,1.0,1.0,3.703974485397339,-6.237293607171168
nhanes_real,1,211,DiCE,True,0.0013730830396525562,1.0,1.0,2.6356418132781982,-7.356284309050752
nhanes_real,1,211,FACE,True,0.0947489170357585,1.0,1.0,1.7055883407592773,-7.739602770974468
nhanes_real,1,211,GrowingSpheres,True,0.0005067079910077155,1.0,1.0,1.3837146068389452,-6.986846706749981
nhanes_real,1,211,REVISE,True,0.000893999997060746,1.0,1.0,3.4718189239501953,-6.319045674847199
nhanes_real,1,215,DiCE,True,0.0010179579840041697,1.0,1.0,1.7076798677444458,-7.327942358511564
nhanes_real,1,215,FACE,True,0.09416670800419524,1.0,1.0,2.008526086807251,-6.764716892912465
nhanes_real,1,215,GrowingSpheres,True,0.00037933397106826305,1.0,1.0,1.6297949989347242,-6.7693059441909496
nhanes_real,1,215,REVISE,True,0.0020887499558739364,1.0,1.0,3.684549570083618,-6.094043016584379
nhanes_real,1,223,DiCE,True,0.0011584580061025918,1.0,1.0,3.066481828689575,-8.995357338411917
nhanes_real,1,223,FACE,True,0.09040883299894631,1.0,1.0,4.6205620765686035,-7.982800914968083
nhanes_real,1,223,GrowingSpheres,True,0.0005471250042319298,1.0,1.0,3.1194881339898193,-8.589053323616112
nhanes_real,1,223,REVISE,True,0.0006298749940469861,1.0,1.0,5.0382513999938965,-7.566064762990504
nhanes_real,1,224,DiCE,True,0.0015889159985817969,1.0,1.0,2.6224050521850586,-8.856432433588948
nhanes_real,1,224,FACE,True,0.09025449998443946,1.0,1.0,2.8405706882476807,-9.3551800936516
nhanes_real,1,224,GrowingSpheres,True,0.000470208004117012,1.0,1.0,1.7836178121377713,-9.049302677268056
nhanes_real,1,224,REVISE,True,0.0020120409899391234,1.0,1.0,8.079022407531738,-6.368969117902276
nhanes_real,1,225,DiCE,True,0.0007348329527303576,1.0,1.0,2.0186729431152344,-9.33805962066441
nhanes_real,1,225,FACE,True,0.09033187496243045,0.0,1.0,8.233325004577637,-6.5116036462580364
nhanes_real,1,225,GrowingSpheres,True,0.0003812920185737312,1.0,1.0,1.8385063347393187,-9.510815448091254
nhanes_real,1,225,REVISE,True,0.0006231669685803354,1.0,1.0,5.7876739501953125,-6.963040539950229
nhanes_real,1,227,DiCE,True,0.0008734160219319165,1.0,1.0,1.844415307044983,-8.538040865420465
nhanes_real,1,227,FACE,True,0.09031449997564778,1.0,1.0,3.8098678588867188,-7.085216796963041
nhanes_real,1,227,GrowingSpheres,True,0.0004314170219004154,1.0,1.0,1.967823360487947,-8.098367803363253
nhanes_real,1,227,REVISE,True,0.00334845797624439,1.0,1.0,6.645448207855225,-6.175247274200186
nhanes_real,1,228,DiCE,True,0.0018497499986551702,1.0,1.0,2.686676502227783,-7.531382343806794
nhanes_real,1,228,FACE,True,0.09126891603227705,1.0,1.0,2.958934783935547,-6.435748557439938
nhanes_real,1,228,GrowingSpheres,True,0.0004939999780617654,1.0,1.0,2.345937930349141,-8.140276115331073
nhanes_real,1,228,REVISE,True,0.002886915986891836,1.0,1.0,4.676107406616211,-6.198881944118487
nhanes_real,1,231,DiCE,False,0.014903000032063574,,,,
nhanes_real,1,231,FACE,True,0.09033733402611688,1.0,1.0,5.846892833709717,-8.169596490834492
nhanes_real,1,231,GrowingSpheres,True,0.0008746669627726078,1.0,1.0,4.903774468109114,-9.092949180778929
nhanes_real,1,231,REVISE,True,0.00382179202279076,1.0,1.0,7.210456371307373,-7.503274983193791
nhanes_real,1,236,DiCE,True,0.0017202500021085143,1.0,1.0,2.6562094688415527,-7.8203355387494256
nhanes_real,1,236,FACE,True,0.09058791602728888,1.0,1.0,2.599578380584717,-6.515551762015644
nhanes_real,1,236,GrowingSpheres,True,0.0005037919618189335,1.0,1.0,2.051551414797055,-8.030102855937049
nhanes_real,1,236,REVISE,True,0.010651499964296818,1.0,1.0,2.6360673904418945,-6.460709316064477
nhanes_real,1,237,DiCE,True,0.0009111660183407366,1.0,1.0,1.5835365056991577,-9.72810872633751
nhanes_real,1,237,FACE,True,0.09088062500813976,0.0,1.0,3.3604018688201904,-8.65813701134449
nhanes_real,1,237,GrowingSpheres,True,0.00031404197216033936,1.0,1.0,1.4014183164537057,-10.123910694424662
nhanes_real,1,237,REVISE,True,0.002717208000831306,1.0,1.0,8.318717002868652,-7.538771458907967
nhanes_real,1,238,DiCE,True,0.0016087919939309359,1.0,1.0,3.4622230529785156,-14.004570324640369
nhanes_real,1,238,FACE,True,0.09056862501893193,1.0,1.0,10.001527786254883,-9.609267843409757
nhanes_real,1,238,GrowingSpheres,True,0.0006407919572666287,1.0,1.0,4.118222861354902,-14.056065119831889
nhanes_real,1,238,REVISE,True,0.0020126670133322477,1.0,1.0,8.52120304107666,-9.99786776535601
nhanes_real,1,240,DiCE,True,0.0005719999899156392,1.0,1.0,1.2788963317871094,-8.528861090268098
nhanes_real,1,240,FACE,True,0.09058175003156066,0.0,1.0,4.413331508636475,-7.002842544330626
nhanes_real,1,240,GrowingSpheres,True,0.00020925002172589302,1.0,1.0,0.9878812174841962,-8.239322247025102
nhanes_real,1,240,REVISE,True,0.003501500003039837,1.0,1.0,7.668132781982422,-6.1404086560718625
nhanes_real,1,242,DiCE,False,0.015122500015422702,,,,
nhanes_real,1,242,FACE,True,0.09094408300006762,1.0,1.0,6.071172714233398,-7.378481148167687
nhanes_real,1,242,GrowingSpheres,True,0.0012289579608477652,1.0,1.0,9.916723615877777,-14.08109987944465
nhanes_real,1,242,REVISE,False,0.04323949996614829,,,,
nhanes_real,1,245,DiCE,True,0.0018500000005587935,1.0,1.0,2.837101936340332,-7.593138468957624
nhanes_real,1,245,FACE,True,0.09059083298780024,1.0,1.0,4.026165008544922,-7.081346315459692
nhanes_real,1,245,GrowingSpheres,True,0.0005419160006567836,1.0,1.0,3.637882679119855,-7.653237894912557
nhanes_real,1,245,REVISE,True,0.003518874989822507,1.0,1.0,4.205699920654297,-6.219147572920578
nhanes_real,1,246,DiCE,False,0.015217916981782764,,,,
nhanes_real,1,246,FACE,True,0.09100508299889043,1.0,1.0,7.868529319763184,-7.027269769003139
nhanes_real,1,246,GrowingSpheres,True,0.0009104160126298666,1.0,1.0,4.885308036408549,-11.33140674310529
nhanes_real,1,246,REVISE,True,0.006023874972015619,1.0,1.0,10.030074119567871,-6.7692191117783995
nhanes_real,1,247,DiCE,True,0.0019636249635368586,1.0,1.0,2.399848699569702,-6.835628357042058
nhanes_real,1,247,FACE,True,0.1516400419641286,1.0,1.0,3.4071075916290283,-6.8918121778909915
nhanes_real,1,247,GrowingSpheres,True,0.0007258749683387578,1.0,1.0,3.4452594027203975,-7.583894209170207
nhanes_real,1,247,REVISE,True,0.0033227920066565275,1.0,1.0,2.326799154281616,-6.17001725822437
nhanes_real,1,248,DiCE,False,0.015540084044914693,,,,
nhanes_real,1,248,FACE,True,0.0922180829802528,1.0,1.0,1.734792709350586,-6.632591878202185
nhanes_real,1,248,GrowingSpheres,True,0.0006114999996498227,1.0,1.0,2.3906370757023176,-6.865653460554481
nhanes_real,1,248,REVISE,True,0.0071471669944003224,1.0,1.0,5.086938381195068,-6.319442484807325
nhanes_real,1,249,DiCE,False,0.014530832995660603,,,,
nhanes_real,1,249,FACE,True,0.09095179103314877,1.0,1.0,2.4959475994110107,-6.435748557439938
nhanes_real,1,249,GrowingSpheres,True,0.0007301250007003546,1.0,1.0,3.3201473338160405,-6.6197328032236245
nhanes_real,1,249,REVISE,True,0.007686291995923966,1.0,1.0,2.7009541988372803,-6.216004183758745
nhanes_real,1,252,DiCE,False,0.015242832945659757,,,,
nhanes_real,1,252,FACE,True,0.08965024998178706,1.0,1.0,3.7353744506835938,-6.683433360734899
nhanes_real,1,252,GrowingSpheres,True,0.0006198330083861947,1.0,1.0,4.168572300059329,-9.727241522031301
nhanes_real,1,252,REVISE,True,0.010806666978169233,1.0,1.0,2.7907333374023438,-6.7552374907836725
nhanes_real,1,254,DiCE,False,0.014820915996097028,,,,
nhanes_real,1,254,FACE,True,0.09043491701595485,1.0,1.0,3.9289159774780273,-6.349078984351635
nhanes_real,1,254,GrowingSpheres,True,0.0007063749944791198,1.0,1.0,2.2521208293002903,-9.837518406707405
nhanes_real,1,254,REVISE,True,0.01090137503342703,1.0,1.0,5.21165657043457,-6.180397218428595
nhanes_real,1,255,DiCE,False,0.016302832984365523,,,,
nhanes_real,1,255,FACE,True,0.09131291700759903,1.0,1.0,8.063553810119629,-9.58182460561573
nhanes_real,1,255,GrowingSpheres,True,0.0010570839513093233,1.0,1.0,4.712634790170448,-11.255333388567514
nhanes_real,1,255,REVISE,True,0.009605749975889921,1.0,1.0,11.758517265319824,-7.161703537643509
nhanes_real,1,256,DiCE,False,0.014559499977622181,,,,
nhanes_real,1,256,FACE,True,0.09068554098485038,1.0,1.0,5.482276439666748,-6.8918121778909915
nhanes_real,1,256,GrowingSpheres,True,0.001100666995625943,1.0,1.0,4.50962198051203,-9.9669755785829
nhanes_real,1,256,REVISE,True,0.01110679202247411,1.0,1.0,4.5221991539001465,-6.126742777510561
nhanes_real,1,259,DiCE,True,0.0015162499621510506,1.0,1.0,3.380624294281006,-9.439503062752166
nhanes_real,1,259,FACE,True,0.09117750002769753,1.0,1.0,5.316664218902588,-8.16390615677796
nhanes_real,1,259,GrowingSpheres,True,0.0005150829674676061,1.0,1.0,2.74205512945397,-10.024657864810932
nhanes_real,1,259,REVISE,True,0.0014183750026859343,1.0,1.0,5.720367431640625,-7.501211069275223
nhanes_real,1,260,DiCE,False,0.01450779102742672,,,,
nhanes_real,1,260,FACE,True,0.09066804201574996,1.0,1.0,9.32027530670166,-8.44799732449703
nhanes_real,1,260,GrowingSpheres,True,0.0010273749940097332,1.0,1.0,3.7774970166656057,-13.711465821299722
nhanes_real,1,260,REVISE,True,0.01748237496940419,1.0,1.0,9.390198707580566,-7.779590227820179
nhanes_real,1,261,DiCE,False,0.014512291003484279,,,,
nhanes_real,1,261,FACE,True,0.0902195000089705,1.0,1.0,6.742062568664551,-6.43400671092491
nhanes_real,1,261,GrowingSpheres,True,0.0012202920042909682,1.0,1.0,8.185533079833206,-8.506068170373583
nhanes_real,1,261,REVISE,False,0.04305370897054672,,,,
nhanes_real,1,267,DiCE,True,0.0011364159872755408,1.0,1.0,2.067746162414551,-7.78057920891789
nhanes_real,1,267,FACE,True,0.0900984579930082,1.0,1.0,3.508066415786743,-6.764716892912465
nhanes_real,1,267,GrowingSpheres,True,0.00041812501149252057,1.0,1.0,2.5590403439470673,-8.05464092587028
nhanes_real,1,267,REVISE,True,0.0032879580394364893,1.0,1.0,2.0084476470947266,-6.3516548046825525
nhanes_real,1,268,DiCE,True,0.0018665840034373105,1.0,1.0,3.1062891483306885,-8.41228628569954
nhanes_real,1,268,FACE,True,0.09115870803361759,1.0,1.0,5.648024559020996,-8.229758444284878
nhanes_real,1,268,GrowingSpheres,True,0.0007434579893015325,1.0,1.0,5.28923719895521,-9.929819454954183
nhanes_real,1,268,REVISE,True,0.002492500003427267,1.0,1.0,5.209812164306641,-7.461421353860835
nhanes_real,1,270,DiCE,True,0.0007994589977897704,1.0,1.0,1.3238259553909302,-7.704678704000875
nhanes_real,1,270,FACE,True,0.09350529202492908,1.0,1.0,1.9370851516723633,-6.9840802436939775
nhanes_real,1,270,GrowingSpheres,True,0.00042808300349861383,1.0,1.0,1.3854702551651028,-8.265101125686577
nhanes_real,1,270,REVISE,True,0.0008454159833490849,1.0,1.0,6.031015396118164,-6.046562769342209
nhanes_real,1,273,DiCE,False,0.01725899998564273,,,,
nhanes_real,1,273,FACE,True,0.09991375001845881,1.0,1.0,3.925686836242676,-7.292767291851225
nhanes_real,1,273,GrowingSpheres,True,0.0008340000058524311,1.0,1.0,4.636938155876123,-11.478334992365667
nhanes_real,1,273,REVISE,True,0.009241666994057596,1.0,1.0,5.338323593139648,-6.57095216581979
nhanes_real,1,274,DiCE,True,0.0009307500440627337,1.0,1.0,1.1804271936416626,-6.968096946555212
nhanes_real,1,274,FACE,True,0.09556945896474645,1.0,1.0,3.1368613243103027,-6.9299743603194255
nhanes_real,1,274,GrowingSpheres,True,0.0003315000212751329,1.0,1.0,1.2961510412523212,-7.295658093716348
nhanes_real,1,274,REVISE,True,0.0007211670163087547,1.0,1.0,2.6863045692443848,-6.139486027100753
nhanes_real,1,275,DiCE,False,0.01479770801961422,,,,
nhanes_real,1,275,FACE,True,0.0908380420296453,1.0,1.0,4.673178672790527,-7.471227416632502
nhanes_real,1,275,GrowingSpheres,True,0.0007074580062180758,1.0,1.0,2.698695722594249,-10.256996030509061
nhanes_real,1,275,REVISE,True,0.012024750001728535,1.0,1.0,5.639181613922119,-6.461530093273714
nhanes_real,1,277,DiCE,False,0.015535207989159971,,,,
nhanes_real,1,277,FACE,True,0.0909694170113653,1.0,1.0,7.593325614929199,-6.4673318630256365
nhanes_real,1,277,GrowingSpheres,True,0.0008207500213757157,1.0,1.0,3.4590796253016847,-8.492444708289469
nhanes_real,1,277,REVISE,True,0.011225207999814302,1.0,1.0,9.400928497314453,-6.500768016487182
nhanes_real,1,278,DiCE,False,0.01535100000910461,,,,
nhanes_real,1,278,FACE,True,0.09062258299672976,1.0,1.0,4.872779846191406,-6.743403921258908
nhanes_real,1,278,GrowingSpheres,True,0.0007421250338666141,1.0,1.0,3.237861529377048,-12.013129623259509
nhanes_real,1,278,REVISE,True,0.01385279098758474,1.0,1.0,4.815473556518555,-6.446426565903362
nhanes_real,1,280,DiCE,True,0.0005708750104531646,1.0,1.0,0.9718020558357239,-6.351165091406278
nhanes_real,1,280,FACE,True,0.09097933297744021,1.0,1.0,0.8512952327728271,-6.3002985860638505
nhanes_real,1,280,GrowingSpheres,True,0.0003215000033378601,1.0,1.0,1.4729814729505242,-6.332420975513488
nhanes_real,1,280,REVISE,True,0.0006647920235991478,1.0,1.0,2.2901439666748047,-6.018773657026641
nhanes_real,1,281,DiCE,True,0.0010436250013299286,1.0,1.0,2.979417562484741,-8.266487445512062
nhanes_real,1,281,FACE,True,0.09083475003717467,1.0,1.0,3.0200705528259277,-7.557821101765365
nhanes_real,1,281,GrowingSpheres,True,0.0004587500006891787,1.0,1.0,1.0765286818157984,-9.101493283194543
nhanes_real,1,281,REVISE,True,0.005708749988116324,1.0,1.0,5.1539154052734375,-6.975315343471058
nhanes_real,1,283,DiCE,True,0.0006912079988978803,1.0,1.0,1.974838137626648,-10.424688388363466
nhanes_real,1,283,FACE,True,0.09136158303590491,1.0,1.0,3.615401029586792,-9.686565687408354
nhanes_real,1,283,GrowingSpheres,True,0.0003106250078417361,1.0,1.0,0.8958035770537247,-10.744059579985525
nhanes_real,1,283,REVISE,True,0.0006647499976679683,1.0,1.0,6.253732681274414,-9.477716992886982
nhanes_real,1,285,DiCE,False,0.014716833014972508,,,,
nhanes_real,1,285,FACE,True,0.09063979104394093,1.0,1.0,3.480299472808838,-8.65813701134449
nhanes_real,1,285,GrowingSpheres,True,0.0009857919649221003,1.0,1.0,7.517862478073528,-8.730194820165838
nhanes_real,1,285,REVISE,True,0.008219084003940225,1.0,1.0,9.564091682434082,-8.301313561016967
nhanes_real,1,287,DiCE,False,0.01490779098821804,,,,
nhanes_real,1,287,FACE,True,0.09071720798965544,1.0,1.0,5.104328632354736,-6.328357715265396
nhanes_real,1,287,GrowingSpheres,True,0.0011493330239318311,1.0,1.0,4.4201204642727685,-8.358915510178814
nhanes_real,1,287,REVISE,True,0.00966229202458635,1.0,1.0,6.652019023895264,-6.405722975686283
nhanes_real,1,291,DiCE,False,0.014836333051789552,,,,
nhanes_real,1,291,FACE,True,0.09232816699659452,1.0,1.0,3.246990919113159,-7.056577010354226
nhanes_real,1,291,GrowingSpheres,True,0.0007196249789558351,1.0,1.0,4.01339653279072,-8.762278198615746
nhanes_real,1,291,REVISE,True,0.0075008750427514315,1.0,1.0,3.4626951217651367,-6.714224193826759
nhanes_real,1,292,DiCE,True,0.0008713330025784671,1.0,1.0,1.9161103963851929,-8.633563036957923
nhanes_real,1,292,FACE,True,0.09665237501030788,1.0,1.0,2.8165173530578613,-8.023752779437558
nhanes_real,1,292,GrowingSpheres,True,0.00041137501830235124,1.0,1.0,2.6389164029828924,-8.879155426862829
nhanes_real,1,292,REVISE,True,0.0007371249957941473,1.0,1.0,5.0318098068237305,-7.016096476418237
nhanes_real,1,293,DiCE,False,0.015032416966278106,,,,
nhanes_real,1,293,FACE,True,0.09098820795770735,1.0,1.0,3.611419439315796,-6.761153340777625
nhanes_real,1,293,GrowingSpheres,True,0.0007761670276522636,1.0,1.0,5.017035622222947,-12.253139996004196
nhanes_real,1,293,REVISE,True,0.007407416997011751,1.0,1.0,4.346072196960449,-7.11074535804123
nhanes_real,1,294,DiCE,True,0.0016456670127809048,1.0,1.0,3.906048059463501,-11.460096681590837
nhanes_real,1,294,FACE,True,0.09139487496577203,1.0,1.0,6.054173946380615,-9.668497036820712
nhanes_real,1,294,GrowingSpheres,True,0.0006542499759234488,1.0,1.0,2.7352656086756983,-12.20469447134441
nhanes_real,1,294,REVISE,True,0.003033457964193076,1.0,1.0,8.836406707763672,-8.95021571937689
nhanes_real,1,296,DiCE,True,0.0012337079970166087,1.0,1.0,3.084613084793091,-8.335073249928218
nhanes_real,1,296,FACE,True,0.09088854200672358,1.0,1.0,3.7442147731781006,-7.190315887356533
nhanes_real,1,296,GrowingSpheres,True,0.0004835420404560864,1.0,1.0,1.9387464184148202,-8.34651217958201
nhanes_real,1,296,REVISE,True,0.0006977919838391244,1.0,1.0,5.131213188171387,-6.608889293428662
nhanes_real,1,297,DiCE,True,0.0007517909980379045,1.0,1.0,1.7931283712387085,-7.835236052983615
nhanes_real,1,297,FACE,True,0.09070225001778454,1.0,1.0,3.192427158355713,-7.877812624526247
nhanes_real,1,297,GrowingSpheres,True,0.0002715829759836197,1.0,1.0,1.216649132216753,-8.313884738855132
nhanes_real,1,297,REVISE,True,0.0005952499923296273,1.0,1.0,7.656230926513672,-6.016689065362391
nhanes_real,1,299,DiCE,True,0.0013305830070748925,1.0,1.0,2.797269344329834,-7.558333493508195
nhanes_real,1,299,FACE,True,0.09085245802998543,1.0,1.0,2.4138553142547607,-6.328357715265396
nhanes_real,1,299,GrowingSpheres,True,0.0005777499754913151,1.0,1.0,2.783291740992712,-8.458617305523344
nhanes_real,1,299,REVISE,True,0.006091457966249436,1.0,1.0,4.776762962341309,-6.338050386132086
nhanes_real,1,300,DiCE,True,0.001887874968815595,1.0,1.0,2.5872926712036133,-6.903319440566264
nhanes_real,1,300,FACE,True,0.09069429099326953,1.0,1.0,3.3003129959106445,-6.652701309931327
nhanes_real,1,300,GrowingSpheres,True,0.0005459579988382757,1.0,1.0,3.4413920720301014,-7.003115017258849
nhanes_real,1,300,REVISE,True,0.0035707500064745545,1.0,1.0,2.4830260276794434,-6.469640006266962
nhanes_real,1,301,DiCE,True,0.0011521250125952065,1.0,1.0,2.851180076599121,-9.409527645455166
nhanes_real,1,301,FACE,True,0.09078050003154203,1.0,1.0,3.6934170722961426,-7.655211073179649
nhanes_real,1,301,GrowingSpheres,True,0.0003451670054346323,1.0,1.0,1.450116584145967,-8.771011567508356
nhanes_real,1,301,REVISE,True,0.004033958015497774,1.0,1.0,7.284624099731445,-6.319749408619582
nhanes_real,1,303,DiCE,True,0.0011460420209914446,1.0,1.0,1.7596189975738525,-6.603591059112107
nhanes_real,1,303,FACE,True,0.09032266697613522,1.0,1.0,2.072265625,-6.435748557439938
nhanes_real,1,303,GrowingSpheres,True,0.00047795800492167473,1.0,1.0,2.2171227735990757,-6.334469097161486
nhanes_real,1,303,REVISE,True,0.0024726249976083636,1.0,1.0,1.8299829959869385,-6.207693687539029
nhanes_real,1,307,DiCE,True,0.0015103340265341103,1.0,1.0,2.8338403701782227,-11.704538783628248
nhanes_real,1,307,FACE,True,0.09030012495350093,1.0,1.0,5.751758575439453,-8.251299019434562
nhanes_real,1,307,GrowingSpheres,True,0.000563582987524569,1.0,1.0,4.987747205408197,-10.217347560149948
nhanes_real,1,307,REVISE,True,0.0048646250506863,1.0,1.0,8.043889999389648,-7.366627856325508
nhanes_real,1,309,DiCE,False,0.015133416978642344,,,,
nhanes_real,1,309,FACE,True,0.0907219999935478,1.0,1.0,6.396040916442871,-7.990428063368025
nhanes_real,1,309,GrowingSpheres,True,0.0012724580010399222,1.0,1.0,6.884420640060922,-10.820043685100844
nhanes_real,1,309,REVISE,False,0.042553375009447336,,,,
nhanes_real,1,314,DiCE,True,0.0019046670058742166,1.0,1.0,2.1372885704040527,-6.541970316946909
nhanes_real,1,314,FACE,True,0.08992970798863098,1.0,1.0,3.5203135013580322,-6.435748557439938
nhanes_real,1,314,GrowingSpheres,True,0.0005283330101519823,1.0,1.0,2.4993163405686305,-6.279653400679502
nhanes_real,1,314,REVISE,True,0.004733083944302052,1.0,1.0,2.161262273788452,-6.3570839470617875
nhanes_real,1,316,DiCE,True,0.002403708000201732,1.0,1.0,3.0101661682128906,-9.38105648651288
nhanes_real,1,316,FACE,True,0.09158033400308341,1.0,1.0,3.764979362487793,-8.140581558339854
nhanes_real,1,316,GrowingSpheres,True,0.0006625839741900563,1.0,1.0,2.863362783156047,-8.9440123955888
nhanes_real,1,316,REVISE,True,0.0038819589535705745,1.0,1.0,4.338388919830322,-7.478079419643202
nhanes_real,1,317,DiCE,True,0.0005832909955643117,1.0,1.0,1.1693083047866821,-7.329228946511295
nhanes_real,1,317,FACE,True,0.09049941698322073,1.0,1.0,2.915891408920288,-7.8953133350369615
nhanes_real,1,317,GrowingSpheres,True,0.00018779101083055139,1.0,1.0,0.5815676620976404,-7.2007962682772
nhanes_real,1,317,REVISE,True,0.0033642500056885183,1.0,1.0,4.116239547729492,-6.570064902814072
nhanes_real,1,318,DiCE,False,0.01514891698025167,,,,
nhanes_real,1,318,FACE,True,0.09082354098791257,1.0,1.0,4.94868278503418,-9.065088523590973
nhanes_real,1,318,GrowingSpheres,True,0.001019958988763392,1.0,1.0,4.676025463372964,-11.45335982293087
nhanes_real,1,318,REVISE,True,0.007689540972933173,1.0,1.0,8.896051406860352,-6.940203016371417
nhanes_real,1,319,DiCE,True,0.0013327079941518605,1.0,1.0,3.8345298767089844,-14.319366045957443
nhanes_real,1,319,FACE,True,0.09081241698004305,1.0,1.0,6.334982872009277,-9.58182460561573
nhanes_real,1,319,GrowingSpheres,True,0.0004790000384673476,1.0,1.0,2.9534066150924594,-13.480008895272439
nhanes_real,1,319,REVISE,True,0.003986416035331786,1.0,1.0,8.909464836120605,-11.019233643486025
nhanes_real,1,321,DiCE,True,0.0014696249854750931,1.0,1.0,3.5944275856018066,-9.454327670501703
nhanes_real,1,321,FACE,True,0.09011329198256135,1.0,1.0,3.988325595855713,-8.592844821842412
nhanes_real,1,321,GrowingSpheres,True,0.0005489999894052744,1.0,1.0,3.1260822677203355,-10.847838819899728
nhanes_real,1,321,REVISE,True,0.0006216249894350767,1.0,1.0,7.910141944885254,-7.1600246678923245
nhanes_real,1,322,DiCE,False,0.014558249968104064,,,,
nhanes_real,1,322,FACE,True,0.0903458750108257,1.0,1.0,6.246236801147461,-6.43400671092491
nhanes_real,1,322,GrowingSpheres,True,0.0005820410442538559,1.0,1.0,3.113088073146838,-7.022688671452233
nhanes_real,1,322,REVISE,True,0.00441187503747642,1.0,1.0,6.338601112365723,-6.740086479591252
nhanes_real,1,324,DiCE,False,0.015070541994646192,,,,
nhanes_real,1,324,FACE,True,0.09022595797432587,1.0,1.0,4.840049743652344,-7.732613437130075
nhanes_real,1,324,GrowingSpheres,True,0.0009483329486101866,1.0,1.0,7.618857319834054,-11.953096055966217
nhanes_real,1,324,REVISE,True,0.009175707993563265,1.0,1.0,7.114937782287598,-6.259473853312922
nhanes_real,1,325,DiCE,False,0.01507862500147894,,,,
nhanes_real,1,325,FACE,True,0.09079612500499934,1.0,1.0,4.934750556945801,-7.415895120501993
nhanes_real,1,325,GrowingSpheres,True,0.0008051249897107482,1.0,1.0,5.676140701602561,-11.129502113399996
nhanes_real,1,325,REVISE,True,0.008226166013628244,1.0,1.0,3.9132115840911865,-6.704223298442809
nhanes_real,1,332,DiCE,True,0.0011539169936440885,1.0,1.0,2.7335164546966553,-9.331967445632696
nhanes_real,1,332,FACE,True,0.09178658301243559,1.0,1.0,5.783408164978027,-8.802387140523818
nhanes_real,1,332,GrowingSpheres,True,0.00047691597137600183,1.0,1.0,2.108019557207485,-9.537765447478023
nhanes_real,1,332,REVISE,True,0.004766041995026171,1.0,1.0,5.475979804992676,-8.04737902052361
nhanes_real,1,333,DiCE,True,0.0013681250275112689,1.0,1.0,3.11240816116333,-8.744804032837003
nhanes_real,1,333,FACE,True,0.09204941696953028,1.0,1.0,3.919832229614258,-7.978376093812567
nhanes_real,1,333,GrowingSpheres,True,0.0006238329806365073,1.0,1.0,2.286839798638155,-8.413946940781779
nhanes_real,1,333,REVISE,True,0.0011430419981479645,1.0,1.0,2.884230613708496,-7.607574923325709
nhanes_real,1,335,DiCE,False,0.015505124989431351,,,,
nhanes_real,1,335,FACE,True,0.09414579102303833,1.0,1.0,3.196460008621216,-6.9299743603194255
nhanes_real,1,335,GrowingSpheres,True,0.0008521659765392542,1.0,1.0,5.159002208974023,-7.1362122058519954
nhanes_real,1,335,REVISE,True,0.007567749998997897,1.0,1.0,3.0361175537109375,-6.486784606543351
nhanes_real,1,336,DiCE,True,0.00104320899117738,1.0,1.0,1.4500470161437988,-9.793954322773473
nhanes_real,1,336,FACE,True,0.09047379199182615,1.0,1.0,7.74141263961792,-8.576592364698437
nhanes_real,1,336,GrowingSpheres,True,0.0003922500181943178,1.0,1.0,1.5163760176560366,-10.133615651830457
nhanes_real,1,336,REVISE,True,0.0006552500417456031,1.0,1.0,10.167900085449219,-6.40771998668683
nhanes_real,1,337,DiCE,False,0.015099833020940423,,,,
nhanes_real,1,337,FACE,True,0.09140341699821874,1.0,1.0,4.858876705169678,-7.437576837134986
nhanes_real,1,337,GrowingSpheres,True,0.0007498329505324364,1.0,1.0,4.675308254137363,-10.983305429492503
nhanes_real,1,337,REVISE,True,0.009900834003929049,1.0,1.0,7.3269734382629395,-6.184617907678133
nhanes_real,1,338,DiCE,False,0.014674459001980722,,,,
nhanes_real,1,338,FACE,True,0.09058220800943673,1.0,1.0,11.120656967163086,-6.898287320508232
nhanes_real,1,338,GrowingSpheres,True,0.0011065840371884406,1.0,1.0,6.1010873029582395,-14.406351252614119
nhanes_real,1,338,REVISE,True,0.015062500024214387,1.0,1.0,12.439746856689453,-6.39069574356998
nhanes_real,1,339,DiCE,True,0.0012605420197360218,1.0,1.0,1.8476102352142334,-7.233452619059259
nhanes_real,1,339,FACE,True,0.09060825000051409,1.0,1.0,2.9299116134643555,-6.841062544171499
nhanes_real,1,339,GrowingSpheres,True,0.00038420798955485225,1.0,1.0,1.9076754280612964,-7.465385067308096
nhanes_real,1,339,REVISE,True,0.0006293749902397394,1.0,1.0,3.456094741821289,-6.649019423814732
nhanes_real,1,343,DiCE,True,0.00213199999416247,1.0,1.0,3.2372007369995117,-9.987125916167516
nhanes_real,1,343,FACE,True,0.09232679201522842,1.0,1.0,3.478890895843506,-8.11320126692792
nhanes_real,1,343,GrowingSpheres,True,0.0005923339631408453,1.0,1.0,3.402435394585223,-9.265226334769004
nhanes_real,1,343,REVISE,True,0.005222833016887307,1.0,1.0,2.843613862991333,-8.131010620621486
nhanes_real,1,344,DiCE,True,0.0015589160029776394,1.0,1.0,3.740293264389038,-8.660017965038719
nhanes_real,1,344,FACE,True,0.09133825002936646,1.0,1.0,2.0490832328796387,-8.695898647551642
nhanes_real,1,344,GrowingSpheres,True,0.0006739170057699084,1.0,1.0,2.984831122095434,-9.228650550483511
nhanes_real,1,344,REVISE,True,0.000780416012275964,1.0,1.0,6.011098861694336,-6.659319769788901
nhanes_real,1,352,DiCE,True,0.0014357080217450857,1.0,1.0,2.7812306880950928,-9.27785666095291
nhanes_real,1,352,FACE,True,0.0906847080332227,1.0,1.0,3.9719574451446533,-6.8854456877051495
nhanes_real,1,352,GrowingSpheres,True,0.00046725000720471144,1.0,1.0,1.8892720353083592,-9.281617080431886
nhanes_real,1,352,REVISE,True,0.005509499984327704,1.0,1.0,6.844688415527344,-6.2659323886933525
nhanes_real,1,357,DiCE,False,0.01519729197025299,,,,
nhanes_real,1,357,FACE,True,0.09081437496934086,1.0,1.0,5.12934684753418,-8.264522408122481
nhanes_real,1,357,GrowingSpheres,True,0.0007938329945318401,1.0,1.0,5.105143801620963,-10.674712806929044
nhanes_real,1,357,REVISE,True,0.005240917031187564,1.0,1.0,6.604284286499023,-7.427698882312688
nhanes_real,1,359,DiCE,True,0.0007142499671317637,1.0,1.0,1.7562780380249023,-7.472159457441419
nhanes_real,1,359,FACE,True,0.09134724998148158,1.0,1.0,1.7231755256652832,-6.679996854110941
nhanes_real,1,359,GrowingSpheres,True,0.00033362500835210085,1.0,1.0,1.3928112932179195,-7.182866807754672
nhanes_real,1,359,REVISE,True,0.0053081249934621155,1.0,1.0,4.237902641296387,-6.043557949925256
nhanes_real,1,363,DiCE,False,0.015241666988003999,,,,
nhanes_real,1,363,FACE,True,0.09179120900807902,1.0,1.0,2.861149787902832,-8.858868679627241
nhanes_real,1,363,GrowingSpheres,True,0.0008760410128161311,1.0,1.0,4.258238493572479,-9.939933457635298
nhanes_real,1,363,REVISE,True,0.007139833993278444,1.0,1.0,10.091778755187988,-6.247350339984544
nhanes_real,1,364,DiCE,True,0.0012106249923817813,1.0,1.0,2.576115369796753,-8.719035875257036
nhanes_real,1,364,FACE,True,0.09031599998706952,1.0,1.0,5.01330041885376,-7.683817285218408
nhanes_real,1,364,GrowingSpheres,True,0.000521250010933727,1.0,1.0,3.0656201903992093,-10.261966033033536
nhanes_real,1,364,REVISE,True,0.0006440420402213931,1.0,1.0,6.976441860198975,-6.77110448355657
nhanes_real,1,365,DiCE,True,0.0009370000334456563,1.0,1.0,2.19091534614563,-12.413569373393855
nhanes_real,1,365,FACE,True,0.09153675002744421,1.0,1.0,7.086840629577637,-8.949631781935237
nhanes_real,1,365,GrowingSpheres,True,0.0003653340390883386,1.0,1.0,1.6973352401550945,-12.41790939674663
nhanes_real,1,365,REVISE,True,0.0016058330074883997,1.0,1.0,9.078783988952637,-6.955253005335331
nhanes_real,1,366,DiCE,True,0.0010881670168600976,1.0,1.0,2.3639230728149414,-7.221793828799615
nhanes_real,1,366,FACE,True,0.09049829200375825,1.0,1.0,1.8444976806640625,-7.0509232578597985
nhanes_real,1,366,GrowingSpheres,True,0.0004175830399617553,1.0,1.0,1.706174195813038,-7.620821720420633
nhanes_real,1,366,REVISE,True,0.005656416993588209,1.0,1.0,4.75338077545166,-6.056690164357883
nhanes_real,1,368,DiCE,True,0.0016695840167813003,1.0,1.0,2.983016014099121,-8.223324561718066
nhanes_real,1,368,FACE,True,0.09050295903580263,1.0,1.0,1.863598346710205,-7.003695022527589
nhanes_real,1,368,GrowingSpheres,True,0.000549459015019238,1.0,1.0,2.3623697250190516,-8.498453288081839
nhanes_real,1,368,REVISE,True,0.0033746669651009142,1.0,1.0,4.544951915740967,-6.3403930017427585
nhanes_real,1,371,DiCE,True,0.001048667007125914,1.0,1.0,2.2110893726348877,-9.139956061146737
nhanes_real,1,371,FACE,True,0.09135741699719802,1.0,1.0,3.6572275161743164,-7.6262573436272305
nhanes_real,1,371,GrowingSpheres,True,0.00030454102670773864,1.0,1.0,1.2603042486878944,-9.411261765830494
nhanes_real,1,371,REVISE,True,0.004258000000845641,1.0,1.0,5.226235866546631,-6.638600469184851
nhanes_real,1,377,DiCE,True,0.0007099999929778278,1.0,1.0,1.6686257123947144,-7.431735777409935
nhanes_real,1,377,FACE,True,0.09124216699274257,1.0,1.0,2.6577563285827637,-6.648207754870942
nhanes_real,1,377,GrowingSpheres,True,0.0003149580443277955,1.0,1.0,1.3635575270259175,-7.603712610450225
nhanes_real,1,377,REVISE,True,0.005730375007260591,1.0,1.0,2.3028507232666016,-6.6930858701312435
nhanes_real,1,380,DiCE,True,0.0007699159905314445,1.0,1.0,1.0393587350845337,-6.742186088668941
nhanes_real,1,380,FACE,True,0.09196987497853115,1.0,1.0,1.8298003673553467,-6.941627214270568
nhanes_real,1,380,GrowingSpheres,True,0.0002799170324578881,1.0,1.0,0.881516253826167,-6.747912592640022
nhanes_real,1,380,REVISE,True,0.0006994159775786102,1.0,1.0,5.568418502807617,-6.010401035394056
nhanes_real,1,381,DiCE,False,0.015647375024855137,,,,
nhanes_real,1,381,FACE,True,0.0910221670055762,1.0,1.0,4.228772163391113,-8.385134283234002
nhanes_real,1,381,GrowingSpheres,True,0.0010738749988377094,1.0,1.0,6.374362624612462,-9.714262464973096
nhanes_real,1,381,REVISE,True,0.012159999983850867,1.0,1.0,5.030417442321777,-6.799457704365187
nhanes_real,1,383,DiCE,True,0.001484790991526097,1.0,1.0,3.6058993339538574,-10.094095477711967
nhanes_real,1,383,FACE,True,0.09009691700339317,1.0,1.0,5.8705010414123535,-9.668497036820712
nhanes_real,1,383,GrowingSpheres,True,0.0005639169830828905,1.0,1.0,3.2539916292388953,-10.671760634048866
nhanes_real,1,383,REVISE,True,0.0023582500289194286,1.0,1.0,6.017088413238525,-9.706549975305338
nhanes_real,1,385,DiCE,True,0.001007292012218386,1.0,1.0,2.1426360607147217,-7.508127896617241
nhanes_real,1,385,FACE,True,0.0909348750137724,1.0,1.0,1.9100866317749023,-6.588740847540307
nhanes_real,1,385,GrowingSpheres,True,0.0003987500094808638,1.0,1.0,1.608423048687968,-6.695001375296435
nhanes_real,1,385,REVISE,True,0.0065014580031856894,1.0,1.0,2.7920901775360107,-6.57219814886831
nhanes_real,1,386,DiCE,True,0.0008478750241920352,1.0,1.0,2.148671865463257,-7.128679636268519
nhanes_real,1,386,FACE,True,0.09089362499071285,1.0,1.0,2.5957202911376953,-7.003695022527589
nhanes_real,1,386,GrowingSpheres,True,0.0003229159628972411,1.0,1.0,1.2608842201285584,-7.312454796151099
nhanes_real,1,386,REVISE,True,0.0006244580144993961,1.0,1.0,3.3514022827148438,-6.606520838467633
nhanes_real,1,387,DiCE,False,0.015109958010725677,,,,
nhanes_real,1,387,FACE,True,0.09110312501434237,1.0,1.0,5.144514083862305,-8.193759107668333
nhanes_real,1,387,GrowingSpheres,True,0.0006586249801330268,1.0,1.0,3.6963236306006513,-10.514758239207477
nhanes_real,1,387,REVISE,True,0.008300375018734485,1.0,1.0,7.4517903327941895,-6.4888189676521595
nhanes_real,1,392,DiCE,False,0.014873125008307397,,,,
nhanes_real,1,392,FACE,True,0.09088520897785202,1.0,1.0,5.880241394042969,-8.802387140523818
nhanes_real,1,392,GrowingSpheres,True,0.000832499994430691,1.0,1.0,4.274079612539978,-15.483355282966254
nhanes_real,1,392,REVISE,True,0.00835050002206117,1.0,1.0,9.335932731628418,-8.140127924428342
nhanes_real,1,393,DiCE,False,0.015255333972163498,,,,
nhanes_real,1,393,FACE,True,0.09166091697989032,1.0,1.0,2.482409954071045,-6.330305366058843
nhanes_real,1,393,GrowingSpheres,True,0.0006052500102669001,1.0,1.0,2.8807615593866442,-7.688861683074203
nhanes_real,1,393,REVISE,True,0.013212166028097272,1.0,1.0,4.599454402923584,-6.139059694111889
nhanes_real,1,394,DiCE,True,0.0019500839989632368,1.0,1.0,3.042091131210327,-10.694752274452926
nhanes_real,1,394,FACE,True,0.09232158400118351,1.0,1.0,7.325468063354492,-7.978376093812567
nhanes_real,1,394,GrowingSpheres,True,0.0005807920242659748,1.0,1.0,2.1973358087665438,-11.147971417853164
nhanes_real,1,394,REVISE,True,0.00444345799041912,1.0,1.0,6.986682415008545,-6.896730190875953
nhanes_real,1,395,DiCE,False,0.015001917025074363,,,,
nhanes_real,1,395,FACE,True,0.09055762499338016,1.0,1.0,7.850569248199463,-9.434092773464307
nhanes_real,1,395,GrowingSpheres,True,0.0008563750307075679,1.0,1.0,4.204791560738254,-10.878245402367437
nhanes_real,1,395,REVISE,True,0.008809791004750878,1.0,1.0,14.510971069335938,-7.9864708136894285
nhanes_real,1,398,DiCE,True,0.0007638329989276826,1.0,1.0,1.765202522277832,-7.728527716626541
nhanes_real,1,398,FACE,True,0.09106849995441735,1.0,1.0,2.224334239959717,-8.07078378998376
nhanes_real,1,398,GrowingSpheres,True,0.00031745899468660355,1.0,1.0,1.4327872646862387,-7.788668863706873
nhanes_real,1,398,REVISE,True,0.002894875011406839,1.0,1.0,4.838611125946045,-6.414925928460196
nhanes_real,1,401,DiCE,True,0.0021769580198451877,1.0,1.0,2.5685458183288574,-11.880618213418854
nhanes_real,1,401,FACE,True,0.09037683298811316,1.0,1.0,4.159914970397949,-9.334866801046223
nhanes_real,1,401,GrowingSpheres,True,0.0005725419614464045,1.0,1.0,3.1194208069863194,-12.521104418835536
nhanes_real,1,401,REVISE,True,0.004872417019214481,1.0,1.0,8.847980499267578,-7.080830645700095
nhanes_real,1,404,DiCE,True,0.0008897499646991491,1.0,1.0,2.5802674293518066,-10.826834783102496
nhanes_real,1,404,FACE,True,0.09024433302693069,1.0,1.0,2.889946937561035,-9.668497036820712
nhanes_real,1,404,GrowingSpheres,True,0.0002796670305542648,1.0,1.0,0.8720799250094484,-10.929017660457003
nhanes_real,1,404,REVISE,True,0.007233207987155765,1.0,1.0,9.211966514587402,-9.085403055124887
nhanes_real,1,405,DiCE,True,0.002347000001464039,1.0,1.0,4.563868045806885,-22.724923149896604
nhanes_real,1,405,FACE,True,0.09132604202022776,1.0,1.0,13.503499984741211,-9.757325691449754
nhanes_real,1,405,GrowingSpheres,True,0.0008836250053718686,1.0,1.0,3.181515369930131,-25.231316881090677
nhanes_real,1,405,REVISE,True,0.005201582971494645,1.0,1.0,14.58625316619873,-11.648860919245902
nhanes_real,1,407,DiCE,True,0.0015195420128293335,1.0,1.0,2.2965922355651855,-7.1823343772922925
nhanes_real,1,407,FACE,True,0.0903988330392167,1.0,1.0,2.2999250888824463,-6.2271626847364026
nhanes_real,1,407,GrowingSpheres,True,0.00044041703222319484,1.0,1.0,1.7303150727521508,-7.156601793328825
nhanes_real,1,407,REVISE,True,0.0028450419777072966,1.0,1.0,3.5312447547912598,-6.093337915579662
nhanes_real,1,410,DiCE,True,0.0005698750028386712,1.0,1.0,1.052851676940918,-7.246443185082281
nhanes_real,1,410,FACE,True,0.09075179102364928,1.0,1.0,1.6999865770339966,-7.655211073179649
nhanes_real,1,410,GrowingSpheres,True,0.000203833042178303,1.0,1.0,1.0173008605255176,-7.187368572053387
nhanes_real,1,410,REVISE,True,0.0018914579995907843,1.0,1.0,4.035009384155273,-6.314074848690627
nhanes_real,1,411,DiCE,True,0.0011563339503481984,1.0,1.0,2.22450590133667,-7.048198668000086
nhanes_real,1,411,FACE,True,0.09019037504913285,1.0,1.0,5.084775924682617,-6.8599755344924365
nhanes_real,1,411,GrowingSpheres,True,0.0003892080276273191,1.0,1.0,0.9582901863524961,-8.144568656744768
nhanes_real,1,411,REVISE,True,0.0005852499743923545,1.0,1.0,5.753613471984863,-6.13237729212425
nhanes_real,1,412,DiCE,True,0.0012211250141263008,1.0,1.0,2.8946533203125,-9.411288039630781
nhanes_real,1,412,FACE,True,0.09086699999170378,1.0,1.0,5.79032564163208,-8.07078378998376
nhanes_real,1,412,GrowingSpheres,True,0.0004529160214588046,1.0,1.0,2.0852213396715076,-9.344943786202895
nhanes_real,1,412,REVISE,True,0.005132708989549428,1.0,1.0,7.293865203857422,-6.482789226819909
nhanes_real,1,415,DiCE,False,0.014935749990399927,,,,
nhanes_real,1,415,FACE,True,0.09073575004003942,1.0,1.0,2.7452139854431152,-6.435748557439938
nhanes_real,1,415,GrowingSpheres,True,0.0009214589954353869,1.0,1.0,3.113557165025356,-6.559851045248942
nhanes_real,1,415,REVISE,False,0.04392637504497543,,,,
nhanes_real,1,417,DiCE,True,0.00100454204948619,1.0,1.0,2.1650171279907227,-8.081456711069972
nhanes_real,1,417,FACE,True,0.0903707499965094,1.0,1.0,3.549050807952881,-7.765391698145004
nhanes_real,1,417,GrowingSpheres,True,0.0004236670210957527,1.0,1.0,2.1871116131730917,-8.44500115568237
nhanes_real,1,417,REVISE,True,0.0005910829640924931,1.0,1.0,4.228033065795898,-6.110135377996642
nhanes_real,1,418,DiCE,False,0.015149790968280286,,,,
nhanes_real,1,418,FACE,True,0.09047216700855643,1.0,1.0,3.9568405151367188,-7.557821101765365
nhanes_real,1,418,GrowingSpheres,True,0.0007716250256635249,1.0,1.0,3.8279630530229927,-12.848205916328602
nhanes_real,1,418,REVISE,True,0.009837709018029273,1.0,1.0,10.02262020111084,-6.525218485194202
nhanes_real,1,419,DiCE,True,0.0017998339608311653,1.0,1.0,2.683962345123291,-7.221770675626003
nhanes_real,1,419,FACE,True,0.09052795800380409,1.0,1.0,3.168290853500366,-6.672963144929269
nhanes_real,1,419,GrowingSpheres,True,0.0005334169836714864,1.0,1.0,1.8346376866209586,-7.38911532299152
nhanes_real,1,419,REVISE,True,0.0032419589697383344,1.0,1.0,3.592423439025879,-6.200915452456529
nhanes_real,1,420,DiCE,True,0.0018993340199813247,1.0,1.0,2.5824296474456787,-9.040781424686676
nhanes_real,1,420,FACE,True,0.09325629199156538,1.0,1.0,4.104585647583008,-6.8599755344924365
nhanes_real,1,420,GrowingSpheres,True,0.0006938750157132745,1.0,1.0,1.6923200943682994,-9.992818084280861
nhanes_real,1,420,REVISE,True,0.0037763339933007956,1.0,1.0,4.046234607696533,-6.7095989788276285
nhanes_real,1,421,DiCE,False,0.015802082954905927,,,,
nhanes_real,1,421,FACE,True,0.09082745801424608,1.0,1.0,2.9167733192443848,-7.249009983410144
nhanes_real,1,421,GrowingSpheres,True,0.0006143749924376607,1.0,1.0,2.7759176761690956,-11.019618516073823
nhanes_real,1,421,REVISE,True,0.010798832983709872,1.0,1.0,7.025025367736816,-6.2629736409582835
nhanes_real,1,422,DiCE,True,0.0011606659973040223,1.0,1.0,2.804448127746582,-8.302775758895983
nhanes_real,1,422,FACE,True,0.09047379199182615,1.0,1.0,4.291642189025879,-6.985968120433757
nhanes_real,1,422,GrowingSpheres,True,0.0004220000118948519,1.0,1.0,2.611325539080634,-7.669025921203073
nhanes_real,1,422,REVISE,True,0.006522917014081031,1.0,1.0,5.896214485168457,-6.061924367677141
nhanes_real,1,423,DiCE,False,0.014783291961066425,,,,
nhanes_real,1,423,FACE,True,0.0903369159786962,1.0,1.0,5.803590774536133,-7.978376093812567
nhanes_real,1,423,GrowingSpheres,True,0.0009052499663084745,1.0,1.0,3.257933136996055,-15.425744472127763
nhanes_real,1,423,REVISE,False,0.04352962499251589,,,,
nhanes_real,1,427,DiCE,False,0.01498104102211073,,,,
nhanes_real,1,427,FACE,True,0.0904487079824321,1.0,1.0,2.121143341064453,-8.169596490834492
nhanes_real,1,427,GrowingSpheres,True,0.0009613329893909395,1.0,1.0,6.18989620138902,-11.223676371497465
nhanes_real,1,427,REVISE,True,0.0055487920180894434,1.0,1.0,5.427336692810059,-6.333138993667328
nhanes_real,1,429,DiCE,True,0.0005489159957505763,1.0,1.0,1.2138233184814453,-6.8802033457584555
nhanes_real,1,429,FACE,True,0.0905498749925755,1.0,1.0,2.9685091972351074,-6.687166912003939
nhanes_real,1,429,GrowingSpheres,True,0.000177707988768816,1.0,1.0,0.5075914191384732,-6.854646103504061
nhanes_real,1,429,REVISE,True,0.0027822499978356063,1.0,1.0,2.9007728099823,-6.291195694640687
nhanes_real,1,430,DiCE,True,0.0015641250065527856,1.0,1.0,2.2831201553344727,-6.7465812270331975
nhanes_real,1,430,FACE,True,0.0903718339977786,1.0,1.0,2.8228158950805664,-6.8918121778909915
nhanes_real,1,430,GrowingSpheres,True,0.000582000007852912,1.0,1.0,2.579796757829553,-7.854946209379975
nhanes_real,1,430,REVISE,True,0.0027083749882876873,1.0,1.0,5.059443473815918,-6.068519394327421
nhanes_real,1,431,DiCE,False,0.014873042004182935,,,,
nhanes_real,1,431,FACE,True,0.09000341698992997,1.0,1.0,4.7546234130859375,-6.435748557439938
nhanes_real,1,431,GrowingSpheres,True,0.0011295829899609089,1.0,1.0,6.8244149215861425,-10.275181840286827
nhanes_real,1,431,REVISE,False,0.04404958401573822,,,,
nhanes_real,1,433,DiCE,True,0.0007009170367382467,1.0,1.0,2.066636562347412,-7.802241914586538
nhanes_real,1,433,FACE,True,0.09006633301032707,1.0,1.0,2.741708755493164,-7.557821101765365
nhanes_real,1,433,GrowingSpheres,True,0.0002608330105431378,1.0,1.0,1.2362323825404897,-8.443815418514484
nhanes_real,1,433,REVISE,True,0.0024077920243144035,1.0,1.0,7.189883232116699,-6.263967473375919
nhanes_real,1,436,DiCE,False,0.015256334037985653,,,,
nhanes_real,1,436,FACE,True,0.09101420798106119,1.0,1.0,5.300936698913574,-7.385151270929845
nhanes_real,1,436,GrowingSpheres,True,0.0012612919672392309,1.0,1.0,7.709595335940128,-10.00028701743609
nhanes_real,1,436,REVISE,False,0.043852125003468245,,,,
nhanes_real,1,437,DiCE,False,0.014960000000428408,,,,
nhanes_real,1,437,FACE,True,0.08961304102558643,1.0,1.0,5.0386962890625,-9.594013819732695
nhanes_real,1,437,GrowingSpheres,True,0.0008995419484563172,1.0,1.0,5.675212961603934,-14.27208483800841
nhanes_real,1,437,REVISE,True,0.009354499983601272,1.0,1.0,11.441705703735352,-9.42974977350082
nhanes_real,1,438,DiCE,False,0.014410667004995048,,,,
nhanes_real,1,438,FACE,True,0.09068020898848772,1.0,1.0,2.9939749240875244,-8.618344213042803
nhanes_real,1,438,GrowingSpheres,True,0.0009330000029876828,1.0,1.0,5.9247757541917165,-10.564477742940522
nhanes_real,1,438,REVISE,True,0.008707540982868522,1.0,1.0,5.325479984283447,-7.102979745525261
nhanes_real,1,446,DiCE,True,0.0015026670298539102,1.0,1.0,2.352548599243164,-6.565443446253331
nhanes_real,1,446,FACE,True,0.09600149997277185,1.0,1.0,3.4596872329711914,-6.435748557439938
nhanes_real,1,446,GrowingSpheres,True,0.0005677920416928828,1.0,1.0,2.742933879492598,-6.71510299337236
nhanes_real,1,446,REVISE,True,0.003401790978386998,1.0,1.0,1.8945399522781372,-6.108699037286469
nhanes_real,1,454,DiCE,False,0.015174958040006459,,,,
nhanes_real,1,454,FACE,True,0.09125854197191074,1.0,1.0,9.826549530029297,-9.544412628317945
nhanes_real,1,454,GrowingSpheres,True,0.0011200839653611183,1.0,1.0,5.122492052830225,-17.263466934828806
nhanes_real,1,454,REVISE,True,0.007527582987677306,1.0,1.0,15.18351936340332,-8.368722283406012
nhanes_real,1,459,DiCE,True,0.0008532909560017288,1.0,1.0,2.2981810569763184,-10.383415071436978
nhanes_real,1,459,FACE,True,0.091066834051162,1.0,1.0,2.7289528846740723,-9.56071851154842
nhanes_real,1,459,GrowingSpheres,True,0.0003393749939277768,1.0,1.0,1.865947288939028,-10.761364842314318
nhanes_real,1,459,REVISE,True,0.0033841250115074217,1.0,1.0,5.025679588317871,-7.976372061348165
nhanes_real,1,461,DiCE,True,0.002608334005344659,1.0,1.0,3.4029788970947266,-9.681178578680282
nhanes_real,1,461,FACE,True,0.09097629197640345,1.0,1.0,8.882980346679688,-6.435748557439938
nhanes_real,1,461,GrowingSpheres,True,0.0006682079983875155,1.0,1.0,4.03531430343866,-10.665152519935123
nhanes_real,1,461,REVISE,True,0.002494167012628168,1.0,1.0,8.76351547241211,-6.350963307137519
nhanes_real,1,462,DiCE,False,0.015050999994855374,,,,
nhanes_real,1,462,FACE,True,0.09084525000071153,1.0,1.0,1.9834840297698975,-8.150671027222405
nhanes_real,1,462,GrowingSpheres,True,0.0007717499975115061,1.0,1.0,3.3699130668118267,-8.261097119306568
nhanes_real,1,462,REVISE,True,0.00511299999197945,1.0,1.0,6.53952169418335,-6.407160116445104
nhanes_real,1,465,DiCE,False,0.01465299999108538,,,,
nhanes_real,1,465,FACE,True,0.09036395896691829,1.0,1.0,2.8896241188049316,-6.683433360734899
nhanes_real,1,465,GrowingSpheres,True,0.0006507500074803829,1.0,1.0,3.6908538476334773,-9.611151097230529
nhanes_real,1,465,REVISE,True,0.014495749957859516,1.0,1.0,3.1133923530578613,-6.504029362538946
nhanes_real,1,466,DiCE,True,0.0007166250143200159,1.0,1.0,1.3660881519317627,-7.753854462822472
nhanes_real,1,466,FACE,True,0.09109437500592321,1.0,1.0,2.3535637855529785,-7.507395699937476
nhanes_real,1,466,GrowingSpheres,True,0.000301083957310766,1.0,1.0,1.915455791351061,-7.451922323361353
nhanes_real,1,466,REVISE,True,0.0006863329908810556,1.0,1.0,4.43833589553833,-6.102557492971943
nhanes_real,1,472,DiCE,False,0.015086542000062764,,,,
nhanes_real,1,472,FACE,True,0.09078158298507333,1.0,1.0,2.1675901412963867,-6.679996854110941
nhanes_real,1,472,GrowingSpheres,True,0.0005789170390926301,1.0,1.0,4.3074276209481415,-8.271215702944966
nhanes_real,1,472,REVISE,True,0.010624374961480498,1.0,1.0,4.175933837890625,-6.093031887865385
nhanes_real,1,473,DiCE,False,0.015079083968885243,,,,
nhanes_real,1,473,FACE,True,0.09075754205696285,1.0,1.0,2.5544703006744385,-8.078253767762362
nhanes_real,1,473,GrowingSpheres,True,0.0006530410028062761,1.0,1.0,2.345234380140767,-8.168016860729054
nhanes_real,1,473,REVISE,True,0.007585250015836209,1.0,1.0,3.051787853240967,-6.767430226443974
nhanes_real,1,479,DiCE,False,0.015262999979313463,,,,
nhanes_real,1,479,FACE,True,0.09015079098753631,1.0,1.0,4.409945011138916,-6.886190497152028
nhanes_real,1,479,GrowingSpheres,True,0.0012155409785918891,1.0,1.0,8.205875889546144,-13.590689927866988
nhanes_real,1,479,REVISE,False,0.043137374974321574,,,,
nhanes_real,1,481,DiCE,True,0.0022231670445762575,1.0,1.0,3.0392560958862305,-9.49001435854151
nhanes_real,1,481,FACE,True,0.09081729198805988,1.0,1.0,4.724074363708496,-7.350344404102384
nhanes_real,1,481,GrowingSpheres,True,0.0006970830145291984,1.0,1.0,5.631152591343014,-11.247660303703341
nhanes_real,1,481,REVISE,True,0.0033024169970303774,1.0,1.0,10.002528190612793,-6.254153970853257
nhanes_real,1,484,DiCE,True,0.0011751250131055713,1.0,1.0,2.330381393432617,-6.483150095186078
nhanes_real,1,484,FACE,True,0.0904837500420399,1.0,1.0,3.2909226417541504,-6.672963144929269
nhanes_real,1,484,GrowingSpheres,True,0.00044450000859797,1.0,1.0,2.122209891542358,-6.772722870831942
nhanes_real,1,484,REVISE,True,0.0010360419983044267,1.0,1.0,3.0872139930725098,-6.127923989837161
nhanes_real,1,485,DiCE,True,0.0005417499924078584,1.0,1.0,1.154470443725586,-7.719775968036727
nhanes_real,1,485,FACE,True,0.09071983298053965,1.0,1.0,3.05739164352417,-7.437576837134986
nhanes_real,1,485,GrowingSpheres,True,0.0001688330085016787,1.0,1.0,0.5638539621240034,-7.745738243171082
nhanes_real,1,485,REVISE,True,0.0005559169803746045,1.0,1.0,5.465181350708008,-6.117158615741058
nhanes_real,1,488,DiCE,False,0.014816500013694167,,,,
nhanes_real,1,488,FACE,True,0.09037208301015198,1.0,1.0,6.576714515686035,-9.3551800936516
nhanes_real,1,488,GrowingSpheres,True,0.0010164579725824296,1.0,1.0,6.458743702547456,-19.145412007624486
nhanes_real,1,488,REVISE,False,0.0429293749621138,,,,
nhanes_real,1,489,DiCE,True,0.001300541975069791,1.0,1.0,3.266845703125,-7.585246511311176
nhanes_real,1,489,FACE,True,0.0911119999946095,1.0,1.0,1.3934600353240967,-7.766357732905789
nhanes_real,1,489,GrowingSpheres,True,0.00044241599971428514,1.0,1.0,2.3563662853068155,-7.958370878422707
nhanes_real,1,489,REVISE,True,0.0010352919925935566,1.0,1.0,4.194047451019287,-6.856089952384689
nhanes_real,1,490,DiCE,True,0.0005528749898076057,1.0,1.0,1.1641666889190674,-8.84953827032538
nhanes_real,1,490,FACE,True,0.09070912498282269,0.0,0.0,4.507306098937988,-6.8854456877051495
nhanes_real,1,490,GrowingSpheres,True,0.00021454202942550182,1.0,1.0,0.8953730425900502,-8.974827258270201
nhanes_real,1,490,REVISE,True,0.0010199579992331564,1.0,1.0,6.6637282371521,-6.301101571324522
nhanes_real,1,491,DiCE,False,0.014508416003081948,,,,
nhanes_real,1,491,FACE,True,0.09057270898483694,1.0,1.0,4.582551956176758,-7.02155354160851
nhanes_real,1,491,GrowingSpheres,True,0.0005763340159319341,1.0,1.0,1.6378358977054948,-7.910907122852583
nhanes_real,1,491,REVISE,True,0.0039797910139895976,1.0,1.0,6.229294776916504,-6.2414318406566025
nhanes_real,1,492,DiCE,True,0.0011126669705845416,1.0,1.0,2.1902098655700684,-9.912428275757566
nhanes_real,1,492,FACE,True,0.09034637501463294,1.0,1.0,2.44400691986084,-7.092783064606172
nhanes_real,1,492,GrowingSpheres,True,0.00041329202940687537,1.0,1.0,0.760845485640422,-9.260219042089718
nhanes_real,1,492,REVISE,True,0.008785333018749952,1.0,1.0,5.189518928527832,-6.541950573214537
nhanes_real,1,493,DiCE,True,0.0005347920232452452,1.0,1.0,1.1917333602905273,-10.729823944834243
nhanes_real,1,493,FACE,True,0.09022987500065938,1.0,1.0,3.977944850921631,-8.257491129365567
nhanes_real,1,493,GrowingSpheres,True,0.000278332969173789,1.0,1.0,1.3214102381085353,-11.945704413898726
nhanes_real,1,493,REVISE,True,0.0007977919885888696,1.0,1.0,7.6509552001953125,-6.865274521145583
nhanes_real,1,496,DiCE,False,0.015326375025324523,,,,
nhanes_real,1,496,FACE,True,0.09059149998938665,1.0,1.0,3.620699405670166,-6.3002985860638505
nhanes_real,1,496,GrowingSpheres,True,0.0007850830443203449,1.0,1.0,3.666571485673807,-7.22634029231677
nhanes_real,1,496,REVISE,True,0.0106774169835262,1.0,1.0,4.660081386566162,-6.31590707760949
nhanes_real,1,497,DiCE,False,0.014553875022102147,,,,
nhanes_real,1,497,FACE,True,0.09061083302367479,1.0,1.0,6.492269515991211,-6.46941445275357
nhanes_real,1,497,GrowingSpheres,True,0.0007705830503255129,1.0,1.0,1.123883658306186,-8.805578635346745
nhanes_real,1,497,REVISE,True,0.008695208001881838,1.0,1.0,5.654870986938477,-6.067891680183555
nhanes_real,1,498,DiCE,True,0.0007263749721460044,1.0,1.0,1.8422625064849854,-7.543776989198552
nhanes_real,1,498,FACE,True,0.09020883397897705,1.0,1.0,2.7634167671203613,-7.081346315459692
nhanes_real,1,498,GrowingSpheres,True,0.00020529102766886353,1.0,1.0,0.7595912264539996,-7.789581556909583
nhanes_real,1,498,REVISE,True,0.0005846669664606452,1.0,1.0,4.197181224822998,-6.297762952741901
nhanes_real,1,499,DiCE,False,0.01496312499511987,,,,
nhanes_real,1,499,FACE,True,0.09161658299854025,1.0,1.0,1.9044923782348633,-6.943370890996263
nhanes_real,1,499,GrowingSpheres,True,0.000838666979689151,1.0,1.0,6.215428818953466,-7.8753767365494465
nhanes_real,1,499,REVISE,True,0.006922999978996813,1.0,1.0,5.078390121459961,-6.197454853206544
nhanes_real,1,502,DiCE,True,0.0008427079883404076,1.0,1.0,1.9010365009307861,-7.616302938443682
nhanes_real,1,502,FACE,True,0.08970187499653548,1.0,1.0,3.528982162475586,-6.968971650979884
nhanes_real,1,502,GrowingSpheres,True,0.00026287499349564314,1.0,1.0,1.232058726549978,-7.237195255474671
nhanes_real,1,502,REVISE,True,0.0005606249906122684,1.0,1.0,3.5300769805908203,-6.39485801182456
nhanes_real,1,504,DiCE,False,0.015308125002775341,,,,
nhanes_real,1,504,FACE,True,0.09079149999888614,1.0,1.0,6.8706159591674805,-8.65813701134449
nhanes_real,1,504,GrowingSpheres,True,0.0007564169936813414,1.0,1.0,3.8003726556375304,-8.966678222257265
nhanes_real,1,504,REVISE,True,0.006404375017154962,1.0,1.0,7.491236686706543,-6.045088318975854
nhanes_real,1,505,DiCE,True,0.0024207080132327974,1.0,1.0,3.606889009475708,-9.34842190231565
nhanes_real,1,505,FACE,True,0.09035683301044628,1.0,1.0,3.2037577629089355,-8.860655402920717
nhanes_real,1,505,GrowingSpheres,True,0.0007159999804571271,1.0,1.0,2.6356371177687903,-9.714579897122219
nhanes_real,1,505,REVISE,True,0.004843208997044712,1.0,1.0,8.019527435302734,-8.066405957614364
nhanes_real,1,506,DiCE,False,0.014570083993021399,,,,
nhanes_real,1,506,FACE,True,0.09098166698822752,1.0,1.0,1.038468599319458,-6.2271626847364026
nhanes_real,1,506,GrowingSpheres,True,0.0006759579991921782,1.0,1.0,3.043136554624393,-6.643136047173689
nhanes_real,1,506,REVISE,True,0.005661916977260262,1.0,1.0,2.361103057861328,-6.291256347299845
nhanes_real,1,507,DiCE,True,0.0018055830150842667,1.0,1.0,2.8698787689208984,-11.211344516947122
nhanes_real,1,507,FACE,True,0.09115408296929672,1.0,1.0,6.828990936279297,-7.575129415359228
nhanes_real,1,507,GrowingSpheres,True,0.0006046670023351908,1.0,1.0,3.0275134951812492,-9.147206206177557
nhanes_real,1,507,REVISE,True,0.007813834003172815,1.0,1.0,7.157001495361328,-6.806292187816165
nhanes_real,1,509,DiCE,False,0.015114457986783236,,,,
nhanes_real,1,509,FACE,True,0.09084612497827038,1.0,1.0,4.681280136108398,-7.4414572550873
nhanes_real,1,509,GrowingSpheres,True,0.0007103749667294323,1.0,1.0,1.6931173416494323,-8.57743526017307
nhanes_real,1,509,REVISE,True,0.006987666012719274,1.0,1.0,5.351191520690918,-6.084537802758746
nhanes_real,1,513,DiCE,True,0.0010499579948373139,1.0,1.0,2.5699565410614014,-7.699660498992543
nhanes_real,1,513,FACE,True,0.09031254099681973,1.0,1.0,2.679819107055664,-7.002842544330626
nhanes_real,1,513,GrowingSpheres,True,0.00031120801577344537,1.0,1.0,0.9938085116819965,-7.203782243083504
nhanes_real,1,513,REVISE,True,0.00567454204428941,1.0,1.0,4.885851860046387,-6.152808636557708
nhanes_real,1,517,DiCE,False,0.014899624977260828,,,,
nhanes_real,1,517,FACE,True,0.09338666603434831,1.0,1.0,9.125723838806152,-9.594013819732695
nhanes_real,1,517,GrowingSpheres,False,0.001407250005286187,,,,
nhanes_real,1,517,REVISE,False,0.047271458024624735,,,,
nhanes_real,1,521,DiCE,False,0.015748624980915338,,,,
nhanes_real,1,521,FACE,True,0.0916790830087848,1.0,1.0,4.329674243927002,-7.056577010354226
nhanes_real,1,521,GrowingSpheres,True,0.0005391250015236437,1.0,1.0,1.4483205267503718,-7.669326999886324
nhanes_real,1,521,REVISE,True,0.008223333046771586,1.0,1.0,5.261595726013184,-6.598944096519807
nhanes_real,1,523,DiCE,True,0.001654834020882845,1.0,1.0,2.865633249282837,-8.468368747682478
nhanes_real,1,523,FACE,True,0.09736954199615866,1.0,1.0,7.376399993896484,-6.43400671092491
nhanes_real,1,523,GrowingSpheres,True,0.0006167080136947334,1.0,1.0,3.345160490436567,-9.923211164777083
nhanes_real,1,523,REVISE,True,0.0020322080235928297,1.0,1.0,6.2306623458862305,-6.442251513377032
nhanes_real,1,524,DiCE,True,0.0007584170089103281,1.0,1.0,1.5844395160675049,-6.493328130438167
nhanes_real,1,524,FACE,True,0.09063779196003452,1.0,1.0,1.6200710535049438,-6.652701309931327
nhanes_real,1,524,GrowingSpheres,True,0.0002227500081062317,1.0,1.0,0.5526451487244274,-6.394297262928159
nhanes_real,1,524,REVISE,True,0.0005899999523535371,1.0,1.0,2.9082698822021484,-6.050090691560382
nhanes_real,1,525,DiCE,False,0.0148930000141263,,,,
nhanes_real,1,525,FACE,True,0.09100237500388175,1.0,1.0,2.985013484954834,-7.056577010354226
nhanes_real,1,525,GrowingSpheres,True,0.0010104579851031303,1.0,1.0,3.1117461479410555,-8.441255214878346
nhanes_real,1,525,REVISE,True,0.012693666969425976,1.0,1.0,3.854177236557007,-6.662700548970179
nhanes_real,1,526,DiCE,False,0.015082249999977648,,,,
nhanes_real,1,526,FACE,True,0.09080058295512572,1.0,1.0,4.879643440246582,-6.349078984351635
nhanes_real,1,526,GrowingSpheres,True,0.000716000038664788,1.0,1.0,2.243949381193903,-8.232362145721122
nhanes_real,1,526,REVISE,True,0.019056999997701496,1.0,1.0,6.246219158172607,-6.228686989023215
nhanes_real,1,527,DiCE,True,0.001791750022675842,1.0,1.0,2.3850245475769043,-7.746267749708155
nhanes_real,1,527,FACE,True,0.09086545801255852,1.0,1.0,5.241331100463867,-7.103956330055576
nhanes_real,1,527,GrowingSpheres,True,0.0006815000087954104,1.0,1.0,4.464085210820761,-8.792954237603647
nhanes_real,1,527,REVISE,True,0.003584875026717782,1.0,1.0,3.0047407150268555,-6.613029145542724
nhanes_real,1,528,DiCE,False,0.015702374977990985,,,,
nhanes_real,1,528,FACE,True,0.09316883300198242,1.0,1.0,3.1857588291168213,-6.435748557439938
nhanes_real,1,528,GrowingSpheres,True,0.0007839170284569263,1.0,1.0,4.099572452456661,-7.165405615156358
nhanes_real,1,528,REVISE,True,0.007963958021719009,1.0,1.0,4.180695533752441,-6.192665718293281
nhanes_real,1,529,DiCE,False,0.014869790989905596,,,,
nhanes_real,1,529,FACE,True,0.09066912502748892,1.0,1.0,7.476216793060303,-6.757932070176914
nhanes_real,1,529,GrowingSpheres,True,0.0008896249928511679,1.0,1.0,4.711660845498415,-11.274648331596108
nhanes_real,1,529,REVISE,False,0.0432722499826923,,,,
nhanes_real,1,531,DiCE,True,0.0005437089712359011,1.0,1.0,1.376546859741211,-7.051437629186946
nhanes_real,1,531,FACE,True,0.0915779999922961,1.0,1.0,1.4410122632980347,-7.4085227189399765
nhanes_real,1,531,GrowingSpheres,True,0.0002233749837614596,1.0,1.0,0.953606691645402,-6.950637795062957
nhanes_real,1,531,REVISE,True,0.002398582990281284,1.0,1.0,3.6513779163360596,-6.1901699082073804
nhanes_real,1,532,DiCE,False,0.015242707973811775,,,,
nhanes_real,1,532,FACE,True,0.0899537910008803,1.0,1.0,5.454021453857422,-6.632591878202185
nhanes_real,1,532,GrowingSpheres,True,0.0008009170414879918,1.0,1.0,3.767264138342897,-7.331333816305252
nhanes_real,1,532,REVISE,True,0.007819958962500095,1.0,1.0,3.5764358043670654,-6.29024113537435
nhanes_real,1,534,DiCE,True,0.0019465829827822745,1.0,1.0,3.059532880783081,-7.21609441427559
nhanes_real,1,534,FACE,True,0.09059774997876957,1.0,1.0,4.317841053009033,-6.9299743603194255
nhanes_real,1,534,GrowingSpheres,True,0.0006360419793054461,1.0,1.0,3.365467526216605,-8.647165008998646
nhanes_real,1,534,REVISE,True,0.0040835830150172114,1.0,1.0,3.588956832885742,-6.352364671347057
nhanes_real,1,535,DiCE,True,0.0011421670205891132,1.0,1.0,3.1515543460845947,-10.184900276798475
nhanes_real,1,535,FACE,True,0.09117070800857618,1.0,1.0,8.13774299621582,-7.179072564940606
nhanes_real,1,535,GrowingSpheres,True,0.0003581250202842057,1.0,1.0,1.1013961014035236,-10.248777737150686
nhanes_real,1,535,REVISE,True,0.0019021249609068036,1.0,1.0,6.109262466430664,-7.484827316586969
nhanes_real,1,537,DiCE,False,0.014665499969851226,,,,
nhanes_real,1,537,FACE,True,0.0901608329731971,1.0,1.0,3.8744311332702637,-8.229758444284878
nhanes_real,1,537,GrowingSpheres,True,0.0009535829885862768,1.0,1.0,4.983659161982968,-14.262048753917682
nhanes_real,1,537,REVISE,True,0.0073412079946137965,1.0,1.0,6.481212615966797,-7.421850083206392
nhanes_real,1,540,DiCE,False,0.014549541985616088,,,,
nhanes_real,1,540,FACE,True,0.09229483298258856,1.0,1.0,2.746035575866699,-6.729675085530571
nhanes_real,1,540,GrowingSpheres,True,0.0007972079911269248,1.0,1.0,5.872296293037639,-10.81632108130196
nhanes_real,1,540,REVISE,True,0.005163124995306134,1.0,1.0,4.690863132476807,-6.316215706852379
nhanes_real,1,541,DiCE,False,0.015084874990861863,,,,
nhanes_real,1,541,FACE,True,0.09122524998383597,1.0,1.0,4.705793380737305,-7.557821101765365
nhanes_real,1,541,GrowingSpheres,True,0.0008315420127473772,1.0,1.0,5.108947178391754,-7.806502870624137
nhanes_real,1,541,REVISE,True,0.00796729204012081,1.0,1.0,5.575799942016602,-6.627631711157372
nhanes_real,1,543,DiCE,True,0.0012121660402044654,1.0,1.0,2.9159679412841797,-8.064403632587076
nhanes_real,1,543,FACE,True,0.0908413750003092,1.0,1.0,1.9399763345718384,-6.515551762015644
nhanes_real,1,543,GrowingSpheres,True,0.0004327080096118152,1.0,1.0,1.8062537346888436,-8.086499607690225
nhanes_real,1,543,REVISE,True,0.007823666965123266,1.0,1.0,2.0764262676239014,-6.803080337001683
nhanes_real,1,544,DiCE,False,0.014867166988551617,,,,
nhanes_real,1,544,FACE,True,0.0904808749910444,1.0,1.0,5.266949653625488,-6.679996854110941
nhanes_real,1,544,GrowingSpheres,True,0.0008295830339193344,1.0,1.0,3.162214714130309,-8.806601315340327
nhanes_real,1,544,REVISE,True,0.01061849994584918,1.0,1.0,5.617660999298096,-6.085906906070657
nhanes_real,1,546,DiCE,True,0.0014135839883238077,1.0,1.0,4.071406841278076,-11.246338848576928
nhanes_real,1,546,FACE,True,0.09109362500021234,1.0,1.0,6.604958534240723,-9.528132953384418
nhanes_real,1,546,GrowingSpheres,True,0.0005230000242590904,1.0,1.0,2.1284942629945047,-13.53895420377533
nhanes_real,1,546,REVISE,True,0.0007055829628370702,1.0,1.0,8.633028984069824,-7.362886711323082
nhanes_real,1,554,DiCE,True,0.000551957986317575,1.0,1.0,1.1355327367782593,-6.853691259010338
nhanes_real,1,554,FACE,True,0.09019229200202972,1.0,1.0,1.4911786317825317,-6.46941445275357
nhanes_real,1,554,GrowingSpheres,True,0.00017137499526143074,1.0,1.0,0.24241371288712849,-6.646415855627795
nhanes_real,1,554,REVISE,True,0.0005650840466842055,1.0,1.0,3.299738883972168,-6.082773884268254
nhanes_real,1,555,DiCE,True,0.0016282909782603383,1.0,1.0,2.37665057182312,-6.2655059417548
nhanes_real,1,555,FACE,True,0.09026295802323148,1.0,1.0,4.1459856033325195,-6.43400671092491
nhanes_real,1,555,GrowingSpheres,True,0.00047266698675230145,1.0,1.0,2.513840341492803,-6.083108574414892
nhanes_real,1,555,REVISE,True,0.0029190420173108578,1.0,1.0,3.755488872528076,-6.06194804007076
nhanes_real,1,556,DiCE,True,0.0007228750037029386,1.0,1.0,1.230069875717163,-6.264142557678333
nhanes_real,1,556,FACE,True,0.09019933297531679,1.0,1.0,1.7148032188415527,-6.2271626847364026
nhanes_real,1,556,GrowingSpheres,True,0.00027129199588671327,1.0,1.0,1.3341573979719805,-6.527331786931997
nhanes_real,1,556,REVISE,True,0.0006303330301307142,1.0,1.0,2.2961342334747314,-6.037753050431146
nhanes_real,1,557,DiCE,False,0.015213457983918488,,,,
nhanes_real,1,557,FACE,True,0.09121404099278152,1.0,1.0,2.787602186203003,-6.8918121778909915
nhanes_real,1,557,GrowingSpheres,True,0.0005193330580368638,1.0,1.0,2.3265741765451855,-6.277880580050615
nhanes_real,1,557,REVISE,True,0.004706084029749036,1.0,1.0,3.640087127685547,-6.0394380527439075
nhanes_real,1,559,DiCE,True,0.0011826669797301292,1.0,1.0,2.181126594543457,-9.940265185768805
nhanes_real,1,559,FACE,True,0.09026354097295552,1.0,1.0,7.779951095581055,-6.8918121778909915
nhanes_real,1,559,GrowingSpheres,True,0.00047145801363512874,1.0,1.0,1.3446947651003343,-11.069371286690806
nhanes_real,1,559,REVISE,True,0.0011008339934051037,1.0,1.0,9.441749572753906,-6.274767610622306
nhanes_real,1,561,DiCE,False,0.015125833044294268,,,,
nhanes_real,1,561,FACE,True,0.09034245897782966,1.0,1.0,7.673754692077637,-7.990428063368025
nhanes_real,1,561,GrowingSpheres,True,0.0006596250459551811,1.0,1.0,2.0232690351596165,-10.148625294586243
nhanes_real,1,561,REVISE,True,0.0060540419653989375,1.0,1.0,7.228244781494141,-8.3058123316044
nhanes_real,1,562,DiCE,True,0.0005839579971507192,1.0,1.0,1.3137726783752441,-7.921519133102359
nhanes_real,1,562,FACE,True,0.09073304198682308,1.0,1.0,4.6565351486206055,-6.652701309931327
nhanes_real,1,562,GrowingSpheres,True,0.00026662496384233236,1.0,1.0,1.1886598921035292,-7.684097763947795
nhanes_real,1,562,REVISE,True,0.0006419169949367642,1.0,1.0,3.543846607208252,-6.444816626806701
nhanes_real,1,563,DiCE,True,0.0005798340425826609,1.0,1.0,0.8098033666610718,-6.694329352117297
nhanes_real,1,563,FACE,True,0.09010299999499694,1.0,1.0,1.4748672246932983,-6.43400671092491
nhanes_real,1,563,GrowingSpheres,True,0.00020633300300687551,1.0,1.0,0.9149324391991734,-6.640646379099463
nhanes_real,1,563,REVISE,True,0.0005893339985050261,1.0,1.0,2.6989853382110596,-6.082893064565947
nhanes_real,1,564,DiCE,True,0.0007002920028753579,1.0,1.0,1.4445141553878784,-11.380192688204811
nhanes_real,1,564,FACE,True,0.0906997499987483,1.0,1.0,3.5935418605804443,-9.54731162992588
nhanes_real,1,564,GrowingSpheres,True,0.00039599998854100704,1.0,1.0,2.1779606398501237,-11.238501756806537
nhanes_real,1,564,REVISE,True,0.0035793340066447854,1.0,1.0,6.18643045425415,-8.918440499099555
nhanes_real,1,566,DiCE,False,0.014491249981801957,,,,
nhanes_real,1,566,FACE,True,0.09028566704364493,1.0,1.0,4.01170015335083,-6.743403921258908
nhanes_real,1,566,GrowingSpheres,True,0.0006976670119911432,1.0,1.0,5.796025784614226,-9.8345468222462
nhanes_real,1,566,REVISE,True,0.011095750029198825,1.0,1.0,3.629589319229126,-6.38583615046656
nhanes_real,1,567,DiCE,True,0.0011691669933497906,1.0,1.0,2.5946736335754395,-8.590493426323208
nhanes_real,1,567,FACE,True,0.0905289999791421,1.0,1.0,5.258732795715332,-6.462530404048514
nhanes_real,1,567,GrowingSpheres,True,0.00045487500028684735,1.0,1.0,3.01069263271672,-8.799395740161662
nhanes_real,1,567,REVISE,True,0.001991208002436906,1.0,1.0,6.67177152633667,-6.189250313532943
nhanes_real,1,568,DiCE,False,0.015134708024561405,,,,
nhanes_real,1,568,FACE,True,0.09055879199877381,1.0,1.0,9.126422882080078,-8.169349374442898
nhanes_real,1,568,GrowingSpheres,True,0.0009639579802751541,1.0,1.0,5.312433505361486,-12.299999040300367
nhanes_real,1,568,REVISE,True,0.010966500034555793,1.0,1.0,13.39973258972168,-6.603617188107728
nhanes_real,1,569,DiCE,False,0.014927000040188432,,,,
nhanes_real,1,569,FACE,True,0.09010154195129871,1.0,1.0,3.4221444129943848,-6.886190497152028
nhanes_real,1,569,GrowingSpheres,True,0.0005177910206839442,1.0,1.0,2.107500207354189,-7.3347425794524375
nhanes_real,1,569,REVISE,True,0.007176999992225319,1.0,1.0,2.219831705093384,-6.414319925973771
nhanes_real,1,574,DiCE,True,0.0005542080034501851,1.0,1.0,1.5376607179641724,-7.098130046101083
nhanes_real,1,574,FACE,True,0.0908022079966031,1.0,1.0,1.3084608316421509,-6.49908275383529
nhanes_real,1,574,GrowingSpheres,True,0.00022091600112617016,1.0,1.0,0.8523507502696495,-6.887235735267314
nhanes_real,1,574,REVISE,True,0.004194166045635939,1.0,1.0,4.511840343475342,-6.111450790271072
nhanes_real,1,575,DiCE,True,0.0013407919905148447,1.0,1.0,2.572744131088257,-11.25937217163514
nhanes_real,1,575,FACE,True,0.09128733299439773,1.0,1.0,6.532894134521484,-9.162006836658351
nhanes_real,1,575,GrowingSpheres,True,0.0005630829837173223,1.0,1.0,3.4413303999727254,-11.290410946551612
nhanes_real,1,575,REVISE,True,0.007108166988473386,1.0,1.0,12.120504379272461,-6.211301390649901
nhanes_real,1,577,DiCE,True,0.0007248750189319253,1.0,1.0,2.0444517135620117,-10.497409742849726
nhanes_real,1,577,FACE,True,0.09130049997474998,1.0,1.0,5.277855396270752,-8.418108478914705
nhanes_real,1,577,GrowingSpheres,True,0.00041745800990611315,1.0,1.0,2.29774793105657,-10.38428982207094
nhanes_real,1,577,REVISE,True,0.000645750027615577,1.0,1.0,6.578937530517578,-7.718645693025295
nhanes_real,1,578,DiCE,True,0.0022845000494271517,1.0,1.0,3.42726993560791,-10.920094134952066
nhanes_real,1,578,FACE,True,0.09061558300163597,1.0,1.0,7.027027130126953,-7.092783064606172
nhanes_real,1,578,GrowingSpheres,True,0.0006144999642856419,1.0,1.0,3.1551072237584687,-11.037582568843566
nhanes_real,1,578,REVISE,True,0.011376500013284385,1.0,1.0,5.131515979766846,-7.834800852703158
nhanes_real,1,583,DiCE,False,0.014791833003982902,,,,
nhanes_real,1,583,FACE,True,0.09092091699130833,1.0,1.0,8.375192642211914,-6.679996854110941
nhanes_real,1,583,GrowingSpheres,True,0.0011626670020632446,1.0,1.0,7.014604565427471,-15.136413912432648
nhanes_real,1,583,REVISE,False,0.04257408296689391,,,,
nhanes_real,1,584,DiCE,True,0.0005615410045720637,1.0,1.0,1.1545212268829346,-7.128201720305646
nhanes_real,1,584,FACE,True,0.09035620797658339,1.0,1.0,3.283620834350586,-6.3002985860638505
nhanes_real,1,584,GrowingSpheres,True,0.00021495798137038946,1.0,1.0,0.7480605556278443,-6.903880145277208
nhanes_real,1,584,REVISE,True,0.0005673750420100987,1.0,1.0,5.156635761260986,-6.04650666679343
nhanes_real,1,586,DiCE,True,0.0016049999976530671,1.0,1.0,4.103961944580078,-10.00882541791324
nhanes_real,1,586,FACE,True,0.09052291698753834,1.0,1.0,4.7556891441345215,-7.8953133350369615
nhanes_real,1,586,GrowingSpheres,True,0.0005290000117383897,1.0,1.0,2.839338722316487,-10.797623670056339
nhanes_real,1,586,REVISE,True,0.007714334002230316,1.0,1.0,8.109840393066406,-8.031290221992386
nhanes_real,1,590,DiCE,True,0.0008730840054340661,1.0,1.0,2.591521978378296,-13.718549596411998
nhanes_real,1,590,FACE,True,0.09026545798406005,1.0,1.0,4.33884859085083,-9.76667713068111
nhanes_real,1,590,GrowingSpheres,True,0.00026241602608934045,1.0,1.0,0.5610422298183875,-12.31578053439529
nhanes_real,1,590,REVISE,True,0.004017916973680258,1.0,1.0,8.097822189331055,-11.429443742576456
nhanes_real,1,592,DiCE,False,0.014628332981374115,,,,
nhanes_real,1,592,FACE,True,0.09134920802898705,1.0,1.0,3.4408535957336426,-6.679996854110941
nhanes_real,1,592,GrowingSpheres,True,0.0008336669998243451,1.0,1.0,2.957720781551833,-11.05783218500897
nhanes_real,1,592,REVISE,True,0.011646958999335766,1.0,1.0,4.730647563934326,-6.068485969198459
nhanes_real,1,595,DiCE,False,0.014725334011018276,,,,
nhanes_real,1,595,FACE,True,0.0899840840138495,1.0,1.0,6.032764434814453,-7.655211073179649
nhanes_real,1,595,GrowingSpheres,True,0.000812541984487325,1.0,1.0,4.427761454789044,-9.322610159458598
nhanes_real,1,595,REVISE,True,0.006203291995916516,1.0,1.0,7.410501956939697,-6.113375326793459
nhanes_real,1,596,DiCE,True,0.0007495409809052944,1.0,1.0,2.0263919830322266,-10.106312045505202
nhanes_real,1,596,FACE,True,0.09068970801308751,1.0,1.0,2.376217842102051,-8.858868679627241
nhanes_real,1,596,GrowingSpheres,True,0.00034387496998533607,1.0,1.0,1.2472325427049755,-9.505825482066722
nhanes_real,1,596,REVISE,True,0.003642957948613912,1.0,1.0,7.081045627593994,-6.289403112416394
nhanes_real,1,598,DiCE,True,0.0008594159735366702,1.0,1.0,1.781459093093872,-7.116708446996052
nhanes_real,1,598,FACE,True,0.0903946670005098,1.0,1.0,2.1052021980285645,-6.657541845893753
nhanes_real,1,598,GrowingSpheres,True,0.00040033302502706647,1.0,1.0,1.435873241117792,-6.613500218423803
nhanes_real,1,598,REVISE,True,0.0015606660163030028,1.0,1.0,3.0620763301849365,-6.304650817500099
nhanes_real,1,601,DiCE,True,0.0007321250159293413,1.0,1.0,1.801715612411499,-7.897178098985118
nhanes_real,1,601,FACE,True,0.09103245899314061,1.0,1.0,5.2220659255981445,-7.764339895603314
nhanes_real,1,601,GrowingSpheres,True,0.0002542500151321292,1.0,1.0,0.8369142790013246,-7.84760968625363
nhanes_real,1,601,REVISE,True,0.004984374972991645,1.0,1.0,4.663873195648193,-6.648831747824104
nhanes_real,1,602,DiCE,True,0.0012340419925749302,1.0,1.0,2.5875940322875977,-7.674338545867797
nhanes_real,1,602,FACE,True,0.09069404198089615,1.0,1.0,3.567387580871582,-7.81010614018494
nhanes_real,1,602,GrowingSpheres,True,0.00040675001218914986,1.0,1.0,1.8919940597962575,-7.677185005156824
nhanes_real,1,602,REVISE,True,0.0021049160277470946,1.0,1.0,4.661458969116211,-6.428136847849101
nhanes_real,1,605,DiCE,False,0.015140332980081439,,,,
nhanes_real,1,605,FACE,True,0.09058612497756258,1.0,1.0,4.0624823570251465,-7.154639754524461
nhanes_real,1,605,GrowingSpheres,True,0.000828583026304841,1.0,1.0,4.931975924360928,-8.878171239844692
nhanes_real,1,605,REVISE,True,0.011694000044371933,1.0,1.0,5.100981712341309,-6.147378880374671
nhanes_real,1,606,DiCE,True,0.0016745000029914081,1.0,1.0,2.9506030082702637,-11.514845867893815
nhanes_real,1,606,FACE,True,0.09012779098702595,1.0,1.0,4.533593654632568,-6.743403921258908
nhanes_real,1,606,GrowingSpheres,True,0.00046908395597711205,1.0,1.0,1.4377331357592702,-10.595835480095612
nhanes_real,1,606,REVISE,True,0.011111458006780595,1.0,1.0,6.867788314819336,-6.228591533220212
nhanes_real,1,607,DiCE,True,0.0005413329927250743,1.0,1.0,1.350281000137329,-7.374588329443405
nhanes_real,1,607,FACE,True,0.0909379170043394,1.0,1.0,2.565502166748047,-6.412837164303037
nhanes_real,1,607,GrowingSpheres,True,0.00018404197180643678,1.0,1.0,0.5387615163741947,-6.953148551332733
nhanes_real,1,607,REVISE,True,0.005648959020618349,1.0,1.0,2.985787868499756,-6.274390136300854
nhanes_real,1,609,DiCE,False,0.015313665964640677,,,,
nhanes_real,1,609,FACE,True,0.09122050000587478,1.0,1.0,9.11893081665039,-7.221252987531235
nhanes_real,1,609,GrowingSpheres,True,0.0008436660282313824,1.0,1.0,3.090234928946394,-15.796100405033963
nhanes_real,1,609,REVISE,True,0.011085957987233996,1.0,1.0,9.407180786132812,-7.107134594471073
nhanes_real,1,610,DiCE,True,0.002025625028181821,1.0,1.0,3.309330463409424,-7.710519208330611
nhanes_real,1,610,FACE,True,0.09290837502339855,1.0,1.0,3.815110683441162,-6.703553966557173
nhanes_real,1,610,GrowingSpheres,True,0.0006395420059561729,1.0,1.0,2.50393142316593,-8.453139591677523
nhanes_real,1,610,REVISE,True,0.004551207995973527,1.0,1.0,3.4757509231567383,-6.850750337697074
nhanes_real,1,612,DiCE,True,0.001062333001755178,1.0,1.0,2.4824588298797607,-8.942315833266766
nhanes_real,1,612,FACE,True,0.09381425002356991,1.0,1.0,4.551569938659668,-8.271973248144338
nhanes_real,1,612,GrowingSpheres,True,0.0004605420399457216,1.0,1.0,1.4500386747290774,-8.550072477341299
nhanes_real,1,612,REVISE,True,0.0007418750319629908,1.0,1.0,8.057233810424805,-6.166969063168475
nhanes_real,1,614,DiCE,True,0.002147667051758617,1.0,1.0,3.3125052452087402,-8.931859656965324
nhanes_real,1,614,FACE,True,0.09137479198398069,1.0,1.0,4.604330539703369,-6.898287320508232
nhanes_real,1,614,GrowingSpheres,True,0.0006727500003762543,1.0,1.0,3.280293235866856,-9.867459029366422
nhanes_real,1,614,REVISE,True,0.007499625033233315,1.0,1.0,6.989974498748779,-6.429352268539361
nhanes_real,1,615,DiCE,True,0.001322958036325872,1.0,1.0,2.739867925643921,-8.477032836172192
nhanes_real,1,615,FACE,True,0.09009154100203887,1.0,1.0,2.172149658203125,-6.985968120433757
nhanes_real,1,615,GrowingSpheres,True,0.000435458030551672,1.0,1.0,2.1435025699107193,-8.41909060346699
nhanes_real,1,615,REVISE,True,0.00621529103955254,1.0,1.0,7.027581691741943,-6.0538516471546355
nhanes_real,1,616,DiCE,False,0.016403958026785403,,,,
nhanes_real,1,616,FACE,True,0.09100587503053248,1.0,1.0,6.395541667938232,-8.146388798789443
nhanes_real,1,616,GrowingSpheres,True,0.0006715409690514207,1.0,1.0,1.8749662668074671,-14.26631734196214
nhanes_real,1,616,REVISE,True,0.006168375024572015,1.0,1.0,11.392985343933105,-6.541423274342677
nhanes_real,1,617,DiCE,False,0.014777167001739144,,,,
nhanes_real,1,617,FACE,True,0.09001924999756739,1.0,1.0,2.2493155002593994,-7.350344404102384
nhanes_real,1,617,GrowingSpheres,True,0.0007787919603288174,1.0,1.0,2.1018416910674973,-9.280458925285732
nhanes_real,1,617,REVISE,True,0.009412790997885168,1.0,1.0,4.800858974456787,-6.193130908133922
nhanes_real,1,620,DiCE,False,0.015022166015114635,,,,
nhanes_real,1,620,FACE,True,0.09066204202827066,1.0,1.0,5.445821762084961,-7.861991263124208
nhanes_real,1,620,GrowingSpheres,True,0.0008294589933939278,1.0,1.0,6.12368712730954,-7.570148392948993
nhanes_real,1,620,REVISE,True,0.00479916698532179,1.0,1.0,4.1676764488220215,-6.347721649404749
nhanes_real,1,622,DiCE,False,0.01483341702260077,,,,
nhanes_real,1,622,FACE,True,0.09055866696871817,1.0,1.0,2.2841925621032715,-8.418108478914705
nhanes_real,1,622,GrowingSpheres,True,0.0007687089964747429,1.0,1.0,5.66670257049078,-8.362403810758396
nhanes_real,1,622,REVISE,True,0.0039952920051291585,1.0,1.0,6.930018901824951,-6.240432626176665
nhanes_real,1,624,DiCE,True,0.0007040409836918116,1.0,1.0,1.7624329328536987,-7.202040471441141
nhanes_real,1,624,FACE,True,0.09033316699787974,0.0,1.0,4.454874038696289,-6.968971650979884
nhanes_real,1,624,GrowingSpheres,True,0.0003349999897181988,1.0,1.0,1.846759293863419,-6.968434254160312
nhanes_real,1,624,REVISE,True,0.0005980840069241822,1.0,1.0,2.7894506454467773,-6.514998821073748
nhanes_real,1,626,DiCE,True,0.0012159160105511546,1.0,1.0,2.373927354812622,-8.052352738949818
nhanes_real,1,626,FACE,True,0.0922070830129087,1.0,1.0,4.304290771484375,-8.8489797004494
nhanes_real,1,626,GrowingSpheres,True,0.0004909590352326632,1.0,1.0,1.8295923506478866,-9.200594585158278
nhanes_real,1,626,REVISE,True,0.0073177500162273645,1.0,1.0,6.108377933502197,-6.066463235326443
nhanes_real,1,627,DiCE,False,0.01514291699277237,,,,
nhanes_real,1,627,FACE,True,0.090651250036899,1.0,1.0,11.050647735595703,-9.517424638173386
nhanes_real,1,627,GrowingSpheres,True,0.001034167013131082,1.0,1.0,2.9410799344029095,-21.6313315779855
nhanes_real,1,627,REVISE,True,0.010219290968962014,1.0,1.0,14.971094131469727,-8.875848865632415
nhanes_real,1,628,DiCE,True,0.001558208023197949,1.0,1.0,2.7051002979278564,-8.027339488281427
nhanes_real,1,628,FACE,True,0.09124612499726936,1.0,1.0,3.7664852142333984,-6.842049743121345
nhanes_real,1,628,GrowingSpheres,True,0.0005551670328713953,1.0,1.0,3.3223315634663946,-7.955673944829394
nhanes_real,1,628,REVISE,True,0.008410042035393417,1.0,1.0,2.749124526977539,-6.444551270895683
nhanes_real,1,629,DiCE,True,0.0012870409991592169,1.0,1.0,2.2362122535705566,-6.5719437421768685
nhanes_real,1,629,FACE,True,0.09396945900516585,1.0,1.0,1.2448440790176392,-6.435748557439938
nhanes_real,1,629,GrowingSpheres,True,0.0006076670251786709,1.0,1.0,3.4456765855265394,-6.333140904766934
nhanes_real,1,629,REVISE,True,0.00298175000352785,1.0,1.0,2.422640800476074,-6.071273808634459
nhanes_real,1,630,DiCE,True,0.0008980410057120025,1.0,1.0,2.5865478515625,-11.08266905774629
nhanes_real,1,630,FACE,True,0.09050537500297651,1.0,1.0,4.230747222900391,-9.517424638173386
nhanes_real,1,630,GrowingSpheres,True,0.0003405419993214309,1.0,1.0,1.7931534412914838,-11.197523304126179
nhanes_real,1,630,REVISE,True,0.0038525830022990704,1.0,1.0,7.188745021820068,-8.00367649825846
nhanes_real,1,631,DiCE,False,0.0153606659732759,,,,
nhanes_real,1,631,FACE,True,0.0927533750073053,1.0,1.0,6.5867791175842285,-7.978376093812567
nhanes_real,1,631,GrowingSpheres,True,0.0010082920198328793,1.0,1.0,5.685862769938035,-14.6004380774435
nhanes_real,1,631,REVISE,True,0.010347958013880998,1.0,1.0,7.484859466552734,-6.621754397139471
nhanes_real,1,632,DiCE,True,0.0006247920100577176,1.0,1.0,1.159128189086914,-6.770159917180137
nhanes_real,1,632,FACE,True,0.09241120796650648,1.0,1.0,2.3306422233581543,-6.435748557439938
nhanes_real,1,632,GrowingSpheres,True,0.0002717080060392618,1.0,1.0,0.7757446118447554,-7.0033339614697265
nhanes_real,1,632,REVISE,True,0.0006903749890625477,1.0,1.0,3.595421314239502,-6.118024304140377
nhanes_real,1,634,DiCE,False,0.015136375033762306,,,,
nhanes_real,1,634,FACE,True,0.0907783749862574,1.0,1.0,5.101769924163818,-9.434092773464307
nhanes_real,1,634,GrowingSpheres,True,0.0009366670274175704,1.0,1.0,4.481479850277475,-12.622274337285996
nhanes_real,1,634,REVISE,True,0.01150604197755456,1.0,1.0,9.786396980285645,-8.041818398831888
nhanes_real,1,637,DiCE,True,0.0013478330220095813,1.0,1.0,2.7098746299743652,-9.766257568406525
nhanes_real,1,637,FACE,True,0.09067208296619356,1.0,1.0,4.848114490509033,-8.571125675299829
nhanes_real,1,637,GrowingSpheres,True,0.0004903330118395388,1.0,1.0,2.1414486300318054,-9.084232191607319
nhanes_real,1,637,REVISE,True,0.0076992500107735395,1.0,1.0,4.468367576599121,-7.272659041264376
nhanes_real,1,640,DiCE,False,0.016522874997463077,,,,
nhanes_real,1,640,FACE,True,0.09807387500768527,1.0,1.0,6.651767730712891,-6.435748557439938
nhanes_real,1,640,GrowingSpheres,True,0.0008317920146510005,1.0,1.0,2.9826139429274514,-8.101888603157654
nhanes_real,1,640,REVISE,True,0.00848412502091378,1.0,1.0,7.929812431335449,-6.341198729056524
nhanes_real,1,642,DiCE,True,0.0007411250262521207,1.0,1.0,1.197107195854187,-7.187422625682621
nhanes_real,1,642,FACE,True,0.08994833403266966,1.0,1.0,0.8978712558746338,-6.886190497152028
nhanes_real,1,642,GrowingSpheres,True,0.00027133297407999635,1.0,1.0,1.3968537292581082,-6.81530973689215
nhanes_real,1,642,REVISE,True,0.0011891250032931566,1.0,1.0,2.9483323097229004,-6.327993842688434
nhanes_real,1,644,DiCE,False,0.015095750044565648,,,,
nhanes_real,1,644,FACE,True,0.0913919999729842,1.0,1.0,2.8600094318389893,-6.435748557439938
nhanes_real,1,644,GrowingSpheres,True,0.0010844169883057475,1.0,1.0,6.515170914243862,-8.781824539761944
nhanes_real,1,644,REVISE,False,0.043466375034768134,,,,
nhanes_real,1,645,DiCE,False,0.015275540994480252,,,,
nhanes_real,1,645,FACE,True,0.09181733295554295,1.0,1.0,5.006951332092285,-6.8918121778909915
nhanes_real,1,645,GrowingSpheres,True,0.0012072499957866967,1.0,1.0,8.32216299627828,-9.842099628840133
nhanes_real,1,645,REVISE,True,0.012094125035218894,1.0,1.0,4.302610874176025,-6.054068555410259
nhanes_real,1,646,DiCE,False,0.015261667023878545,,,,
nhanes_real,1,646,FACE,True,0.09183387504890561,1.0,1.0,6.572030067443848,-6.672963144929269
nhanes_real,1,646,GrowingSpheres,True,0.0008722079801373184,1.0,1.0,1.729362679393593,-8.767797705856033
nhanes_real,1,646,REVISE,True,0.007052458007819951,1.0,1.0,7.213128089904785,-6.047083764412173
nhanes_real,1,647,DiCE,False,0.014954667014535517,,,,
nhanes_real,1,647,FACE,True,0.09050333400955424,1.0,1.0,1.7425754070281982,-8.571125675299829
nhanes_real,1,647,GrowingSpheres,True,0.000700749980751425,1.0,1.0,3.1429909001378906,-9.994723606024401
nhanes_real,1,647,REVISE,True,0.00891945802140981,1.0,1.0,4.1291584968566895,-7.319272169925627
nhanes_real,1,649,DiCE,False,0.014694790996145457,,,,
nhanes_real,1,649,FACE,True,0.09014099999330938,1.0,1.0,4.271461486816406,-8.294106961676404
nhanes_real,1,649,GrowingSpheres,True,0.000709082989487797,1.0,1.0,5.0182016248003185,-10.386111555079593
nhanes_real,1,649,REVISE,True,0.0032479999936185777,1.0,1.0,5.55325174331665,-7.1327632634176
nhanes_real,1,651,DiCE,True,0.000573290977627039,1.0,1.0,1.3077219724655151,-7.943033556199352
nhanes_real,1,651,FACE,True,0.09035937499720603,1.0,1.0,1.1405894756317139,-7.998926743888856
nhanes_real,1,651,GrowingSpheres,True,0.00024858303368091583,1.0,1.0,0.9118589078419473,-7.6422115449762416
nhanes_real,1,651,REVISE,True,0.003284249978605658,1.0,1.0,4.712313175201416,-6.647260667628349
nhanes_real,1,652,DiCE,True,0.0013185000279918313,1.0,1.0,3.389301300048828,-15.503643013935722
nhanes_real,1,652,FACE,True,0.09013187501113862,1.0,1.0,12.346327781677246,-9.555826287954194
nhanes_real,1,652,GrowingSpheres,True,0.0006317499792203307,1.0,1.0,2.4953299665950226,-17.65845860258227
nhanes_real,1,652,REVISE,True,0.0025142080266959965,1.0,1.0,11.843801498413086,-9.299766399142177
nhanes_real,1,653,DiCE,False,0.015379249991383404,,,,
nhanes_real,1,653,FACE,True,0.09039970795856789,1.0,1.0,5.215479850769043,-6.46941445275357
nhanes_real,1,653,GrowingSpheres,True,0.0007187500013969839,1.0,1.0,4.78834178299819,-6.407419521146369
nhanes_real,1,653,REVISE,True,0.004017749975901097,1.0,1.0,4.957554340362549,-6.041331066185133
nhanes_real,1,654,DiCE,True,0.0007440840126946568,1.0,1.0,1.1920864582061768,-6.530827145659018
nhanes_real,1,654,FACE,True,0.09081387502374128,1.0,1.0,1.8361167907714844,-6.632591878202185
nhanes_real,1,654,GrowingSpheres,True,0.0003373749786987901,1.0,1.0,1.6423763632709534,-6.500890567460811
nhanes_real,1,654,REVISE,True,0.0006871669902466238,1.0,1.0,4.344522953033447,-6.00645670846436
nhanes_real,1,655,DiCE,True,0.0009047920466400683,1.0,1.0,2.216031074523926,-8.321946729567587
nhanes_real,1,655,FACE,True,0.09105720795923844,1.0,1.0,2.96081805229187,-8.294106961676404
nhanes_real,1,655,GrowingSpheres,True,0.00039541698060929775,1.0,1.0,1.2454464671281262,-8.169981257543098
nhanes_real,1,655,REVISE,True,0.0006494160043075681,1.0,1.0,3.9337003231048584,-7.159912391842786
nhanes_real,1,657,DiCE,True,0.001319000031799078,1.0,1.0,2.510589122772217,-12.14741412496046
nhanes_real,1,657,FACE,True,0.09047316602664068,1.0,1.0,5.800907135009766,-9.710338043761123
nhanes_real,1,657,GrowingSpheres,True,0.0005237919976934791,1.0,1.0,2.1390499068142415,-14.338367141613446
nhanes_real,1,657,REVISE,True,0.0005779580096714199,1.0,1.0,6.053032875061035,-9.558144750761969
nhanes_real,1,658,DiCE,True,0.0007016250165179372,1.0,1.0,2.0053482055664062,-9.51126183051727
nhanes_real,1,658,FACE,True,0.09022716601612046,1.0,1.0,6.746895790100098,-6.887492422173301
nhanes_real,1,658,GrowingSpheres,True,0.00021824997384101152,1.0,1.0,0.7935689340692013,-9.729077223594064
nhanes_real,1,658,REVISE,True,0.0006197500042617321,1.0,1.0,5.105454444885254,-7.474526340349431
nhanes_real,1,660,DiCE,True,0.0020222089951857924,1.0,1.0,2.7218518257141113,-7.698266232857892
nhanes_real,1,660,FACE,True,0.09069958399049938,1.0,1.0,3.9228100776672363,-7.385151270929845
nhanes_real,1,660,GrowingSpheres,True,0.0005573750240728259,1.0,1.0,2.7264235227187887,-8.038072307797854
nhanes_real,1,660,REVISE,True,0.005312291963491589,1.0,1.0,6.232831954956055,-6.112135954602727
nhanes_real,1,664,DiCE,True,0.0012143749627284706,1.0,1.0,2.5573792457580566,-6.0777195362782095
nhanes_real,1,664,FACE,True,0.09073541598627344,1.0,1.0,3.480149269104004,-6.3002985860638505
nhanes_real,1,664,GrowingSpheres,True,0.0004271250218153,1.0,1.0,2.4193642222526917,-6.271816405361294
nhanes_real,1,664,REVISE,True,0.0005676669534295797,1.0,1.0,1.9209990501403809,-6.086451975599173
nhanes_real,1,666,DiCE,False,0.014567292004358023,,,,
nhanes_real,1,666,FACE,True,0.0904112919815816,1.0,1.0,7.854179859161377,-8.844830509588695
nhanes_real,1,666,GrowingSpheres,True,0.0008517500245943666,1.0,1.0,2.676122002533006,-12.489899632461164
nhanes_real,1,666,REVISE,True,0.008194874972105026,1.0,1.0,11.958820343017578,-6.9282585691730425
nhanes_real,1,668,DiCE,False,0.014969916956033558,,,,
nhanes_real,1,668,FACE,True,0.09072579100029543,1.0,1.0,2.146636962890625,-6.435748557439938
nhanes_real,1,668,GrowingSpheres,True,0.0010489579872228205,1.0,1.0,6.221792873988871,-8.151145522107958
nhanes_real,1,668,REVISE,False,0.04435558302793652,,,,
nhanes_real,1,671,DiCE,True,0.0021535829873755574,1.0,1.0,3.521580934524536,-10.974114799084875
nhanes_real,1,671,FACE,True,0.09083620796445757,1.0,1.0,5.978434085845947,-8.963779185386278
nhanes_real,1,671,GrowingSpheres,True,0.0005561250145547092,1.0,1.0,3.660223894377526,-11.515502181509202
nhanes_real,1,671,REVISE,True,0.0036211669794283807,1.0,1.0,10.163172721862793,-7.451731442077312
nhanes_real,1,672,DiCE,True,0.0018227919936180115,1.0,1.0,2.09415864944458,-6.401300228234295
nhanes_real,1,672,FACE,True,0.09045554196927696,1.0,1.0,2.3210763931274414,-6.8918121778909915
nhanes_real,1,672,GrowingSpheres,True,0.0007742909947410226,1.0,1.0,1.286630264964907,-6.286086030615186
nhanes_real,1,672,REVISE,True,0.006636000005528331,1.0,1.0,3.5602049827575684,-6.058889371507547
nhanes_real,1,681,DiCE,False,0.016378375003114343,,,,
nhanes_real,1,681,FACE,True,0.09244062501238659,1.0,1.0,9.666038513183594,-7.978376093812567
nhanes_real,1,681,GrowingSpheres,True,0.0008834169711917639,1.0,1.0,4.670636325845208,-11.13342515039103
nhanes_real,1,681,REVISE,True,0.0039062080322764814,1.0,1.0,7.003166198730469,-8.03018657121874
nhanes_real,1,683,DiCE,False,0.01537358300993219,,,,
nhanes_real,1,683,FACE,True,0.09073608403559774,1.0,1.0,7.987473487854004,-8.8489797004494
nhanes_real,1,683,GrowingSpheres,True,0.0006519999587908387,1.0,1.0,2.307036873302487,-9.823214053763326
nhanes_real,1,683,REVISE,True,0.010990375012625009,1.0,1.0,7.199357032775879,-6.073896559383336
nhanes_real,1,684,DiCE,False,0.015046207990963012,,,,
nhanes_real,1,684,FACE,True,0.09079254197422415,1.0,1.0,5.391321182250977,-8.169596490834492
nhanes_real,1,684,GrowingSpheres,True,0.0007364999619312584,1.0,1.0,3.842163388736932,-9.31750694160365
nhanes_real,1,684,REVISE,True,0.003149292024318129,1.0,1.0,5.328991889953613,-7.450461222447156
nhanes_real,1,685,DiCE,False,0.014499291020911187,,,,
nhanes_real,1,685,FACE,True,0.09187641699099913,1.0,1.0,3.3382391929626465,-6.886190497152028
nhanes_real,1,685,GrowingSpheres,True,0.0006578750326298177,1.0,1.0,2.8040169330002307,-7.084874303967073
nhanes_real,1,685,REVISE,True,0.006147709034848958,1.0,1.0,3.133366584777832,-6.319227053367145
nhanes_real,1,686,DiCE,True,0.0023348749964497983,1.0,1.0,2.8642313480377197,-10.96697673955547
nhanes_real,1,686,FACE,True,0.09072008304065093,1.0,1.0,3.596618175506592,-9.447868651020503
nhanes_real,1,686,GrowingSpheres,True,0.0007307499763555825,1.0,1.0,3.0108605952684515,-12.484226501966702
nhanes_real,1,686,REVISE,True,0.007006916974205524,1.0,1.0,8.492952346801758,-8.836416084754982
nhanes_real,1,687,DiCE,False,0.015429374994710088,,,,
nhanes_real,1,687,FACE,True,0.09085016598692164,1.0,1.0,4.542551040649414,-6.435748557439938
nhanes_real,1,687,GrowingSpheres,True,0.0010193749913014472,1.0,1.0,3.4390034387478865,-10.316335469230077
nhanes_real,1,687,REVISE,False,0.04401633300585672,,,,
nhanes_real,1,689,DiCE,True,0.0006927920039743185,1.0,1.0,1.3946723937988281,-9.546679751374786
nhanes_real,1,689,FACE,True,0.09054991701850668,1.0,1.0,2.8246583938598633,-8.526542727089117
nhanes_real,1,689,GrowingSpheres,True,0.0003320840187370777,1.0,1.0,1.6767270635801759,-9.929712293894596
nhanes_real,1,689,REVISE,True,0.000583458982873708,1.0,1.0,5.041817665100098,-7.10170150495684
nhanes_real,1,692,DiCE,True,0.0015326670254580677,1.0,1.0,2.5992534160614014,-8.470758965917593
nhanes_real,1,692,FACE,True,0.09054166701389477,1.0,1.0,3.7533740997314453,-6.886190497152028
nhanes_real,1,692,GrowingSpheres,True,0.0004797079600393772,1.0,1.0,2.5804011227316916,-8.496707141023416
nhanes_real,1,692,REVISE,True,0.004651249968446791,1.0,1.0,5.549532890319824,-6.416684776586045
nhanes_real,1,694,DiCE,False,0.014480167010333389,,,,
nhanes_real,1,694,FACE,True,0.09080391703173518,1.0,1.0,6.961432456970215,-6.8599755344924365
nhanes_real,1,694,GrowingSpheres,True,0.0006767499726265669,1.0,1.0,1.794521347640825,-9.023428389199603
nhanes_real,1,694,REVISE,True,0.006868958007544279,1.0,1.0,7.466182708740234,-6.157824448809976
nhanes_real,1,696,DiCE,True,0.0007254579686559737,1.0,1.0,1.783043384552002,-7.44836588809686
nhanes_real,1,696,FACE,True,0.09092345798853785,1.0,1.0,2.7382965087890625,-6.652701309931327
nhanes_real,1,696,GrowingSpheres,True,0.00028308300534263253,1.0,1.0,1.5837165702954457,-7.902994601789072
nhanes_real,1,696,REVISE,True,0.0006195000023581088,1.0,1.0,5.299640655517578,-6.1449980758861305
nhanes_real,1,698,DiCE,False,0.014649874996393919,,,,
nhanes_real,1,698,FACE,True,0.09009416599292308,1.0,1.0,2.8669700622558594,-6.886190497152028
nhanes_real,1,698,GrowingSpheres,True,0.0005676660221070051,1.0,1.0,2.861450669008612,-7.254511950610134
nhanes_real,1,698,REVISE,True,0.006510291947051883,1.0,1.0,2.108243227005005,-6.4284974991819634
nhanes_real,1,699,DiCE,True,0.000677166972309351,1.0,1.0,1.460054874420166,-8.25694168648411
nhanes_real,1,699,FACE,True,0.08995337499072775,0.0,1.0,5.156672477722168,-6.827451583998548
nhanes_real,1,699,GrowingSpheres,True,0.00021974998526275158,1.0,1.0,0.6080318761007548,-8.851347472379397
nhanes_real,1,699,REVISE,True,0.0010140840313397348,1.0,1.0,6.563326835632324,-6.234064260869742
nhanes_real,1,706,DiCE,True,0.0021843750146217644,1.0,1.0,2.775548219680786,-7.0030961145210675
nhanes_real,1,706,FACE,True,0.09119645797181875,1.0,1.0,2.525533676147461,-6.687166912003939
nhanes_real,1,706,GrowingSpheres,True,0.0004946250119246542,1.0,1.0,1.400858587582479,-7.042409057695806
nhanes_real,1,706,REVISE,True,0.008641458989586681,1.0,1.0,4.43560266494751,-6.334802548911076
nhanes_real,1,708,DiCE,True,0.002472541993483901,1.0,1.0,2.9566309452056885,-8.562683531131889
nhanes_real,1,708,FACE,True,0.09131391701521352,1.0,1.0,2.8242805004119873,-7.437576837134986
nhanes_real,1,708,GrowingSpheres,True,0.0007421250338666141,1.0,1.0,3.3720662576648994,-7.746015521556959
nhanes_real,1,708,REVISE,True,0.007013500027824193,1.0,1.0,4.763204097747803,-6.337096887157117
nhanes_real,1,709,DiCE,False,0.015105041966307908,,,,
nhanes_real,1,709,FACE,True,0.09100795799167827,1.0,1.0,2.293910503387451,-6.9840802436939775
nhanes_real,1,709,GrowingSpheres,True,0.0006307089934125543,1.0,1.0,1.802162397218019,-7.278863301554805
nhanes_real,1,709,REVISE,True,0.005669499980285764,1.0,1.0,5.275143623352051,-6.243773770853454
nhanes_real,1,713,DiCE,True,0.0008437089854851365,1.0,1.0,2.21334171295166,-7.8156949456234335
nhanes_real,1,713,FACE,True,0.08980633300961927,1.0,1.0,3.5154004096984863,-8.096875584922461
nhanes_real,1,713,GrowingSpheres,True,0.0002965420135296881,1.0,1.0,1.3794947460995621,-7.571050728676942
nhanes_real,1,713,REVISE,True,0.006473499990534037,1.0,1.0,3.5381503105163574,-6.2510716358474765
nhanes_real,1,714,DiCE,True,0.0016877499874681234,1.0,1.0,3.659181833267212,-7.9668907960416435
nhanes_real,1,714,FACE,True,0.0903856250224635,1.0,1.0,4.018387794494629,-7.081346315459692
nhanes_real,1,714,GrowingSpheres,True,0.0005566250183619559,1.0,1.0,3.6295554753798567,-8.352559460394751
nhanes_real,1,714,REVISE,True,0.0024686669930815697,1.0,1.0,5.142146587371826,-6.240483302882088
nhanes_real,1,715,DiCE,False,0.015256916987709701,,,,
nhanes_real,1,715,FACE,True,0.09114729100838304,1.0,1.0,3.406466484069824,-6.632591878202185
nhanes_real,1,715,GrowingSpheres,True,0.0011559579870663583,1.0,1.0,4.838810221783584,-8.9225542015669
nhanes_real,1,715,REVISE,False,0.04423300002235919,,,,
nhanes_real,1,717,DiCE,True,0.0011740000336430967,1.0,1.0,2.240192413330078,-7.7751638714970674
nhanes_real,1,717,FACE,True,0.09069679101230577,1.0,1.0,1.9080039262771606,-7.056577010354226
nhanes_real,1,717,GrowingSpheres,True,0.0004342500469647348,1.0,1.0,2.1129007908624233,-7.937753171957866
nhanes_real,1,717,REVISE,True,0.003136124985758215,1.0,1.0,1.5020641088485718,-6.864788960549591
nhanes_real,1,718,DiCE,True,0.0014244159683585167,1.0,1.0,3.4352800846099854,-14.56788831233266
nhanes_real,1,718,FACE,True,0.0898676670040004,1.0,1.0,6.929143905639648,-8.4418067487537
nhanes_real,1,718,GrowingSpheres,True,0.00047379202442243695,1.0,1.0,1.8596100941368807,-13.522986394405194
nhanes_real,1,718,REVISE,True,0.003996832994744182,1.0,1.0,8.744664192199707,-6.222606398445929
nhanes_real,1,723,DiCE,False,0.014535208989400417,,,,
nhanes_real,1,723,FACE,True,0.09060258296085522,1.0,1.0,4.732272624969482,-8.229758444284878
nhanes_real,1,723,GrowingSpheres,True,0.0009688750142231584,1.0,1.0,6.170685636651312,-12.150498326218532
nhanes_real,1,723,REVISE,True,0.008419415971729904,1.0,1.0,5.98783540725708,-7.58668052195852
nhanes_real,1,724,DiCE,True,0.0013878750032745302,1.0,1.0,2.292950391769409,-7.095519610327514
nhanes_real,1,724,FACE,True,0.09262399998260662,1.0,1.0,1.2793570756912231,-6.761153340777625
nhanes_real,1,724,GrowingSpheres,True,0.0005560840363614261,1.0,1.0,2.751339368677918,-7.074993692471283
nhanes_real,1,724,REVISE,True,0.0017572090146131814,1.0,1.0,2.289862871170044,-6.258457138519056
nhanes_real,1,725,DiCE,True,0.0016276250244118273,1.0,1.0,2.7625112533569336,-12.217872798337915
nhanes_real,1,725,FACE,True,0.09552229102700949,1.0,1.0,5.902957439422607,-7.915571717393123
nhanes_real,1,725,GrowingSpheres,True,0.0005876659997738898,1.0,1.0,1.1718042566166922,-11.449254077335041
nhanes_real,1,725,REVISE,True,0.008931750024203211,1.0,1.0,9.513407707214355,-6.7625563985685915
nhanes_real,1,728,DiCE,False,0.01586799998767674,,,,
nhanes_real,1,728,FACE,True,0.09402124996995553,1.0,1.0,5.962522506713867,-6.2271626847364026
nhanes_real,1,728,GrowingSpheres,True,0.0007678329711779952,1.0,1.0,3.124264913769311,-6.452214124948464
nhanes_real,1,728,REVISE,True,0.004898082988802344,1.0,1.0,3.7076191902160645,-6.369864531812841
nhanes_real,1,732,DiCE,True,0.0013639999669976532,1.0,1.0,2.503941059112549,-8.604950795247762
nhanes_real,1,732,FACE,True,0.09052229201188311,1.0,1.0,1.031430721282959,-7.881018554456862
nhanes_real,1,732,GrowingSpheres,True,0.0005443329573608935,1.0,1.0,2.3432031811258427,-8.065544399317021
nhanes_real,1,732,REVISE,True,0.007049333013128489,1.0,1.0,3.9635703563690186,-6.980109875814183
nhanes_real,1,737,DiCE,True,0.001374292012769729,1.0,1.0,2.3953757286071777,-7.692878267493891
nhanes_real,1,737,FACE,True,0.09083358402131125,1.0,1.0,2.8765745162963867,-6.435748557439938
nhanes_real,1,737,GrowingSpheres,True,0.0005058329552412033,1.0,1.0,1.593347464665992,-8.018895373495278
nhanes_real,1,737,REVISE,True,0.0033501670113764703,1.0,1.0,5.058659076690674,-6.33975962180892
nhanes_real,1,738,DiCE,False,0.014817707997281104,,,,
nhanes_real,1,738,FACE,True,0.09074474999215454,1.0,1.0,4.867962837219238,-8.345112416695745
nhanes_real,1,738,GrowingSpheres,True,0.0007205830188468099,1.0,1.0,4.302181974362296,-8.897044175318422
nhanes_real,1,738,REVISE,True,0.004916791047435254,1.0,1.0,9.577142715454102,-7.170992025796981
nhanes_real,1,741,DiCE,False,0.015172708022873849,,,,
nhanes_real,1,741,FACE,True,0.091163459001109,1.0,1.0,2.944474458694458,-6.435748557439938
nhanes_real,1,741,GrowingSpheres,True,0.0009322920232079923,1.0,1.0,3.061411914776272,-8.233306438115314
nhanes_real,1,741,REVISE,True,0.010358290979638696,1.0,1.0,3.932321071624756,-6.250116455041967
nhanes_real,1,742,DiCE,True,0.0011569170164875686,1.0,1.0,2.310974597930908,-7.143930708853276
nhanes_real,1,742,FACE,True,0.0905232909717597,1.0,1.0,4.730332851409912,-7.437576837134986
nhanes_real,1,742,GrowingSpheres,True,0.0005275419680401683,1.0,1.0,2.522799992597657,-6.650582145302288
nhanes_real,1,742,REVISE,True,0.0025448749656789005,1.0,1.0,5.476291656494141,-6.151815458708696
nhanes_real,1,743,DiCE,True,0.0010661249980330467,1.0,1.0,2.4639360904693604,-9.730630822541942
nhanes_real,1,743,FACE,True,0.09099783300189301,1.0,1.0,4.348756313323975,-7.350344404102384
nhanes_real,1,743,GrowingSpheres,True,0.0004395419964566827,1.0,1.0,2.130424383537433,-9.315640513388901
nhanes_real,1,743,REVISE,True,0.0006336669903248549,1.0,1.0,8.451682090759277,-6.047679749666946
nhanes_real,1,744,DiCE,False,0.015027790970634669,,,,
nhanes_real,1,744,FACE,True,0.09083229099633172,1.0,1.0,5.335921287536621,-8.949831951100405
nhanes_real,1,744,GrowingSpheres,True,0.0006453749956563115,1.0,1.0,1.7818965542279273,-9.47503732990187
nhanes_real,1,744,REVISE,True,0.005072041996754706,1.0,1.0,8.560185432434082,-6.917956833618881
nhanes_real,1,745,DiCE,True,0.0008924169815145433,1.0,1.0,2.1161370277404785,-8.55424733077832
nhanes_real,1,745,FACE,True,0.09007387503515929,1.0,1.0,2.1143338680267334,-7.415895120501993
nhanes_real,1,745,GrowingSpheres,True,0.00032354099676012993,1.0,1.0,0.8240406598258251,-7.895225160243975
nhanes_real,1,745,REVISE,True,0.002379374986048788,1.0,1.0,3.834867000579834,-6.855281661328583
nhanes_real,1,746,DiCE,False,0.014614749990869313,,,,
nhanes_real,1,746,FACE,True,0.09128799999598414,1.0,1.0,1.4543700218200684,-8.304733655230386
nhanes_real,1,746,GrowingSpheres,True,0.0005042499979026616,1.0,1.0,1.0048756569168775,-8.715899918414907
nhanes_real,1,746,REVISE,True,0.006158042000606656,1.0,1.0,4.0444111824035645,-7.033430651455413
nhanes_real,1,747,DiCE,True,0.0012780840042978525,1.0,1.0,3.7011895179748535,-15.580356823086625
nhanes_real,1,747,FACE,True,0.0904651660239324,1.0,1.0,7.096874713897705,-9.757325691449754
nhanes_real,1,747,GrowingSpheres,True,0.0004201249685138464,1.0,1.0,1.9240077384755978,-15.056143373442621
nhanes_real,1,747,REVISE,True,0.009009166969917715,1.0,1.0,14.482126235961914,-10.324380553147538
nhanes_real,1,748,DiCE,False,0.014804333972278982,,,,
nhanes_real,1,748,FACE,True,0.0909278750186786,1.0,1.0,5.745848655700684,-9.162006836658351
nhanes_real,1,748,GrowingSpheres,True,0.0008797909831628203,1.0,1.0,6.288153928139108,-7.759379171245831
nhanes_real,1,748,REVISE,True,0.006008500000461936,1.0,1.0,8.63795280456543,-7.066983655173864
nhanes_real,1,752,DiCE,False,0.015102832985576242,,,,
nhanes_real,1,752,FACE,True,0.09104004100663587,1.0,1.0,3.923262119293213,-7.2364707061793005
nhanes_real,1,752,GrowingSpheres,True,0.0011002499959431589,1.0,1.0,4.573907035638157,-7.169278874064522
nhanes_real,1,752,REVISE,True,0.008873791026417166,1.0,1.0,6.756408214569092,-6.0571774710331105
nhanes_real,1,754,DiCE,True,0.000885666988324374,1.0,1.0,1.7348382472991943,-9.963874904001251
nhanes_real,1,754,FACE,True,0.09092137502739206,1.0,1.0,4.962741851806641,-9.092732327251507
nhanes_real,1,754,GrowingSpheres,True,0.00035691598895937204,1.0,1.0,2.1848244753105446,-9.985269962229655
nhanes_real,1,754,REVISE,True,0.0005662089679390192,1.0,1.0,4.595310688018799,-8.399295692182148
nhanes_real,1,755,DiCE,False,0.01559475000249222,,,,
nhanes_real,1,755,FACE,True,0.09088850003900006,1.0,1.0,6.786812782287598,-6.957744832074556
nhanes_real,1,755,GrowingSpheres,True,0.0008090420160442591,1.0,1.0,3.994619514416354,-9.354839943317824
nhanes_real,1,755,REVISE,True,0.00564275000942871,1.0,1.0,7.9160003662109375,-6.1347032545491675
nhanes_real,1,758,DiCE,True,0.002084915991872549,1.0,1.0,3.4444189071655273,-8.894766878171403
nhanes_real,1,758,FACE,True,0.0899684579926543,1.0,1.0,2.0867385864257812,-8.169596490834492
nhanes_real,1,758,GrowingSpheres,True,0.0006170000415295362,1.0,1.0,1.2785711521157148,-9.580832605239832
nhanes_real,1,758,REVISE,True,0.0040020839660428464,1.0,1.0,7.134280681610107,-6.942598752719869
nhanes_real,1,759,DiCE,True,0.00183908297913149,1.0,1.0,3.713097333908081,-13.12638222309983
nhanes_real,1,759,FACE,True,0.09052233299007639,1.0,1.0,7.202342987060547,-9.710338043761123
nhanes_real,1,759,GrowingSpheres,True,0.0005938750109635293,1.0,1.0,3.6120922760226026,-13.714923006171407
nhanes_real,1,759,REVISE,True,0.008255625027231872,1.0,1.0,9.605818748474121,-11.11680630114004
nhanes_real,1,760,DiCE,True,0.0005562500446103513,1.0,1.0,1.4831416606903076,-10.171752488791986
nhanes_real,1,760,FACE,True,0.09048516600159928,1.0,1.0,4.825060844421387,-8.24354614130246
nhanes_real,1,760,GrowingSpheres,True,0.0002155840047635138,1.0,1.0,0.7343447758821852,-10.342167552847128
nhanes_real,1,760,REVISE,True,0.0005934169748798013,1.0,1.0,6.197697639465332,-7.048654185288267
nhanes_real,1,761,DiCE,True,0.0013527920236811042,1.0,1.0,3.6940484046936035,-8.664913359469944
nhanes_real,1,761,FACE,True,0.08995512500405312,1.0,1.0,5.7893829345703125,-7.739602770974468
nhanes_real,1,761,GrowingSpheres,True,0.00045770901488140225,1.0,1.0,2.7435132909842013,-8.792303825121776
nhanes_real,1,761,REVISE,True,0.0007014999864622951,1.0,1.0,5.506425857543945,-6.695626454427474
nhanes_real,1,763,DiCE,False,0.015050542016979307,,,,
nhanes_real,1,763,FACE,True,0.09079758398002014,1.0,1.0,6.903944492340088,-7.4414572550873
nhanes_real,1,763,GrowingSpheres,True,0.0008917499799281359,1.0,1.0,5.624606742761962,-7.561573197464986
nhanes_real,1,763,REVISE,True,0.007386790995951742,1.0,1.0,9.384328842163086,-6.331578260425726
nhanes_real,1,765,DiCE,False,0.015116624999791384,,,,
nhanes_real,1,765,FACE,True,0.0904689590097405,1.0,1.0,4.67877721786499,-6.8599755344924365
nhanes_real,1,765,GrowingSpheres,True,0.0008245829958468676,1.0,1.0,3.207783212322094,-13.043546387649396
nhanes_real,1,765,REVISE,True,0.007709708996117115,1.0,1.0,5.9843950271606445,-6.525709740520323
nhanes_real,1,772,DiCE,False,0.014895582979079336,,,,
nhanes_real,1,772,FACE,True,0.09013658296316862,1.0,1.0,4.539801120758057,-7.350344404102384
nhanes_real,1,772,GrowingSpheres,True,0.001231833011843264,1.0,1.0,9.240932094038293,-10.82720341704536
nhanes_real,1,772,REVISE,False,0.043402208015322685,,,,
nhanes_real,1,781,DiCE,False,0.014891708036884665,,,,
nhanes_real,1,781,FACE,True,0.0910907500074245,1.0,1.0,2.9024033546447754,-6.485814247278829
nhanes_real,1,781,GrowingSpheres,True,0.0007039580377750099,1.0,1.0,3.059303883432951,-10.76151763217846
nhanes_real,1,781,REVISE,True,0.011319375014863908,1.0,1.0,5.845223426818848,-6.098742304147331
nhanes_real,1,782,DiCE,True,0.0013795000268146396,1.0,1.0,2.6186938285827637,-10.982268852343326
nhanes_real,1,782,FACE,True,0.08998941699974239,1.0,1.0,9.326642036437988,-7.8953133350369615
nhanes_real,1,782,GrowingSpheres,True,0.0004939999780617654,1.0,1.0,3.1138261226477972,-11.141286583378264
nhanes_real,1,782,REVISE,True,0.00770370801910758,1.0,1.0,8.219528198242188,-6.972821804289529
nhanes_real,1,785,DiCE,False,0.015150458028074354,,,,
nhanes_real,1,785,FACE,True,0.09051762503804639,1.0,1.0,9.45279598236084,-6.46941445275357
nhanes_real,1,785,GrowingSpheres,True,0.0008967079920694232,1.0,1.0,6.3246641969904855,-8.365341358689939
nhanes_real,1,785,REVISE,True,0.009998416993767023,1.0,1.0,12.529680252075195,-6.070017977280827
nhanes_real,1,787,DiCE,True,0.0005566669860854745,1.0,1.0,1.046404242515564,-8.779606963442957
nhanes_real,1,787,FACE,True,0.09052858297945932,1.0,1.0,2.8322865962982178,-7.0862370811075195
nhanes_real,1,787,GrowingSpheres,True,0.00020783295622095466,1.0,1.0,0.8172362544532502,-8.245786333506178
nhanes_real,1,787,REVISE,True,0.006370290997438133,1.0,1.0,3.279914617538452,-6.9168921520409326
nhanes_real,1,793,DiCE,True,0.0007200830150395632,1.0,1.0,1.2552770376205444,-11.515373731285443
nhanes_real,1,793,FACE,True,0.09006575000239536,1.0,1.0,4.401671886444092,-9.42872937177616
nhanes_real,1,793,GrowingSpheres,True,0.00021399999968707561,1.0,1.0,0.874644645967871,-12.076928679636522
nhanes_real,1,793,REVISE,True,0.002752291038632393,1.0,1.0,5.237177848815918,-9.466317951542756
nhanes_real,1,795,DiCE,False,0.014942875015549362,,,,
nhanes_real,1,795,FACE,True,0.09038979199249297,1.0,1.0,3.6780319213867188,-6.435748557439938
nhanes_real,1,795,GrowingSpheres,True,0.000989958003628999,1.0,1.0,5.048045018453102,-6.345118587446818
nhanes_real,1,795,REVISE,True,0.011695499997586012,1.0,1.0,3.672701358795166,-6.154845566098086
nhanes_real,1,797,DiCE,False,0.015219375025480986,,,,
nhanes_real,1,797,FACE,True,0.09085874998709187,1.0,1.0,9.884505271911621,-9.659620648951408
nhanes_real,1,797,GrowingSpheres,True,0.0012442080187611282,1.0,1.0,8.259644759431302,-13.982446270188031
nhanes_real,1,797,REVISE,False,0.04163291596341878,,,,
nhanes_real,1,798,DiCE,False,0.015049792011268437,,,,
nhanes_real,1,798,FACE,True,0.09077762498054653,1.0,1.0,4.422337055206299,-7.249009983410144
nhanes_real,1,798,GrowingSpheres,True,0.000531666970346123,1.0,1.0,2.2419643335277772,-10.06750354602001
nhanes_real,1,798,REVISE,True,0.010266416997183114,1.0,1.0,4.259477615356445,-6.2723479868760865
nhanes_real,1,799,DiCE,False,0.015137916954699904,,,,
nhanes_real,1,799,FACE,True,0.09109462500782683,1.0,1.0,9.12173080444336,-8.099888469680483
nhanes_real,1,799,GrowingSpheres,True,0.0009993340354412794,1.0,1.0,2.643570777122146,-14.175144029163054
nhanes_real,1,799,REVISE,True,0.006840584042947739,1.0,1.0,11.785614013671875,-6.652974115855452
nhanes_real,1,801,DiCE,True,0.001041624986100942,1.0,1.0,2.1850976943969727,-8.161365142679687
nhanes_real,1,801,FACE,True,0.09016879100818187,1.0,1.0,2.2144384384155273,-7.5336626779265
nhanes_real,1,801,GrowingSpheres,True,0.0002912909840233624,1.0,1.0,1.0081062963232121,-7.999638447162417
nhanes_real,1,801,REVISE,True,0.004699291952420026,1.0,1.0,4.314859390258789,-6.271052584458335
nhanes_real,1,804,DiCE,True,0.0011983750155195594,1.0,1.0,2.2679641246795654,-8.025436748514345
nhanes_real,1,804,FACE,True,0.09019870799966156,1.0,1.0,3.298858404159546,-7.4414572550873
nhanes_real,1,804,GrowingSpheres,True,0.0004985840059816837,1.0,1.0,2.387669979278011,-8.022706293309287
nhanes_real,1,804,REVISE,True,0.0010823750053532422,1.0,1.0,3.349055290222168,-6.9100741763616025
nhanes_real,1,805,DiCE,True,0.0007308340282179415,1.0,1.0,1.4784375429153442,-12.013893502324603
nhanes_real,1,805,FACE,True,0.09065812500193715,1.0,1.0,4.619891166687012,-9.739145355414962
nhanes_real,1,805,GrowingSpheres,True,0.0002597910352051258,1.0,1.0,0.9976025053366686,-11.90935952587488
nhanes_real,1,805,REVISE,True,0.0005697080050595105,1.0,1.0,6.113617897033691,-8.45478926355797
nhanes_real,1,809,DiCE,False,0.014576874964404851,,,,
nhanes_real,1,809,FACE,True,0.09090116701554507,1.0,1.0,3.2238383293151855,-7.395381860578528
nhanes_real,1,809,GrowingSpheres,True,0.000643584004137665,1.0,1.0,3.280031921686207,-10.357105908270844
nhanes_real,1,809,REVISE,True,0.010352415964007378,1.0,1.0,4.398697376251221,-7.058266244407898
nhanes_real,1,810,DiCE,True,0.0014235840062610805,1.0,1.0,3.909156084060669,-9.868103251861676
nhanes_real,1,810,FACE,True,0.09030524996342137,1.0,1.0,5.854300022125244,-8.114994983757768
nhanes_real,1,810,GrowingSpheres,True,0.0005915839574299753,1.0,1.0,2.5761869391637653,-9.869961995631929
nhanes_real,1,810,REVISE,True,0.0028049999964423478,1.0,1.0,3.9002909660339355,-7.664408220042739
nhanes_real,1,812,DiCE,True,0.0009182500070892274,1.0,1.0,1.855013132095337,-7.10369190020759
nhanes_real,1,812,FACE,True,0.09012991702184081,1.0,1.0,2.036271810531616,-6.981931894286367
nhanes_real,1,812,GrowingSpheres,True,0.0003751660115085542,1.0,1.0,2.029919947531696,-7.352478229855304
nhanes_real,1,812,REVISE,True,0.0014131249627098441,1.0,1.0,1.6261682510375977,-6.351480163181256
nhanes_real,1,814,DiCE,True,0.0010729169589467347,1.0,1.0,1.7426607608795166,-6.694615085511218
nhanes_real,1,814,FACE,True,0.08996570797171444,1.0,1.0,2.6520304679870605,-6.3002985860638505
nhanes_real,1,814,GrowingSpheres,True,0.0003774579963646829,1.0,1.0,2.4434378813771658,-6.717893011439668
nhanes_real,1,814,REVISE,True,0.0006096670404076576,1.0,1.0,2.2713804244995117,-6.056176242457046
nhanes_real,1,816,DiCE,False,0.014944042020943016,,,,
nhanes_real,1,816,FACE,True,0.09013529098592699,1.0,1.0,8.35555362701416,-6.46941445275357
nhanes_real,1,816,GrowingSpheres,True,0.001231083006132394,1.0,1.0,7.852221979662823,-8.104169927906886
nhanes_real,1,816,REVISE,False,0.04385608300799504,,,,
nhanes_real,1,819,DiCE,True,0.001351207960397005,1.0,1.0,2.3002166748046875,-7.378273788496818
nhanes_real,1,819,FACE,True,0.09037824999541044,1.0,1.0,2.1690847873687744,-7.249009983410144
nhanes_real,1,819,GrowingSpheres,True,0.00048341695219278336,1.0,1.0,2.643623573853141,-7.780563399488493
nhanes_real,1,819,REVISE,True,0.008692791976500303,1.0,1.0,3.3593997955322266,-6.311920848533823
nhanes_real,1,820,DiCE,True,0.0015074590337462723,1.0,1.0,3.435727119445801,-8.109849455376624
nhanes_real,1,820,FACE,True,0.09125724999466911,1.0,1.0,2.81337308883667,-8.169596490834492
nhanes_real,1,820,GrowingSpheres,True,0.0006070829695090652,1.0,1.0,2.379235957939653,-8.110318554113613
nhanes_real,1,820,REVISE,True,0.0029175840318202972,1.0,1.0,5.578091144561768,-6.71978652731338
nhanes_real,1,821,DiCE,False,0.014914625033270568,,,,
nhanes_real,1,821,FACE,True,0.09081374999368563,1.0,1.0,5.316685199737549,-6.330305366058843
nhanes_real,1,821,GrowingSpheres,True,0.0009274579933844507,1.0,1.0,4.109361997529477,-12.39276844590169
nhanes_real,1,821,REVISE,False,0.04226524999830872,,,,
nhanes_real,1,822,DiCE,False,0.014507249987218529,,,,
nhanes_real,1,822,FACE,True,0.09143816697178409,1.0,1.0,4.9016804695129395,-8.271973248144338
nhanes_real,1,822,GrowingSpheres,True,0.0007723330054432154,1.0,1.0,4.440697326621014,-10.004675934064222
nhanes_real,1,822,REVISE,True,0.009742333961185068,1.0,1.0,10.590882301330566,-6.059212104797794
nhanes_real,1,823,DiCE,True,0.0007258339901454747,1.0,1.0,1.492600917816162,-6.804230185251204
nhanes_real,1,823,FACE,True,0.08976899995468557,1.0,1.0,1.9922703504562378,-6.703553966557173
nhanes_real,1,823,GrowingSpheres,True,0.0003037919523194432,1.0,1.0,1.444383848795535,-6.872816114044976
nhanes_real,1,823,REVISE,True,0.0010784589685499668,1.0,1.0,1.2079139947891235,-6.234301174138201
nhanes_real,1,824,DiCE,True,0.0007293749949894845,1.0,1.0,2.0313339233398438,-7.902358287713206
nhanes_real,1,824,FACE,True,0.09025641600601375,1.0,1.0,3.2642822265625,-7.2364707061793005
nhanes_real,1,824,GrowingSpheres,True,0.0002708330284804106,1.0,1.0,1.2093009553425804,-8.245205066092897
nhanes_real,1,824,REVISE,True,0.0023996670497581363,1.0,1.0,5.781229019165039,-7.004655300525838
nhanes_real,1,828,DiCE,False,0.014953708974644542,,,,
nhanes_real,1,828,FACE,True,0.09037995798280463,1.0,1.0,2.9283576011657715,-6.435748557439938
nhanes_real,1,828,GrowingSpheres,True,0.0006302919937297702,1.0,1.0,3.1650462034933,-6.636316916812986
nhanes_real,1,828,REVISE,True,0.00596124998992309,1.0,1.0,5.005462646484375,-6.184623137148276
nhanes_real,1,830,DiCE,False,0.015026125009171665,,,,
nhanes_real,1,830,FACE,True,0.09318920801160857,1.0,1.0,3.4830291271209717,-8.034456863812478
nhanes_real,1,830,GrowingSpheres,True,0.0009040840086527169,1.0,1.0,4.495411205044011,-12.780886710841646
nhanes_real,1,830,REVISE,True,0.007650874962564558,1.0,1.0,5.02496862411499,-7.207402463157715
nhanes_real,1,832,DiCE,True,0.0005871669854968786,1.0,1.0,1.518402099609375,-6.980081169546221
nhanes_real,1,832,FACE,True,0.09062791703036055,1.0,1.0,2.317378520965576,-6.328357715265396
nhanes_real,1,832,GrowingSpheres,True,0.00023579096887260675,1.0,1.0,0.7719745049422959,-7.267984515163054
nhanes_real,1,832,REVISE,True,0.0038131250184960663,1.0,1.0,1.4542217254638672,-6.483210139205372
nhanes_real,1,833,DiCE,True,0.0013761669979430735,1.0,1.0,2.3678975105285645,-10.206038741728763
nhanes_real,1,833,FACE,True,0.0910016669658944,1.0,1.0,1.8579120635986328,-8.571125675299829
nhanes_real,1,833,GrowingSpheres,True,0.0004488329868763685,1.0,1.0,1.2349852779033565,-8.819236238517401
nhanes_real,1,833,REVISE,True,0.004731040971819311,1.0,1.0,3.124213695526123,-6.901667484797436
nhanes_real,1,834,DiCE,True,0.0007382499752566218,1.0,1.0,1.947038173675537,-9.361282919293078
nhanes_real,1,834,FACE,True,0.09238987503340468,0.0,1.0,5.698427677154541,-7.026301157625639
nhanes_real,1,834,GrowingSpheres,True,0.00041787500958889723,1.0,1.0,1.1353770408568307,-10.591375064009766
nhanes_real,1,834,REVISE,True,0.0007265409803949296,1.0,1.0,6.472896575927734,-7.009617762042501
nhanes_real,1,837,DiCE,True,0.0014656249550171196,1.0,1.0,2.957423686981201,-8.1982077138773
nhanes_real,1,837,FACE,True,0.09349091700278223,1.0,1.0,2.9419331550598145,-7.11462451133616
nhanes_real,1,837,GrowingSpheres,True,0.0005711250123567879,1.0,1.0,1.8412180601643235,-8.773771697178939
nhanes_real,1,837,REVISE,True,0.007169375021476299,1.0,1.0,6.902365684509277,-6.055704304277954
nhanes_real,1,838,DiCE,False,0.018915749969892204,,,,
nhanes_real,1,838,FACE,True,0.09321945800911635,1.0,1.0,5.147213459014893,-6.652701309931327
nhanes_real,1,838,GrowingSpheres,True,0.0009764580172486603,1.0,1.0,4.534607147462563,-6.7904485807981425
nhanes_real,1,838,REVISE,True,0.010408500034827739,1.0,1.0,4.223177909851074,-6.1660343986921955
nhanes_real,1,841,DiCE,True,0.0008920409600250423,1.0,1.0,1.7924091815948486,-9.387266858869038
nhanes_real,1,841,FACE,True,0.09110537503147498,1.0,1.0,4.873135566711426,-8.72708071410297
nhanes_real,1,841,GrowingSpheres,True,0.0004130000015720725,1.0,1.0,1.8005290660055526,-9.973311244456156
nhanes_real,1,841,REVISE,True,0.006464999984018505,1.0,1.0,4.598485946655273,-7.330336457031455
nhanes_real,1,843,DiCE,False,0.015459334012120962,,,,
nhanes_real,1,843,FACE,True,0.09088433400029317,1.0,1.0,5.582602024078369,-7.727979251782553
nhanes_real,1,843,GrowingSpheres,True,0.000815125007648021,1.0,1.0,3.9316469431720966,-9.44572438913437
nhanes_real,1,843,REVISE,True,0.006276333995629102,1.0,1.0,7.407347202301025,-6.8534194612820745
nhanes_real,1,845,DiCE,True,0.0019884160137735307,1.0,1.0,3.9533283710479736,-8.34411177089214
nhanes_real,1,845,FACE,True,0.09051279100822285,1.0,1.0,4.350027084350586,-8.063644464143385
nhanes_real,1,845,GrowingSpheres,True,0.0006237499765120447,1.0,1.0,3.439974447836754,-9.038768249054046
nhanes_real,1,845,REVISE,True,0.0006546659860759974,1.0,1.0,9.021759033203125,-6.451338737092751
nhanes_real,1,846,DiCE,True,0.0010563749819993973,1.0,1.0,2.180307388305664,-7.768561313578829
nhanes_real,1,846,FACE,True,0.0909754169988446,1.0,1.0,4.969334602355957,-7.249009983410144
nhanes_real,1,846,GrowingSpheres,True,0.00033908296609297395,1.0,1.0,1.1559862718137341,-7.3917680993776465
nhanes_real,1,846,REVISE,True,0.006594958016648889,1.0,1.0,4.405259132385254,-6.47061765026823
nhanes_real,1,847,DiCE,True,0.0009394160006195307,1.0,1.0,2.5777745246887207,-9.85074223089754
nhanes_real,1,847,FACE,True,0.09103541699005291,1.0,1.0,3.2370662689208984,-8.858868679627241
nhanes_real,1,847,GrowingSpheres,True,0.000344625033903867,1.0,1.0,1.3654186108577395,-9.771827142027375
nhanes_real,1,847,REVISE,True,0.0038564170245081186,1.0,1.0,7.497588634490967,-7.594912893904638
nhanes_real,1,855,DiCE,True,0.0018272499437443912,1.0,1.0,2.926443338394165,-12.651047881745995
nhanes_real,1,855,FACE,True,0.09041100001195446,1.0,1.0,6.512124061584473,-7.915571717393123
nhanes_real,1,855,GrowingSpheres,True,0.0006838749977760017,1.0,1.0,2.876284018389357,-11.685819945164779
nhanes_real,1,855,REVISE,True,0.007824708009138703,1.0,1.0,10.294085502624512,-7.242264088546003
nhanes_real,1,856,DiCE,False,0.014910042053088546,,,,
nhanes_real,1,856,FACE,True,0.0909564170287922,1.0,1.0,4.9406418800354,-7.5336626779265
nhanes_real,1,856,GrowingSpheres,True,0.000840499997138977,1.0,1.0,5.866102449687839,-9.223333090704337
nhanes_real,1,856,REVISE,True,0.008300790970679373,1.0,1.0,6.308110237121582,-6.206970693915229
nhanes_real,1,857,DiCE,False,0.015791791025549173,,,,
nhanes_real,1,857,FACE,True,0.09199074999196455,1.0,1.0,6.875483989715576,-6.458583133233518
nhanes_real,1,857,GrowingSpheres,True,0.0010740410070866346,1.0,1.0,5.90616861853705,-7.449379933194747
nhanes_real,1,857,REVISE,True,0.011621791985817254,1.0,1.0,8.234193801879883,-6.358036621461556
nhanes_real,1,858,DiCE,True,0.0017752090352587402,1.0,1.0,2.4334287643432617,-11.095235687897777
nhanes_real,1,858,FACE,True,0.0911004159715958,1.0,1.0,5.525411605834961,-8.571125675299829
nhanes_real,1,858,GrowingSpheres,True,0.0005722499918192625,1.0,1.0,1.7699286834133594,-9.298802206801707
nhanes_real,1,858,REVISE,True,0.010563625022768974,1.0,1.0,5.159757614135742,-7.339006536069535
nhanes_real,1,859,DiCE,True,0.0010493750451132655,1.0,1.0,2.7122507095336914,-8.454039157176432
nhanes_real,1,859,FACE,True,0.09329441701993346,1.0,1.0,3.4767932891845703,-6.9840194051323286
nhanes_real,1,859,GrowingSpheres,True,0.000420207972638309,1.0,1.0,1.1266330533066402,-7.716834583623855
nhanes_real,1,859,REVISE,True,0.007533708005212247,1.0,1.0,2.767955780029297,-6.811031522266612
nhanes_real,1,861,DiCE,False,0.015071875008288771,,,,
nhanes_real,1,861,FACE,True,0.09062391699990258,1.0,1.0,4.563815116882324,-6.435748557439938
nhanes_real,1,861,GrowingSpheres,True,0.0010383329936303198,1.0,1.0,6.06578663383732,-8.250180911393638
nhanes_real,1,861,REVISE,True,0.012579375004861504,1.0,1.0,4.119693756103516,-6.193119457567672
nhanes_real,1,863,DiCE,False,0.014452208008151501,,,,
nhanes_real,1,863,FACE,True,0.08970620902255177,1.0,1.0,4.256372451782227,-8.169596490834492
nhanes_real,1,863,GrowingSpheres,True,0.0008893749909475446,1.0,1.0,3.962384647853828,-10.315082172610962
nhanes_real,1,863,REVISE,True,0.006496042013168335,1.0,1.0,8.018729209899902,-7.312381604492657
nhanes_real,1,864,DiCE,False,0.01461020897841081,,,,
nhanes_real,1,864,FACE,True,0.09012991702184081,1.0,1.0,2.3157289028167725,-6.632591878202185
nhanes_real,1,864,GrowingSpheres,True,0.0006669589783996344,1.0,1.0,3.722677769946814,-7.079505210199366
nhanes_real,1,864,REVISE,True,0.004869957978371531,1.0,1.0,2.298734426498413,-6.203633326920244
nhanes_real,1,867,DiCE,False,0.014565417019184679,,,,
nhanes_real,1,867,FACE,True,0.0905900839716196,1.0,1.0,3.222550392150879,-7.553358193383058
nhanes_real,1,867,GrowingSpheres,True,0.0005672909901477396,1.0,1.0,4.158800731431661,-7.270201900836591
nhanes_real,1,867,REVISE,True,0.004348000045865774,1.0,1.0,7.128111839294434,-6.091832609553403
nhanes_real,1,869,DiCE,True,0.0013427499798126519,1.0,1.0,2.736274242401123,-8.25218591592254
nhanes_real,1,869,FACE,True,0.09099608298856765,1.0,1.0,1.7991437911987305,-6.743403921258908
nhanes_real,1,869,GrowingSpheres,True,0.00047400000039488077,1.0,1.0,2.4679044943035775,-7.994607140721295
nhanes_real,1,869,REVISE,True,0.009071832988411188,1.0,1.0,4.038366794586182,-6.255980122816611
nhanes_real,1,870,DiCE,True,0.0014757500030100346,1.0,1.0,2.513021469116211,-8.475697029423674
nhanes_real,1,870,FACE,True,0.09075066697550938,1.0,1.0,3.6828081607818604,-6.974232375159501
nhanes_real,1,870,GrowingSpheres,True,0.0005054590292274952,1.0,1.0,3.113882694625845,-8.524001424353003
nhanes_real,1,870,REVISE,True,0.0030009999754838645,1.0,1.0,5.596374988555908,-6.510573748549403
nhanes_real,1,871,DiCE,True,0.0013384170015342534,1.0,1.0,2.948878526687622,-8.729636087304817
nhanes_real,1,871,FACE,True,0.09053858299739659,1.0,1.0,3.7186083793640137,-8.229758444284878
nhanes_real,1,871,GrowingSpheres,True,0.0005565839819610119,1.0,1.0,3.8300350440227735,-7.678232660965104
nhanes_real,1,871,REVISE,True,0.0014953749487176538,1.0,1.0,3.8949272632598877,-7.299217884223557
nhanes_real,1,873,DiCE,True,0.00121720798779279,1.0,1.0,2.8696014881134033,-9.370954465547033
nhanes_real,1,873,FACE,True,0.09023724996950477,1.0,1.0,4.258480548858643,-8.4418067487537
nhanes_real,1,873,GrowingSpheres,True,0.00042762502562254667,1.0,1.0,1.5925884727002864,-9.00079169439844
nhanes_real,1,873,REVISE,True,0.005642500007525086,1.0,1.0,4.989028453826904,-6.42764361462522
nhanes_real,1,876,DiCE,False,0.014753624971490353,,,,
nhanes_real,1,876,FACE,True,0.09044925001217052,1.0,1.0,6.463134288787842,-7.471227416632502
nhanes_real,1,876,GrowingSpheres,True,0.000918624980840832,1.0,1.0,3.8370677495771184,-17.064906501336036
nhanes_real,1,876,REVISE,False,0.04330737498821691,,,,
nhanes_real,1,877,DiCE,False,0.014562166994437575,,,,
nhanes_real,1,877,FACE,True,0.09070845798123628,1.0,1.0,2.306741237640381,-6.435748557439938
nhanes_real,1,877,GrowingSpheres,True,0.0010013750288635492,1.0,1.0,4.069476589650437,-7.765793414949345
nhanes_real,1,877,REVISE,True,0.008940041996538639,1.0,1.0,3.274596691131592,-6.273350024115805
nhanes_real,1,879,DiCE,False,0.015206624986603856,,,,
nhanes_real,1,879,FACE,True,0.09010074997786433,1.0,1.0,4.890419006347656,-9.162006836658351
nhanes_real,1,879,GrowingSpheres,True,0.0006645829998888075,1.0,1.0,3.057477283158411,-8.959771989073554
nhanes_real,1,879,REVISE,True,0.005112792016007006,1.0,1.0,9.800034523010254,-6.698223111289598
nhanes_real,1,880,DiCE,False,0.015143042022828013,,,,
nhanes_real,1,880,FACE,True,0.09031245898222551,1.0,1.0,7.754853248596191,-7.978376093812567
nhanes_real,1,880,GrowingSpheres,True,0.001160415995400399,1.0,1.0,8.747650698698667,-10.884182953721433
nhanes_real,1,880,REVISE,True,0.010855209024157375,1.0,1.0,6.640211582183838,-7.15352669831278
nhanes_real,1,881,DiCE,True,0.0010528340353630483,1.0,1.0,2.7773866653442383,-7.811576737245562
nhanes_real,1,881,FACE,True,0.09063562500523403,1.0,1.0,4.761317729949951,-6.898287320508232
nhanes_real,1,881,GrowingSpheres,True,0.00038533302722498775,1.0,1.0,1.9609649285826278,-8.300329267804702
nhanes_real,1,881,REVISE,True,0.003111999947577715,1.0,1.0,4.828090667724609,-6.37484709478008
nhanes_real,1,885,DiCE,True,0.0006927080103196204,1.0,1.0,1.530479907989502,-7.977279825953561
nhanes_real,1,885,FACE,True,0.09077850001631305,1.0,1.0,1.358276128768921,-7.425071926932631
nhanes_real,1,885,GrowingSpheres,True,0.0002684170030988753,1.0,1.0,0.8613119221318826,-7.943373118662162
nhanes_real,1,885,REVISE,True,0.0006238750065676868,1.0,1.0,6.100947856903076,-6.086948822578837
nhanes_real,1,887,DiCE,False,0.015403957979287952,,,,
nhanes_real,1,887,FACE,True,0.09096720797242597,1.0,1.0,4.691497325897217,-6.743403921258908
nhanes_real,1,887,GrowingSpheres,True,0.0007467090035788715,1.0,1.0,3.5607635061180636,-10.138762758310413
nhanes_real,1,887,REVISE,False,0.04127204103861004,,,,
nhanes_real,1,888,DiCE,True,0.0011335000162944198,1.0,1.0,2.6150121688842773,-6.862006722059393
nhanes_real,1,888,FACE,True,0.0905873749870807,1.0,1.0,3.466703414916992,-6.9840802436939775
nhanes_real,1,888,GrowingSpheres,True,0.0004261250142008066,1.0,1.0,1.2784206836816832,-6.515498063124598
nhanes_real,1,888,REVISE,True,0.0019575830083340406,1.0,1.0,2.5507497787475586,-6.09956524938619
nhanes_real,1,891,DiCE,True,0.0019403329933993518,1.0,1.0,2.6653554439544678,-7.1165313043357425
nhanes_real,1,891,FACE,True,0.09008154197363183,1.0,1.0,4.661050796508789,-6.820244314925207
nhanes_real,1,891,GrowingSpheres,True,0.0006169170374050736,1.0,1.0,4.319951318466709,-9.564705307985289
nhanes_real,1,891,REVISE,True,0.002670500020030886,1.0,1.0,3.0975430011749268,-6.190157707602911
nhanes_real,1,893,DiCE,True,0.0005398750072345138,1.0,1.0,1.2408580780029297,-7.366452467494142
nhanes_real,1,893,FACE,True,0.09025879198452458,1.0,1.0,2.317826747894287,-7.0243926359207745
nhanes_real,1,893,GrowingSpheres,True,0.00022420805180445313,1.0,1.0,0.6295105198723618,-7.472864417058169
nhanes_real,1,893,REVISE,True,0.0006712920148856938,1.0,1.0,2.4952878952026367,-6.933025621581386
nhanes_real,1,896,DiCE,True,0.0013894159928895533,1.0,1.0,2.7249341011047363,-8.469107592984436
nhanes_real,1,896,FACE,True,0.09035691601457074,1.0,1.0,3.0567712783813477,-6.953711686138697
nhanes_real,1,896,GrowingSpheres,True,0.0004302909947000444,1.0,1.0,1.5626903135782717,-7.384818394447374
nhanes_real,1,896,REVISE,True,0.0031559999915771186,1.0,1.0,3.505249500274658,-6.6111314132390815
nhanes_real,1,899,DiCE,False,0.014576999994460493,,,,
nhanes_real,1,899,FACE,True,0.09034954197704792,1.0,1.0,5.6168012619018555,-7.081346315459692
nhanes_real,1,899,GrowingSpheres,True,0.0007374999695457518,1.0,1.0,3.3170845804366254,-7.8843896581974064
nhanes_real,1,899,REVISE,True,0.004634292039554566,1.0,1.0,6.021397590637207,-6.278675918494843
nhanes_real,1,900,DiCE,True,0.0012101249885745347,1.0,1.0,2.4472851753234863,-10.287859951103867
nhanes_real,1,900,FACE,True,0.09004495904082432,1.0,1.0,2.4884917736053467,-8.571125675299829
nhanes_real,1,900,GrowingSpheres,True,0.0005151249933987856,1.0,1.0,2.570521457157683,-10.30827384939549
nhanes_real,1,900,REVISE,True,0.009084415971301496,1.0,1.0,3.3634836673736572,-7.36231381412466
nhanes_real,1,901,DiCE,False,0.01518950000172481,,,,
nhanes_real,1,901,FACE,True,0.09048337501008064,1.0,1.0,4.922248840332031,-6.679996854110941
nhanes_real,1,901,GrowingSpheres,True,0.0006522499606944621,1.0,1.0,1.7777990863689601,-12.457715813565022
nhanes_real,1,901,REVISE,True,0.008281166956294328,1.0,1.0,5.434460639953613,-6.122286188170549
nhanes_real,1,902,DiCE,False,0.014868250000290573,,,,
nhanes_real,1,902,FACE,True,0.09479229198768735,1.0,1.0,0.8127148151397705,-6.435748557439938
nhanes_real,1,902,GrowingSpheres,True,0.0012058749562129378,1.0,1.0,4.071825076166393,-9.136891463558449
nhanes_real,1,902,REVISE,False,0.044738166965544224,,,,
nhanes_real,1,903,DiCE,False,0.015001333027612418,,,,
nhanes_real,1,903,FACE,True,0.09074450004845858,1.0,1.0,3.6172194480895996,-6.3002985860638505
nhanes_real,1,903,GrowingSpheres,True,0.0008066670270636678,1.0,1.0,3.88602042669296,-8.42209185650327
nhanes_real,1,903,REVISE,True,0.009267792047467083,1.0,1.0,4.484001159667969,-6.597671557771966
nhanes_real,1,905,DiCE,True,0.0007209169561974704,1.0,1.0,1.142498254776001,-9.867936282254437
nhanes_real,1,905,FACE,True,0.09032933396520093,1.0,1.0,7.301775932312012,-7.221252987531235
nhanes_real,1,905,GrowingSpheres,True,0.0002310840063728392,1.0,1.0,0.9669380106415858,-9.618857920425201
nhanes_real,1,905,REVISE,True,0.0037600839859806,1.0,1.0,8.8305025100708,-6.174803066082706
nhanes_real,1,906,DiCE,False,0.015289874980226159,,,,
nhanes_real,1,906,FACE,True,0.09019437502138317,1.0,1.0,16.28209686279297,-8.46371575264255
nhanes_real,1,906,GrowingSpheres,True,0.0009473749669268727,1.0,1.0,3.3593443978125475,-25.062977563132428
nhanes_real,1,906,REVISE,True,0.005219499988015741,1.0,1.0,19.60378074645996,-7.565091494428858
nhanes_real,1,907,DiCE,True,0.0009966659708879888,1.0,1.0,1.9988861083984375,-7.206788124172579
nhanes_real,1,907,FACE,True,0.09067566704470664,1.0,1.0,1.3753641843795776,-6.549628872457539
nhanes_real,1,907,GrowingSpheres,True,0.00039533304516226053,1.0,1.0,1.99535305493394,-7.182387243925334
nhanes_real,1,907,REVISE,True,0.0011820000363513827,1.0,1.0,4.449715614318848,-6.136883237328437
nhanes_real,2,0,DiCE,False,0.01547433400992304,,,,
nhanes_real,2,0,FACE,True,0.09096329100430012,1.0,1.0,3.6144509315490723,-6.23109677913374
nhanes_real,2,0,GrowingSpheres,True,0.0008105420274659991,1.0,1.0,3.649751449015176,-6.535699832173437
nhanes_real,2,0,REVISE,True,0.007300750003196299,1.0,1.0,6.078970909118652,-6.478679478523015
nhanes_real,2,4,DiCE,True,0.001110167009755969,1.0,1.0,2.5304789543151855,-11.045874235249961
nhanes_real,2,4,FACE,True,0.09039374999701977,1.0,1.0,4.23736572265625,-9.399009026357504
nhanes_real,2,4,GrowingSpheres,True,0.00039366696728393435,1.0,1.0,1.1973576016341778,-11.511534505329422
nhanes_real,2,4,REVISE,True,0.0059248339966870844,1.0,1.0,11.832558631896973,-7.296986664659229
nhanes_real,2,5,DiCE,True,0.0014492920017801225,1.0,1.0,3.394273281097412,-7.497370739763033
nhanes_real,2,5,FACE,True,0.09023354103555903,1.0,1.0,3.509683609008789,-6.9261722498023275
nhanes_real,2,5,GrowingSpheres,True,0.0004688340122811496,1.0,1.0,2.4494943969177543,-6.739980956534328
nhanes_real,2,5,REVISE,True,0.002010416006669402,1.0,1.0,4.9535627365112305,-6.197869720040274
nhanes_real,2,7,DiCE,True,0.000873791053891182,1.0,1.0,2.3075594902038574,-6.509936894776286
nhanes_real,2,7,FACE,True,0.08997391699813306,1.0,1.0,2.520327091217041,-6.280923280317344
nhanes_real,2,7,GrowingSpheres,True,0.0003382909926585853,1.0,1.0,1.4034525145499774,-6.7598757996741
nhanes_real,2,7,REVISE,True,0.0006024159956723452,1.0,1.0,2.14371657371521,-6.000285213566873
nhanes_real,2,8,DiCE,False,0.015323332976549864,,,,
nhanes_real,2,8,FACE,True,0.091742750024423,1.0,1.0,4.966842174530029,-6.737235148876213
nhanes_real,2,8,GrowingSpheres,True,0.0006102080224081874,1.0,1.0,2.6527507759991154,-7.514446442768675
nhanes_real,2,8,REVISE,True,0.004488000005949289,1.0,1.0,3.4668385982513428,-6.0900056306222705
nhanes_real,2,10,DiCE,False,0.014950542012229562,,,,
nhanes_real,2,10,FACE,True,0.09168270800728351,1.0,1.0,5.225596904754639,-6.280923280317344
nhanes_real,2,10,GrowingSpheres,True,0.0006680419901385903,1.0,1.0,4.412795403402021,-7.4340144402681
nhanes_real,2,10,REVISE,True,0.0033555839909240603,1.0,1.0,5.706064701080322,-5.991491281410848
nhanes_real,2,11,DiCE,False,0.01476666599046439,,,,
nhanes_real,2,11,FACE,True,0.09007116599241272,1.0,1.0,2.06097412109375,-6.23109677913374
nhanes_real,2,11,GrowingSpheres,True,0.0005986669566482306,1.0,1.0,4.04603938595624,-7.863659701030052
nhanes_real,2,11,REVISE,True,0.003665124997496605,1.0,1.0,3.4824604988098145,-6.376639006279504
nhanes_real,2,12,DiCE,False,0.014445249980781227,,,,
nhanes_real,2,12,FACE,True,0.08975304098566994,1.0,1.0,4.779905319213867,-6.893095138246084
nhanes_real,2,12,GrowingSpheres,True,0.0006155410083010793,1.0,1.0,1.9744759337925766,-8.721136943609547
nhanes_real,2,12,REVISE,True,0.007633833040017635,1.0,1.0,6.7444634437561035,-6.327967862385599
nhanes_real,2,13,DiCE,False,0.014757208002265543,,,,
nhanes_real,2,13,FACE,True,0.09045512496959418,1.0,1.0,3.6712899208068848,-6.387698748764351
nhanes_real,2,13,GrowingSpheres,True,0.0008292499696835876,1.0,1.0,6.285766702402338,-8.498073610264473
nhanes_real,2,13,REVISE,True,0.0065724580199457705,1.0,1.0,4.754349231719971,-6.130447099708381
nhanes_real,2,14,DiCE,True,0.0008794590248726308,1.0,1.0,1.6425533294677734,-7.910589842095106
nhanes_real,2,14,FACE,True,0.09165324998321012,1.0,1.0,3.435932159423828,-7.748522191805259
nhanes_real,2,14,GrowingSpheres,True,0.000495542015414685,1.0,1.0,1.330586880950817,-7.515511522134377
nhanes_real,2,14,REVISE,True,0.002100874960888177,1.0,1.0,3.622162342071533,-6.25825509472593
nhanes_real,2,17,DiCE,False,0.015520624991040677,,,,
nhanes_real,2,17,FACE,True,0.0912575830006972,1.0,1.0,3.436655282974243,-6.9261722498023275
nhanes_real,2,17,GrowingSpheres,True,0.0010780839947983623,1.0,1.0,3.2462655567428236,-7.895837342911961
nhanes_real,2,17,REVISE,False,0.04353391699260101,,,,
nhanes_real,2,18,DiCE,True,0.0011504580033943057,1.0,1.0,3.1711971759796143,-8.928886417035326
nhanes_real,2,18,FACE,True,0.09106591698946431,1.0,1.0,3.7863616943359375,-8.260871309435062
nhanes_real,2,18,GrowingSpheres,True,0.000510042009409517,1.0,1.0,3.0593539495279494,-9.852662693150469
nhanes_real,2,18,REVISE,True,0.000606624991632998,1.0,1.0,4.415343761444092,-7.2390793058689695
nhanes_real,2,19,DiCE,False,0.014981165993958712,,,,
nhanes_real,2,19,FACE,True,0.09121570800198242,1.0,1.0,2.44663143157959,-7.0345685336523065
nhanes_real,2,19,GrowingSpheres,True,0.0008955830126069486,1.0,1.0,6.320981638838303,-10.03590246075991
nhanes_real,2,19,REVISE,False,0.044035291008185595,,,,
nhanes_real,2,22,DiCE,False,0.014798291958868504,,,,
nhanes_real,2,22,FACE,True,0.090311040985398,1.0,1.0,5.521320343017578,-7.450901293223432
nhanes_real,2,22,GrowingSpheres,True,0.0011970840278081596,1.0,1.0,6.349990315367015,-14.097493568994583
nhanes_real,2,22,REVISE,True,0.011452667007688433,1.0,1.0,7.451833724975586,-6.875969380291284
nhanes_real,2,23,DiCE,True,0.0008899579988792539,1.0,1.0,1.8596882820129395,-6.435784074664053
nhanes_real,2,23,FACE,True,0.09047287498833612,1.0,1.0,3.5672831535339355,-6.572469238493052
nhanes_real,2,23,GrowingSpheres,True,0.0003279580269008875,1.0,1.0,1.4624827311027424,-6.716898372807606
nhanes_real,2,23,REVISE,True,0.0006663750391453505,1.0,1.0,3.3313820362091064,-6.181679128419604
nhanes_real,2,25,DiCE,True,0.0007337909773923457,1.0,1.0,1.8572239875793457,-6.90598981396288
nhanes_real,2,25,FACE,True,0.09173650003504008,1.0,1.0,2.8971781730651855,-6.635889459550606
nhanes_real,2,25,GrowingSpheres,True,0.0003350829938426614,1.0,1.0,1.0647590712402573,-6.679204640380467
nhanes_real,2,25,REVISE,True,0.0006153750000521541,1.0,1.0,3.366724967956543,-6.1052123047598865
nhanes_real,2,26,DiCE,False,0.0153728750301525,,,,
nhanes_real,2,26,FACE,True,0.0910165419918485,1.0,1.0,3.9101831912994385,-6.7024298120004175
nhanes_real,2,26,GrowingSpheres,True,0.001142375054769218,1.0,1.0,8.161271879036988,-9.965246853373793
nhanes_real,2,26,REVISE,False,0.04327912500593811,,,,
nhanes_real,2,28,DiCE,True,0.0011360000353306532,1.0,1.0,2.413874387741089,-9.281781164632815
nhanes_real,2,28,FACE,True,0.09182175004389137,1.0,1.0,5.432303428649902,-7.424655529748444
nhanes_real,2,28,GrowingSpheres,True,0.0004316659760661423,1.0,1.0,1.63766548450927,-8.704330041620164
nhanes_real,2,28,REVISE,True,0.00062691600760445,1.0,1.0,3.3191442489624023,-7.8576259003206115
nhanes_real,2,29,DiCE,True,0.000754666980355978,1.0,1.0,2.0630319118499756,-7.462843734643668
nhanes_real,2,29,FACE,True,0.09824437502538785,1.0,1.0,2.268805980682373,-7.2922616719723266
nhanes_real,2,29,GrowingSpheres,True,0.0005430839955806732,1.0,1.0,1.0425663426101008,-8.170884617893643
nhanes_real,2,29,REVISE,True,0.002101374964695424,1.0,1.0,2.9420969486236572,-6.501621411676107
nhanes_real,2,32,DiCE,False,0.015668208012357354,,,,
nhanes_real,2,32,FACE,True,0.09165570797631517,1.0,1.0,7.706621170043945,-7.828659771075652
nhanes_real,2,32,GrowingSpheres,True,0.0010175000061281025,1.0,1.0,6.820643602755917,-9.05927909936384
nhanes_real,2,32,REVISE,True,0.011577291996218264,1.0,1.0,8.787957191467285,-6.791050568667087
nhanes_real,2,33,DiCE,False,0.014410125033464283,,,,
nhanes_real,2,33,FACE,True,0.09018449997529387,1.0,1.0,2.075026512145996,-6.770714958886005
nhanes_real,2,33,GrowingSpheres,True,0.0005737920291721821,1.0,1.0,3.361673303873804,-8.342117710012229
nhanes_real,2,33,REVISE,True,0.006372375006321818,1.0,1.0,2.551985263824463,-6.823055084152605
nhanes_real,2,34,DiCE,True,0.0021770410239696503,1.0,1.0,2.67716646194458,-8.042978159099544
nhanes_real,2,34,FACE,True,0.09161537501495332,1.0,1.0,5.143442153930664,-6.989983631227999
nhanes_real,2,34,GrowingSpheres,True,0.0006936670397408307,1.0,1.0,3.79181452626369,-8.33157140160156
nhanes_real,2,34,REVISE,True,0.004179666982963681,1.0,1.0,5.186215877532959,-6.21883112875212
nhanes_real,2,39,DiCE,True,0.0012205420061945915,1.0,1.0,2.2971625328063965,-7.954843467393949
nhanes_real,2,39,FACE,True,0.09189287497429177,1.0,1.0,2.155550003051758,-6.975293544812653
nhanes_real,2,39,GrowingSpheres,True,0.0004581250250339508,1.0,1.0,1.433963548412422,-7.821495766009754
nhanes_real,2,39,REVISE,True,0.00770912499865517,1.0,1.0,5.722487449645996,-6.4682969683762455
nhanes_real,2,40,DiCE,True,0.0007565420237369835,1.0,1.0,1.756697177886963,-7.400694125616123
nhanes_real,2,40,FACE,True,0.0905581249971874,1.0,1.0,1.3885602951049805,-7.644165498430043
nhanes_real,2,40,GrowingSpheres,True,0.00022770895157009363,1.0,1.0,0.8399825141935306,-7.561421227467308
nhanes_real,2,40,REVISE,True,0.0006063329637981951,1.0,1.0,4.722631931304932,-6.443757495362537
nhanes_real,2,41,DiCE,True,0.0010632080375216901,1.0,1.0,2.602694034576416,-8.821651156682783
nhanes_real,2,41,FACE,True,0.09165370900882408,1.0,1.0,3.5301191806793213,-8.320889726547732
nhanes_real,2,41,GrowingSpheres,True,0.00043879199074581265,1.0,1.0,1.769068470493051,-9.652944201030241
nhanes_real,2,41,REVISE,True,0.0005949159967713058,1.0,1.0,7.306363105773926,-6.575440131152906
nhanes_real,2,43,DiCE,False,0.015023540996480733,,,,
nhanes_real,2,43,FACE,True,0.09068874997319654,1.0,1.0,3.70542573928833,-6.677610191489032
nhanes_real,2,43,GrowingSpheres,True,0.0005848750006407499,1.0,1.0,2.736447990073126,-9.364605865472994
nhanes_real,2,43,REVISE,True,0.010622415982652456,1.0,1.0,5.9712233543396,-6.279870435110863
nhanes_real,2,45,DiCE,True,0.0012092499528080225,1.0,1.0,2.6033780574798584,-7.661124954789173
nhanes_real,2,45,FACE,True,0.09066179202636704,1.0,1.0,3.6186635494232178,-7.533640736344495
nhanes_real,2,45,GrowingSpheres,True,0.0005031659966334701,1.0,1.0,3.007209108868107,-7.439292094628566
nhanes_real,2,45,REVISE,True,0.0077397910063154995,1.0,1.0,3.6281049251556396,-6.687131671581768
nhanes_real,2,46,DiCE,False,0.014925208990462124,,,,
nhanes_real,2,46,FACE,True,0.08988508401671425,1.0,1.0,5.842649936676025,-7.870377363266802
nhanes_real,2,46,GrowingSpheres,True,0.0007310420041903853,1.0,1.0,4.957809759309592,-12.796833908895348
nhanes_real,2,46,REVISE,False,0.04571583401411772,,,,
nhanes_real,2,47,DiCE,True,0.000607416033744812,1.0,1.0,0.8624668121337891,-8.277771302710477
nhanes_real,2,47,FACE,True,0.09817925002425909,1.0,1.0,3.472933769226074,-8.095985353976392
nhanes_real,2,47,GrowingSpheres,True,0.000242917041759938,1.0,1.0,0.8852187302608406,-7.989355206188372
nhanes_real,2,47,REVISE,True,0.0015297909849323332,1.0,1.0,3.189833164215088,-6.551462997192297
nhanes_real,2,48,DiCE,False,0.01494424999691546,,,,
nhanes_real,2,48,FACE,True,0.09093041595770046,1.0,1.0,3.5294432640075684,-8.493280751654748
nhanes_real,2,48,GrowingSpheres,True,0.0007774580153636634,1.0,1.0,4.282200399545432,-9.176219115004882
nhanes_real,2,48,REVISE,True,0.004272125021088868,1.0,1.0,5.6223578453063965,-7.335713795044287
nhanes_real,2,49,DiCE,True,0.0012185000232420862,1.0,1.0,2.984768867492676,-6.820700994546774
nhanes_real,2,49,FACE,True,0.09576145897153765,1.0,1.0,4.984983444213867,-7.013872752078864
nhanes_real,2,49,GrowingSpheres,True,0.00043654197361320257,1.0,1.0,1.4456640518271988,-7.271891012434152
nhanes_real,2,49,REVISE,True,0.0006610410055145621,1.0,1.0,3.1719069480895996,-6.643722836263868
nhanes_real,2,52,DiCE,False,0.014740374987013638,,,,
nhanes_real,2,52,FACE,True,0.0910091670230031,1.0,1.0,6.479205131530762,-7.498507613296388
nhanes_real,2,52,GrowingSpheres,True,0.0007691250066272914,1.0,1.0,3.463414031190132,-12.0165757011005
nhanes_real,2,52,REVISE,True,0.008351041993591934,1.0,1.0,5.459506988525391,-7.104788863977524
nhanes_real,2,54,DiCE,False,0.01498745899880305,,,,
nhanes_real,2,54,FACE,True,0.09036670799832791,1.0,1.0,5.103699684143066,-6.631251093757076
nhanes_real,2,54,GrowingSpheres,True,0.0006476659909822047,1.0,1.0,3.6211996053131235,-10.887915115413321
nhanes_real,2,54,REVISE,True,0.007252375013194978,1.0,1.0,6.486660957336426,-6.218673502804544
nhanes_real,2,57,DiCE,False,0.014430999988690019,,,,
nhanes_real,2,57,FACE,True,0.09067812497960404,1.0,1.0,4.444373607635498,-6.938474690699669
nhanes_real,2,57,GrowingSpheres,True,0.001101750007364899,1.0,1.0,4.920902977484132,-7.823609018526639
nhanes_real,2,57,REVISE,False,0.04317520896438509,,,,
nhanes_real,2,62,DiCE,True,0.0020774579606950283,1.0,1.0,3.3848307132720947,-7.882141609625215
nhanes_real,2,62,FACE,True,0.09028841700637713,1.0,1.0,4.365705966949463,-6.874263812577363
nhanes_real,2,62,GrowingSpheres,True,0.0005510419723577797,1.0,1.0,1.7875247153768563,-7.817098538296668
nhanes_real,2,62,REVISE,True,0.0011034589842893183,1.0,1.0,5.334881782531738,-6.4330705300940645
nhanes_real,2,63,DiCE,True,0.0009057499701157212,1.0,1.0,1.929801106452942,-6.175964435853942
nhanes_real,2,63,FACE,True,0.09004862501751631,1.0,1.0,4.550571441650391,-6.524512780233506
nhanes_real,2,63,GrowingSpheres,True,0.0003719579544849694,1.0,1.0,2.5603774980648843,-6.461255883622663
nhanes_real,2,63,REVISE,True,0.0005455829668790102,1.0,1.0,2.9731552600860596,-6.12847308769352
nhanes_real,2,64,DiCE,False,0.01502125000115484,,,,
nhanes_real,2,64,FACE,True,0.09100091602886096,1.0,1.0,4.409890651702881,-6.7024298120004175
nhanes_real,2,64,GrowingSpheres,True,0.0010798749863170087,1.0,1.0,4.085687176830015,-11.057394954135283
nhanes_real,2,64,REVISE,False,0.043212916993070394,,,,
nhanes_real,2,65,DiCE,False,0.014983750006649643,,,,
nhanes_real,2,65,FACE,True,0.09057724999729544,1.0,1.0,5.695491790771484,-8.779239919930303
nhanes_real,2,65,GrowingSpheres,False,0.001266125007532537,,,,
nhanes_real,2,65,REVISE,False,0.04302029201062396,,,,
nhanes_real,2,66,DiCE,False,0.01460441603558138,,,,
nhanes_real,2,66,FACE,True,0.09115658298833296,1.0,1.0,3.212512254714966,-7.079942105652497
nhanes_real,2,66,GrowingSpheres,True,0.0006727499421685934,1.0,1.0,3.72763842714261,-7.647806544505755
nhanes_real,2,66,REVISE,True,0.006899541011080146,1.0,1.0,3.975055456161499,-6.486474517355475
nhanes_real,2,69,DiCE,False,0.014586166944354773,,,,
nhanes_real,2,69,FACE,True,0.0908910830039531,1.0,1.0,10.883045196533203,-6.683018258327054
nhanes_real,2,69,GrowingSpheres,True,0.0013352090027183294,1.0,1.0,5.0928562992402755,-10.739766356254133
nhanes_real,2,69,REVISE,False,0.0433853340218775,,,,
nhanes_real,2,73,DiCE,False,0.01425745798042044,,,,
nhanes_real,2,73,FACE,True,0.0906206249492243,1.0,1.0,2.009636878967285,-6.770714958886005
nhanes_real,2,73,GrowingSpheres,True,0.000728958984836936,1.0,1.0,4.496404667079583,-7.520725678326753
nhanes_real,2,73,REVISE,True,0.007980041962582618,1.0,1.0,2.9030327796936035,-6.444474055246497
nhanes_real,2,74,DiCE,True,0.0008750419947318733,1.0,1.0,2.215994358062744,-7.192689439503791
nhanes_real,2,74,FACE,True,0.09046974999364465,1.0,1.0,1.5634150505065918,-7.329550599225641
nhanes_real,2,74,GrowingSpheres,True,0.00029737502336502075,1.0,1.0,0.9279201559442884,-7.044834031338619
nhanes_real,2,74,REVISE,True,0.0005485420115292072,1.0,1.0,3.0608718395233154,-6.305816117817014
nhanes_real,2,76,DiCE,False,0.014444208005443215,,,,
nhanes_real,2,76,FACE,True,0.09062879101838917,1.0,1.0,3.8989174365997314,-8.148099732851668
nhanes_real,2,76,GrowingSpheres,True,0.0006471250089816749,1.0,1.0,4.6619729597912665,-7.941269036303804
nhanes_real,2,76,REVISE,True,0.0010430840193293989,1.0,1.0,7.951931953430176,-6.206697107611147
nhanes_real,2,77,DiCE,False,0.014404124987777323,,,,
nhanes_real,2,77,FACE,True,0.09107870899606496,1.0,1.0,10.507163047790527,-7.365602562040839
nhanes_real,2,77,GrowingSpheres,True,0.000914334028493613,1.0,1.0,3.825635704352396,-10.31880618560441
nhanes_real,2,77,REVISE,True,0.007830374990589917,1.0,1.0,6.9615325927734375,-7.2185447171270525
nhanes_real,2,78,DiCE,True,0.0008725830120965838,1.0,1.0,1.7738908529281616,-14.166775572010884
nhanes_real,2,78,FACE,True,0.09150212502572685,1.0,1.0,7.3016815185546875,-9.213296192835777
nhanes_real,2,78,GrowingSpheres,True,0.00032229197677224874,1.0,1.0,0.8151053464603384,-14.603503869015649
nhanes_real,2,78,REVISE,True,0.0023800000199116766,1.0,1.0,8.253286361694336,-9.770076988944302
nhanes_real,2,80,DiCE,False,0.01514629099983722,,,,
nhanes_real,2,80,FACE,True,0.0913579580374062,1.0,1.0,2.4694137573242188,-6.370449276110087
nhanes_real,2,80,GrowingSpheres,True,0.0006311250035651028,1.0,1.0,3.4299199113454595,-11.175306731716955
nhanes_real,2,80,REVISE,True,0.011306541971862316,1.0,1.0,2.501816987991333,-6.744422381423693
nhanes_real,2,82,DiCE,False,0.015137624985072762,,,,
nhanes_real,2,82,FACE,True,0.09196525003062561,1.0,1.0,5.939166069030762,-9.194190180821646
nhanes_real,2,82,GrowingSpheres,True,0.001280208001844585,1.0,1.0,9.67344031325888,-12.147629791740439
nhanes_real,2,82,REVISE,False,0.04442462499719113,,,,
nhanes_real,2,83,DiCE,True,0.0007139169611036777,1.0,1.0,1.8555972576141357,-8.181340418313376
nhanes_real,2,83,FACE,True,0.09132033301284537,0.0,1.0,2.7247579097747803,-7.476338491311363
nhanes_real,2,83,GrowingSpheres,True,0.0003245410043746233,1.0,1.0,1.2177669601158245,-7.942174209224915
nhanes_real,2,83,REVISE,True,0.002927583991549909,1.0,1.0,4.7235002517700195,-6.75417136616556
nhanes_real,2,84,DiCE,False,0.015125708014238626,,,,
nhanes_real,2,84,FACE,True,0.09100062504876405,1.0,1.0,4.700512409210205,-6.7024298120004175
nhanes_real,2,84,GrowingSpheres,True,0.0010180000099353492,1.0,1.0,6.571899607371143,-12.884765597284675
nhanes_real,2,84,REVISE,True,0.008195834001526237,1.0,1.0,6.1737751960754395,-5.980878220076736
nhanes_real,2,87,DiCE,True,0.0011872919858433306,1.0,1.0,3.128692150115967,-6.604300467455497
nhanes_real,2,87,FACE,True,0.09128804103238508,1.0,1.0,4.0134687423706055,-7.013872752078864
nhanes_real,2,87,GrowingSpheres,True,0.0003772909985855222,1.0,1.0,1.654738187179976,-7.119937666293929
nhanes_real,2,87,REVISE,True,0.000554541009478271,1.0,1.0,2.876673460006714,-6.179424750216615
nhanes_real,2,88,DiCE,True,0.0018898340058512986,1.0,1.0,2.972121238708496,-8.621643099080432
nhanes_real,2,88,FACE,True,0.09017954097362235,1.0,1.0,3.626253366470337,-7.779054556752818
nhanes_real,2,88,GrowingSpheres,True,0.0007104580290615559,1.0,1.0,2.064528726950087,-7.900846668597786
nhanes_real,2,88,REVISE,True,0.004070332972332835,1.0,1.0,5.292905807495117,-6.2381018558195995
nhanes_real,2,91,DiCE,False,0.014928082993719727,,,,
nhanes_real,2,91,FACE,True,0.09062920900760219,1.0,1.0,7.671576499938965,-9.464551137731167
nhanes_real,2,91,GrowingSpheres,True,0.0009579159668646753,1.0,1.0,4.220380273037877,-14.885130570911164
nhanes_real,2,91,REVISE,True,0.0134529999922961,1.0,1.0,7.617353439331055,-9.050118196862586
nhanes_real,2,94,DiCE,False,0.014730291033629328,,,,
nhanes_real,2,94,FACE,True,0.09158270800253376,1.0,1.0,7.740417003631592,-6.410355958567065
nhanes_real,2,94,GrowingSpheres,True,0.0008507079910486937,1.0,1.0,3.732743310745307,-12.932830445872952
nhanes_real,2,94,REVISE,True,0.012334666040260345,1.0,1.0,7.185932159423828,-6.116404071434182
nhanes_real,2,95,DiCE,False,0.01655270898481831,,,,
nhanes_real,2,95,FACE,True,0.09670283301966265,1.0,1.0,8.024526596069336,-7.450901293223432
nhanes_real,2,95,GrowingSpheres,True,0.0014015420456416905,1.0,1.0,6.961385537097857,-14.685825714070795
nhanes_real,2,95,REVISE,False,0.04517624998698011,,,,
nhanes_real,2,97,DiCE,False,0.016880584007594734,,,,
nhanes_real,2,97,FACE,True,0.09763133304659277,1.0,1.0,3.440141201019287,-6.770714958886005
nhanes_real,2,97,GrowingSpheres,True,0.0008379170321859419,1.0,1.0,3.190434127929512,-7.825218070535096
nhanes_real,2,97,REVISE,True,0.006280542002059519,1.0,1.0,3.1445322036743164,-6.239390831819139
nhanes_real,2,100,DiCE,True,0.0013709170161746442,1.0,1.0,2.944652795791626,-13.177967723942816
nhanes_real,2,100,FACE,True,0.10500316700199619,1.0,1.0,8.718307495117188,-9.577179465304432
nhanes_real,2,100,GrowingSpheres,True,0.0004722500452771783,1.0,1.0,1.350820166762976,-12.900434949888252
nhanes_real,2,100,REVISE,True,0.0023469169973395765,1.0,1.0,5.255911350250244,-11.582567761855833
nhanes_real,2,101,DiCE,True,0.0029928750009275973,1.0,1.0,2.6596832275390625,-6.381258177499901
nhanes_real,2,101,FACE,True,0.0968462920282036,1.0,1.0,3.0799503326416016,-6.737235148876213
nhanes_real,2,101,GrowingSpheres,True,0.0007021669880487025,1.0,1.0,4.839253074413204,-6.377753946558574
nhanes_real,2,101,REVISE,True,0.002576791972387582,1.0,1.0,3.2609431743621826,-6.028724489727566
nhanes_real,2,102,DiCE,False,0.015307166962884367,,,,
nhanes_real,2,102,FACE,True,0.09227616700809449,1.0,1.0,6.703354835510254,-7.3785448167592955
nhanes_real,2,102,GrowingSpheres,True,0.0009436249965801835,1.0,1.0,3.308372364149584,-9.256095828502279
nhanes_real,2,102,REVISE,True,0.00832654198165983,1.0,1.0,6.682406902313232,-6.393546736423298
nhanes_real,2,104,DiCE,True,0.001802625018171966,1.0,1.0,3.001500129699707,-9.405571787330539
nhanes_real,2,104,FACE,True,0.09122104197740555,1.0,1.0,3.121094226837158,-8.719498854140907
nhanes_real,2,104,GrowingSpheres,True,0.0006242500385269523,1.0,1.0,4.471255993369949,-9.339142438342426
nhanes_real,2,104,REVISE,True,0.0088917919783853,1.0,1.0,8.92600154876709,-6.045691664352285
nhanes_real,2,105,DiCE,True,0.0013935829629190266,1.0,1.0,3.01509165763855,-9.109867552668423
nhanes_real,2,105,FACE,True,0.09175858297385275,1.0,1.0,3.9671549797058105,-6.631251093757076
nhanes_real,2,105,GrowingSpheres,True,0.0005476250080391765,1.0,1.0,3.2853919642253544,-7.458549453740332
nhanes_real,2,105,REVISE,True,0.0029590409831143916,1.0,1.0,5.5663957595825195,-6.088577432745517
nhanes_real,2,107,DiCE,False,0.014784208033233881,,,,
nhanes_real,2,107,FACE,True,0.09058862499659881,1.0,1.0,6.320947647094727,-7.450901293223432
nhanes_real,2,107,GrowingSpheres,True,0.00116004201117903,1.0,1.0,8.924542300309357,-6.886012461393994
nhanes_real,2,107,REVISE,False,0.04377145803300664,,,,
nhanes_real,2,108,DiCE,True,0.0008550839847885072,1.0,1.0,2.393407106399536,-7.696759011317681
nhanes_real,2,108,FACE,True,0.09260541701223701,1.0,1.0,2.819431781768799,-6.62429009322652
nhanes_real,2,108,GrowingSpheres,True,0.00039320799987763166,1.0,1.0,1.3653061471139898,-7.391240437268351
nhanes_real,2,108,REVISE,True,0.0007517500198446214,1.0,1.0,5.095030784606934,-6.039132651088609
nhanes_real,2,110,DiCE,False,0.014876000001095235,,,,
nhanes_real,2,110,FACE,True,0.09227025002473965,1.0,1.0,3.1702818870544434,-6.770714958886005
nhanes_real,2,110,GrowingSpheres,True,0.0007418750319629908,1.0,1.0,2.276770577939874,-7.279572994046776
nhanes_real,2,110,REVISE,True,0.007569834007881582,1.0,1.0,4.2729387283325195,-6.349964875413377
nhanes_real,2,112,DiCE,True,0.0009266669512726367,1.0,1.0,1.6215667724609375,-7.910135296897149
nhanes_real,2,112,FACE,True,0.09136262501124293,1.0,1.0,2.5907270908355713,-7.424655529748444
nhanes_real,2,112,GrowingSpheres,True,0.0004371670074760914,1.0,1.0,1.9125696545024202,-7.742072576449717
nhanes_real,2,112,REVISE,True,0.0006593749858438969,1.0,1.0,4.606123924255371,-6.902088882163485
nhanes_real,2,115,DiCE,True,0.000887166999746114,1.0,1.0,2.600141763687134,-7.169542776586687
nhanes_real,2,115,FACE,True,0.09115591703448445,1.0,1.0,2.588456869125366,-6.8383286354196215
nhanes_real,2,115,GrowingSpheres,True,0.00032254098914563656,1.0,1.0,1.016267734103361,-8.222878190399442
nhanes_real,2,115,REVISE,True,0.0030771250021643937,1.0,1.0,3.6591994762420654,-6.395174595025291
nhanes_real,2,116,DiCE,False,0.015401167038362473,,,,
nhanes_real,2,116,FACE,True,0.09170570800779387,1.0,1.0,1.9591596126556396,-6.710783033310239
nhanes_real,2,116,GrowingSpheres,True,0.000580625026486814,1.0,1.0,4.426558861024832,-8.968444705480564
nhanes_real,2,116,REVISE,True,0.011007916007656604,1.0,1.0,4.68586540222168,-6.57951314955519
nhanes_real,2,118,DiCE,True,0.001627374964300543,1.0,1.0,2.896730661392212,-8.34603078746693
nhanes_real,2,118,FACE,True,0.09093541599577293,1.0,1.0,5.449339389801025,-6.631251093757076
nhanes_real,2,118,GrowingSpheres,True,0.0005559999844990671,1.0,1.0,2.446260167107381,-8.881317002546783
nhanes_real,2,118,REVISE,True,0.002345083048567176,1.0,1.0,6.844742298126221,-6.6028848461059955
nhanes_real,2,121,DiCE,False,0.014796542003750801,,,,
nhanes_real,2,121,FACE,True,0.09136175003368407,1.0,1.0,5.760553359985352,-7.150089196655237
nhanes_real,2,121,GrowingSpheres,True,0.001110041979700327,1.0,1.0,5.953685253160693,-13.68389048771441
nhanes_real,2,121,REVISE,False,0.043420457979664207,,,,
nhanes_real,2,123,DiCE,True,0.0017180829891003668,1.0,1.0,2.86129093170166,-7.35339959196795
nhanes_real,2,123,FACE,True,0.0909617500146851,1.0,1.0,2.4633066654205322,-6.980553105935208
nhanes_real,2,123,GrowingSpheres,True,0.0006959589663892984,1.0,1.0,3.491577929807628,-7.789987192990299
nhanes_real,2,123,REVISE,True,0.002379292040131986,1.0,1.0,3.3589634895324707,-6.649399244498974
nhanes_real,2,125,DiCE,True,0.001328792015556246,1.0,1.0,3.1497955322265625,-6.8685385308178315
nhanes_real,2,125,FACE,True,0.09117954096291214,1.0,1.0,2.386714458465576,-7.013872752078864
nhanes_real,2,125,GrowingSpheres,True,0.0005109169869683683,1.0,1.0,3.031060800776829,-7.257618633954325
nhanes_real,2,125,REVISE,True,0.001618957961909473,1.0,1.0,3.533106565475464,-6.107423271190675
nhanes_real,2,126,DiCE,False,0.015005459019448608,,,,
nhanes_real,2,126,FACE,True,0.09065804100828245,1.0,1.0,5.0984697341918945,-9.194190180821646
nhanes_real,2,126,GrowingSpheres,True,0.0007559999939985573,1.0,1.0,5.131880755413404,-9.964617803494809
nhanes_real,2,126,REVISE,True,0.007374291948508471,1.0,1.0,5.377979755401611,-7.151374954959564
nhanes_real,2,127,DiCE,True,0.00120900000911206,1.0,1.0,2.858154535293579,-8.121567517733313
nhanes_real,2,127,FACE,True,0.0904350409982726,1.0,1.0,3.3591971397399902,-6.777457483985421
nhanes_real,2,127,GrowingSpheres,True,0.00043120799819007516,1.0,1.0,2.4273512160021964,-8.055742858645898
nhanes_real,2,127,REVISE,True,0.009178208012599498,1.0,1.0,3.7895925045013428,-6.714962306022122
nhanes_real,2,128,DiCE,True,0.0015076670097187161,1.0,1.0,2.983180522918701,-8.791937537779695
nhanes_real,2,128,FACE,True,0.09126079198904335,1.0,1.0,1.8564693927764893,-7.83556428866145
nhanes_real,2,128,GrowingSpheres,True,0.0005770829739049077,1.0,1.0,2.015492993094151,-8.878513374473599
nhanes_real,2,128,REVISE,True,0.006602665991522372,1.0,1.0,4.690957069396973,-6.993660616199829
nhanes_real,2,129,DiCE,False,0.015065666986629367,,,,
nhanes_real,2,129,FACE,True,0.09051658300450072,1.0,1.0,6.393848896026611,-7.365602562040839
nhanes_real,2,129,GrowingSpheres,True,0.0011021249811165035,1.0,1.0,2.884063265325147,-9.471611186123546
nhanes_real,2,129,REVISE,False,0.0419002499547787,,,,
nhanes_real,2,132,DiCE,True,0.0012717499630525708,1.0,1.0,2.8802623748779297,-7.287147962710365
nhanes_real,2,132,FACE,True,0.09040441701654345,1.0,1.0,2.2981886863708496,-6.710783033310239
nhanes_real,2,132,GrowingSpheres,True,0.000501292000990361,1.0,1.0,3.4819632696639937,-8.638052584226958
nhanes_real,2,132,REVISE,True,0.008733208989724517,1.0,1.0,4.039245128631592,-6.489283143314806
nhanes_real,2,133,DiCE,True,0.0011784579837694764,1.0,1.0,3.1405208110809326,-9.06840745762771
nhanes_real,2,133,FACE,True,0.09044079197337851,1.0,1.0,2.892266273498535,-7.175797956623665
nhanes_real,2,133,GrowingSpheres,True,0.0003494159900583327,1.0,1.0,0.694450869325837,-8.619230915541541
nhanes_real,2,133,REVISE,True,0.006542499992065132,1.0,1.0,5.122509956359863,-6.917702789129983
nhanes_real,2,138,DiCE,False,0.014867833000607789,,,,
nhanes_real,2,138,FACE,True,0.09131220798008144,1.0,1.0,9.225324630737305,-9.598343665457058
nhanes_real,2,138,GrowingSpheres,False,0.001270791981369257,,,,
nhanes_real,2,138,REVISE,False,0.04368658299790695,,,,
nhanes_real,2,140,DiCE,True,0.0006975830183364451,1.0,1.0,1.8165061473846436,-7.914277546226656
nhanes_real,2,140,FACE,True,0.09013687499100342,1.0,1.0,2.462566375732422,-7.274270618749121
nhanes_real,2,140,GrowingSpheres,True,0.00021904200548306108,1.0,1.0,0.44159717597688714,-8.099573345564043
nhanes_real,2,140,REVISE,True,0.004384916974231601,1.0,1.0,4.800878524780273,-6.271477149572173
nhanes_real,2,143,DiCE,False,0.014990458963438869,,,,
nhanes_real,2,143,FACE,True,0.09064925002167001,1.0,1.0,6.0576019287109375,-8.770192500965528
nhanes_real,2,143,GrowingSpheres,True,0.0009701250237412751,1.0,1.0,5.911019808047678,-14.01031135822434
nhanes_real,2,143,REVISE,False,0.043697417015209794,,,,
nhanes_real,2,145,DiCE,True,0.001151000033132732,1.0,1.0,3.261805534362793,-8.591518865229716
nhanes_real,2,145,FACE,True,0.09081174997845665,1.0,1.0,2.6204674243927,-7.387575038499048
nhanes_real,2,145,GrowingSpheres,True,0.0004989999579265714,1.0,1.0,3.5085259006803886,-9.220679421999735
nhanes_real,2,145,REVISE,True,0.0005821670056320727,1.0,1.0,6.762958526611328,-6.100026324792997
nhanes_real,2,146,DiCE,True,0.001625125005375594,1.0,1.0,2.6702747344970703,-8.389612633067518
nhanes_real,2,146,FACE,True,0.0909747090190649,1.0,1.0,5.28848934173584,-6.653633909308796
nhanes_real,2,146,GrowingSpheres,True,0.000656625023111701,1.0,1.0,2.775752359153522,-10.18839270203452
nhanes_real,2,146,REVISE,True,0.00692574999993667,1.0,1.0,4.979089260101318,-6.427654126897705
nhanes_real,2,147,DiCE,True,0.0014426249545067549,1.0,1.0,3.2202353477478027,-8.55011634106711
nhanes_real,2,147,FACE,True,0.09068129200022668,1.0,1.0,7.3126959800720215,-6.742634673291627
nhanes_real,2,147,GrowingSpheres,True,0.0005566250183619559,1.0,1.0,1.9304227954827338,-10.06471960903173
nhanes_real,2,147,REVISE,True,0.005246790999080986,1.0,1.0,8.071877479553223,-6.422533256304597
nhanes_real,2,148,DiCE,False,0.01472108397865668,,,,
nhanes_real,2,148,FACE,True,0.09423279203474522,1.0,1.0,4.246413707733154,-7.365602562040839
nhanes_real,2,148,GrowingSpheres,True,0.0006883749738335609,1.0,1.0,2.3230730352683544,-11.735289120618564
nhanes_real,2,148,REVISE,True,0.010753165988717228,1.0,1.0,8.01409912109375,-6.325091898882639
nhanes_real,2,150,DiCE,False,0.015613333031069487,,,,
nhanes_real,2,150,FACE,True,0.0927693749545142,1.0,1.0,6.103498935699463,-7.079942105652497
nhanes_real,2,150,GrowingSpheres,True,0.0007489999989047647,1.0,1.0,3.313669497601106,-9.185001474953733
nhanes_real,2,150,REVISE,True,0.0077527499524876475,1.0,1.0,5.2181396484375,-6.828928370805505
nhanes_real,2,151,DiCE,True,0.0008664579945616424,1.0,1.0,1.7423522472381592,-7.8847001748714245
nhanes_real,2,151,FACE,True,0.0913292919867672,1.0,1.0,2.279714584350586,-7.1808315915254965
nhanes_real,2,151,GrowingSpheres,True,0.000371375004760921,1.0,1.0,1.573905394727071,-6.96851181094306
nhanes_real,2,151,REVISE,True,0.0057717080344446,1.0,1.0,5.561006546020508,-6.007973198823349
nhanes_real,2,152,DiCE,True,0.0017984159640036523,1.0,1.0,3.4200661182403564,-11.217692191611599
nhanes_real,2,152,FACE,True,0.09212737501366064,1.0,1.0,3.756309986114502,-8.709194772780279
nhanes_real,2,152,GrowingSpheres,True,0.0006492919637821615,1.0,1.0,4.276661607667388,-11.400009173492549
nhanes_real,2,152,REVISE,True,0.006866625044494867,1.0,1.0,10.445394515991211,-7.177283769872023
nhanes_real,2,154,DiCE,True,0.0017413339810445905,1.0,1.0,3.7729244232177734,-8.678745205536858
nhanes_real,2,154,FACE,True,0.09027516702190042,1.0,1.0,3.0649638175964355,-8.519861836434115
nhanes_real,2,154,GrowingSpheres,True,0.000678999989759177,1.0,1.0,2.8008513586634334,-9.768019042530103
nhanes_real,2,154,REVISE,True,0.001465874956920743,1.0,1.0,8.189277648925781,-7.009328339474111
nhanes_real,2,155,DiCE,True,0.001306957972701639,1.0,1.0,2.788888931274414,-7.728623931368627
nhanes_real,2,155,FACE,True,0.0913378749974072,1.0,1.0,3.136476516723633,-6.74838786811428
nhanes_real,2,155,GrowingSpheres,True,0.00045487500028684735,1.0,1.0,1.938257120037534,-8.311341694682817
nhanes_real,2,155,REVISE,True,0.00922620901837945,1.0,1.0,4.400181293487549,-6.143594595635525
nhanes_real,2,156,DiCE,True,0.0011877500219270587,1.0,1.0,2.83007550239563,-9.666728447606042
nhanes_real,2,156,FACE,True,0.09114249999402091,1.0,1.0,3.654097080230713,-9.194190180821646
nhanes_real,2,156,GrowingSpheres,True,0.0004385409993119538,1.0,1.0,2.4833526721279524,-9.352743887777592
nhanes_real,2,156,REVISE,True,0.0014833330060355365,1.0,1.0,5.403374671936035,-7.180314798674992
nhanes_real,2,159,DiCE,True,0.0010241250274702907,1.0,1.0,2.5289382934570312,-10.913811731470577
nhanes_real,2,159,FACE,True,0.09173316700616851,1.0,1.0,4.6106767654418945,-9.634789263314257
nhanes_real,2,159,GrowingSpheres,True,0.0003517089644446969,1.0,1.0,1.5659016282338205,-10.910995494081446
nhanes_real,2,159,REVISE,True,0.008178999996744096,1.0,1.0,4.180716037750244,-11.524494702856124
nhanes_real,2,160,DiCE,False,0.01513395900838077,,,,
nhanes_real,2,160,FACE,True,0.09191087499493733,1.0,1.0,4.25546932220459,-8.260871309435062
nhanes_real,2,160,GrowingSpheres,True,0.0008750839624553919,1.0,1.0,6.097859520734675,-12.97088381484738
nhanes_real,2,160,REVISE,True,0.002005374990403652,1.0,1.0,4.1011176109313965,-7.354437650116306
nhanes_real,2,165,DiCE,True,0.0017494999920018017,1.0,1.0,2.4501519203186035,-10.255340921193628
nhanes_real,2,165,FACE,True,0.0907535000005737,1.0,1.0,3.1472930908203125,-8.4001539563628
nhanes_real,2,165,GrowingSpheres,True,0.0006908749928697944,1.0,1.0,2.748079385026095,-10.290789712616993
nhanes_real,2,165,REVISE,True,0.0040687909931875765,1.0,1.0,9.623751640319824,-6.506430483898832
nhanes_real,2,169,DiCE,True,0.0014355829916894436,1.0,1.0,2.7103323936462402,-8.016564973549686
nhanes_real,2,169,FACE,True,0.09083324996754527,1.0,1.0,1.9393184185028076,-8.564304112480537
nhanes_real,2,169,GrowingSpheres,True,0.0004986670101061463,1.0,1.0,3.8614922580193163,-8.495421865533137
nhanes_real,2,169,REVISE,True,0.0015075840055942535,1.0,1.0,4.079817771911621,-6.867004795317331
nhanes_real,2,173,DiCE,True,0.0013343330356292427,1.0,1.0,2.903451919555664,-7.733151167407218
nhanes_real,2,173,FACE,True,0.09055620798608288,1.0,1.0,2.3065052032470703,-6.989983631227999
nhanes_real,2,173,GrowingSpheres,True,0.00046075001591816545,1.0,1.0,3.073669288939655,-7.126532674550148
nhanes_real,2,173,REVISE,True,0.002927374967839569,1.0,1.0,2.845507860183716,-6.482278871373195
nhanes_real,2,179,DiCE,True,0.0010484579834155738,1.0,1.0,1.9135737419128418,-6.630882887372239
nhanes_real,2,179,FACE,True,0.0907995420275256,1.0,1.0,3.1714725494384766,-6.9261722498023275
nhanes_real,2,179,GrowingSpheres,True,0.00038316601421684027,1.0,1.0,1.8441562463451229,-6.815834783552561
nhanes_real,2,179,REVISE,True,0.0015666660037823021,1.0,1.0,1.8898775577545166,-6.169872572134675
nhanes_real,2,180,DiCE,True,0.0005615410045720637,1.0,1.0,1.3460930585861206,-6.399572475443014
nhanes_real,2,180,FACE,True,0.09056470799259841,1.0,1.0,2.3218042850494385,-6.524512780233506
nhanes_real,2,180,GrowingSpheres,True,0.00023729202803224325,1.0,1.0,0.9503602574538809,-6.414764943660322
nhanes_real,2,180,REVISE,True,0.0006140839541330934,1.0,1.0,1.2302767038345337,-6.206631564476249
nhanes_real,2,181,DiCE,False,0.014787209045607597,,,,
nhanes_real,2,181,FACE,True,0.09096691699232906,1.0,1.0,4.479793071746826,-7.452903325701875
nhanes_real,2,181,GrowingSpheres,True,0.0005771249998360872,1.0,1.0,1.9516556660630884,-9.513804470907724
nhanes_real,2,181,REVISE,True,0.005900374962948263,1.0,1.0,7.202085494995117,-7.041502064389431
nhanes_real,2,183,DiCE,True,0.0005752079887315631,1.0,1.0,1.3451361656188965,-8.403553329697484
nhanes_real,2,183,FACE,True,0.09096137498272583,1.0,1.0,2.2289037704467773,-7.175797956623665
nhanes_real,2,183,GrowingSpheres,True,0.00019829196389764547,1.0,1.0,1.1596125867170923,-8.285066495429016
nhanes_real,2,183,REVISE,True,0.004361749975942075,1.0,1.0,6.321693420410156,-6.66711909696493
nhanes_real,2,186,DiCE,False,0.015009417023975402,,,,
nhanes_real,2,186,FACE,True,0.09049799997592345,1.0,1.0,3.740710496902466,-6.631251093757076
nhanes_real,2,186,GrowingSpheres,True,0.0005799169884994626,1.0,1.0,2.822324294626819,-9.513022457346457
nhanes_real,2,186,REVISE,True,0.0062882909551262856,1.0,1.0,6.155374050140381,-6.0220306599099676
nhanes_real,2,187,DiCE,True,0.0014564580051228404,1.0,1.0,2.7550580501556396,-11.235476371018722
nhanes_real,2,187,FACE,True,0.0943869169568643,1.0,1.0,4.592597007751465,-8.23170133386838
nhanes_real,2,187,GrowingSpheres,True,0.00047979201190173626,1.0,1.0,1.9771062503224004,-10.733682631449161
nhanes_real,2,187,REVISE,True,0.008649916970171034,1.0,1.0,7.636679649353027,-6.200310965812617
nhanes_real,2,188,DiCE,True,0.0023877499625086784,1.0,1.0,3.4405250549316406,-8.505213062540717
nhanes_real,2,188,FACE,True,0.09183187497546896,1.0,1.0,4.102241516113281,-7.026680666082591
nhanes_real,2,188,GrowingSpheres,True,0.0006948329973965883,1.0,1.0,3.9405923855733813,-8.08131749662134
nhanes_real,2,188,REVISE,True,0.005541165999602526,1.0,1.0,4.521836280822754,-6.143746398538015
nhanes_real,2,190,DiCE,True,0.0008691250113770366,1.0,1.0,2.45967698097229,-7.204609194628333
nhanes_real,2,190,FACE,True,0.09074304095702246,1.0,1.0,3.39265513420105,-6.770714958886005
nhanes_real,2,190,GrowingSpheres,True,0.0004074170137755573,1.0,1.0,2.532318088283671,-7.3062449582143465
nhanes_real,2,190,REVISE,True,0.0006288340082392097,1.0,1.0,3.7348456382751465,-6.265022296103917
nhanes_real,2,191,DiCE,False,0.014643834030721337,,,,
nhanes_real,2,191,FACE,True,0.09065962501335889,1.0,1.0,5.4449310302734375,-8.23170133386838
nhanes_real,2,191,GrowingSpheres,True,0.0011404159595258534,1.0,1.0,9.397488905435809,-12.444264400067595
nhanes_real,2,191,REVISE,False,0.04240220895735547,,,,
nhanes_real,2,193,DiCE,True,0.0018672500154934824,1.0,1.0,2.8569154739379883,-9.12315058845296
nhanes_real,2,193,FACE,True,0.09086445800494403,1.0,1.0,1.6860525608062744,-7.498507613296388
nhanes_real,2,193,GrowingSpheres,True,0.0005437500076368451,1.0,1.0,3.2145372048569008,-8.228051092528377
nhanes_real,2,193,REVISE,True,0.010200874996371567,1.0,1.0,2.1621463298797607,-7.2705265334355005
nhanes_real,2,194,DiCE,True,0.00073050003265962,1.0,1.0,1.8864109516143799,-9.981243212356665
nhanes_real,2,194,FACE,True,0.09074920800048858,1.0,1.0,5.579524517059326,-9.464551137731167
nhanes_real,2,194,GrowingSpheres,True,0.0003077919827774167,1.0,1.0,1.4567946786147916,-9.97311565224636
nhanes_real,2,194,REVISE,True,0.005422708985861391,1.0,1.0,6.547852039337158,-9.749107816878414
nhanes_real,2,195,DiCE,True,0.0014476249925792217,1.0,1.0,2.977546215057373,-11.139585549464353
nhanes_real,2,195,FACE,True,0.09110174997476861,1.0,1.0,2.554917097091675,-7.312274028158967
nhanes_real,2,195,GrowingSpheres,True,0.000450249994173646,1.0,1.0,1.3295498286181808,-11.391903398719656
nhanes_real,2,195,REVISE,True,0.008237458008807153,1.0,1.0,5.994704246520996,-7.087460661580883
nhanes_real,2,196,DiCE,True,0.0011634999536909163,1.0,1.0,2.470407009124756,-6.494960426913703
nhanes_real,2,196,FACE,True,0.09060116700129583,1.0,1.0,2.815298318862915,-6.658979178607991
nhanes_real,2,196,GrowingSpheres,True,0.00038166699232533574,1.0,1.0,2.3128775983593552,-6.796962546253161
nhanes_real,2,196,REVISE,True,0.001047208032105118,1.0,1.0,1.5928854942321777,-6.120822869109032
nhanes_real,2,198,DiCE,True,0.0005649999948218465,1.0,1.0,0.9950639605522156,-6.676527145022694
nhanes_real,2,198,FACE,True,0.09077766700647771,1.0,1.0,1.076276421546936,-6.677610191489032
nhanes_real,2,198,GrowingSpheres,True,0.0002098330296576023,1.0,1.0,1.0217576070367298,-7.048456130638725
nhanes_real,2,198,REVISE,True,0.0032444579992443323,1.0,1.0,2.916109323501587,-6.193511738437181
nhanes_real,2,201,DiCE,False,0.01499020803021267,,,,
nhanes_real,2,201,FACE,True,0.09090820798883215,1.0,1.0,4.654451847076416,-7.105720646879043
nhanes_real,2,201,GrowingSpheres,True,0.0008562500006519258,1.0,1.0,4.035589669100167,-7.544959966639972
nhanes_real,2,201,REVISE,False,0.04365579102886841,,,,
nhanes_real,2,202,DiCE,True,0.0010132089955732226,1.0,1.0,2.4135818481445312,-7.822433805155656
nhanes_real,2,202,FACE,True,0.0902232919470407,1.0,1.0,2.287229061126709,-6.74838786811428
nhanes_real,2,202,GrowingSpheres,True,0.0004022910143248737,1.0,1.0,2.1221256155572714,-7.403569581263528
nhanes_real,2,202,REVISE,True,0.008316707971971482,1.0,1.0,3.428053379058838,-6.246558795104507
nhanes_real,2,204,DiCE,False,0.014803415979258716,,,,
nhanes_real,2,204,FACE,True,0.09116504102712497,1.0,1.0,4.73982572555542,-6.693542724121427
nhanes_real,2,204,GrowingSpheres,True,0.0009652499575167894,1.0,1.0,7.2469818212006025,-9.550612564091548
nhanes_real,2,204,REVISE,True,0.012282291951123625,1.0,1.0,4.6724748611450195,-6.560540097949265
nhanes_real,2,213,DiCE,False,0.015104875026736408,,,,
nhanes_real,2,213,FACE,True,0.09089337498880923,1.0,1.0,6.1506571769714355,-7.157535289218005
nhanes_real,2,213,GrowingSpheres,True,0.0007978749927133322,1.0,1.0,4.267090498084979,-7.889001036185539
nhanes_real,2,213,REVISE,True,0.005103708012029529,1.0,1.0,5.3392229080200195,-6.42964273884092
nhanes_real,2,214,DiCE,False,0.01501279097283259,,,,
nhanes_real,2,214,FACE,True,0.0924008329748176,1.0,1.0,3.712259531021118,-8.21789793446751
nhanes_real,2,214,GrowingSpheres,True,0.000824166985694319,1.0,1.0,3.196252461677137,-9.527862699211667
nhanes_real,2,214,REVISE,False,0.04430179198971018,,,,
nhanes_real,2,215,DiCE,True,0.001735582947731018,1.0,1.0,2.555514335632324,-8.073918800433788
nhanes_real,2,215,FACE,True,0.0903854169882834,1.0,1.0,5.242413520812988,-7.748522191805259
nhanes_real,2,215,GrowingSpheres,True,0.000581582949962467,1.0,1.0,1.7242973639451349,-10.089422563269622
nhanes_real,2,215,REVISE,True,0.003792499948758632,1.0,1.0,4.068586826324463,-6.559794320997167
nhanes_real,2,216,DiCE,False,0.014920083049219102,,,,
nhanes_real,2,216,FACE,True,0.09114508400671184,1.0,1.0,10.619932174682617,-7.450901293223432
nhanes_real,2,216,GrowingSpheres,True,0.0011845419649034739,1.0,1.0,4.3859612101983085,-10.10013657636386
nhanes_real,2,216,REVISE,False,0.04331804096000269,,,,
nhanes_real,2,217,DiCE,True,0.0017655830015428364,1.0,1.0,2.994342088699341,-9.776392310484031
nhanes_real,2,217,FACE,True,0.09115145797841251,1.0,1.0,6.894405841827393,-6.8383286354196215
nhanes_real,2,217,GrowingSpheres,True,0.0005598750431090593,1.0,1.0,2.476348935345961,-12.041306870546329
nhanes_real,2,217,REVISE,True,0.005899249983485788,1.0,1.0,8.2506103515625,-6.104169939049898
nhanes_real,2,218,DiCE,False,0.014357707987073809,,,,
nhanes_real,2,218,FACE,True,0.09160116704879329,1.0,1.0,5.075695037841797,-8.779239919930303
nhanes_real,2,218,GrowingSpheres,True,0.0007657500100322068,1.0,1.0,4.6301858455622,-8.33091489789385
nhanes_real,2,218,REVISE,True,0.006108624977059662,1.0,1.0,5.697044849395752,-6.860610684601994
nhanes_real,2,219,DiCE,False,0.014786874991841614,,,,
nhanes_real,2,219,FACE,True,0.09105695795733482,1.0,1.0,4.057646751403809,-6.522831232753717
nhanes_real,2,219,GrowingSpheres,True,0.0005289590335451066,1.0,1.0,2.0617542237885678,-8.253900692060826
nhanes_real,2,219,REVISE,True,0.008640625048428774,1.0,1.0,4.40605354309082,-6.522024019860719
nhanes_real,2,222,DiCE,False,0.014973916986491531,,,,
nhanes_real,2,222,FACE,True,0.09085658297408372,1.0,1.0,3.299278497695923,-7.176814636819982
nhanes_real,2,222,GrowingSpheres,True,0.0007488339906558394,1.0,1.0,3.969577949011031,-8.037343762241123
nhanes_real,2,222,REVISE,True,0.009596541989594698,1.0,1.0,4.9002366065979,-6.785629158611172
nhanes_real,2,224,DiCE,True,0.0019356249831616879,1.0,1.0,2.9604547023773193,-12.219651882983356
nhanes_real,2,224,FACE,True,0.09089054196374491,1.0,1.0,8.192235946655273,-7.450901293223432
nhanes_real,2,224,GrowingSpheres,True,0.0007081250078044832,1.0,1.0,3.7751133620725263,-9.80151567097097
nhanes_real,2,224,REVISE,True,0.0058976669679395854,1.0,1.0,9.766489028930664,-7.650962580241684
nhanes_real,2,225,DiCE,True,0.0010315000545233488,1.0,1.0,1.701568603515625,-7.950617283609814
nhanes_real,2,225,FACE,True,0.09095299994805828,1.0,1.0,5.2314910888671875,-6.285494634816696
nhanes_real,2,225,GrowingSpheres,True,0.0004142500110901892,1.0,1.0,1.920836018585709,-7.235139506031614
nhanes_real,2,225,REVISE,True,0.008166875049937516,1.0,1.0,3.2594332695007324,-7.049620713774608
nhanes_real,2,227,DiCE,False,0.014995416044257581,,,,
nhanes_real,2,227,FACE,True,0.09047208301490173,1.0,1.0,6.1012163162231445,-8.865989584680783
nhanes_real,2,227,GrowingSpheres,True,0.0007372499676421285,1.0,1.0,2.369056530797949,-10.942485489461415
nhanes_real,2,227,REVISE,True,0.008565666037611663,1.0,1.0,12.052186965942383,-8.599963970917859
nhanes_real,2,229,DiCE,True,0.0013224169961176813,1.0,1.0,3.204035520553589,-14.97959468835393
nhanes_real,2,229,FACE,True,0.09068416699301451,1.0,1.0,7.025704383850098,-9.758298088660084
nhanes_real,2,229,GrowingSpheres,True,0.0004569589509628713,1.0,1.0,2.011459312667793,-15.239782966511438
nhanes_real,2,229,REVISE,True,0.009174457984045148,1.0,1.0,12.542434692382812,-11.558895555786128
nhanes_real,2,230,DiCE,True,0.0008703749626874924,1.0,1.0,1.6074440479278564,-7.314613764753126
nhanes_real,2,230,FACE,True,0.09049937501549721,1.0,1.0,4.205203056335449,-6.547898708068161
nhanes_real,2,230,GrowingSpheres,True,0.00034770899219438434,1.0,1.0,0.8737283679470407,-7.950606103843344
nhanes_real,2,230,REVISE,True,0.0058984580100513995,1.0,1.0,4.821059226989746,-6.473682721737243
nhanes_real,2,235,DiCE,True,0.00071162503445521,1.0,1.0,2.017463445663452,-11.120226802279142
nhanes_real,2,235,FACE,True,0.09045512496959418,1.0,1.0,2.8324859142303467,-9.591054369429948
nhanes_real,2,235,GrowingSpheres,True,0.0002584580215625465,1.0,1.0,1.0160383820400094,-10.73882490136251
nhanes_real,2,235,REVISE,True,0.0006009159842506051,1.0,1.0,4.712644577026367,-10.321631759242107
nhanes_real,2,238,DiCE,False,0.014897458022460341,,,,
nhanes_real,2,238,FACE,True,0.09072300000116229,1.0,1.0,5.415820598602295,-6.280923280317344
nhanes_real,2,238,GrowingSpheres,True,0.0008429170120507479,1.0,1.0,3.6075069252236314,-8.208175959569179
nhanes_real,2,238,REVISE,True,0.007561957987491041,1.0,1.0,5.464531898498535,-6.353297223370984
nhanes_real,2,240,DiCE,True,0.001793542003724724,1.0,1.0,2.360219955444336,-10.727771261866875
nhanes_real,2,240,FACE,True,0.09558379201916978,1.0,1.0,4.435537338256836,-7.3785448167592955
nhanes_real,2,240,GrowingSpheres,True,0.0007347079808823764,1.0,1.0,2.1461359670694797,-11.219451956882601
nhanes_real,2,240,REVISE,True,0.0074093330185860395,1.0,1.0,7.722820281982422,-6.14697063647033
nhanes_real,2,241,DiCE,True,0.001559291034936905,1.0,1.0,3.5002574920654297,-11.173637058126811
nhanes_real,2,241,FACE,True,0.09490041702520102,1.0,1.0,3.594703435897827,-9.558772852240109
nhanes_real,2,241,GrowingSpheres,True,0.0005866659921593964,1.0,1.0,2.334773176947586,-10.915138189575599
nhanes_real,2,241,REVISE,True,0.003103999944869429,1.0,1.0,7.108961582183838,-7.929592672269614
nhanes_real,2,245,DiCE,True,0.0012138329911977053,1.0,1.0,2.251232624053955,-7.227858517848876
nhanes_real,2,245,FACE,True,0.09248933399794623,1.0,1.0,3.314525604248047,-7.150089196655237
nhanes_real,2,245,GrowingSpheres,True,0.0004807910299859941,1.0,1.0,2.1154871700059656,-7.185209408369078
nhanes_real,2,245,REVISE,True,0.008256874978542328,1.0,1.0,4.009609699249268,-6.269420520001862
nhanes_real,2,251,DiCE,False,0.014606540964450687,,,,
nhanes_real,2,251,FACE,True,0.09018187504261732,1.0,1.0,9.356433868408203,-9.397291517754269
nhanes_real,2,251,GrowingSpheres,True,0.0008790830033831298,1.0,1.0,5.588068443626571,-13.293174031699328
nhanes_real,2,251,REVISE,True,0.009721332986373454,1.0,1.0,9.750368118286133,-7.132324679065857
nhanes_real,2,253,DiCE,True,0.0010780419688671827,1.0,1.0,2.517000198364258,-7.974847868556676
nhanes_real,2,253,FACE,True,0.0909464160213247,1.0,1.0,3.8817219734191895,-7.8026603529298875
nhanes_real,2,253,GrowingSpheres,True,0.00038225000025704503,1.0,1.0,1.1210427856319112,-9.393444065694029
nhanes_real,2,253,REVISE,True,0.005250332993455231,1.0,1.0,6.428618907928467,-6.789144467826894
nhanes_real,2,258,DiCE,False,0.014475208008661866,,,,
nhanes_real,2,258,FACE,True,0.09031237504677847,1.0,1.0,4.621589660644531,-7.079942105652497
nhanes_real,2,258,GrowingSpheres,True,0.0006591249839402735,1.0,1.0,2.800784497522291,-8.082195206404807
nhanes_real,2,258,REVISE,True,0.00873158301692456,1.0,1.0,7.090353012084961,-6.301753866159632
nhanes_real,2,259,DiCE,True,0.0012274589971639216,1.0,1.0,2.5263895988464355,-6.8552581284311565
nhanes_real,2,259,FACE,True,0.09024795796722174,1.0,1.0,3.241503953933716,-6.280923280317344
nhanes_real,2,259,GrowingSpheres,True,0.00037649995647370815,1.0,1.0,1.3775281821717593,-6.516295725320951
nhanes_real,2,259,REVISE,True,0.001966417010407895,1.0,1.0,1.9283565282821655,-6.104539854260603
nhanes_real,2,260,DiCE,False,0.015197542030364275,,,,
nhanes_real,2,260,FACE,True,0.09065958298742771,1.0,1.0,2.535378932952881,-8.095985353976392
nhanes_real,2,260,GrowingSpheres,True,0.00062112498562783,1.0,1.0,4.599652304917646,-8.487477518145093
nhanes_real,2,260,REVISE,True,0.006746500032022595,1.0,1.0,3.4487698078155518,-6.739506011958837
nhanes_real,2,263,DiCE,False,0.014623249997384846,,,,
nhanes_real,2,263,FACE,True,0.09091137500945479,1.0,1.0,5.450835704803467,-7.3785448167592955
nhanes_real,2,263,GrowingSpheres,True,0.0008664170163683593,1.0,1.0,5.093972937277481,-9.241638665319655
nhanes_real,2,263,REVISE,False,0.04352083301637322,,,,
nhanes_real,2,267,DiCE,True,0.0019096250180155039,1.0,1.0,3.1754887104034424,-9.49595419791485
nhanes_real,2,267,FACE,True,0.09126312501030043,1.0,1.0,3.915635108947754,-7.83556428866145
nhanes_real,2,267,GrowingSpheres,True,0.0007882079808041453,1.0,1.0,5.053120313739431,-10.88206118476983
nhanes_real,2,267,REVISE,True,0.007262416009325534,1.0,1.0,6.768747806549072,-7.057838432154798
nhanes_real,2,273,DiCE,True,0.0010067920084111392,1.0,1.0,2.7272064685821533,-6.775087933504704
nhanes_real,2,273,FACE,True,0.09081958298338577,1.0,1.0,4.085831165313721,-7.525648752431016
nhanes_real,2,273,GrowingSpheres,True,0.0004148329608142376,1.0,1.0,1.4330749812338184,-6.9083223350334855
nhanes_real,2,273,REVISE,True,0.0006299579981714487,1.0,1.0,1.7834243774414062,-6.153336168012082
nhanes_real,2,274,DiCE,False,0.014555583009496331,,,,
nhanes_real,2,274,FACE,True,0.09410345798823982,1.0,1.0,4.3362579345703125,-6.112261094264387
nhanes_real,2,274,GrowingSpheres,True,0.0010954160243272781,1.0,1.0,3.333338670024392,-8.607873188599228
nhanes_real,2,274,REVISE,False,0.04286479199072346,,,,
nhanes_real,2,275,DiCE,True,0.0017187080229632556,1.0,1.0,2.935173273086548,-8.003349559368518
nhanes_real,2,275,FACE,True,0.09061791602289304,1.0,1.0,1.8114557266235352,-6.948021850967985
nhanes_real,2,275,GrowingSpheres,True,0.0006281249807216227,1.0,1.0,4.831414722766732,-8.692129804858238
nhanes_real,2,275,REVISE,True,0.0037215829943306744,1.0,1.0,5.680561065673828,-6.28119583370362
nhanes_real,2,276,DiCE,True,0.001063707983121276,1.0,1.0,2.5857276916503906,-9.077205513471096
nhanes_real,2,276,FACE,True,0.0904825420002453,1.0,1.0,4.89016056060791,-6.683018258327054
nhanes_real,2,276,GrowingSpheres,True,0.0003987079835496843,1.0,1.0,1.5699481591932325,-8.936108300403825
nhanes_real,2,276,REVISE,True,0.006897250015754253,1.0,1.0,8.149450302124023,-6.007729886294181
nhanes_real,2,282,DiCE,True,0.0014809999847784638,1.0,1.0,3.4063851833343506,-7.890169231347947
nhanes_real,2,282,FACE,True,0.09094308404019102,1.0,1.0,4.965977668762207,-7.371006651912026
nhanes_real,2,282,GrowingSpheres,True,0.0005746660172007978,1.0,1.0,2.2109978655955955,-7.8802683372051625
nhanes_real,2,282,REVISE,True,0.0014969159965403378,1.0,1.0,5.066717147827148,-6.148297947296185
nhanes_real,2,284,DiCE,False,0.014471958973444998,,,,
nhanes_real,2,284,FACE,True,0.09073283296311274,1.0,1.0,4.109514236450195,-8.66384130914481
nhanes_real,2,284,GrowingSpheres,True,0.0011265419889241457,1.0,1.0,4.835536179418581,-12.425704259406563
nhanes_real,2,284,REVISE,False,0.04225875000702217,,,,
nhanes_real,2,287,DiCE,True,0.0016302920412272215,1.0,1.0,3.267540454864502,-20.519600865231666
nhanes_real,2,287,FACE,True,0.0910197920165956,1.0,1.0,9.851786613464355,-9.28267286593738
nhanes_real,2,287,GrowingSpheres,True,0.0007223330321721733,1.0,1.0,4.283791246421888,-15.7858344852477
nhanes_real,2,287,REVISE,True,0.007439874985720962,1.0,1.0,13.006277084350586,-9.14272802452445
nhanes_real,2,290,DiCE,True,0.0007096250192262232,1.0,1.0,1.6014167070388794,-7.042711203264977
nhanes_real,2,290,FACE,True,0.09242283296771348,1.0,1.0,2.9510321617126465,-6.683018258327054
nhanes_real,2,290,GrowingSpheres,True,0.00026245799381285906,1.0,1.0,0.6123268777468431,-6.90857956113168
nhanes_real,2,290,REVISE,True,0.0046786669990979135,1.0,1.0,4.009006977081299,-6.036486261932875
nhanes_real,2,292,DiCE,True,0.002165542042348534,1.0,1.0,3.4269323348999023,-9.4547228325558
nhanes_real,2,292,FACE,True,0.09025733399903402,1.0,1.0,7.498889446258545,-7.3785448167592955
nhanes_real,2,292,GrowingSpheres,True,0.0005600830190815032,1.0,1.0,3.2123703608526037,-7.915703241785651
nhanes_real,2,292,REVISE,True,0.004619041981641203,1.0,1.0,7.537421226501465,-5.9971538527593715
nhanes_real,2,294,DiCE,False,0.01523025002097711,,,,
nhanes_real,2,294,FACE,True,0.09102891699876636,1.0,1.0,6.130715370178223,-7.150089196655237
nhanes_real,2,294,GrowingSpheres,True,0.0007262090221047401,1.0,1.0,3.217222363884648,-11.139388906387163
nhanes_real,2,294,REVISE,True,0.011365165992174298,1.0,1.0,6.188777923583984,-6.054767264497613
nhanes_real,2,296,DiCE,True,0.001333458989392966,1.0,1.0,3.164198875427246,-6.37154150832483
nhanes_real,2,296,FACE,True,0.09065049997298047,1.0,1.0,3.9680070877075195,-7.028979282765544
nhanes_real,2,296,GrowingSpheres,True,0.00043720798566937447,1.0,1.0,2.1899950883021373,-6.338324077992851
nhanes_real,2,296,REVISE,True,0.0010284169693477452,1.0,1.0,3.03698992729187,-6.08169235236331
nhanes_real,2,297,DiCE,True,0.001328333979472518,1.0,1.0,2.5175118446350098,-10.41074254746088
nhanes_real,2,297,FACE,True,0.09155829099472612,1.0,1.0,5.960341453552246,-7.4525952334716585
nhanes_real,2,297,GrowingSpheres,True,0.0004681249847635627,1.0,1.0,1.7273962996103636,-10.419286035725206
nhanes_real,2,297,REVISE,True,0.007320582983084023,1.0,1.0,8.071283340454102,-6.820308777736573
nhanes_real,2,298,DiCE,False,0.014830000000074506,,,,
nhanes_real,2,298,FACE,True,0.0910045420168899,1.0,1.0,5.146676540374756,-6.7024298120004175
nhanes_real,2,298,GrowingSpheres,True,0.0009167079697363079,1.0,1.0,3.4926911573552806,-8.082858326632996
nhanes_real,2,298,REVISE,True,0.007843084051273763,1.0,1.0,9.7787446975708,-5.9893032586297235
nhanes_real,2,299,DiCE,True,0.0012023330200463533,1.0,1.0,3.2605342864990234,-8.976839062606434
nhanes_real,2,299,FACE,True,0.09135395800694823,1.0,1.0,3.8773317337036133,-8.887613049888165
nhanes_real,2,299,GrowingSpheres,True,0.0004237079992890358,1.0,1.0,1.1926952737582266,-9.613814889910683
nhanes_real,2,299,REVISE,True,0.0005651669926010072,1.0,1.0,6.565930366516113,-7.811385426843296
nhanes_real,2,302,DiCE,False,0.015118999988771975,,,,
nhanes_real,2,302,FACE,True,0.0906948329648003,1.0,1.0,8.648261070251465,-9.578704652734281
nhanes_real,2,302,GrowingSpheres,True,0.0007579170051030815,1.0,1.0,2.1664530305416294,-17.021617559588172
nhanes_real,2,302,REVISE,True,0.0005663750343956053,1.0,1.0,9.401169776916504,-8.08667349767138
nhanes_real,2,304,DiCE,True,0.0011679999879561365,1.0,1.0,2.572888135910034,-9.152838544899002
nhanes_real,2,304,FACE,True,0.09146058303304017,1.0,1.0,6.153999328613281,-7.383982471562117
nhanes_real,2,304,GrowingSpheres,True,0.0004318340215831995,1.0,1.0,1.7983972921908649,-8.8651742483339
nhanes_real,2,304,REVISE,True,0.0028585830004885793,1.0,1.0,7.293686389923096,-6.020632669226342
nhanes_real,2,305,DiCE,True,0.0005696250009350479,1.0,1.0,1.473764181137085,-6.116817765082244
nhanes_real,2,305,FACE,True,0.09077558398712426,1.0,1.0,1.5012869834899902,-6.280923280317344
nhanes_real,2,305,GrowingSpheres,True,0.00026529101887717843,1.0,1.0,0.9824765379989965,-6.334249231181174
nhanes_real,2,305,REVISE,True,0.0006358330138027668,1.0,1.0,1.2907938957214355,-5.970878284541769
nhanes_real,2,306,DiCE,False,0.014993833960033953,,,,
nhanes_real,2,306,FACE,True,0.09017262497218326,1.0,1.0,6.972904205322266,-7.961803454067964
nhanes_real,2,306,GrowingSpheres,True,0.0007642919663339853,1.0,1.0,4.077573250735826,-10.512413988746937
nhanes_real,2,306,REVISE,True,0.0015117080183699727,1.0,1.0,9.143057823181152,-6.246401747567445
nhanes_real,2,308,DiCE,True,0.0015682090306654572,1.0,1.0,2.827098846435547,-8.74376329919929
nhanes_real,2,308,FACE,True,0.09036687499610707,1.0,1.0,2.6844706535339355,-6.938474690699669
nhanes_real,2,308,GrowingSpheres,True,0.0005785420071333647,1.0,1.0,3.147588811936828,-10.039878952849781
nhanes_real,2,308,REVISE,True,0.013125917001161724,1.0,1.0,3.658256769180298,-6.742224771791415
nhanes_real,2,310,DiCE,True,0.0008475829963572323,1.0,1.0,2.3686158657073975,-8.650058517638374
nhanes_real,2,310,FACE,True,0.09094879101030529,0.0,1.0,6.578752040863037,-7.253399590938242
nhanes_real,2,310,GrowingSpheres,True,0.0003268339787609875,1.0,1.0,1.3925063225576526,-8.58100070425218
nhanes_real,2,310,REVISE,True,0.0005511670024134219,1.0,1.0,7.584734916687012,-6.780730875436239
nhanes_real,2,311,DiCE,True,0.0010070839780382812,1.0,1.0,1.943952202796936,-8.224539445340785
nhanes_real,2,311,FACE,True,0.09055920800892636,1.0,1.0,3.5576331615448,-7.84618332672623
nhanes_real,2,311,GrowingSpheres,True,0.0003827500040642917,1.0,1.0,1.0549070237124052,-8.630490180961626
nhanes_real,2,311,REVISE,True,0.0010682079591788352,1.0,1.0,4.066307067871094,-6.4229259408028945
nhanes_real,2,316,DiCE,True,0.001173541008029133,1.0,1.0,2.4678940773010254,-6.609752428658489
nhanes_real,2,316,FACE,True,0.09033654199447483,1.0,1.0,1.5240848064422607,-6.62429009322652
nhanes_real,2,316,GrowingSpheres,True,0.00046254199696704745,1.0,1.0,2.312682589292677,-6.211071558141861
nhanes_real,2,316,REVISE,True,0.0006598749896511436,1.0,1.0,2.9556055068969727,-6.036953596519463
nhanes_real,2,323,DiCE,True,0.0011041670222766697,1.0,1.0,2.9541971683502197,-7.544253650297138
nhanes_real,2,323,FACE,True,0.09011870803078637,1.0,1.0,2.3048298358917236,-7.19666215746774
nhanes_real,2,323,GrowingSpheres,True,0.00039470900082960725,1.0,1.0,1.7855807164280242,-8.36621928968763
nhanes_real,2,323,REVISE,True,0.0045914590009488165,1.0,1.0,5.713327407836914,-6.183731564963379
nhanes_real,2,324,DiCE,False,0.014943207963369787,,,,
nhanes_real,2,324,FACE,True,0.09146500000497326,1.0,1.0,4.039387226104736,-6.460655718520311
nhanes_real,2,324,GrowingSpheres,True,0.0010837909649126232,1.0,1.0,8.621251850358837,-10.81058048570234
nhanes_real,2,324,REVISE,False,0.042774375004228204,,,,
nhanes_real,2,329,DiCE,False,0.015065375017002225,,,,
nhanes_real,2,329,FACE,True,0.09108816704247147,1.0,1.0,8.14100170135498,-8.856075825302968
nhanes_real,2,329,GrowingSpheres,True,0.0008059579995460808,1.0,1.0,5.19653510220897,-15.074279225101225
nhanes_real,2,329,REVISE,True,0.008625917020253837,1.0,1.0,8.00930404663086,-7.306795074764555
nhanes_real,2,330,DiCE,True,0.0008646659553050995,1.0,1.0,1.914771556854248,-9.566972229075121
nhanes_real,2,330,FACE,True,0.09158925001975149,1.0,1.0,4.039117813110352,-7.452903325701875
nhanes_real,2,330,GrowingSpheres,True,0.00033970799995586276,1.0,1.0,1.1630647287548108,-8.722781597555073
nhanes_real,2,330,REVISE,True,0.0019731249776668847,1.0,1.0,7.045166969299316,-6.529392741988275
nhanes_real,2,331,DiCE,False,0.014836707967333496,,,,
nhanes_real,2,331,FACE,True,0.09210004197666422,1.0,1.0,2.895259141921997,-6.112261094264387
nhanes_real,2,331,GrowingSpheres,True,0.0007534170290455222,1.0,1.0,3.856132789162249,-7.684306045764377
nhanes_real,2,331,REVISE,True,0.005350541963707656,1.0,1.0,2.8584797382354736,-6.150185271020369
nhanes_real,2,332,DiCE,False,0.015637999982573092,,,,
nhanes_real,2,332,FACE,True,0.09081954200519249,1.0,1.0,7.98185920715332,-9.598343665457058
nhanes_real,2,332,GrowingSpheres,True,0.0008709999965503812,1.0,1.0,3.5687895991137295,-10.325504882078214
nhanes_real,2,332,REVISE,True,0.01069237501360476,1.0,1.0,11.04977798461914,-9.438305765178264
nhanes_real,2,334,DiCE,False,0.014954750018659979,,,,
nhanes_real,2,334,FACE,True,0.09093079098965973,1.0,1.0,3.495008945465088,-9.461302370282606
nhanes_real,2,334,GrowingSpheres,True,0.000959250028245151,1.0,1.0,6.074664147527225,-10.343579595638612
nhanes_real,2,334,REVISE,True,0.004905624955426902,1.0,1.0,5.739250183105469,-7.418333063485711
nhanes_real,2,335,DiCE,False,0.014784333994612098,,,,
nhanes_real,2,335,FACE,True,0.0906337919877842,1.0,1.0,4.712131023406982,-6.112261094264387
nhanes_real,2,335,GrowingSpheres,True,0.001104000024497509,1.0,1.0,9.642171647045176,-9.27702128466926
nhanes_real,2,335,REVISE,False,0.045262708037626,,,,
nhanes_real,2,339,DiCE,True,0.0014772909926250577,1.0,1.0,3.526029109954834,-11.70938559167461
nhanes_real,2,339,FACE,True,0.09099712502211332,1.0,1.0,9.796574592590332,-8.883454366639821
nhanes_real,2,339,GrowingSpheres,True,0.0007358749862760305,1.0,1.0,3.461466174641335,-16.71715642901865
nhanes_real,2,339,REVISE,True,0.005328250001184642,1.0,1.0,11.784398078918457,-8.143775401887181
nhanes_real,2,341,DiCE,True,0.001383042021188885,1.0,1.0,2.7747459411621094,-7.457094343868656
nhanes_real,2,341,FACE,True,0.09075354202650487,1.0,1.0,1.9374301433563232,-7.190428837514725
nhanes_real,2,341,GrowingSpheres,True,0.0005165419424884021,1.0,1.0,1.130151015429672,-7.3107940540718275
nhanes_real,2,341,REVISE,True,0.002837874984834343,1.0,1.0,3.396357536315918,-6.172178148850749
nhanes_real,2,342,DiCE,True,0.0018217909964732826,1.0,1.0,3.2918179035186768,-8.206375286990236
nhanes_real,2,342,FACE,True,0.0907269159797579,1.0,1.0,3.1772878170013428,-7.013872752078864
nhanes_real,2,342,GrowingSpheres,True,0.000584583031013608,1.0,1.0,4.69020273968304,-9.27726808595522
nhanes_real,2,342,REVISE,True,0.003419666027184576,1.0,1.0,4.729771137237549,-6.369288923917102
nhanes_real,2,344,DiCE,False,0.015020209015347064,,,,
nhanes_real,2,344,FACE,True,0.09091816697036847,1.0,1.0,2.788909912109375,-7.450901293223432
nhanes_real,2,344,GrowingSpheres,True,0.0011040830286219716,1.0,1.0,7.637836785023081,-10.244239626867307
nhanes_real,2,344,REVISE,False,0.043561291007790715,,,,
nhanes_real,2,345,DiCE,True,0.0018686249968595803,1.0,1.0,2.8522281646728516,-9.914888291691572
nhanes_real,2,345,FACE,True,0.0914200420374982,1.0,1.0,7.177074432373047,-7.450901293223432
nhanes_real,2,345,GrowingSpheres,True,0.0006079170270822942,1.0,1.0,3.0847078594896793,-11.399335829672154
nhanes_real,2,345,REVISE,True,0.003375417029019445,1.0,1.0,10.412469863891602,-6.711821595710835
nhanes_real,2,346,DiCE,True,0.0011695839930325747,1.0,1.0,2.398284912109375,-6.836484388749155
nhanes_real,2,346,FACE,True,0.09121616597985849,1.0,1.0,5.892831802368164,-7.3785448167592955
nhanes_real,2,346,GrowingSpheres,True,0.0003872500383295119,1.0,1.0,1.3000550647040048,-6.776654009458858
nhanes_real,2,346,REVISE,True,0.002101208025123924,1.0,1.0,1.8699074983596802,-6.105314449090176
nhanes_real,2,348,DiCE,False,0.014768374967388809,,,,
nhanes_real,2,348,FACE,True,0.09117270802380517,1.0,1.0,9.972970008850098,-6.683018258327054
nhanes_real,2,348,GrowingSpheres,True,0.0011468329466879368,1.0,1.0,2.9140434401249022,-10.44388193835434
nhanes_real,2,348,REVISE,False,0.04488779202802107,,,,
nhanes_real,2,349,DiCE,True,0.001012332970276475,1.0,1.0,2.5630409717559814,-8.841166714165855
nhanes_real,2,349,FACE,True,0.09111537504941225,1.0,1.0,2.9606635570526123,-7.422601173557611
nhanes_real,2,349,GrowingSpheres,True,0.0004782500327564776,1.0,1.0,2.693068990641768,-10.56542885696059
nhanes_real,2,349,REVISE,True,0.005781750020105392,1.0,1.0,5.285281658172607,-6.5200099912784495
nhanes_real,2,350,DiCE,True,0.0016534169553779066,1.0,1.0,2.6223654747009277,-7.641040471359388
nhanes_real,2,350,FACE,True,0.09234016598202288,1.0,1.0,3.354255199432373,-6.687256971144184
nhanes_real,2,350,GrowingSpheres,True,0.0006743749836459756,1.0,1.0,2.798311573130934,-6.9658886349049585
nhanes_real,2,350,REVISE,True,0.0046414160169661045,1.0,1.0,4.336230278015137,-6.290137016074784
nhanes_real,2,354,DiCE,True,0.0006749999593012035,1.0,1.0,1.5547343492507935,-8.588768753593415
nhanes_real,2,354,FACE,True,0.09158858295995742,1.0,1.0,4.299797058105469,-7.921797492364112
nhanes_real,2,354,GrowingSpheres,True,0.0002726250095292926,1.0,1.0,0.9807734413869132,-9.14104126756108
nhanes_real,2,354,REVISE,True,0.00477337499614805,1.0,1.0,3.684586524963379,-6.572273065410927
nhanes_real,2,355,DiCE,True,0.0009084169869311154,1.0,1.0,1.8551620244979858,-8.516333155204796
nhanes_real,2,355,FACE,True,0.09082987502915785,1.0,1.0,3.017866373062134,-7.611802191371227
nhanes_real,2,355,GrowingSpheres,True,0.0003462090389803052,1.0,1.0,2.2229029981699013,-8.138907884257604
nhanes_real,2,355,REVISE,True,0.005661915987730026,1.0,1.0,6.906938552856445,-6.164923655508574
nhanes_real,2,358,DiCE,True,0.0005851669702678919,1.0,1.0,1.466665506362915,-8.109579629201242
nhanes_real,2,358,FACE,True,0.09016049996716902,1.0,1.0,3.858175039291382,-6.23109677913374
nhanes_real,2,358,GrowingSpheres,True,0.00022312498185783625,1.0,1.0,0.4672804949785095,-7.7331135397452755
nhanes_real,2,358,REVISE,True,0.0006180420168675482,1.0,1.0,4.837894439697266,-6.19099126429659
nhanes_real,2,360,DiCE,False,0.015592082985676825,,,,
nhanes_real,2,360,FACE,True,0.09096333396155387,1.0,1.0,6.957219123840332,-6.893095138246084
nhanes_real,2,360,GrowingSpheres,True,0.0011970839696004987,1.0,1.0,7.1490402922297775,-9.476933883985273
nhanes_real,2,360,REVISE,True,0.010912958008702844,1.0,1.0,6.13314151763916,-6.147366739448454
nhanes_real,2,362,DiCE,False,0.015159874979872257,,,,
nhanes_real,2,362,FACE,True,0.09112016600556672,1.0,1.0,2.5189685821533203,-6.7024298120004175
nhanes_real,2,362,GrowingSpheres,True,0.0007453750004060566,1.0,1.0,3.5555404305939273,-6.452395534761763
nhanes_real,2,362,REVISE,True,0.006174042006023228,1.0,1.0,3.924449920654297,-5.979687212129029
nhanes_real,2,365,DiCE,True,0.0007986660348251462,1.0,1.0,1.8244413137435913,-8.246335601340352
nhanes_real,2,365,FACE,True,0.0906135420082137,1.0,1.0,3.6898398399353027,-6.9082427890707745
nhanes_real,2,365,GrowingSpheres,True,0.00028141599614173174,1.0,1.0,1.2277055449611243,-8.285898067598268
nhanes_real,2,365,REVISE,True,0.0006301249959506094,1.0,1.0,4.772829532623291,-6.252586938774589
nhanes_real,2,367,DiCE,True,0.0007327499915845692,1.0,1.0,1.4265241622924805,-6.642446873129219
nhanes_real,2,367,FACE,True,0.09158112498698756,1.0,1.0,2.387624740600586,-6.5705039852598865
nhanes_real,2,367,GrowingSpheres,True,0.0002667089574970305,1.0,1.0,1.3350519150061744,-6.480471956406343
nhanes_real,2,367,REVISE,True,0.0010965830297209322,1.0,1.0,2.436884880065918,-5.996702330316389
nhanes_real,2,369,DiCE,False,0.015022250008769333,,,,
nhanes_real,2,369,FACE,True,0.09051829198142514,1.0,1.0,3.2752933502197266,-7.190428837514725
nhanes_real,2,369,GrowingSpheres,True,0.0007034580339677632,1.0,1.0,5.464306913743385,-7.858790514052776
nhanes_real,2,369,REVISE,True,0.006883999973069876,1.0,1.0,4.346984386444092,-6.07858397610884
nhanes_real,2,372,DiCE,True,0.0019359170109964907,1.0,1.0,3.2271265983581543,-10.924025760619877
nhanes_real,2,372,FACE,True,0.0904646249837242,1.0,1.0,3.657276153564453,-7.98714986743104
nhanes_real,2,372,GrowingSpheres,True,0.0004819580353796482,1.0,1.0,2.379075144591498,-10.102274297601104
nhanes_real,2,372,REVISE,True,0.004623207962140441,1.0,1.0,8.610530853271484,-6.527992931867777
nhanes_real,2,373,DiCE,True,0.0019022499909624457,1.0,1.0,2.558187961578369,-9.90136359911927
nhanes_real,2,373,FACE,True,0.090823459031526,1.0,1.0,4.172565460205078,-8.21789793446751
nhanes_real,2,373,GrowingSpheres,True,0.000575540994759649,1.0,1.0,2.937399161382615,-9.722050315290762
nhanes_real,2,373,REVISE,True,0.006989209039602429,1.0,1.0,5.286412239074707,-6.748484465696029
nhanes_real,2,374,DiCE,True,0.0011740829795598984,1.0,1.0,3.351959705352783,-9.503520064177263
nhanes_real,2,374,FACE,True,0.09090862498851493,1.0,1.0,7.489026069641113,-8.661974003434251
nhanes_real,2,374,GrowingSpheres,True,0.0004945410182699561,1.0,1.0,2.007396731100983,-9.73895876431043
nhanes_real,2,374,REVISE,True,0.0023682499886490405,1.0,1.0,7.443248748779297,-6.968080259190726
nhanes_real,2,375,DiCE,True,0.0021015829988755286,1.0,1.0,2.916916847229004,-8.519088684734442
nhanes_real,2,375,FACE,True,0.09106912498828024,1.0,1.0,4.326631546020508,-8.115440787366996
nhanes_real,2,375,GrowingSpheres,True,0.0006948750233277678,1.0,1.0,4.936941470406695,-10.3111823417197
nhanes_real,2,375,REVISE,True,0.0006228749989531934,1.0,1.0,8.094951629638672,-6.67106798939686
nhanes_real,2,376,DiCE,False,0.01451320800697431,,,,
nhanes_real,2,376,FACE,True,0.09095774998422712,1.0,1.0,2.535247802734375,-7.176814636819982
nhanes_real,2,376,GrowingSpheres,True,0.0008344579837284982,1.0,1.0,4.5144254945923254,-8.677182003254195
nhanes_real,2,376,REVISE,False,0.04362679203040898,,,,
nhanes_real,2,377,DiCE,False,0.014894374995492399,,,,
nhanes_real,2,377,FACE,True,0.09124687500298023,1.0,1.0,3.756402015686035,-7.176814636819982
nhanes_real,2,377,GrowingSpheres,True,0.0008262499468401074,1.0,1.0,5.87427154699332,-10.32728719283023
nhanes_real,2,377,REVISE,False,0.044462749967351556,,,,
nhanes_real,2,378,DiCE,True,0.0007282919832505286,1.0,1.0,1.6236498355865479,-7.637439937070397
nhanes_real,2,378,FACE,True,0.09124395798426121,1.0,1.0,3.051023006439209,-6.976234738011781
nhanes_real,2,378,GrowingSpheres,True,0.00026537495432421565,1.0,1.0,1.0883896419213177,-7.518039195018978
nhanes_real,2,378,REVISE,True,0.0064819169929251075,1.0,1.0,5.191366672515869,-6.066159940183491
nhanes_real,2,379,DiCE,False,0.015101458004210144,,,,
nhanes_real,2,379,FACE,True,0.09115695802029222,1.0,1.0,5.402259826660156,-8.21789793446751
nhanes_real,2,379,GrowingSpheres,True,0.0005569999921135604,1.0,1.0,2.899274128133406,-8.40961668907698
nhanes_real,2,379,REVISE,True,0.007014749979134649,1.0,1.0,5.069810390472412,-7.0384475177451336
nhanes_real,2,383,DiCE,False,0.015010666975285858,,,,
nhanes_real,2,383,FACE,True,0.09291354200104252,1.0,1.0,5.234264373779297,-7.828659771075652
nhanes_real,2,383,GrowingSpheres,True,0.0007726249750703573,1.0,1.0,4.476675356473433,-11.299619631634071
nhanes_real,2,383,REVISE,True,0.010406749963294715,1.0,1.0,6.699674606323242,-6.584877573791184
nhanes_real,2,389,DiCE,True,0.0006036249687895179,1.0,1.0,1.2810728549957275,-8.83266949388204
nhanes_real,2,389,FACE,True,0.09137216600356624,1.0,1.0,5.483788013458252,-8.113166882437632
nhanes_real,2,389,GrowingSpheres,True,0.00020074995700269938,1.0,1.0,0.21701560638116363,-8.991481993157107
nhanes_real,2,389,REVISE,True,0.002517666027415544,1.0,1.0,4.8468017578125,-6.671528346378917
nhanes_real,2,391,DiCE,True,0.0014790409477427602,1.0,1.0,2.7421724796295166,-9.607176160548232
nhanes_real,2,391,FACE,True,0.09063466597581282,1.0,1.0,3.228677272796631,-7.274270618749121
nhanes_real,2,391,GrowingSpheres,True,0.00046691601164638996,1.0,1.0,2.141008909947528,-9.361843862427998
nhanes_real,2,391,REVISE,False,0.04483337496640161,,,,
nhanes_real,2,392,DiCE,True,0.0012896250118501484,1.0,1.0,2.9258084297180176,-7.249640216331322
nhanes_real,2,392,FACE,True,0.09008049999829382,1.0,1.0,2.479947805404663,-6.460655718520311
nhanes_real,2,392,GrowingSpheres,True,0.0005130419740453362,1.0,1.0,3.0013404579720597,-7.16331384095462
nhanes_real,2,392,REVISE,True,0.0023192089865915477,1.0,1.0,3.680509090423584,-6.138999631161322
nhanes_real,2,393,DiCE,True,0.0007357920403592288,1.0,1.0,1.738262414932251,-7.576720349821802
nhanes_real,2,393,FACE,True,0.09046908299205825,0.0,1.0,3.869966983795166,-7.483865458382138
nhanes_real,2,393,GrowingSpheres,True,0.00025875004939734936,1.0,1.0,0.9448640655560658,-7.9979970511427565
nhanes_real,2,393,REVISE,True,0.0005944580188952386,1.0,1.0,3.1519618034362793,-6.168090561781103
nhanes_real,2,394,DiCE,False,0.015203207964077592,,,,
nhanes_real,2,394,FACE,True,0.09170045802602544,1.0,1.0,2.144829034805298,-6.948021850967985
nhanes_real,2,394,GrowingSpheres,True,0.0007523749954998493,1.0,1.0,2.2490081927322234,-9.104070164492446
nhanes_real,2,394,REVISE,True,0.006731249974109232,1.0,1.0,5.820883274078369,-5.999926118904595
nhanes_real,2,395,DiCE,False,0.01480166701367125,,,,
nhanes_real,2,395,FACE,True,0.09127299999818206,1.0,1.0,11.752788543701172,-9.758298088660084
nhanes_real,2,395,GrowingSpheres,True,0.0008367500267922878,1.0,1.0,4.6028952506862195,-17.111811629205985
nhanes_real,2,395,REVISE,True,0.00884637504350394,1.0,1.0,10.369673728942871,-11.752898800540454
nhanes_real,2,398,DiCE,True,0.0006987500237300992,1.0,1.0,1.7809357643127441,-8.909755734811531
nhanes_real,2,398,FACE,True,0.09122366696828976,1.0,1.0,3.724181652069092,-7.748522191805259
nhanes_real,2,398,GrowingSpheres,True,0.00027545803459361196,1.0,1.0,1.0545936476233388,-8.817272566104869
nhanes_real,2,398,REVISE,True,0.0006155419978313148,1.0,1.0,5.57503080368042,-6.488638348122443
nhanes_real,2,399,DiCE,True,0.0010551250306889415,1.0,1.0,1.8807151317596436,-8.523290293698732
nhanes_real,2,399,FACE,True,0.09004237502813339,1.0,1.0,5.410571098327637,-7.277133957145506
nhanes_real,2,399,GrowingSpheres,True,0.0004344159970059991,1.0,1.0,1.8460949481557014,-7.498199072280554
nhanes_real,2,399,REVISE,True,0.009353874949738383,1.0,1.0,4.91064453125,-6.60440187919305
nhanes_real,2,404,DiCE,True,0.0008584170136600733,1.0,1.0,2.2123517990112305,-7.4312118916105625
nhanes_real,2,404,FACE,True,0.09037020802497864,1.0,1.0,3.307342529296875,-7.028979282765544
nhanes_real,2,404,GrowingSpheres,True,0.0003427499905228615,1.0,1.0,1.3952574569053051,-7.3472480475866595
nhanes_real,2,404,REVISE,True,0.0005942499847151339,1.0,1.0,2.8059630393981934,-6.266106294828912
nhanes_real,2,405,DiCE,False,0.015026958019006997,,,,
nhanes_real,2,405,FACE,True,0.09070412500295788,1.0,1.0,3.8048434257507324,-7.362517155104989
nhanes_real,2,405,GrowingSpheres,True,0.0006857910193502903,1.0,1.0,3.0533302594837575,-9.005915257671395
nhanes_real,2,405,REVISE,True,0.00900858297245577,1.0,1.0,7.0634565353393555,-6.119153233780963
nhanes_real,2,407,DiCE,False,0.014981749991420656,,,,
nhanes_real,2,407,FACE,True,0.09384533303091303,1.0,1.0,11.099874496459961,-7.3785448167592955
nhanes_real,2,407,GrowingSpheres,True,0.0007747919880785048,1.0,1.0,4.315724437331443,-10.167545417080705
nhanes_real,2,407,REVISE,True,0.005291750014293939,1.0,1.0,6.717529296875,-6.079764826922771
nhanes_real,2,413,DiCE,False,0.015366500010713935,,,,
nhanes_real,2,413,FACE,True,0.09816529200179502,1.0,1.0,7.815512657165527,-9.641217401004166
nhanes_real,2,413,GrowingSpheres,True,0.0006789159961044788,1.0,1.0,3.0758130171718916,-12.748983391691246
nhanes_real,2,413,REVISE,True,0.0110667499830015,1.0,1.0,5.660349369049072,-13.39701869580534
nhanes_real,2,415,DiCE,False,0.014333542028907686,,,,
nhanes_real,2,415,FACE,True,0.09133174997987226,1.0,1.0,3.4744486808776855,-7.1140166294690665
nhanes_real,2,415,GrowingSpheres,True,0.0006977919838391244,1.0,1.0,5.255169983745934,-7.590691506702502
nhanes_real,2,415,REVISE,True,0.00805404200218618,1.0,1.0,5.765218734741211,-6.276876840605111
nhanes_real,2,416,DiCE,False,0.014455333002842963,,,,
nhanes_real,2,416,FACE,True,0.09182712499750778,1.0,1.0,7.173720836639404,-6.112261094264387
nhanes_real,2,416,GrowingSpheres,True,0.0011917919619008899,1.0,1.0,7.3597157901118795,-9.056883366725915
nhanes_real,2,416,REVISE,False,0.043201667023822665,,,,
nhanes_real,2,417,DiCE,True,0.0021002080175094306,1.0,1.0,3.275143623352051,-7.729071472828941
nhanes_real,2,417,FACE,True,0.09049233299447224,1.0,1.0,4.165710926055908,-8.519861836434115
nhanes_real,2,417,GrowingSpheres,True,0.0006588330143131316,1.0,1.0,4.5250068893084885,-7.673801195593089
nhanes_real,2,417,REVISE,True,0.0023783749784342945,1.0,1.0,6.724376201629639,-6.259578431053358
nhanes_real,2,418,DiCE,False,0.014386041963007301,,,,
nhanes_real,2,418,FACE,True,0.0907086250372231,1.0,1.0,5.889516830444336,-6.631251093757076
nhanes_real,2,418,GrowingSpheres,True,0.0005756669561378658,1.0,1.0,3.76543614398308,-10.809965231290557
nhanes_real,2,418,REVISE,True,0.007144792005419731,1.0,1.0,6.467428207397461,-6.594058476994373
nhanes_real,2,421,DiCE,True,0.0013244999572634697,1.0,1.0,2.591737747192383,-6.768503942403592
nhanes_real,2,421,FACE,True,0.09048133401665837,1.0,1.0,4.54191255569458,-6.23109677913374
nhanes_real,2,421,GrowingSpheres,True,0.00047150003956630826,1.0,1.0,1.9196545346225298,-6.688511904192115
nhanes_real,2,421,REVISE,True,0.001959417015314102,1.0,1.0,2.854870319366455,-6.1085094925208985
nhanes_real,2,422,DiCE,True,0.0008265409851446748,1.0,1.0,2.2537193298339844,-7.697611694528929
nhanes_real,2,422,FACE,True,0.09040841599926353,1.0,1.0,2.9543633460998535,-7.0256910695112715
nhanes_real,2,422,GrowingSpheres,True,0.00035016698529943824,1.0,1.0,1.3537460158441341,-8.22374304408654
nhanes_real,2,422,REVISE,True,0.003411874989978969,1.0,1.0,6.277298927307129,-6.133012175412759
nhanes_real,2,423,DiCE,False,0.014916416956111789,,,,
nhanes_real,2,423,FACE,True,0.09056729095755145,1.0,1.0,6.532280445098877,-7.870377363266802
nhanes_real,2,423,GrowingSpheres,True,0.0009672499727457762,1.0,1.0,6.165423173098368,-12.241919678449646
nhanes_real,2,423,REVISE,False,0.044112375006079674,,,,
nhanes_real,2,424,DiCE,True,0.0006911249947734177,1.0,1.0,1.5673587322235107,-9.118448523457486
nhanes_real,2,424,FACE,True,0.09043545898748562,1.0,1.0,2.7908012866973877,-7.850307253673925
nhanes_real,2,424,GrowingSpheres,True,0.00033549999352544546,1.0,1.0,1.6758312796324337,-9.251285853178494
nhanes_real,2,424,REVISE,True,0.003326999954879284,1.0,1.0,6.1027913093566895,-7.0424632662768385
nhanes_real,2,425,DiCE,False,0.01438800001051277,,,,
nhanes_real,2,425,FACE,True,0.09044291701866314,1.0,1.0,3.5149223804473877,-6.112261094264387
nhanes_real,2,425,GrowingSpheres,True,0.000673959031701088,1.0,1.0,3.2821319857613687,-7.34721612988868
nhanes_real,2,425,REVISE,True,0.007108582998625934,1.0,1.0,5.308418273925781,-6.214578139351861
nhanes_real,2,427,DiCE,True,0.0010195839568041265,1.0,1.0,2.2083981037139893,-7.6531643151229485
nhanes_real,2,427,FACE,True,0.09027566702570766,1.0,1.0,2.8314590454101562,-7.19666215746774
nhanes_real,2,427,GrowingSpheres,True,0.0003298330120742321,1.0,1.0,1.4235977723776547,-7.723080028589401
nhanes_real,2,427,REVISE,True,0.004526125034317374,1.0,1.0,4.150556564331055,-6.349724493819248
nhanes_real,2,429,DiCE,False,0.01451920805266127,,,,
nhanes_real,2,429,FACE,True,0.0906983750173822,1.0,1.0,6.395041465759277,-6.653633909308796
nhanes_real,2,429,GrowingSpheres,True,0.0009981669718399644,1.0,1.0,6.694322591166668,-7.3713823301714125
nhanes_real,2,429,REVISE,True,0.011074749985709786,1.0,1.0,7.620309829711914,-6.021774902299066
nhanes_real,2,432,DiCE,True,0.0022188329603523016,1.0,1.0,2.8303918838500977,-9.653026975188915
nhanes_real,2,432,FACE,True,0.0904022500035353,1.0,1.0,4.389980792999268,-8.23170133386838
nhanes_real,2,432,GrowingSpheres,True,0.000696416012942791,1.0,1.0,2.451517748374256,-9.772105363038333
nhanes_real,2,432,REVISE,True,0.004508749989327043,1.0,1.0,6.186851978302002,-6.903903078724855
nhanes_real,2,436,DiCE,True,0.0008854580228216946,1.0,1.0,2.02085542678833,-7.515688510791884
nhanes_real,2,436,FACE,True,0.09121770801721141,1.0,1.0,3.097991943359375,-6.796552808671534
nhanes_real,2,436,GrowingSpheres,True,0.000335542019456625,1.0,1.0,1.747708651514578,-7.701612224130417
nhanes_real,2,436,REVISE,True,0.0005902080447413027,1.0,1.0,5.308119773864746,-6.001737643155678
nhanes_real,2,440,DiCE,True,0.0015572499833069742,1.0,1.0,3.098661184310913,-8.7160430097265
nhanes_real,2,440,FACE,True,0.09098120802082121,1.0,1.0,4.9886603355407715,-8.4001539563628
nhanes_real,2,440,GrowingSpheres,True,0.000552707992028445,1.0,1.0,3.141483640875775,-8.38648816848118
nhanes_real,2,440,REVISE,True,0.0010407499503344297,1.0,1.0,9.295495986938477,-6.451128694111171
nhanes_real,2,441,DiCE,False,0.014818417024798691,,,,
nhanes_real,2,441,FACE,True,0.09106795804109424,1.0,1.0,6.083604335784912,-7.362517155104989
nhanes_real,2,441,GrowingSpheres,True,0.0009898330317810178,1.0,1.0,6.7575786685019885,-11.993413797727143
nhanes_real,2,441,REVISE,True,0.013505415990948677,1.0,1.0,5.461362838745117,-6.0137729503473505
nhanes_real,2,442,DiCE,False,0.014769457979127765,,,,
nhanes_real,2,442,FACE,True,0.09105450002243742,1.0,1.0,4.198122024536133,-7.365602562040839
nhanes_real,2,442,GrowingSpheres,True,0.0008029160089790821,1.0,1.0,4.716640819705493,-7.811863617157104
nhanes_real,2,442,REVISE,True,0.006038709019776434,1.0,1.0,7.062756061553955,-6.153945021722407
nhanes_real,2,443,DiCE,True,0.0014783750521019101,1.0,1.0,2.737442970275879,-8.449543179004767
nhanes_real,2,443,FACE,True,0.09093700000084937,1.0,1.0,3.3472230434417725,-7.450901293223432
nhanes_real,2,443,GrowingSpheres,True,0.0006561249610967934,1.0,1.0,3.8698431553989083,-8.15114655834852
nhanes_real,2,443,REVISE,True,0.003764708002563566,1.0,1.0,5.4755539894104,-7.095094672163837
nhanes_real,2,447,DiCE,False,0.01514029095415026,,,,
nhanes_real,2,447,FACE,True,0.09038054203847423,1.0,1.0,1.3431838750839233,-9.558772852240109
nhanes_real,2,447,GrowingSpheres,True,0.000689583015628159,1.0,1.0,3.271413784606729,-10.519216413694938
nhanes_real,2,447,REVISE,True,0.0051069160108454525,1.0,1.0,7.107316970825195,-7.0952864631266035
nhanes_real,2,451,DiCE,False,0.014876709028612822,,,,
nhanes_real,2,451,FACE,True,0.09052029199665412,1.0,1.0,7.042360305786133,-6.387698748764351
nhanes_real,2,451,GrowingSpheres,True,0.0009514169651083648,1.0,1.0,8.143952562979099,-9.143466623075748
nhanes_real,2,451,REVISE,True,0.011867124994751066,1.0,1.0,7.676490783691406,-6.096874320603922
nhanes_real,2,452,DiCE,True,0.0007400419563055038,1.0,1.0,2.0376925468444824,-7.293543581418611
nhanes_real,2,452,FACE,True,0.0927118330146186,1.0,1.0,1.71889066696167,-6.522831232753717
nhanes_real,2,452,GrowingSpheres,True,0.00035879103234037757,1.0,1.0,1.2929097079077658,-6.936543218088899
nhanes_real,2,452,REVISE,True,0.005422207992523909,1.0,1.0,4.708499908447266,-6.062791722719174
nhanes_real,2,453,DiCE,False,0.014698916987981647,,,,
nhanes_real,2,453,FACE,True,0.09079770796233788,1.0,1.0,3.6039085388183594,-8.820470366326031
nhanes_real,2,453,GrowingSpheres,True,0.0007541250088252127,1.0,1.0,3.9436557792317166,-10.40074812162706
nhanes_real,2,453,REVISE,True,0.00780799996573478,1.0,1.0,5.807868957519531,-7.684831335191401
nhanes_real,2,458,DiCE,True,0.0007322920137085021,1.0,1.0,1.8958851099014282,-7.072829052264892
nhanes_real,2,458,FACE,True,0.09044674999313429,1.0,1.0,2.987610340118408,-7.190428837514725
nhanes_real,2,458,GrowingSpheres,True,0.00031224999111145735,1.0,1.0,1.1719371635885159,-6.90084947271558
nhanes_real,2,458,REVISE,True,0.0006051249802112579,1.0,1.0,3.2372870445251465,-6.25992783247398
nhanes_real,2,460,DiCE,True,0.0017684579943306744,1.0,1.0,2.938011407852173,-6.835003894146379
nhanes_real,2,460,FACE,True,0.09098762494977564,1.0,1.0,3.174376964569092,-7.013872752078864
nhanes_real,2,460,GrowingSpheres,True,0.0005695419968105853,1.0,1.0,4.063650193892897,-7.857821459278148
nhanes_real,2,460,REVISE,True,0.0029599579866044223,1.0,1.0,3.7240805625915527,-6.05004966746626
nhanes_real,2,461,DiCE,False,0.01516220800112933,,,,
nhanes_real,2,461,FACE,True,0.09098187502240762,1.0,1.0,11.075502395629883,-6.893095138246084
nhanes_real,2,461,GrowingSpheres,True,0.0009055419941432774,1.0,1.0,4.066146108535008,-12.040401363457462
nhanes_real,2,461,REVISE,False,0.043864458973985165,,,,
nhanes_real,2,464,DiCE,True,0.0006883749738335609,1.0,1.0,1.9921085834503174,-7.064418169544343
nhanes_real,2,464,FACE,True,0.09031516697723418,1.0,1.0,3.101775646209717,-6.975293544812653
nhanes_real,2,464,GrowingSpheres,True,0.00034537503961473703,1.0,1.0,1.5503747094953442,-8.070699268037412
nhanes_real,2,464,REVISE,True,0.004616292018909007,1.0,1.0,4.740993499755859,-6.05135339194149
nhanes_real,2,465,DiCE,False,0.015210334036964923,,,,
nhanes_real,2,465,FACE,True,0.0909076250391081,1.0,1.0,6.267119407653809,-7.253399590938242
nhanes_real,2,465,GrowingSpheres,True,0.0009526250069029629,1.0,1.0,5.586293567116074,-7.700631038290989
nhanes_real,2,465,REVISE,True,0.006316207989584655,1.0,1.0,6.062933444976807,-6.524954925748384
nhanes_real,2,470,DiCE,True,0.0005450420430861413,1.0,1.0,1.4967116117477417,-10.755322739124175
nhanes_real,2,470,FACE,True,0.09344229195266962,1.0,1.0,4.461942672729492,-8.556425050811848
nhanes_real,2,470,GrowingSpheres,True,0.0003267080173827708,1.0,1.0,0.8956549401268141,-10.690225556007178
nhanes_real,2,470,REVISE,True,0.0012842920259572566,1.0,1.0,7.276721954345703,-8.038336891776162
nhanes_real,2,471,DiCE,False,0.016957291052676737,,,,
nhanes_real,2,471,FACE,True,0.09207687497837469,1.0,1.0,4.913183212280273,-7.079942105652497
nhanes_real,2,471,GrowingSpheres,True,0.0007904170197434723,1.0,1.0,5.353059672771105,-8.701151017982157
nhanes_real,2,471,REVISE,True,0.007839375000912696,1.0,1.0,4.092452049255371,-6.717202809243727
nhanes_real,2,472,DiCE,True,0.0009103749762289226,1.0,1.0,2.221397876739502,-8.525356795260516
nhanes_real,2,472,FACE,True,0.09033375000581145,1.0,1.0,2.2978973388671875,-7.483865458382138
nhanes_real,2,472,GrowingSpheres,True,0.0002945419983007014,1.0,1.0,0.932728979046919,-7.95021873133979
nhanes_real,2,472,REVISE,True,0.0025439999881200492,1.0,1.0,3.838224411010742,-6.496231241988467
nhanes_real,2,473,DiCE,True,0.0021554160048253834,1.0,1.0,2.865356206893921,-8.370955578276057
nhanes_real,2,473,FACE,True,0.091097833996173,1.0,1.0,5.802578926086426,-7.512207092572446
nhanes_real,2,473,GrowingSpheres,True,0.0004961249651387334,1.0,1.0,2.377749634917974,-7.708633307811921
nhanes_real,2,473,REVISE,True,0.01010749995475635,1.0,1.0,5.76611328125,-6.095212499400526
nhanes_real,2,474,DiCE,True,0.0005888749728910625,1.0,1.0,1.5151309967041016,-8.812549825560726
nhanes_real,2,474,FACE,True,0.09122429200215265,1.0,1.0,2.9204671382904053,-8.320889726547732
nhanes_real,2,474,GrowingSpheres,True,0.00023116596275940537,1.0,1.0,0.5472451162460845,-8.73397460132908
nhanes_real,2,474,REVISE,True,0.0006736659561283886,1.0,1.0,6.580048084259033,-6.627701118154948
nhanes_real,2,477,DiCE,True,0.0016541670192964375,1.0,1.0,2.846257209777832,-8.710768487188634
nhanes_real,2,477,FACE,True,0.09093262499663979,1.0,1.0,3.473677635192871,-7.722984914131848
nhanes_real,2,477,GrowingSpheres,True,0.0005629159859381616,1.0,1.0,3.331985345558293,-9.548345202863462
nhanes_real,2,477,REVISE,True,0.0023543750285170972,1.0,1.0,7.283309459686279,-6.985951827084666
nhanes_real,2,478,DiCE,False,0.01489841699367389,,,,
nhanes_real,2,478,FACE,True,0.09110075002536178,1.0,1.0,3.0993146896362305,-8.283680634684998
nhanes_real,2,478,GrowingSpheres,True,0.0009183749789372087,1.0,1.0,5.0569930560203415,-12.645461959966113
nhanes_real,2,478,REVISE,False,0.04350008303299546,,,,
nhanes_real,2,479,DiCE,False,0.01500220800517127,,,,
nhanes_real,2,479,FACE,True,0.09015183302108198,1.0,1.0,6.737759113311768,-7.722984914131848
nhanes_real,2,479,GrowingSpheres,True,0.0008762080105952919,1.0,1.0,4.175058055082358,-12.631099270746148
nhanes_real,2,479,REVISE,False,0.042786709032952785,,,,
nhanes_real,2,481,DiCE,False,0.015107792045455426,,,,
nhanes_real,2,481,FACE,True,0.09056633297586814,1.0,1.0,6.737689971923828,-7.525648752431016
nhanes_real,2,481,GrowingSpheres,True,0.0008331669960170984,1.0,1.0,3.5406483908451287,-7.698079708704713
nhanes_real,2,481,REVISE,True,0.010926999966613948,1.0,1.0,4.451316833496094,-6.389968718297606
nhanes_real,2,482,DiCE,True,0.000567584007512778,1.0,1.0,1.068621039390564,-7.909238677039269
nhanes_real,2,482,FACE,True,0.09071050002239645,1.0,1.0,2.2629098892211914,-7.1808315915254965
nhanes_real,2,482,GrowingSpheres,True,0.0002269999822601676,1.0,1.0,0.6808322767011749,-7.732079360328641
nhanes_real,2,482,REVISE,True,0.004580750013701618,1.0,1.0,5.193995475769043,-6.010292174529256
nhanes_real,2,483,DiCE,False,0.014624916017055511,,,,
nhanes_real,2,483,FACE,True,0.09234874998219311,1.0,1.0,3.4412975311279297,-6.387698748764351
nhanes_real,2,483,GrowingSpheres,True,0.0009000829886645079,1.0,1.0,5.680101570105734,-7.355661412967866
nhanes_real,2,483,REVISE,True,0.009254082979168743,1.0,1.0,6.0139994621276855,-5.991805561794507
nhanes_real,2,484,DiCE,False,0.014893915969878435,,,,
nhanes_real,2,484,FACE,True,0.09065870800986886,1.0,1.0,7.1966118812561035,-7.3785448167592955
nhanes_real,2,484,GrowingSpheres,True,0.000905916967894882,1.0,1.0,3.4279297139177807,-10.549335561149967
nhanes_real,2,484,REVISE,False,0.043749666947405785,,,,
nhanes_real,2,489,DiCE,True,0.0017607079935260117,1.0,1.0,3.061246395111084,-8.848778586127919
nhanes_real,2,489,FACE,True,0.09100708400364965,1.0,1.0,2.9772019386291504,-8.232136509024523
nhanes_real,2,489,GrowingSpheres,True,0.0006713330512866378,1.0,1.0,4.0307160551620935,-7.707847765641132
nhanes_real,2,489,REVISE,True,0.003426375042181462,1.0,1.0,8.071152687072754,-6.525273886501969
nhanes_real,2,491,DiCE,False,0.014852208027150482,,,,
nhanes_real,2,491,FACE,True,0.09053945902269334,1.0,1.0,6.3534836769104,-7.3785448167592955
nhanes_real,2,491,GrowingSpheres,True,0.0009026670013554394,1.0,1.0,6.27724563668895,-7.956849154336595
nhanes_real,2,491,REVISE,False,0.043716374959331006,,,,
nhanes_real,2,495,DiCE,True,0.0008588749915361404,1.0,1.0,1.7902846336364746,-6.657784500474517
nhanes_real,2,495,FACE,True,0.09133962501073256,1.0,1.0,2.245041608810425,-6.112261094264387
nhanes_real,2,495,GrowingSpheres,True,0.00030304095707833767,1.0,1.0,1.791826259908467,-6.715010943802524
nhanes_real,2,495,REVISE,True,0.0005631670355796814,1.0,1.0,2.7461156845092773,-6.048256096054638
nhanes_real,2,498,DiCE,True,0.0010199579992331564,1.0,1.0,1.9418357610702515,-7.16437206059261
nhanes_real,2,498,FACE,True,0.09039004100486636,1.0,1.0,2.439579963684082,-6.547898708068161
nhanes_real,2,498,GrowingSpheres,True,0.00037458300357684493,1.0,1.0,2.658784980590366,-7.6222428343240445
nhanes_real,2,498,REVISE,True,0.006868208001833409,1.0,1.0,4.84572172164917,-6.423115233005861
nhanes_real,2,503,DiCE,False,0.014580208982806653,,,,
nhanes_real,2,503,FACE,True,0.09065033297520131,1.0,1.0,3.6606264114379883,-7.676096957960958
nhanes_real,2,503,GrowingSpheres,True,0.001184375025331974,1.0,1.0,5.412250385857424,-9.840074238735744
nhanes_real,2,503,REVISE,True,0.01087574998382479,1.0,1.0,6.778065204620361,-7.287269109074722
nhanes_real,2,504,DiCE,True,0.0010720419813878834,1.0,1.0,1.7067533731460571,-9.227770462001718
nhanes_real,2,504,FACE,True,0.09043633402325213,1.0,1.0,4.027561664581299,-8.812207594446571
nhanes_real,2,504,GrowingSpheres,True,0.0004233329673297703,1.0,1.0,2.143803164286054,-10.037153434935108
nhanes_real,2,504,REVISE,True,0.0033522919984534383,1.0,1.0,5.532349109649658,-6.732561705179094
nhanes_real,2,507,DiCE,True,0.0005557920085266232,1.0,1.0,0.9589998722076416,-8.155201760225822
nhanes_real,2,507,FACE,True,0.09021429199492559,1.0,1.0,4.1222968101501465,-7.160737974621727
nhanes_real,2,507,GrowingSpheres,True,0.00020891695749014616,1.0,1.0,0.7036511224134222,-8.200796624014814
nhanes_real,2,507,REVISE,True,0.0006013750098645687,1.0,1.0,5.792147159576416,-6.085245235923773
nhanes_real,2,508,DiCE,True,0.001029042003210634,1.0,1.0,1.986413836479187,-7.816323914332702
nhanes_real,2,508,FACE,True,0.09069341700524092,1.0,1.0,2.573103427886963,-7.1740792812406475
nhanes_real,2,508,GrowingSpheres,True,0.00041429197881370783,1.0,1.0,1.393374596701848,-8.375227982903377
nhanes_real,2,508,REVISE,True,0.005941583018284291,1.0,1.0,6.580380916595459,-6.062146517393543
nhanes_real,2,509,DiCE,True,0.001503625011537224,1.0,1.0,3.0594067573547363,-6.9890446371513715
nhanes_real,2,509,FACE,True,0.09033616696251556,1.0,1.0,3.735718011856079,-6.7008054645459705
nhanes_real,2,509,GrowingSpheres,True,0.0005416250205598772,1.0,1.0,2.3679206667653827,-8.043777864519344
nhanes_real,2,509,REVISE,True,0.0015381249831989408,1.0,1.0,3.3109850883483887,-6.494127124608588
nhanes_real,2,510,DiCE,True,0.0007230420014820993,1.0,1.0,1.4400112628936768,-7.409381611730375
nhanes_real,2,510,FACE,True,0.09074741700896993,1.0,1.0,2.211470603942871,-6.9261722498023275
nhanes_real,2,510,GrowingSpheres,True,0.00025029201060533524,1.0,1.0,1.481872017262304,-7.620936052490624
nhanes_real,2,510,REVISE,True,0.0010304159950464964,1.0,1.0,3.5301191806793213,-6.313117282939347
nhanes_real,2,513,DiCE,True,0.0012001250288449228,1.0,1.0,2.20009446144104,-8.069020504041298
nhanes_real,2,513,FACE,True,0.09092587500344962,1.0,1.0,2.9464235305786133,-7.026680666082591
nhanes_real,2,513,GrowingSpheres,True,0.0003352499916218221,1.0,1.0,1.94594552170145,-7.724790675881112
nhanes_real,2,513,REVISE,True,0.0028817910351790488,1.0,1.0,4.060945987701416,-6.361885116045016
nhanes_real,2,514,DiCE,True,0.0013302919687703252,1.0,1.0,2.6888084411621094,-10.482036538814356
nhanes_real,2,514,FACE,True,0.09027162502752617,1.0,1.0,9.54372501373291,-8.935880561024533
nhanes_real,2,514,GrowingSpheres,True,0.0005800840444862843,1.0,1.0,3.4236726137073177,-12.703034625757025
nhanes_real,2,514,REVISE,True,0.006337416998576373,1.0,1.0,12.182968139648438,-6.318426040236814
nhanes_real,2,515,DiCE,False,0.014898874971549958,,,,
nhanes_real,2,515,FACE,True,0.09177937498316169,1.0,1.0,7.369341850280762,-7.8026603529298875
nhanes_real,2,515,GrowingSpheres,True,0.0008372910087928176,1.0,1.0,4.88261608357432,-13.017300012432749
nhanes_real,2,515,REVISE,True,0.00804874999448657,1.0,1.0,11.347604751586914,-7.322151292214494
nhanes_real,2,520,DiCE,True,0.0011406250414438546,1.0,1.0,2.104631185531616,-7.67559624869795
nhanes_real,2,520,FACE,True,0.09053437499096617,1.0,1.0,3.6243059635162354,-6.989983631227999
nhanes_real,2,520,GrowingSpheres,True,0.00047979201190173626,1.0,1.0,2.1936307110972275,-7.30331323249737
nhanes_real,2,520,REVISE,True,0.002768582955468446,1.0,1.0,4.402860641479492,-6.004194914828401
nhanes_real,2,521,DiCE,True,0.0016189169837161899,1.0,1.0,3.4854750633239746,-7.634977136865157
nhanes_real,2,521,FACE,True,0.09128150000469759,1.0,1.0,3.2346837520599365,-6.591986527664315
nhanes_real,2,521,GrowingSpheres,True,0.0004978749784640968,1.0,1.0,1.9535919657434802,-7.688032488172292
nhanes_real,2,521,REVISE,True,0.009496166021563113,1.0,1.0,4.755779266357422,-6.5685938193294735
nhanes_real,2,522,DiCE,True,0.0008937920210883021,1.0,1.0,1.8132059574127197,-8.113460180505639
nhanes_real,2,522,FACE,True,0.09116729197558016,1.0,1.0,5.125875473022461,-6.9261722498023275
nhanes_real,2,522,GrowingSpheres,True,0.000300041981972754,1.0,1.0,1.1313914846863398,-7.66988828577332
nhanes_real,2,522,REVISE,True,0.0010554579785093665,1.0,1.0,5.713896751403809,-6.248466583903184
nhanes_real,2,523,DiCE,False,0.014538209012243897,,,,
nhanes_real,2,523,FACE,True,0.09060362499440089,1.0,1.0,1.7646713256835938,-8.779239919930303
nhanes_real,2,523,GrowingSpheres,True,0.0006010420038364828,1.0,1.0,0.7443398335338232,-10.080793466581841
nhanes_real,2,523,REVISE,False,0.04318245797185227,,,,
nhanes_real,2,526,DiCE,True,0.0015672090230509639,1.0,1.0,3.846554756164551,-12.240862090663752
nhanes_real,2,526,FACE,True,0.09046912495978177,1.0,1.0,8.023408889770508,-9.591054369429948
nhanes_real,2,526,GrowingSpheres,True,0.0005583749734796584,1.0,1.0,3.7333604414774895,-13.65731948388166
nhanes_real,2,526,REVISE,True,0.0006219170172698796,1.0,1.0,6.463766098022461,-10.472510279016284
nhanes_real,2,527,DiCE,False,0.014842582982964814,,,,
nhanes_real,2,527,FACE,True,0.09143116697669029,1.0,1.0,5.8690924644470215,-7.026680666082591
nhanes_real,2,527,GrowingSpheres,True,0.0007651670021004975,1.0,1.0,2.0776058153299335,-8.597804023487239
nhanes_real,2,527,REVISE,True,0.007577250013127923,1.0,1.0,6.879197120666504,-6.119936141399944
nhanes_real,2,528,DiCE,False,0.014418916020076722,,,,
nhanes_real,2,528,FACE,True,0.09043475001817569,1.0,1.0,4.079102993011475,-7.828659771075652
nhanes_real,2,528,GrowingSpheres,True,0.0007786659989506006,1.0,1.0,3.384384340095958,-9.672620914492558
nhanes_real,2,528,REVISE,True,0.00864487502258271,1.0,1.0,7.706299781799316,-6.182366163843726
nhanes_real,2,530,DiCE,True,0.0012145420187152922,1.0,1.0,3.1475768089294434,-6.989119772573416
nhanes_real,2,530,FACE,True,0.09036983299301937,1.0,1.0,2.331286907196045,-7.157535289218005
nhanes_real,2,530,GrowingSpheres,True,0.0003812090144492686,1.0,1.0,2.357933790483519,-7.378621243993496
nhanes_real,2,530,REVISE,True,0.0005966669996269047,1.0,1.0,3.130842685699463,-6.387374409971542
nhanes_real,2,531,DiCE,False,0.015049208013806492,,,,
nhanes_real,2,531,FACE,True,0.09152512496802956,1.0,1.0,2.202091932296753,-6.631251093757076
nhanes_real,2,531,GrowingSpheres,True,0.0007467499817721546,1.0,1.0,3.549059076803159,-8.140660774292526
nhanes_real,2,531,REVISE,True,0.012929750024341047,1.0,1.0,4.212055683135986,-6.199734018477319
nhanes_real,2,536,DiCE,True,0.0008883749833330512,1.0,1.0,2.4018352031707764,-7.59605441135086
nhanes_real,2,536,FACE,True,0.09100575000047684,1.0,1.0,3.548269033432007,-7.274270618749121
nhanes_real,2,536,GrowingSpheres,True,0.0003352499916218221,1.0,1.0,1.9581633940214003,-7.507313083364683
nhanes_real,2,536,REVISE,True,0.006053875025827438,1.0,1.0,4.016587257385254,-6.248810495752503
nhanes_real,2,539,DiCE,False,0.015056125004775822,,,,
nhanes_real,2,539,FACE,True,0.09062637499300763,1.0,1.0,2.9318795204162598,-8.564304112480537
nhanes_real,2,539,GrowingSpheres,True,0.0006373749929480255,1.0,1.0,4.010854321531543,-9.222587716534099
nhanes_real,2,539,REVISE,True,0.0028686659643426538,1.0,1.0,4.2061944007873535,-6.957165720277823
nhanes_real,2,542,DiCE,False,0.014950875018257648,,,,
nhanes_real,2,542,FACE,True,0.09074024995788932,1.0,1.0,3.0951483249664307,-7.458392974046099
nhanes_real,2,542,GrowingSpheres,True,0.0007001670310273767,1.0,1.0,1.7059585270731639,-7.769583638886205
nhanes_real,2,542,REVISE,True,0.008176749979611486,1.0,1.0,5.057929992675781,-6.123849184132763
nhanes_real,2,544,DiCE,True,0.0009287089924328029,1.0,1.0,2.0100998878479004,-13.02685083011494
nhanes_real,2,544,FACE,True,0.09110920794773847,1.0,1.0,4.384174346923828,-9.634789263314257
nhanes_real,2,544,GrowingSpheres,True,0.0004052079748362303,1.0,1.0,0.9773223658372732,-12.012022814472976
nhanes_real,2,544,REVISE,True,0.0038982920232228935,1.0,1.0,6.244682312011719,-12.053980735490006
nhanes_real,2,545,DiCE,True,0.0014625830226577818,1.0,1.0,2.624650716781616,-8.68700280289012
nhanes_real,2,545,FACE,True,0.09055008296854794,1.0,1.0,1.8620654344558716,-7.3785448167592955
nhanes_real,2,545,GrowingSpheres,True,0.00048454204807057977,1.0,1.0,2.338699574104003,-8.61499745863803
nhanes_real,2,545,REVISE,True,0.004883125016931444,1.0,1.0,5.188704967498779,-6.483702077579114
nhanes_real,2,546,DiCE,True,0.0014458749792538583,1.0,1.0,3.1683523654937744,-8.270993526356525
nhanes_real,2,546,FACE,True,0.0912894579814747,1.0,1.0,2.014939308166504,-8.493280751654748
nhanes_real,2,546,GrowingSpheres,True,0.000544374983292073,1.0,1.0,3.702527570848561,-8.294432953289457
nhanes_real,2,546,REVISE,True,0.0005693749990314245,1.0,1.0,5.061864376068115,-7.7060609493504195
nhanes_real,2,558,DiCE,True,0.0012644160306081176,1.0,1.0,2.949129581451416,-7.138718634791394
nhanes_real,2,558,FACE,True,0.09102020796854049,1.0,1.0,1.3887382745742798,-7.458392974046099
nhanes_real,2,558,GrowingSpheres,True,0.0004641250125132501,1.0,1.0,2.656373496077191,-7.620014811827181
nhanes_real,2,558,REVISE,True,0.001541999983601272,1.0,1.0,3.7112419605255127,-6.136037583910241
nhanes_real,2,559,DiCE,False,0.014910708996467292,,,,
nhanes_real,2,559,FACE,True,0.09021554101491347,1.0,1.0,7.080187797546387,-7.611802191371227
nhanes_real,2,559,GrowingSpheres,True,0.0010811249958351254,1.0,1.0,4.829734165195281,-10.526113057556447
nhanes_real,2,559,REVISE,True,0.013151040999218822,1.0,1.0,6.538730621337891,-6.801237276699979
nhanes_real,2,565,DiCE,False,0.014894874999299645,,,,
nhanes_real,2,565,FACE,True,0.09141004196135327,1.0,1.0,3.3867390155792236,-6.677610191489032
nhanes_real,2,565,GrowingSpheres,True,0.0007692499784752727,1.0,1.0,4.902445963850704,-11.152474839223471
nhanes_real,2,565,REVISE,False,0.044901166984345764,,,,
nhanes_real,2,569,DiCE,True,0.001015292014926672,1.0,1.0,1.591076135635376,-10.479161788619622
nhanes_real,2,569,FACE,True,0.09017524996306747,1.0,1.0,4.5622758865356445,-8.485408066006528
nhanes_real,2,569,GrowingSpheres,True,0.0003094170242547989,1.0,1.0,0.7725367781708746,-10.42538665462655
nhanes_real,2,569,REVISE,True,0.007666666992008686,1.0,1.0,7.021965980529785,-7.239560081466681
nhanes_real,2,573,DiCE,False,0.014818417024798691,,,,
nhanes_real,2,573,FACE,True,0.09035629098070785,1.0,1.0,12.788086891174316,-9.734921241523939
nhanes_real,2,573,GrowingSpheres,True,0.0010096660116687417,1.0,1.0,4.525516679204474,-18.51266511234774
nhanes_real,2,573,REVISE,True,0.00808183295885101,1.0,1.0,9.887149810791016,-12.036641368591404
nhanes_real,2,574,DiCE,True,0.0017788750119507313,1.0,1.0,2.230119228363037,-8.175633244506185
nhanes_real,2,574,FACE,True,0.09046799998031929,1.0,1.0,3.567476749420166,-6.547898708068161
nhanes_real,2,574,GrowingSpheres,True,0.00047679198905825615,1.0,1.0,2.203573672435377,-7.6145770945238755
nhanes_real,2,574,REVISE,True,0.009899709024466574,1.0,1.0,6.60499382019043,-6.159572609571951
nhanes_real,2,582,DiCE,True,0.0010219580144621432,1.0,1.0,2.0145251750946045,-7.139793460222155
nhanes_real,2,582,FACE,True,0.09015895798802376,1.0,1.0,3.1537976264953613,-6.112261094264387
nhanes_real,2,582,GrowingSpheres,True,0.00036629103124141693,1.0,1.0,2.2381638485269213,-7.025652126866896
nhanes_real,2,582,REVISE,True,0.0011395419714972377,1.0,1.0,3.4066662788391113,-6.063333152231223
nhanes_real,2,583,DiCE,False,0.015321874991059303,,,,
nhanes_real,2,583,FACE,True,0.09024987503653392,1.0,1.0,3.556795597076416,-6.591986527664315
nhanes_real,2,583,GrowingSpheres,True,0.0005630839732475579,1.0,1.0,1.2104669197842994,-6.617979504944949
nhanes_real,2,583,REVISE,True,0.011614124989137053,1.0,1.0,3.818039894104004,-6.222262115733823
nhanes_real,2,585,DiCE,True,0.0010190000175498426,1.0,1.0,2.290569305419922,-10.345320949771654
nhanes_real,2,585,FACE,True,0.09168395801680163,1.0,1.0,4.109994888305664,-8.851238152065388
nhanes_real,2,585,GrowingSpheres,True,0.00037620897637680173,1.0,1.0,1.1929678260056762,-11.262691117057221
nhanes_real,2,585,REVISE,True,0.004429124994203448,1.0,1.0,10.351842880249023,-7.243880179310093
nhanes_real,2,587,DiCE,False,0.01542204199358821,,,,
nhanes_real,2,587,FACE,True,0.09352383302757517,1.0,1.0,6.038387298583984,-7.450901293223432
nhanes_real,2,587,GrowingSpheres,True,0.0011692499974742532,1.0,1.0,6.967600557789223,-9.45579971486059
nhanes_real,2,587,REVISE,True,0.009868291032034904,1.0,1.0,6.742999076843262,-6.215441442449359
nhanes_real,2,588,DiCE,True,0.0006012079538777471,1.0,1.0,1.3473100662231445,-10.057497369152099
nhanes_real,2,588,FACE,True,0.09060337499249727,0.0,1.0,3.8945505619049072,-8.535588946104328
nhanes_real,2,588,GrowingSpheres,True,0.00027899997076019645,1.0,1.0,1.215718004693227,-10.894049657516565
nhanes_real,2,588,REVISE,True,0.0009335830109193921,1.0,1.0,8.103799819946289,-6.760931815922762
nhanes_real,2,595,DiCE,True,0.0012177500175312161,1.0,1.0,2.3195645809173584,-8.54548225893352
nhanes_real,2,595,FACE,True,0.09164016699651256,1.0,1.0,1.636987566947937,-7.348551966028976
nhanes_real,2,595,GrowingSpheres,True,0.00043995800660923123,1.0,1.0,2.2041148939898147,-8.331990890342418
nhanes_real,2,595,REVISE,True,0.006883000023663044,1.0,1.0,6.18477201461792,-5.991611988917258
nhanes_real,2,596,DiCE,True,0.001914749969728291,1.0,1.0,2.659332513809204,-6.382579699730488
nhanes_real,2,596,FACE,True,0.09262987499823794,1.0,1.0,4.057633399963379,-6.112261094264387
nhanes_real,2,596,GrowingSpheres,True,0.0005576249677687883,1.0,1.0,1.5492399524122384,-6.361611056868561
nhanes_real,2,596,REVISE,True,0.0025556249893270433,1.0,1.0,3.271047592163086,-6.007300117697562
nhanes_real,2,599,DiCE,True,0.0009534999844618142,1.0,1.0,2.296642303466797,-7.497228942524058
nhanes_real,2,599,FACE,True,0.09082545799901709,1.0,1.0,1.4984532594680786,-7.9097826719857816
nhanes_real,2,599,GrowingSpheres,True,0.0003337920061312616,1.0,1.0,1.7259274291642628,-7.541129044460985
nhanes_real,2,599,REVISE,True,0.0006337499944493175,1.0,1.0,3.0256593227386475,-7.043557319864692
nhanes_real,2,600,DiCE,True,0.001210999966133386,1.0,1.0,2.280825614929199,-7.032235498729296
nhanes_real,2,600,FACE,True,0.09068495902465656,1.0,1.0,1.0761778354644775,-6.737235148876213
nhanes_real,2,600,GrowingSpheres,True,0.0004614159697666764,1.0,1.0,2.232845742758831,-7.488038916586045
nhanes_real,2,600,REVISE,True,0.0015188330435194075,1.0,1.0,4.207252025604248,-6.144641224334764
nhanes_real,2,603,DiCE,False,0.01486200001090765,,,,
nhanes_real,2,603,FACE,True,0.09078845899784938,1.0,1.0,8.805465698242188,-7.722984914131848
nhanes_real,2,603,GrowingSpheres,True,0.0009307500440627337,1.0,1.0,2.7893498698883468,-12.701512064610004
nhanes_real,2,603,REVISE,False,0.042383500025607646,,,,
nhanes_real,2,608,DiCE,False,0.01482945797033608,,,,
nhanes_real,2,608,FACE,True,0.09056054096436128,1.0,1.0,2.2693676948547363,-6.631251093757076
nhanes_real,2,608,GrowingSpheres,True,0.0008192919776774943,1.0,1.0,2.98152210017067,-8.049738214281039
nhanes_real,2,608,REVISE,True,0.007705708034336567,1.0,1.0,4.60102653503418,-6.406985390238543
nhanes_real,2,609,DiCE,False,0.014807416999246925,,,,
nhanes_real,2,609,FACE,True,0.09050316602224484,1.0,1.0,8.905858039855957,-6.7024298120004175
nhanes_real,2,609,GrowingSpheres,True,0.0012528339866548777,1.0,1.0,7.061624835113873,-14.440969922834
nhanes_real,2,609,REVISE,True,0.010219582996796817,1.0,1.0,11.493366241455078,-6.555289602725878
nhanes_real,2,610,DiCE,True,0.0010015409789048135,1.0,1.0,1.5968600511550903,-9.199222105027019
nhanes_real,2,610,FACE,True,0.09082124999258667,1.0,1.0,4.8137969970703125,-8.485408066006528
nhanes_real,2,610,GrowingSpheres,True,0.00034370803041383624,1.0,1.0,2.2048112060947522,-9.397346610744723
nhanes_real,2,610,REVISE,True,0.007627749990206212,1.0,1.0,5.136579990386963,-6.932934695271675
nhanes_real,2,612,DiCE,True,0.001327000034507364,1.0,1.0,3.0486679077148438,-7.302494194820451
nhanes_real,2,612,FACE,True,0.09081608400447294,1.0,1.0,1.9611444473266602,-7.450901293223432
nhanes_real,2,612,GrowingSpheres,True,0.0005109999910928309,1.0,1.0,2.3183499543255808,-8.858281314724
nhanes_real,2,612,REVISE,True,0.0015769170131534338,1.0,1.0,4.300427436828613,-6.192565999059544
nhanes_real,2,614,DiCE,False,0.015292165975552052,,,,
nhanes_real,2,614,FACE,True,0.09121091599809006,1.0,1.0,5.2548828125,-6.280923280317344
nhanes_real,2,614,GrowingSpheres,True,0.0008844169788062572,1.0,1.0,1.7093818110538592,-8.89711527614268
nhanes_real,2,614,REVISE,True,0.007241667015478015,1.0,1.0,5.71522331237793,-6.198374185178681
nhanes_real,2,615,DiCE,False,0.015137624985072762,,,,
nhanes_real,2,615,FACE,True,0.09072225005365908,1.0,1.0,3.59968900680542,-7.277133957145506
nhanes_real,2,615,GrowingSpheres,True,0.0006772920023649931,1.0,1.0,3.3604089332083174,-10.16498171027947
nhanes_real,2,615,REVISE,False,0.04261408396996558,,,,
nhanes_real,2,616,DiCE,False,0.014769417000934482,,,,
nhanes_real,2,616,FACE,True,0.09142462501768023,1.0,1.0,4.326410293579102,-7.190428837514725
nhanes_real,2,616,GrowingSpheres,True,0.0006752909976057708,1.0,1.0,3.029053769828124,-7.6242594974251965
nhanes_real,2,616,REVISE,True,0.006905000016558915,1.0,1.0,4.6906280517578125,-6.640959902338462
nhanes_real,2,617,DiCE,False,0.014843249984551221,,,,
nhanes_real,2,617,FACE,True,0.09099083300679922,1.0,1.0,5.648000240325928,-7.483069671606934
nhanes_real,2,617,GrowingSpheres,True,0.0006653330055996776,1.0,1.0,4.302897012897176,-10.647949086351131
nhanes_real,2,617,REVISE,True,0.011209582968149334,1.0,1.0,4.267048358917236,-7.499269154573497
nhanes_real,2,618,DiCE,False,0.014853292028419673,,,,
nhanes_real,2,618,FACE,True,0.09254029201110825,1.0,1.0,2.6699440479278564,-6.72355034472322
nhanes_real,2,618,GrowingSpheres,True,0.000523041991982609,1.0,1.0,3.4357186714930514,-7.618533711275415
nhanes_real,2,618,REVISE,True,0.0032993339700624347,1.0,1.0,2.944723129272461,-6.291262359133012
nhanes_real,2,619,DiCE,False,0.014545500045642257,,,,
nhanes_real,2,619,FACE,True,0.0907323329593055,1.0,1.0,5.267787933349609,-6.263947158316421
nhanes_real,2,619,GrowingSpheres,True,0.0007711669895797968,1.0,1.0,1.1028305121868287,-11.916539668770977
nhanes_real,2,619,REVISE,False,0.044000124966260046,,,,
nhanes_real,2,620,DiCE,True,0.000990667031146586,1.0,1.0,2.3840267658233643,-8.09745902024715
nhanes_real,2,620,FACE,True,0.09051112498855218,1.0,1.0,4.489289283752441,-7.476338491311363
nhanes_real,2,620,GrowingSpheres,True,0.0003807920147664845,1.0,1.0,2.3525344305230464,-8.376365635095665
nhanes_real,2,620,REVISE,True,0.004017167026177049,1.0,1.0,5.650200843811035,-6.565659602892728
nhanes_real,2,622,DiCE,True,0.001285000005736947,1.0,1.0,2.837613582611084,-7.374736793845682
nhanes_real,2,622,FACE,True,0.09083466697484255,1.0,1.0,3.8321590423583984,-6.23109677913374
nhanes_real,2,622,GrowingSpheres,True,0.000465832999907434,1.0,1.0,3.019401276440899,-7.799151976923736
nhanes_real,2,622,REVISE,True,0.0026993330102413893,1.0,1.0,3.62436580657959,-6.268347436124273
nhanes_real,2,624,DiCE,False,0.014651749981567264,,,,
nhanes_real,2,624,FACE,True,0.09337066701846197,1.0,1.0,3.265070915222168,-6.263947158316421
nhanes_real,2,624,GrowingSpheres,True,0.0006860420107841492,1.0,1.0,3.7924053145165417,-6.6557077243893925
nhanes_real,2,624,REVISE,True,0.010784791957121342,1.0,1.0,5.542729377746582,-6.134941061375431
nhanes_real,2,627,DiCE,False,0.015048832981847227,,,,
nhanes_real,2,627,FACE,True,0.09086037497036159,1.0,1.0,4.315802574157715,-9.408703915824693
nhanes_real,2,627,GrowingSpheres,True,0.0008703329949639738,1.0,1.0,3.5946613063194617,-9.576212550333858
nhanes_real,2,627,REVISE,True,0.0065358750289306045,1.0,1.0,7.892454624176025,-6.987924344297772
nhanes_real,2,630,DiCE,True,0.0005363340023905039,1.0,1.0,1.101810097694397,-6.90295885263989
nhanes_real,2,630,FACE,True,0.09164854203118011,1.0,1.0,2.1249566078186035,-6.285494634816696
nhanes_real,2,630,GrowingSpheres,True,0.00018350000027567148,1.0,1.0,0.45250690255402104,-7.007078820431277
nhanes_real,2,630,REVISE,True,0.00467991700861603,1.0,1.0,3.4522886276245117,-6.265660281467779
nhanes_real,2,633,DiCE,False,0.014450250018853694,,,,
nhanes_real,2,633,FACE,True,0.0904637499479577,1.0,1.0,7.4931440353393555,-7.525648752431016
nhanes_real,2,633,GrowingSpheres,True,0.0009906659834086895,1.0,1.0,4.000414087831393,-8.619301701282453
nhanes_real,2,633,REVISE,True,0.0090805419604294,1.0,1.0,3.51517915725708,-7.178373625368793
nhanes_real,2,635,DiCE,False,0.014909333025570959,,,,
nhanes_real,2,635,FACE,True,0.09105183300562203,1.0,1.0,4.235709190368652,-7.450901293223432
nhanes_real,2,635,GrowingSpheres,True,0.0005762499640695751,1.0,1.0,1.064441465418545,-7.449493343044416
nhanes_real,2,635,REVISE,True,0.005101374990772456,1.0,1.0,2.8849470615386963,-6.6542162670378655
nhanes_real,2,638,DiCE,True,0.0019018750172108412,1.0,1.0,3.106160879135132,-7.966469198023357
nhanes_real,2,638,FACE,True,0.09028512501390651,1.0,1.0,2.4948172569274902,-7.722984914131848
nhanes_real,2,638,GrowingSpheres,True,0.0005127909826114774,1.0,1.0,1.5709112088184103,-8.426293136310708
nhanes_real,2,638,REVISE,True,0.002834999992046505,1.0,1.0,5.6227545738220215,-7.054780736658213
nhanes_real,2,639,DiCE,True,0.0013388749794103205,1.0,1.0,2.7575225830078125,-11.240295597418662
nhanes_real,2,639,FACE,True,0.09116820798953995,1.0,1.0,5.787932395935059,-8.820470366326031
nhanes_real,2,639,GrowingSpheres,True,0.00040924997301772237,1.0,1.0,0.8059504300391365,-10.998913310918736
nhanes_real,2,639,REVISE,True,0.007538999954704195,1.0,1.0,7.0224456787109375,-7.215439136695277
nhanes_real,2,644,DiCE,True,0.0015674169990234077,1.0,1.0,3.5259761810302734,-16.864660675852235
nhanes_real,2,644,FACE,True,0.09064833301817998,1.0,1.0,12.875238418579102,-9.62116859004766
nhanes_real,2,644,GrowingSpheres,True,0.0004545419942587614,1.0,1.0,1.469229903348338,-16.432044576119402
nhanes_real,2,644,REVISE,True,0.007872000045608729,1.0,1.0,10.139177322387695,-10.566383751132346
nhanes_real,2,645,DiCE,False,0.016931124962866306,,,,
nhanes_real,2,645,FACE,True,0.09257070801686496,1.0,1.0,5.594090938568115,-7.512207092572446
nhanes_real,2,645,GrowingSpheres,True,0.001064457988832146,1.0,1.0,3.5826540540388034,-10.335579067021484
nhanes_real,2,645,REVISE,True,0.01169841701630503,1.0,1.0,5.952025413513184,-6.8915401662915245
nhanes_real,2,646,DiCE,True,0.0005571250221692026,1.0,1.0,0.980728268623352,-10.370273274375815
nhanes_real,2,646,FACE,True,0.09785100002773106,1.0,1.0,7.076048851013184,-8.21789793446751
nhanes_real,2,646,GrowingSpheres,True,0.00027883402071893215,1.0,1.0,0.3809286732690028,-10.382544230375622
nhanes_real,2,646,REVISE,True,0.0032324580242857337,1.0,1.0,6.788654804229736,-6.880827295352419
nhanes_real,2,647,DiCE,False,0.01527583401184529,,,,
nhanes_real,2,647,FACE,True,0.0915633330005221,1.0,1.0,5.64503288269043,-7.348551966028976
nhanes_real,2,647,GrowingSpheres,True,0.0007027920219115913,1.0,1.0,2.3602952855037462,-9.712154449028121
nhanes_real,2,647,REVISE,True,0.012107582995668054,1.0,1.0,8.95201301574707,-6.832237791523133
nhanes_real,2,651,DiCE,False,0.015035249991342425,,,,
nhanes_real,2,651,FACE,True,0.0908470829599537,1.0,1.0,3.1291751861572266,-6.112261094264387
nhanes_real,2,651,GrowingSpheres,True,0.000630208000075072,1.0,1.0,3.6287654711754667,-6.8242410460931
nhanes_real,2,651,REVISE,True,0.005132500024046749,1.0,1.0,2.6497507095336914,-6.233132147447756
nhanes_real,2,653,DiCE,True,0.0007047919789329171,1.0,1.0,1.9916492700576782,-7.8885934364760155
nhanes_real,2,653,FACE,True,0.09077904198784381,1.0,1.0,1.2288212776184082,-7.8727852556493225
nhanes_real,2,653,GrowingSpheres,True,0.00030383304692804813,1.0,1.0,1.819565086061487,-8.27727982459802
nhanes_real,2,653,REVISE,True,0.005511833005584776,1.0,1.0,3.800065279006958,-6.9149760915168255
nhanes_real,2,656,DiCE,False,0.01466345798689872,,,,
nhanes_real,2,656,FACE,True,0.09111837501404807,1.0,1.0,7.114166736602783,-6.112261094264387
nhanes_real,2,656,GrowingSpheres,True,0.0013259580009616911,1.0,1.0,6.922063888041621,-14.35767331229653
nhanes_real,2,656,REVISE,False,0.043418207962531596,,,,
nhanes_real,2,659,DiCE,False,0.014419165963772684,,,,
nhanes_real,2,659,FACE,True,0.09103454096475616,1.0,1.0,5.701654434204102,-7.3785448167592955
nhanes_real,2,659,GrowingSpheres,True,0.0009800419793464243,1.0,1.0,5.831264134993616,-9.912937588838654
nhanes_real,2,659,REVISE,False,0.043422624992672354,,,,
nhanes_real,2,661,DiCE,True,0.001553208043333143,1.0,1.0,3.344174385070801,-9.951770771881113
nhanes_real,2,661,FACE,True,0.09109795797849074,1.0,1.0,5.625282287597656,-8.719498854140907
nhanes_real,2,661,GrowingSpheres,True,0.000440875010099262,1.0,1.0,2.1265046331744664,-10.182153553467314
nhanes_real,2,661,REVISE,True,0.007970042002853006,1.0,1.0,9.638050079345703,-7.02050985349836
nhanes_real,2,663,DiCE,True,0.0012315000058151782,1.0,1.0,3.1701161861419678,-11.76778247573508
nhanes_real,2,663,FACE,True,0.0909029160393402,1.0,1.0,8.647141456604004,-8.135871385336126
nhanes_real,2,663,GrowingSpheres,True,0.00039658398600295186,1.0,1.0,2.0332411290816137,-13.288999297900034
nhanes_real,2,663,REVISE,True,0.0006135409930720925,1.0,1.0,7.274211406707764,-8.160917831555626
nhanes_real,2,664,DiCE,False,0.014810541993938386,,,,
nhanes_real,2,664,FACE,True,0.09262849995866418,1.0,1.0,7.046014785766602,-9.001084261918178
nhanes_real,2,664,GrowingSpheres,True,0.001280208001844585,1.0,1.0,2.6671659990635552,-21.123483252435264
nhanes_real,2,664,REVISE,True,0.0073195419972762465,1.0,1.0,12.31059741973877,-6.361462977762461
nhanes_real,2,666,DiCE,False,0.017337917000986636,,,,
nhanes_real,2,666,FACE,True,0.0927727910457179,1.0,1.0,5.049442291259766,-7.424655529748444
nhanes_real,2,666,GrowingSpheres,True,0.0006382910069078207,1.0,1.0,4.243470392238352,-11.41757777888322
nhanes_real,2,666,REVISE,True,0.005180499982088804,1.0,1.0,8.442719459533691,-6.701362425603266
nhanes_real,2,669,DiCE,True,0.0019436250440776348,1.0,1.0,3.196457862854004,-8.140167346075255
nhanes_real,2,669,FACE,True,0.09243850002530962,1.0,1.0,4.107253074645996,-7.919099925332475
nhanes_real,2,669,GrowingSpheres,True,0.0007299169665202498,1.0,1.0,2.7716805447071033,-8.953688871641937
nhanes_real,2,669,REVISE,True,0.0016598329530097544,1.0,1.0,4.720303058624268,-7.444452525837519
nhanes_real,2,672,DiCE,True,0.000880708044860512,1.0,1.0,1.7417407035827637,-6.597049838322629
nhanes_real,2,672,FACE,True,0.09149662498384714,1.0,1.0,2.4691245555877686,-6.280923280317344
nhanes_real,2,672,GrowingSpheres,True,0.00030295795295387506,1.0,1.0,1.420362535824606,-6.43340403158
nhanes_real,2,672,REVISE,True,0.0006744590355083346,1.0,1.0,2.0972278118133545,-6.038125700128406
nhanes_real,2,676,DiCE,False,0.015291500021703541,,,,
nhanes_real,2,676,FACE,True,0.09040074999211356,1.0,1.0,7.09136962890625,-7.3785448167592955
nhanes_real,2,676,GrowingSpheres,True,0.0007433329592458904,1.0,1.0,1.9771702441892907,-9.660188045916158
nhanes_real,2,676,REVISE,True,0.006260583002585918,1.0,1.0,6.768970489501953,-6.310837085266854
nhanes_real,2,677,DiCE,True,0.001796750002540648,1.0,1.0,3.031040668487549,-10.574173762819594
nhanes_real,2,677,FACE,True,0.09871916699921712,1.0,1.0,4.426212310791016,-9.558772852240109
nhanes_real,2,677,GrowingSpheres,True,0.0007844159845262766,1.0,1.0,4.810797738622527,-10.70602422004259
nhanes_real,2,677,REVISE,True,0.0025101249921135604,1.0,1.0,8.328258514404297,-7.968820933713974
nhanes_real,2,680,DiCE,True,0.0013546250411309302,1.0,1.0,2.6014795303344727,-7.652225063576816
nhanes_real,2,680,FACE,True,0.0924609589856118,1.0,1.0,3.976200819015503,-6.7008054645459705
nhanes_real,2,680,GrowingSpheres,True,0.00046304200077429414,1.0,1.0,1.9450580378489666,-7.285227988929603
nhanes_real,2,680,REVISE,True,0.0015641250065527856,1.0,1.0,4.614475727081299,-6.277017879722408
nhanes_real,2,682,DiCE,False,0.015052416012622416,,,,
nhanes_real,2,682,FACE,True,0.0911130829481408,1.0,1.0,4.949533462524414,-9.408703915824693
nhanes_real,2,682,GrowingSpheres,True,0.001027250022161752,1.0,1.0,3.92792215428733,-16.743219325449306
nhanes_real,2,682,REVISE,True,0.014601207978557795,1.0,1.0,11.959217071533203,-7.511291052096306
nhanes_real,2,687,DiCE,False,0.014943332993425429,,,,
nhanes_real,2,687,FACE,True,0.09156324999639764,1.0,1.0,5.303196430206299,-7.450901293223432
nhanes_real,2,687,GrowingSpheres,True,0.0008390420116484165,1.0,1.0,4.567349355358564,-11.87762237262149
nhanes_real,2,687,REVISE,True,0.006772166001610458,1.0,1.0,8.681537628173828,-6.899689293166818
nhanes_real,2,689,DiCE,True,0.0013067499967291951,1.0,1.0,2.590122699737549,-7.761711123722526
nhanes_real,2,689,FACE,True,0.09087841701693833,1.0,1.0,2.7321174144744873,-6.948021850967985
nhanes_real,2,689,GrowingSpheres,True,0.00045837502693757415,1.0,1.0,1.561189073341271,-8.16452230939201
nhanes_real,2,689,REVISE,True,0.0011602499871514738,1.0,1.0,5.842190742492676,-6.365410286911059
nhanes_real,2,690,DiCE,False,0.015054374991450459,,,,
nhanes_real,2,690,FACE,True,0.0900546670309268,1.0,1.0,4.390088081359863,-6.280923280317344
nhanes_real,2,690,GrowingSpheres,True,0.0006821670103818178,1.0,1.0,3.2540832117323495,-7.875907499609379
nhanes_real,2,690,REVISE,True,0.00531154201598838,1.0,1.0,4.353976249694824,-6.0565739447281715
nhanes_real,2,693,DiCE,False,0.015119125018827617,,,,
nhanes_real,2,693,FACE,True,0.09076954203192145,1.0,1.0,5.430360317230225,-6.481245519709294
nhanes_real,2,693,GrowingSpheres,True,0.0010769169894047081,1.0,1.0,4.148883767560347,-8.581725490746736
nhanes_real,2,693,REVISE,True,0.009581624995917082,1.0,1.0,6.133882522583008,-6.819265619561773
nhanes_real,2,695,DiCE,False,0.014973999990615994,,,,
nhanes_real,2,695,FACE,True,0.09059712500311434,1.0,1.0,2.762017011642456,-8.64811152759443
nhanes_real,2,695,GrowingSpheres,True,0.0007815840071998537,1.0,1.0,4.159161313750074,-9.809252669530952
nhanes_real,2,695,REVISE,True,0.0016756670083850622,1.0,1.0,6.656294822692871,-6.310855007461411
nhanes_real,2,696,DiCE,True,0.0013342919992282987,1.0,1.0,2.1782445907592773,-8.318563872070017
nhanes_real,2,696,FACE,True,0.0905140409595333,1.0,1.0,4.046921253204346,-6.935374634855202
nhanes_real,2,696,GrowingSpheres,True,0.0004201249685138464,1.0,1.0,1.663521078830026,-8.9203215790976
nhanes_real,2,696,REVISE,True,0.006921374995727092,1.0,1.0,5.911916255950928,-6.270516216473726
nhanes_real,2,699,DiCE,True,0.000953375012613833,1.0,1.0,2.5961523056030273,-8.84348127530941
nhanes_real,2,699,FACE,True,0.09062674996675923,1.0,1.0,3.6221203804016113,-7.422601173557611
nhanes_real,2,699,GrowingSpheres,True,0.00039537501288577914,1.0,1.0,1.8276937177410635,-8.971312747513661
nhanes_real,2,699,REVISE,True,0.0042096670367755,1.0,1.0,4.901822090148926,-6.681348364985988
nhanes_real,2,701,DiCE,True,0.0013343329774215817,1.0,1.0,3.1374497413635254,-8.40031257723199
nhanes_real,2,701,FACE,True,0.09146158304065466,1.0,1.0,5.512184143066406,-6.9317171260100245
nhanes_real,2,701,GrowingSpheres,True,0.00045054202200844884,1.0,1.0,2.5816843518806687,-8.206783716404887
nhanes_real,2,701,REVISE,True,0.0005924580036662519,1.0,1.0,6.934828758239746,-6.501926712733293
nhanes_real,2,702,DiCE,True,0.0025578330387361348,1.0,1.0,4.243552207946777,-11.811342563898814
nhanes_real,2,702,FACE,True,0.09022825001738966,1.0,1.0,6.006748676300049,-9.505304440336939
nhanes_real,2,702,GrowingSpheres,True,0.0005779170314781368,1.0,1.0,2.687308107322,-10.978866927045695
nhanes_real,2,702,REVISE,True,0.00686479196883738,1.0,1.0,9.471521377563477,-10.517368817430496
nhanes_real,2,712,DiCE,True,0.0007291249930858612,1.0,1.0,1.2847132682800293,-13.577262472274766
nhanes_real,2,712,FACE,True,0.09078154194867238,1.0,1.0,7.196747779846191,-9.28267286593738
nhanes_real,2,712,GrowingSpheres,True,0.000340582977514714,1.0,1.0,1.2756593675401853,-13.59304686387177
nhanes_real,2,712,REVISE,True,0.0006217079935595393,1.0,1.0,10.363137245178223,-8.977657460085641
nhanes_real,2,713,DiCE,False,0.015250874974299222,,,,
nhanes_real,2,713,FACE,True,0.09070745803182945,1.0,1.0,1.2885583639144897,-8.564304112480537
nhanes_real,2,713,GrowingSpheres,True,0.0008375839679501951,1.0,1.0,4.280377003330123,-8.834154744840845
nhanes_real,2,713,REVISE,True,0.004931458039209247,1.0,1.0,5.124393939971924,-6.608602854554375
nhanes_real,2,714,DiCE,True,0.0010305000469088554,1.0,1.0,2.7720866203308105,-10.671173644571041
nhanes_real,2,714,FACE,True,0.09628300002077594,1.0,1.0,4.146899700164795,-9.591093520761579
nhanes_real,2,714,GrowingSpheres,True,0.0005179999861866236,1.0,1.0,2.137470173027844,-10.45127843068715
nhanes_real,2,714,REVISE,True,0.007339457981288433,1.0,1.0,9.647459983825684,-9.279877437228473
nhanes_real,2,716,DiCE,False,0.015117541013751179,,,,
nhanes_real,2,716,FACE,True,0.09475216700229794,1.0,1.0,16.642833709716797,-9.578704652734281
nhanes_real,2,716,GrowingSpheres,True,0.0009315829956904054,1.0,1.0,4.737763447922466,-21.709571604366552
nhanes_real,2,716,REVISE,True,0.000898083031643182,1.0,1.0,20.331867218017578,-7.308135393430131
nhanes_real,2,719,DiCE,True,0.0012819580151699483,1.0,1.0,2.561475992202759,-8.518309183437365
nhanes_real,2,719,FACE,True,0.09776583302300423,1.0,1.0,2.4510791301727295,-7.4525952334716585
nhanes_real,2,719,GrowingSpheres,True,0.00042787502752617,1.0,1.0,1.6278449471159928,-8.214615627938299
nhanes_real,2,719,REVISE,True,0.006601708009839058,1.0,1.0,6.4817891120910645,-5.99895385397476
nhanes_real,2,721,DiCE,True,0.0013778329594060779,1.0,1.0,2.587279796600342,-8.751759834201646
nhanes_real,2,721,FACE,True,0.09030370804248378,1.0,1.0,2.717308521270752,-7.749466722119981
nhanes_real,2,721,GrowingSpheres,True,0.00046991603448987007,1.0,1.0,2.6701979793024577,-9.304530954362919
nhanes_real,2,721,REVISE,True,0.010465667000971735,1.0,1.0,5.687214374542236,-6.226290769725365
nhanes_real,2,725,DiCE,True,0.0010149579611606896,1.0,1.0,2.768200159072876,-7.747717239823732
nhanes_real,2,725,FACE,True,0.09137704101158306,1.0,1.0,5.435359001159668,-6.631251093757076
nhanes_real,2,725,GrowingSpheres,True,0.00036270800046622753,1.0,1.0,1.1878487646685156,-8.149259736345815
nhanes_real,2,725,REVISE,True,0.0006401250138878822,1.0,1.0,6.306591033935547,-6.060163579374592
nhanes_real,2,727,DiCE,False,0.015161916962824762,,,,
nhanes_real,2,727,FACE,True,0.09046749997651204,1.0,1.0,5.224562644958496,-9.651517009100347
nhanes_real,2,727,GrowingSpheres,True,0.0010272920480929315,1.0,1.0,3.0476866235973965,-20.293452270730974
nhanes_real,2,727,REVISE,True,0.006890832970384508,1.0,1.0,18.704803466796875,-6.209322349386364
nhanes_real,2,729,DiCE,False,0.015270375006366521,,,,
nhanes_real,2,729,FACE,True,0.09028812497854233,1.0,1.0,7.437931060791016,-7.728281232984486
nhanes_real,2,729,GrowingSpheres,True,0.0011619170545600355,1.0,1.0,6.625276690157786,-10.920521246186533
nhanes_real,2,729,REVISE,True,0.005302874953486025,1.0,1.0,6.734919548034668,-6.146908386961169
nhanes_real,2,730,DiCE,False,0.014834332978352904,,,,
nhanes_real,2,730,FACE,True,0.09058516600634903,1.0,1.0,2.3973984718322754,-8.493280751654748
nhanes_real,2,730,GrowingSpheres,True,0.0007283749873749912,1.0,1.0,4.146868032057716,-8.844715365888248
nhanes_real,2,730,REVISE,True,0.004651333030778915,1.0,1.0,5.936294078826904,-6.707302897307012
nhanes_real,2,731,DiCE,True,0.0011817089980468154,1.0,1.0,2.571310043334961,-7.494094713947151
nhanes_real,2,731,FACE,True,0.09082799998577684,1.0,1.0,3.8675553798675537,-7.676096957960958
nhanes_real,2,731,GrowingSpheres,True,0.00039008399471640587,1.0,1.0,1.9060812901259516,-7.276583729031008
nhanes_real,2,731,REVISE,True,0.0067682499648071826,1.0,1.0,5.928162097930908,-5.995942075524924
nhanes_real,2,736,DiCE,True,0.0009189999545924366,1.0,1.0,2.1140389442443848,-7.092526358399201
nhanes_real,2,736,FACE,True,0.09379524999530986,1.0,1.0,1.2826061248779297,-7.157535289218005
nhanes_real,2,736,GrowingSpheres,True,0.00036862498382106423,1.0,1.0,0.8794649470257049,-7.233419574074898
nhanes_real,2,736,REVISE,True,0.000684166036080569,1.0,1.0,3.2038774490356445,-6.458656640048432
nhanes_real,2,737,DiCE,True,0.0016908330144360662,1.0,1.0,2.752988815307617,-10.306755729504458
nhanes_real,2,737,FACE,True,0.10800087498500943,1.0,1.0,5.877318382263184,-9.408703915824693
nhanes_real,2,737,GrowingSpheres,True,0.0006350000039674342,1.0,1.0,3.211800424272057,-10.50952596249556
nhanes_real,2,737,REVISE,True,0.005304916005115956,1.0,1.0,8.496896743774414,-7.219286261364267
nhanes_real,2,738,DiCE,True,0.0005752500146627426,1.0,1.0,1.3197638988494873,-6.613969502284
nhanes_real,2,738,FACE,True,0.09115604200633243,1.0,1.0,3.019605875015259,-7.057847291753321
nhanes_real,2,738,GrowingSpheres,True,0.00024500000290572643,1.0,1.0,0.9176008976828086,-6.74561385155741
nhanes_real,2,738,REVISE,True,0.003971208992879838,1.0,1.0,2.7894058227539062,-6.268345354658454
nhanes_real,2,739,DiCE,False,0.015023041982203722,,,,
nhanes_real,2,739,FACE,True,0.0906646249932237,1.0,1.0,2.675225257873535,-6.710783033310239
nhanes_real,2,739,GrowingSpheres,True,0.00059254199732095,1.0,1.0,3.1505194430337657,-7.509644375571073
nhanes_real,2,739,REVISE,True,0.0108692089561373,1.0,1.0,4.238017559051514,-6.57126605014197
nhanes_real,2,740,DiCE,True,0.0007194580393843353,1.0,1.0,1.4665378332138062,-7.619725908707091
nhanes_real,2,740,FACE,True,0.09105154202552512,1.0,1.0,2.694429874420166,-7.0256910695112715
nhanes_real,2,740,GrowingSpheres,True,0.0002846669522114098,1.0,1.0,1.0567608701126896,-7.64155186427518
nhanes_real,2,740,REVISE,True,0.003389374993275851,1.0,1.0,5.2164201736450195,-6.222554700404526
nhanes_real,2,743,DiCE,False,0.014964250032790005,,,,
nhanes_real,2,743,FACE,True,0.09053037501871586,1.0,1.0,10.917607307434082,-9.558772852240109
nhanes_real,2,743,GrowingSpheres,True,0.0008523750002495944,1.0,1.0,5.0085152188045345,-12.774030541212648
nhanes_real,2,743,REVISE,True,0.008868541975971311,1.0,1.0,8.974364280700684,-9.524628752074792
nhanes_real,2,747,DiCE,False,0.01434200000949204,,,,
nhanes_real,2,747,FACE,True,0.09090683300746605,1.0,1.0,5.708440780639648,-7.1618390916550325
nhanes_real,2,747,GrowingSpheres,True,0.0006949579692445695,1.0,1.0,3.523510032362646,-8.841413503906585
nhanes_real,2,747,REVISE,True,0.009333041962236166,1.0,1.0,8.663605690002441,-6.057396707229815
nhanes_real,2,750,DiCE,True,0.0021183330100029707,1.0,1.0,2.6622748374938965,-8.91734508093741
nhanes_real,2,750,FACE,True,0.09039216703968123,1.0,1.0,7.124810218811035,-7.626706391020152
nhanes_real,2,750,GrowingSpheres,True,0.0006732919719070196,1.0,1.0,4.710656161517164,-10.843197390087797
nhanes_real,2,750,REVISE,True,0.007824249973054975,1.0,1.0,8.456818580627441,-6.41530444048448
nhanes_real,2,752,DiCE,False,0.015282000007573515,,,,
nhanes_real,2,752,FACE,True,0.0909408750012517,1.0,1.0,4.985699653625488,-6.9261722498023275
nhanes_real,2,752,GrowingSpheres,True,0.0006962089682929218,1.0,1.0,1.4690628326312418,-8.268343846239054
nhanes_real,2,752,REVISE,True,0.005524708016309887,1.0,1.0,5.787973880767822,-6.190984245635086
nhanes_real,2,754,DiCE,True,0.0017375830211676657,1.0,1.0,2.619924783706665,-9.222458660200703
nhanes_real,2,754,FACE,True,0.0910476659773849,1.0,1.0,3.699514389038086,-8.232136509024523
nhanes_real,2,754,GrowingSpheres,True,0.0005729999975301325,1.0,1.0,2.9375520450200225,-10.310493887070619
nhanes_real,2,754,REVISE,True,0.003666292002890259,1.0,1.0,9.431978225708008,-6.726848549193676
nhanes_real,2,755,DiCE,True,0.0014751670532859862,1.0,1.0,2.7095890045166016,-6.255884137825669
nhanes_real,2,755,FACE,True,0.090994291997049,1.0,1.0,1.4233282804489136,-6.7008054645459705
nhanes_real,2,755,GrowingSpheres,True,0.0004497499903663993,1.0,1.0,1.6295460062878806,-6.671874593386448
nhanes_real,2,755,REVISE,True,0.0019800419686362147,1.0,1.0,2.936049699783325,-6.122723133926793
nhanes_real,2,759,DiCE,True,0.0010105419787578285,1.0,1.0,2.4765288829803467,-7.523934452516964
nhanes_real,2,759,FACE,True,0.0898543749935925,1.0,1.0,2.1146624088287354,-7.424655529748444
nhanes_real,2,759,GrowingSpheres,True,0.00042454199865460396,1.0,1.0,1.9750830688169398,-7.350164319891591
nhanes_real,2,759,REVISE,True,0.0006035839905962348,1.0,1.0,3.2763571739196777,-6.679600526382028
nhanes_real,2,764,DiCE,False,0.014611832972150296,,,,
nhanes_real,2,764,FACE,True,0.08993641700362787,1.0,1.0,3.6910462379455566,-8.037033721871023
nhanes_real,2,764,GrowingSpheres,True,0.000677166972309351,1.0,1.0,4.894126304415312,-8.321143121896213
nhanes_real,2,764,REVISE,True,0.0024424580042250454,1.0,1.0,6.585930347442627,-6.756736611395601
nhanes_real,2,765,DiCE,False,0.01502683397848159,,,,
nhanes_real,2,765,FACE,True,0.09712970902910456,1.0,1.0,5.286931037902832,-8.779239919930303
nhanes_real,2,765,GrowingSpheres,True,0.0009571249829605222,1.0,1.0,4.376513044976265,-8.584466724275517
nhanes_real,2,765,REVISE,True,0.009554624964948744,1.0,1.0,5.577450275421143,-7.40131532905545
nhanes_real,2,766,DiCE,True,0.0019048340036533773,1.0,1.0,2.871553421020508,-11.757142081301572
nhanes_real,2,766,FACE,True,0.0930704579805024,0.0,1.0,10.993942260742188,-6.263947158316421
nhanes_real,2,766,GrowingSpheres,True,0.0006004999740980566,1.0,1.0,2.3490925249288277,-13.773155547168631
nhanes_real,2,766,REVISE,True,0.006380500039085746,1.0,1.0,11.703653335571289,-7.020097159684937
nhanes_real,2,767,DiCE,True,0.0015209170524030924,1.0,1.0,2.4158825874328613,-7.479054525655659
nhanes_real,2,767,FACE,True,0.0905274169635959,1.0,1.0,2.1153934001922607,-6.713116968765858
nhanes_real,2,767,GrowingSpheres,True,0.0004551670281216502,1.0,1.0,2.4422209841061897,-7.462017935206674
nhanes_real,2,767,REVISE,True,0.0031906249932944775,1.0,1.0,3.204453945159912,-5.984945246418525
nhanes_real,2,769,DiCE,False,0.01510870800120756,,,,
nhanes_real,2,769,FACE,True,0.09072658297372982,1.0,1.0,5.948337078094482,-7.274270618749121
nhanes_real,2,769,GrowingSpheres,True,0.0007504589739255607,1.0,1.0,4.686664147833058,-11.256085929832047
nhanes_real,2,769,REVISE,True,0.011179207998793572,1.0,1.0,7.5094194412231445,-6.198405298983641
nhanes_real,2,770,DiCE,False,0.01514483301434666,,,,
nhanes_real,2,770,FACE,True,0.09073554200585932,1.0,1.0,5.958535194396973,-7.424655529748444
nhanes_real,2,770,GrowingSpheres,False,0.0012904999894089997,,,,
nhanes_real,2,770,REVISE,False,0.04343070898903534,,,,
nhanes_real,2,775,DiCE,True,0.0008329169941134751,1.0,1.0,1.6790363788604736,-7.211911995263124
nhanes_real,2,775,FACE,True,0.09109570801956579,1.0,1.0,2.6185550689697266,-7.4168709903751395
nhanes_real,2,775,GrowingSpheres,True,0.00032308301888406277,1.0,1.0,1.2018406280755691,-6.988280063199536
nhanes_real,2,775,REVISE,True,0.0006402080180123448,1.0,1.0,2.354281425476074,-6.579483000347279
nhanes_real,2,779,DiCE,True,0.0005742089706473053,1.0,1.0,1.1307623386383057,-7.157216858932201
nhanes_real,2,779,FACE,True,0.09009700000751764,1.0,1.0,2.0343074798583984,-6.90527057115224
nhanes_real,2,779,GrowingSpheres,True,0.00022783299209550023,1.0,1.0,0.9739572631866179,-7.0475574303917945
nhanes_real,2,779,REVISE,True,0.002916000026743859,1.0,1.0,2.9957456588745117,-6.418646147705968
nhanes_real,2,780,DiCE,False,0.014697832986712456,,,,
nhanes_real,2,780,FACE,True,0.09039233298972249,1.0,1.0,5.031599998474121,-7.722984914131848
nhanes_real,2,780,GrowingSpheres,True,0.0010035830200649798,1.0,1.0,4.980588466860534,-9.980363298586754
nhanes_real,2,780,REVISE,True,0.011066957958973944,1.0,1.0,8.39726448059082,-7.3733267762335455
nhanes_real,2,781,DiCE,True,0.001043416967149824,1.0,1.0,2.3299407958984375,-8.179015779423523
nhanes_real,2,781,FACE,True,0.09073454205645248,1.0,1.0,3.083176612854004,-7.7262609526140835
nhanes_real,2,781,GrowingSpheres,True,0.0004727920168079436,1.0,1.0,3.247578134858416,-8.32175282402718
nhanes_real,2,781,REVISE,True,0.0006539580062963068,1.0,1.0,3.291923761367798,-7.421927012839874
nhanes_real,2,783,DiCE,False,0.014629250043071806,,,,
nhanes_real,2,783,FACE,True,0.09073666698532179,1.0,1.0,6.02660608291626,-6.938474690699669
nhanes_real,2,783,GrowingSpheres,True,0.000738083035685122,1.0,1.0,3.748592555674228,-10.444308070422903
nhanes_real,2,783,REVISE,True,0.012838124996051192,1.0,1.0,5.698757171630859,-6.301795723945368
nhanes_real,2,786,DiCE,False,0.014852375024929643,,,,
nhanes_real,2,786,FACE,True,0.09104383300291374,1.0,1.0,3.760704278945923,-8.820470366326031
nhanes_real,2,786,GrowingSpheres,True,0.0005689169629476964,1.0,1.0,3.798356252849462,-10.34263178110005
nhanes_real,2,786,REVISE,True,0.007181750028394163,1.0,1.0,4.628737926483154,-7.079187482446801
nhanes_real,2,787,DiCE,True,0.0009956670110113919,1.0,1.0,2.271244525909424,-7.546082469791177
nhanes_real,2,787,FACE,True,0.09047429100610316,1.0,1.0,2.447160243988037,-6.351445674333549
nhanes_real,2,787,GrowingSpheres,True,0.0002884159912355244,1.0,1.0,0.4986084032437147,-7.245522756117619
nhanes_real,2,787,REVISE,True,0.008433917013462633,1.0,1.0,3.194802761077881,-6.633287994311768
nhanes_real,2,788,DiCE,True,0.0020375839667394757,1.0,1.0,2.9443893432617188,-13.247996782579566
nhanes_real,2,788,FACE,True,0.09041166701354086,1.0,1.0,6.525125980377197,-9.397291517754269
nhanes_real,2,788,GrowingSpheres,True,0.0004937080084346235,1.0,1.0,2.4693551010068706,-11.983371334237813
nhanes_real,2,788,REVISE,True,0.0031697499798610806,1.0,1.0,7.0634636878967285,-10.019130265591619
nhanes_real,2,795,DiCE,True,0.0017507909797132015,1.0,1.0,2.800546646118164,-8.93355168650882
nhanes_real,2,795,FACE,True,0.09085141704417765,1.0,1.0,4.069354057312012,-8.89688974327822
nhanes_real,2,795,GrowingSpheres,True,0.0005687079974450171,1.0,1.0,3.227165746003964,-8.462796861220308
nhanes_real,2,795,REVISE,True,0.002751833002548665,1.0,1.0,7.248569011688232,-6.417074119461649
nhanes_real,2,796,DiCE,False,0.014857832982670516,,,,
nhanes_real,2,796,FACE,True,0.09103708295151591,1.0,1.0,5.096694469451904,-7.150089196655237
nhanes_real,2,796,GrowingSpheres,True,0.0009568749810568988,1.0,1.0,2.637088506915732,-14.464321368848001
nhanes_real,2,796,REVISE,False,0.042879250016994774,,,,
nhanes_real,2,797,DiCE,True,0.0014535830123350024,1.0,1.0,2.2745187282562256,-10.404302274459866
nhanes_real,2,797,FACE,True,0.09077212499687448,1.0,1.0,5.648198127746582,-8.230143564242121
nhanes_real,2,797,GrowingSpheres,True,0.0006223749951459467,1.0,1.0,3.6020523528342165,-12.557650601842177
nhanes_real,2,797,REVISE,True,0.009782375011127442,1.0,1.0,6.723567008972168,-7.077418134358817
nhanes_real,2,804,DiCE,True,0.0010114579927176237,1.0,1.0,2.1308956146240234,-6.272130566257923
nhanes_real,2,804,FACE,True,0.09080712497234344,1.0,1.0,1.5775038003921509,-6.23109677913374
nhanes_real,2,804,GrowingSpheres,True,0.00028729200130328536,1.0,1.0,1.5609879865522505,-6.12736700382231
nhanes_real,2,804,REVISE,True,0.0014465830172412097,1.0,1.0,2.0041518211364746,-5.981880876981769
nhanes_real,2,806,DiCE,False,0.015193333034403622,,,,
nhanes_real,2,806,FACE,True,0.09165758400922641,1.0,1.0,3.4065768718719482,-6.651331356540368
nhanes_real,2,806,GrowingSpheres,True,0.0009581249905750155,1.0,1.0,4.497122403901365,-6.658350402266825
nhanes_real,2,806,REVISE,True,0.010999167046975344,1.0,1.0,5.5438385009765625,-6.39501060461612
nhanes_real,2,807,DiCE,True,0.0008536659879609942,1.0,1.0,1.723981261253357,-7.420703374391371
nhanes_real,2,807,FACE,True,0.09824787499383092,1.0,1.0,2.2367279529571533,-7.150089196655237
nhanes_real,2,807,GrowingSpheres,True,0.0003690419835038483,1.0,1.0,1.49990150543441,-7.770573363801602
nhanes_real,2,807,REVISE,True,0.00773920799838379,1.0,1.0,4.493209362030029,-6.194035841838382
nhanes_real,2,808,DiCE,False,0.014758333971258253,,,,
nhanes_real,2,808,FACE,True,0.09169416601071134,1.0,1.0,4.059587001800537,-7.079942105652497
nhanes_real,2,808,GrowingSpheres,True,0.000798167020548135,1.0,1.0,4.742425099546908,-8.994753688885046
nhanes_real,2,808,REVISE,True,0.008660583000164479,1.0,1.0,6.660899639129639,-6.225762840885576
nhanes_real,2,809,DiCE,True,0.002231249993201345,1.0,1.0,3.5289852619171143,-8.691727053923163
nhanes_real,2,809,FACE,True,0.09118341701105237,1.0,1.0,4.766720771789551,-7.611802191371227
nhanes_real,2,809,GrowingSpheres,True,0.0006404169835150242,1.0,1.0,2.7729427209611166,-9.706322602590927
nhanes_real,2,809,REVISE,True,0.008207792008761317,1.0,1.0,7.5560808181762695,-6.079742901999564
nhanes_real,2,810,DiCE,True,0.0021758749498985708,1.0,1.0,2.8690171241760254,-9.174230536410134
nhanes_real,2,810,FACE,True,0.09460074995877221,1.0,1.0,3.7468466758728027,-7.963158440192938
nhanes_real,2,810,GrowingSpheres,True,0.0005474589997902513,1.0,1.0,2.528357752971062,-8.921843940735657
nhanes_real,2,810,REVISE,True,0.0058198749902658165,1.0,1.0,3.9304161071777344,-7.0486649126349565
nhanes_real,2,811,DiCE,True,0.0020504589774645865,1.0,1.0,2.2468645572662354,-12.870895304038767
nhanes_real,2,811,FACE,True,0.09089525003219023,1.0,1.0,6.390202522277832,-9.577179465304432
nhanes_real,2,811,GrowingSpheres,True,0.0005827919812873006,1.0,1.0,1.6092261080054433,-11.506544098721402
nhanes_real,2,811,REVISE,True,0.006529582955408841,1.0,1.0,9.568164825439453,-11.212877420360373
nhanes_real,2,813,DiCE,True,0.0007336250273510814,1.0,1.0,1.6641390323638916,-9.48814699440284
nhanes_real,2,813,FACE,True,0.0907130420091562,1.0,1.0,3.138904094696045,-9.194190180821646
nhanes_real,2,813,GrowingSpheres,True,0.00029804103542119265,1.0,1.0,0.9991974893335233,-9.123413747554672
nhanes_real,2,813,REVISE,True,0.0005882910336367786,1.0,1.0,6.385619163513184,-6.9341341707557635
nhanes_real,2,814,DiCE,True,0.0018891250365413725,1.0,1.0,2.4662158489227295,-7.678010553298714
nhanes_real,2,814,FACE,True,0.09298983297776431,1.0,1.0,3.6563639640808105,-6.62429009322652
nhanes_real,2,814,GrowingSpheres,True,0.000818708969745785,1.0,1.0,4.552708342811556,-6.717355304370589
nhanes_real,2,814,REVISE,True,0.004865875001996756,1.0,1.0,5.5692267417907715,-6.201675546377314
nhanes_real,2,815,DiCE,True,0.001749332994222641,1.0,1.0,2.8713526725769043,-9.640177914148335
nhanes_real,2,815,FACE,True,0.09732583397999406,1.0,1.0,3.2596564292907715,-7.362517155104989
nhanes_real,2,815,GrowingSpheres,True,0.0005051250336691737,1.0,1.0,3.160432273217971,-9.922103580309308
nhanes_real,2,815,REVISE,True,0.00861116696614772,1.0,1.0,6.734213829040527,-6.22809193858183
nhanes_real,2,818,DiCE,False,0.014587833022233099,,,,
nhanes_real,2,818,FACE,True,0.09053891600342467,1.0,1.0,6.259105682373047,-9.31964773167201
nhanes_real,2,818,GrowingSpheres,True,0.000660541991237551,1.0,1.0,1.9932735687891703,-12.265844212594732
nhanes_real,2,818,REVISE,True,0.008496458001900464,1.0,1.0,9.800764083862305,-7.607098026130953
nhanes_real,2,819,DiCE,True,0.0008576249820180237,1.0,1.0,2.2782163619995117,-8.334841038462931
nhanes_real,2,819,FACE,True,0.09134958300273865,1.0,1.0,3.994692325592041,-7.387575038499048
nhanes_real,2,819,GrowingSpheres,True,0.000370333029422909,1.0,1.0,1.6166988465018184,-8.639989500235911
nhanes_real,2,819,REVISE,True,0.000630208000075072,1.0,1.0,6.244090557098389,-5.9687406333015645
nhanes_real,2,821,DiCE,True,0.0013321660226210952,1.0,1.0,2.839041233062744,-7.058166810268515
nhanes_real,2,821,FACE,True,0.09062945796176791,1.0,1.0,3.7333340644836426,-6.23109677913374
nhanes_real,2,821,GrowingSpheres,True,0.00041983299888670444,1.0,1.0,1.9649971551238146,-7.322482882694787
nhanes_real,2,821,REVISE,True,0.0028886250220239162,1.0,1.0,2.660659074783325,-6.045597586031764
nhanes_real,2,822,DiCE,True,0.0006957920268177986,1.0,1.0,1.7852733135223389,-8.315568475476626
nhanes_real,2,822,FACE,True,0.09154379199026152,1.0,1.0,3.2192494869232178,-6.693542724121427
nhanes_real,2,822,GrowingSpheres,True,0.00032470800215378404,1.0,1.0,1.785630813001599,-7.91846998666858
nhanes_real,2,822,REVISE,True,0.004708916996605694,1.0,1.0,4.471823692321777,-6.64221298973754
nhanes_real,2,823,DiCE,False,0.014462792023550719,,,,
nhanes_real,2,823,FACE,True,0.09063591697486117,1.0,1.0,6.735872268676758,-6.112261094264387
nhanes_real,2,823,GrowingSpheres,True,0.001026167010422796,1.0,1.0,7.2767964823474784,-10.878043484891062
nhanes_real,2,823,REVISE,False,0.042293166974559426,,,,
nhanes_real,2,824,DiCE,True,0.0010094160097651184,1.0,1.0,2.1972155570983887,-9.096781093905403
nhanes_real,2,824,FACE,True,0.09166774997720495,1.0,1.0,5.1316447257995605,-6.658979178607991
nhanes_real,2,824,GrowingSpheres,True,0.00036508298944681883,1.0,1.0,1.8388470541190989,-8.558688363370939
nhanes_real,2,824,REVISE,True,0.001563625002745539,1.0,1.0,6.090720176696777,-6.182626207347557
nhanes_real,2,825,DiCE,True,0.0010154590127058327,1.0,1.0,2.153113603591919,-12.366303206281891
nhanes_real,2,825,FACE,True,0.09059262496884912,1.0,1.0,3.542646646499634,-9.749284092356094
nhanes_real,2,825,GrowingSpheres,True,0.0003250000299885869,1.0,1.0,1.522985321954827,-10.965983770439735
nhanes_real,2,825,REVISE,True,0.0023342500207945704,1.0,1.0,10.636353492736816,-10.139901306186593
nhanes_real,2,827,DiCE,False,0.014947500021662563,,,,
nhanes_real,2,827,FACE,True,0.09060175000922754,1.0,1.0,6.640289783477783,-7.150089196655237
nhanes_real,2,827,GrowingSpheres,True,0.001245542021933943,1.0,1.0,6.325114002406408,-14.136580943129832
nhanes_real,2,827,REVISE,False,0.04447887500282377,,,,
nhanes_real,2,830,DiCE,False,0.01528612500987947,,,,
nhanes_real,2,830,FACE,True,0.09109929203987122,1.0,1.0,12.291390419006348,-9.62116859004766
nhanes_real,2,830,GrowingSpheres,True,0.0011340840137563646,1.0,1.0,4.226775698140878,-15.806676165437173
nhanes_real,2,830,REVISE,True,0.008486874983645976,1.0,1.0,9.153636932373047,-10.497327435875933
nhanes_real,2,833,DiCE,False,0.015189208032097667,,,,
nhanes_real,2,833,FACE,True,0.0915597080020234,1.0,1.0,6.1104960441589355,-7.376181828639633
nhanes_real,2,833,GrowingSpheres,True,0.0009024590253829956,1.0,1.0,6.02911353146737,-8.082454536873144
nhanes_real,2,833,REVISE,True,0.0053551659802906215,1.0,1.0,4.11926794052124,-6.659501784737284
nhanes_real,2,835,DiCE,True,0.0006896670092828572,1.0,1.0,1.2173418998718262,-13.372705437033162
nhanes_real,2,835,FACE,True,0.09080208296654746,1.0,1.0,6.6757683753967285,-9.610069763873359
nhanes_real,2,835,GrowingSpheres,True,0.0002767500118352473,1.0,1.0,0.7727027265731405,-12.57582973508268
nhanes_real,2,835,REVISE,True,0.001870916981715709,1.0,1.0,11.147637367248535,-9.918756684624785
nhanes_real,2,838,DiCE,False,0.014830042026005685,,,,
nhanes_real,2,838,FACE,True,0.09042741695884615,1.0,1.0,2.720736026763916,-7.118559694913466
nhanes_real,2,838,GrowingSpheres,True,0.000620707985945046,1.0,1.0,2.492710752143367,-7.392808132152867
nhanes_real,2,838,REVISE,True,0.007048333005513996,1.0,1.0,1.7356785535812378,-6.778976575742178
nhanes_real,2,840,DiCE,False,0.015197833999991417,,,,
nhanes_real,2,840,FACE,True,0.09081699996022508,1.0,1.0,3.2878201007843018,-6.814879760351715
nhanes_real,2,840,GrowingSpheres,True,0.0009384590084664524,1.0,1.0,3.815194103328577,-8.40363033123076
nhanes_real,2,840,REVISE,True,0.0060023749829269946,1.0,1.0,6.713837146759033,-6.070251915921267
nhanes_real,2,841,DiCE,True,0.0007149999728426337,1.0,1.0,1.3949421644210815,-7.190394433220934
nhanes_real,2,841,FACE,True,0.0906288749538362,1.0,1.0,2.1192452907562256,-7.088954907550725
nhanes_real,2,841,GrowingSpheres,True,0.0002529170014895499,1.0,1.0,1.0997802721062475,-7.036002239810285
nhanes_real,2,841,REVISE,True,0.0005912910564802587,1.0,1.0,3.7094969749450684,-6.226603130282987
nhanes_real,2,844,DiCE,True,0.0005917089874856174,1.0,1.0,1.4722257852554321,-9.51648909124773
nhanes_real,2,844,FACE,True,0.09078187495470047,1.0,1.0,3.085261344909668,-8.820470366326031
nhanes_real,2,844,GrowingSpheres,True,0.00026304100174456835,1.0,1.0,0.7832162508569156,-9.85632653593817
nhanes_real,2,844,REVISE,True,0.006194207991939038,1.0,1.0,5.034684658050537,-7.03697882092551
nhanes_real,2,847,DiCE,True,0.00073516700649634,1.0,1.0,1.9053782224655151,-8.346312856308554
nhanes_real,2,847,FACE,True,0.0907359579578042,1.0,1.0,2.840669631958008,-7.498507613296388
nhanes_real,2,847,GrowingSpheres,True,0.00028033298440277576,1.0,1.0,0.9383806635309476,-8.134963025695239
nhanes_real,2,847,REVISE,True,0.005114541971124709,1.0,1.0,3.4316794872283936,-6.91567914967783
nhanes_real,2,848,DiCE,False,0.014472292037680745,,,,
nhanes_real,2,848,FACE,True,0.0911568749579601,1.0,1.0,5.1028828620910645,-8.564304112480537
nhanes_real,2,848,GrowingSpheres,True,0.0010030000121332705,1.0,1.0,4.163732090176929,-14.226672577091662
nhanes_real,2,848,REVISE,False,0.04207379196304828,,,,
nhanes_real,2,849,DiCE,True,0.000687708961777389,1.0,1.0,2.0049824714660645,-10.21911936866647
nhanes_real,2,849,FACE,True,0.09129045897861943,1.0,1.0,4.875938892364502,-8.135871385336126
nhanes_real,2,849,GrowingSpheres,True,0.00031866697827354074,1.0,1.0,1.464635084710197,-10.047904018225697
nhanes_real,2,849,REVISE,True,0.0006667909910902381,1.0,1.0,4.004247665405273,-7.482073279415449
nhanes_real,2,852,DiCE,True,0.001082208997104317,1.0,1.0,2.0928688049316406,-8.070789838162096
nhanes_real,2,852,FACE,True,0.0907730829785578,1.0,1.0,3.7245707511901855,-9.213296192835777
nhanes_real,2,852,GrowingSpheres,True,0.00045433297054842114,1.0,1.0,2.6420504124147652,-8.874103617114464
nhanes_real,2,852,REVISE,True,0.0006540829781442881,1.0,1.0,4.236355781555176,-7.2719998826716274
nhanes_real,2,855,DiCE,True,0.0005919170216657221,1.0,1.0,1.5041577816009521,-8.066319489219875
nhanes_real,2,855,FACE,True,0.09063812502427027,1.0,1.0,2.6852080821990967,-8.535588946104328
nhanes_real,2,855,GrowingSpheres,True,0.0002786249970085919,1.0,1.0,1.140658689613483,-8.424293227347544
nhanes_real,2,855,REVISE,True,0.00203216599766165,1.0,1.0,5.779163360595703,-6.39742149361877
nhanes_real,2,856,DiCE,True,0.0012040419969707727,1.0,1.0,2.748232841491699,-9.358721174828172
nhanes_real,2,856,FACE,True,0.09033341601025313,1.0,1.0,2.1036157608032227,-9.005655156513962
nhanes_real,2,856,GrowingSpheres,True,0.0004729590145871043,1.0,1.0,2.533600288763127,-9.485095783258128
nhanes_real,2,856,REVISE,True,0.006145957973785698,1.0,1.0,6.73135232925415,-6.747357263849079
nhanes_real,2,861,DiCE,True,0.0010065000387839973,1.0,1.0,1.6944018602371216,-7.061400717804786
nhanes_real,2,861,FACE,True,0.0904277500230819,1.0,1.0,2.9601006507873535,-6.547898708068161
nhanes_real,2,861,GrowingSpheres,True,0.00039204099448397756,1.0,1.0,2.1000438834541058,-6.948383334150055
nhanes_real,2,861,REVISE,True,0.006137542019132525,1.0,1.0,5.179679870605469,-6.0563772276882855
nhanes_real,2,862,DiCE,False,0.014918041997589171,,,,
nhanes_real,2,862,FACE,True,0.09155141696101055,1.0,1.0,2.4566822052001953,-7.828659771075652
nhanes_real,2,862,GrowingSpheres,True,0.001121042005252093,1.0,1.0,9.01854189785715,-11.59868998535293
nhanes_real,2,862,REVISE,True,0.008670000010170043,1.0,1.0,5.410441875457764,-6.290505139614622
nhanes_real,2,863,DiCE,True,0.0008732079877518117,1.0,1.0,1.5324828624725342,-10.442017463322536
nhanes_real,2,863,FACE,True,0.09068708296399564,1.0,1.0,5.471775054931641,-8.704916671438314
nhanes_real,2,863,GrowingSpheres,True,0.00027062499430030584,1.0,1.0,0.8041694574037059,-10.835209061087173
nhanes_real,2,863,REVISE,True,0.0006467499770224094,1.0,1.0,9.421703338623047,-8.018263787773675
nhanes_real,2,866,DiCE,True,0.0007500830106437206,1.0,1.0,1.745501160621643,-9.316887592107168
nhanes_real,2,866,FACE,True,0.09063720796257257,1.0,1.0,4.923498153686523,-8.709194772780279
nhanes_real,2,866,GrowingSpheres,True,0.0002358749625273049,1.0,1.0,0.8258619681272247,-9.552539568333387
nhanes_real,2,866,REVISE,True,0.0028322499711066484,1.0,1.0,6.815974235534668,-6.520490511485117
nhanes_real,2,867,DiCE,True,0.0011761250207200646,1.0,1.0,2.737022638320923,-8.917738791263655
nhanes_real,2,867,FACE,True,0.09074937499826774,1.0,1.0,5.451328277587891,-9.373058153568966
nhanes_real,2,867,GrowingSpheres,True,0.0004189580213278532,1.0,1.0,1.9287580537800124,-8.313174288358317
nhanes_real,2,867,REVISE,True,0.001792041992302984,1.0,1.0,5.244402885437012,-6.8323213158727265
nhanes_real,2,868,DiCE,True,0.000980542041361332,1.0,1.0,2.1242170333862305,-8.653207968011177
nhanes_real,2,868,FACE,True,0.09072362497681752,1.0,1.0,4.5754475593566895,-8.095985353976392
nhanes_real,2,868,GrowingSpheres,True,0.0003226659609936178,1.0,1.0,0.32105922390694003,-7.644163136119309
nhanes_real,2,868,REVISE,True,0.00339991704095155,1.0,1.0,2.517454147338867,-6.6827507095808425
nhanes_real,2,869,DiCE,True,0.001523416955024004,1.0,1.0,3.0043697357177734,-9.270999872601317
nhanes_real,2,869,FACE,True,0.0919841670547612,1.0,1.0,6.249231338500977,-6.7008054645459705
nhanes_real,2,869,GrowingSpheres,True,0.0006072079995647073,1.0,1.0,1.766902196380391,-8.391607467803695
nhanes_real,2,869,REVISE,True,0.003458457998931408,1.0,1.0,6.322221755981445,-6.258720302090818
nhanes_real,2,881,DiCE,True,0.0015528330113738775,1.0,1.0,2.636383295059204,-8.098362084267798
nhanes_real,2,881,FACE,True,0.09042908297851682,1.0,1.0,3.753737211227417,-7.458392974046099
nhanes_real,2,881,GrowingSpheres,True,0.0005374160245992243,1.0,1.0,2.9245947193342503,-9.277881987550781
nhanes_real,2,881,REVISE,True,0.0034556659520603716,1.0,1.0,5.66525936126709,-6.219919073204279
nhanes_real,2,882,DiCE,True,0.0008797080372460186,1.0,1.0,2.21756649017334,-8.159168147275553
nhanes_real,2,882,FACE,True,0.0909922500140965,1.0,1.0,3.4566128253936768,-6.814879760351715
nhanes_real,2,882,GrowingSpheres,True,0.00041183404391631484,1.0,1.0,1.7801748560057835,-7.863244310745051
nhanes_real,2,882,REVISE,True,0.006736665964126587,1.0,1.0,5.9864983558654785,-6.507336016858532
nhanes_real,2,885,DiCE,False,0.014756292046513408,,,,
nhanes_real,2,885,FACE,True,0.09131658298429102,1.0,1.0,5.985692977905273,-6.948021850967985
nhanes_real,2,885,GrowingSpheres,True,0.0010108330170623958,1.0,1.0,8.31904514148647,-11.231086084887771
nhanes_real,2,885,REVISE,True,0.008758083044085652,1.0,1.0,6.112244606018066,-5.978670011381309
nhanes_real,2,886,DiCE,True,0.0007258750265464187,1.0,1.0,1.821021318435669,-7.610202279600037
nhanes_real,2,886,FACE,True,0.09096312499605119,0.0,1.0,2.500051736831665,-6.683018258327054
nhanes_real,2,886,GrowingSpheres,True,0.00022674998035654426,1.0,1.0,0.8027041714045265,-7.347774308820561
nhanes_real,2,886,REVISE,True,0.00405279197730124,1.0,1.0,5.216574192047119,-6.089766890619531
nhanes_real,2,887,DiCE,True,0.0016192909679375589,1.0,1.0,2.662846088409424,-9.08696931384674
nhanes_real,2,887,FACE,True,0.09054775000549853,1.0,1.0,5.600044250488281,-6.935374634855202
nhanes_real,2,887,GrowingSpheres,True,0.0006348330061882734,1.0,1.0,3.484987211700333,-12.854260250574587
nhanes_real,2,887,REVISE,True,0.007326584018301219,1.0,1.0,5.716343402862549,-6.547346066076007
nhanes_real,2,890,DiCE,True,0.0011732919956557453,1.0,1.0,2.951335906982422,-9.992405591959896
nhanes_real,2,890,FACE,True,0.09041133400751278,1.0,1.0,4.401206016540527,-9.168702250107987
nhanes_real,2,890,GrowingSpheres,True,0.00042041600681841373,1.0,1.0,1.8182837949975978,-9.84318016429607
nhanes_real,2,890,REVISE,True,0.00060374999884516,1.0,1.0,6.539316654205322,-7.246779870618412
nhanes_real,2,896,DiCE,True,0.0007267920300364494,1.0,1.0,1.3584963083267212,-7.246703740459932
nhanes_real,2,896,FACE,True,0.09058075002394617,1.0,1.0,2.2487142086029053,-7.42934150960485
nhanes_real,2,896,GrowingSpheres,True,0.0002555419923737645,1.0,1.0,1.3420019620694723,-7.3606845447188505
nhanes_real,2,896,REVISE,True,0.0005904590361751616,1.0,1.0,3.2843050956726074,-6.381308821943692
nhanes_real,2,899,DiCE,True,0.0013798750005662441,1.0,1.0,2.7764174938201904,-6.867933838906163
nhanes_real,2,899,FACE,True,0.09072874998673797,1.0,1.0,3.256070852279663,-7.253399590938242
nhanes_real,2,899,GrowingSpheres,True,0.00039191596442833543,1.0,1.0,1.8020468793864237,-7.04514215693482
nhanes_real,2,899,REVISE,True,0.0010211249464191496,1.0,1.0,3.7991695404052734,-6.304545251380171
nhanes_real,2,902,DiCE,True,0.000726125028450042,1.0,1.0,1.811832070350647,-7.354009729674278
nhanes_real,2,902,FACE,True,0.0905426669633016,1.0,1.0,1.8989661931991577,-7.028979282765544
nhanes_real,2,902,GrowingSpheres,True,0.0002597499988041818,1.0,1.0,1.23586682887133,-7.027361374881812
nhanes_real,2,902,REVISE,True,0.0005533749936148524,1.0,1.0,3.6236391067504883,-6.217602788629223
nhanes_real,2,904,DiCE,False,0.014941415982320905,,,,
nhanes_real,2,904,FACE,True,0.0901234169723466,1.0,1.0,3.809730291366577,-8.519861836434115
nhanes_real,2,904,GrowingSpheres,True,0.0007346660131588578,1.0,1.0,3.168938402036768,-9.468798103786037
nhanes_real,2,904,REVISE,True,0.00379670801339671,1.0,1.0,8.58513069152832,-7.245765732413661
nhanes_real,2,905,DiCE,False,0.015539374959189445,,,,
nhanes_real,2,905,FACE,True,0.09189095796318725,1.0,1.0,3.228346824645996,-8.283680634684998
nhanes_real,2,905,GrowingSpheres,True,0.0010757920099422336,1.0,1.0,5.2182809645742605,-10.451802920022761
nhanes_real,2,905,REVISE,True,0.009772915975190699,1.0,1.0,6.892839431762695,-6.175757863494541
nhanes_real,2,906,DiCE,True,0.0013425829820334911,1.0,1.0,2.5527186393737793,-6.4817397712675415
nhanes_real,2,906,FACE,True,0.09428062499500811,1.0,1.0,4.099880695343018,-6.524512780233506
nhanes_real,2,906,GrowingSpheres,True,0.00047733401879668236,1.0,1.0,2.2358107794976534,-7.075377266134327
nhanes_real,2,906,REVISE,True,0.0008209579973481596,1.0,1.0,3.0530776977539062,-6.23883294964271
nhanes_real,3,1,DiCE,True,0.0014891669852659106,1.0,1.0,2.3962419033050537,-7.613667044054063
nhanes_real,3,1,FACE,True,0.09148320904932916,1.0,1.0,2.4687602519989014,-7.2909292198567375
nhanes_real,3,1,GrowingSpheres,True,0.0005258329911157489,1.0,1.0,3.1461920819861593,-7.290648612853739
nhanes_real,3,1,REVISE,True,0.0029562499839812517,1.0,1.0,4.67009973526001,-6.124511697688722
nhanes_real,3,2,DiCE,True,0.00088825001148507,1.0,1.0,1.7119320631027222,-7.552296102755941
nhanes_real,3,2,FACE,True,0.09144558303523809,1.0,1.0,3.04719614982605,-6.961945646386818
nhanes_real,3,2,GrowingSpheres,True,0.0003432920202612877,1.0,1.0,1.808926714818846,-7.1592204915275435
nhanes_real,3,2,REVISE,True,0.004014540987554938,1.0,1.0,4.6157097816467285,-6.306428680311489
nhanes_real,3,6,DiCE,True,0.001903124968521297,1.0,1.0,2.7227530479431152,-10.180546777598028
nhanes_real,3,6,FACE,True,0.09117279102792963,1.0,1.0,5.711423397064209,-7.683395946434908
nhanes_real,3,6,GrowingSpheres,True,0.0005445000133477151,1.0,1.0,2.921296455476247,-11.04266475686848
nhanes_real,3,6,REVISE,True,0.006933917000424117,1.0,1.0,6.762092590332031,-7.231832704468043
nhanes_real,3,7,DiCE,True,0.0017424580291844904,1.0,1.0,2.717989683151245,-10.136412382927485
nhanes_real,3,7,FACE,True,0.09060341701842844,1.0,1.0,8.189261436462402,-9.421485173098375
nhanes_real,3,7,GrowingSpheres,True,0.000588916998822242,1.0,1.0,2.0468151823099667,-13.129301140112506
nhanes_real,3,7,REVISE,True,0.005926541984081268,1.0,1.0,7.716320991516113,-8.07368338294039
nhanes_real,3,8,DiCE,False,0.014859417045954615,,,,
nhanes_real,3,8,FACE,True,0.09046687500085682,1.0,1.0,5.880234718322754,-7.277870858895797
nhanes_real,3,8,GrowingSpheres,True,0.0011366659891791642,1.0,1.0,2.408505538414336,-9.294147906106515
nhanes_real,3,8,REVISE,False,0.043405250005889684,,,,
nhanes_real,3,9,DiCE,True,0.0011250840034335852,1.0,1.0,3.1131255626678467,-15.650811058135403
nhanes_real,3,9,FACE,True,0.09069220803212374,1.0,1.0,10.480369567871094,-9.722010160116378
nhanes_real,3,9,GrowingSpheres,True,0.0004805420176126063,1.0,1.0,1.1809078322984419,-16.902738811839875
nhanes_real,3,9,REVISE,True,0.0028822089661844075,1.0,1.0,8.113452911376953,-11.229748132658525
nhanes_real,3,11,DiCE,False,0.014924500021152198,,,,
nhanes_real,3,11,FACE,True,0.09206558403093368,1.0,1.0,5.525899410247803,-7.680013216908591
nhanes_real,3,11,GrowingSpheres,True,0.0009603749494999647,1.0,1.0,5.296308787341264,-9.695749094049624
nhanes_real,3,11,REVISE,True,0.008965249988250434,1.0,1.0,9.374269485473633,-7.574169163568428
nhanes_real,3,12,DiCE,False,0.014994417026173323,,,,
nhanes_real,3,12,FACE,True,0.0976938339881599,1.0,1.0,4.305171489715576,-8.59151704423805
nhanes_real,3,12,GrowingSpheres,True,0.0010273340158164501,1.0,1.0,5.463813271376939,-10.074690883346504
nhanes_real,3,12,REVISE,False,0.04366708401357755,,,,
nhanes_real,3,14,DiCE,True,0.0009961670148186386,1.0,1.0,1.7475509643554688,-6.8812436750051775
nhanes_real,3,14,FACE,True,0.09180195798398927,1.0,1.0,2.4751839637756348,-6.457623733742533
nhanes_real,3,14,GrowingSpheres,True,0.00042154203401878476,1.0,1.0,1.3938622060555823,-6.360672678153091
nhanes_real,3,14,REVISE,True,0.0015064170002005994,1.0,1.0,2.9746031761169434,-6.15304651606109
nhanes_real,3,16,DiCE,False,0.014561208023224026,,,,
nhanes_real,3,16,FACE,True,0.09128816600423306,1.0,1.0,5.643396854400635,-6.951969532108826
nhanes_real,3,16,GrowingSpheres,True,0.000647583045065403,1.0,1.0,4.2860392979146305,-7.899635634661581
nhanes_real,3,16,REVISE,True,0.005197208025492728,1.0,1.0,6.392090797424316,-6.393335385074737
nhanes_real,3,17,DiCE,True,0.0012367080198600888,1.0,1.0,2.6681175231933594,-7.297745762528351
nhanes_real,3,17,FACE,True,0.09102524997433648,1.0,1.0,3.8110713958740234,-7.502684905998377
nhanes_real,3,17,GrowingSpheres,True,0.00046779197873547673,1.0,1.0,3.309544368047499,-6.929051957217444
nhanes_real,3,17,REVISE,True,0.0006131670088507235,1.0,1.0,2.6603405475616455,-6.294605849631976
nhanes_real,3,18,DiCE,True,0.0005666249780915678,1.0,1.0,1.2235034704208374,-7.216100137676687
nhanes_real,3,18,FACE,True,0.09101299999747425,0.0,0.0,3.1043529510498047,-7.18678526074816
nhanes_real,3,18,GrowingSpheres,True,0.00026175001403316855,1.0,1.0,0.8252106968785191,-7.676965381850949
nhanes_real,3,18,REVISE,True,0.0018842500285245478,1.0,1.0,3.351548671722412,-6.4817133430455005
nhanes_real,3,21,DiCE,True,0.0006897500134073198,1.0,1.0,1.7724037170410156,-10.830918984713414
nhanes_real,3,21,FACE,True,0.0907056670403108,1.0,1.0,4.8733086585998535,-9.747768923909975
nhanes_real,3,21,GrowingSpheres,True,0.00034570798743516207,1.0,1.0,1.952457588769995,-12.201198784002091
nhanes_real,3,21,REVISE,True,0.0023051670286804438,1.0,1.0,10.06810188293457,-7.461470039006059
nhanes_real,3,22,DiCE,True,0.0008306250092573464,1.0,1.0,1.921059489250183,-6.703195871115049
nhanes_real,3,22,FACE,True,0.09069262497359887,1.0,1.0,2.715888261795044,-6.336108161670304
nhanes_real,3,22,GrowingSpheres,True,0.00033362500835210085,1.0,1.0,1.5269874930293907,-6.924902373439561
nhanes_real,3,22,REVISE,True,0.004117459000553936,1.0,1.0,2.9852778911590576,-6.154021394402929
nhanes_real,3,24,DiCE,True,0.0013777919812127948,1.0,1.0,2.6176552772521973,-7.150472257697624
nhanes_real,3,24,FACE,True,0.09111145796487108,1.0,1.0,2.7944531440734863,-7.036825924459807
nhanes_real,3,24,GrowingSpheres,True,0.0004956659977324307,1.0,1.0,2.3975750435290712,-7.21650148130524
nhanes_real,3,24,REVISE,True,0.0021019589621573687,1.0,1.0,2.2945985794067383,-6.4943449788171765
nhanes_real,3,25,DiCE,True,0.002574583049863577,1.0,1.0,4.65631103515625,-20.451463831267873
nhanes_real,3,25,FACE,True,0.0904885419877246,1.0,1.0,15.123933792114258,-9.682773294246857
nhanes_real,3,25,GrowingSpheres,True,0.0007070419960655272,1.0,1.0,3.4005498864148183,-25.797669161963718
nhanes_real,3,25,REVISE,True,0.0005902920383960009,1.0,1.0,18.47818946838379,-7.527973403359789
nhanes_real,3,29,DiCE,True,0.0012014589738100767,1.0,1.0,2.3745322227478027,-11.416813247891785
nhanes_real,3,29,FACE,True,0.09069762501167133,1.0,1.0,5.677643299102783,-9.462967910030152
nhanes_real,3,29,GrowingSpheres,True,0.0004967920249328017,1.0,1.0,1.1644920923903175,-11.310584316660217
nhanes_real,3,29,REVISE,True,0.0006126660155132413,1.0,1.0,4.122296333312988,-9.431301544102272
nhanes_real,3,33,DiCE,False,0.015010708011686802,,,,
nhanes_real,3,33,FACE,True,0.0911292500095442,1.0,1.0,2.536769390106201,-8.110329572936015
nhanes_real,3,33,GrowingSpheres,True,0.0006904579931870103,1.0,1.0,2.1453059370455017,-7.806881173883838
nhanes_real,3,33,REVISE,True,0.007060792006086558,1.0,1.0,4.11354923248291,-6.654468689104357
nhanes_real,3,37,DiCE,True,0.0024103749892674387,1.0,1.0,3.3427321910858154,-9.591910238772178
nhanes_real,3,37,FACE,True,0.09082674997625872,1.0,1.0,2.9842801094055176,-7.87580239118899
nhanes_real,3,37,GrowingSpheres,True,0.0006767919985577464,1.0,1.0,2.6540757284861063,-9.333497009852628
nhanes_real,3,37,REVISE,True,0.002889166004024446,1.0,1.0,4.248376846313477,-7.039978069771644
nhanes_real,3,38,DiCE,False,0.015309958020225167,,,,
nhanes_real,3,38,FACE,True,0.09084387501934543,1.0,1.0,2.9105167388916016,-7.21793210342857
nhanes_real,3,38,GrowingSpheres,True,0.0006141670164652169,1.0,1.0,2.889640707614805,-7.457212160902849
nhanes_real,3,38,REVISE,True,0.004254415980540216,1.0,1.0,3.364551305770874,-6.157847093524378
nhanes_real,3,39,DiCE,True,0.001511540962383151,1.0,1.0,3.3379530906677246,-8.658305423827738
nhanes_real,3,39,FACE,True,0.09044616698520258,1.0,1.0,4.141030788421631,-8.533911780273842
nhanes_real,3,39,GrowingSpheres,True,0.000533166981767863,1.0,1.0,1.5374225044260301,-10.82546486466317
nhanes_real,3,39,REVISE,True,0.0041266659973189235,1.0,1.0,6.254100799560547,-6.754892056654592
nhanes_real,3,40,DiCE,False,0.014999457984231412,,,,
nhanes_real,3,40,FACE,True,0.09199449996231124,1.0,1.0,6.892094135284424,-7.75969104324199
nhanes_real,3,40,GrowingSpheres,True,0.0010748330387286842,1.0,1.0,8.403908587513543,-12.050320678411161
nhanes_real,3,40,REVISE,True,0.008227957994677126,1.0,1.0,8.774330139160156,-6.0931961769163365
nhanes_real,3,46,DiCE,False,0.015254375000949949,,,,
nhanes_real,3,46,FACE,True,0.09120558301219717,1.0,1.0,15.406196594238281,-9.421833240116117
nhanes_real,3,46,GrowingSpheres,True,0.0010437910095788538,1.0,1.0,7.293329106117893,-23.529060212309602
nhanes_real,3,46,REVISE,True,0.010014916013460606,1.0,1.0,10.124395370483398,-9.51108443169575
nhanes_real,3,47,DiCE,False,0.015130083949770778,,,,
nhanes_real,3,47,FACE,True,0.09071770799346268,1.0,1.0,5.816511631011963,-6.610226208037899
nhanes_real,3,47,GrowingSpheres,True,0.000963500002399087,1.0,1.0,3.9961172333984765,-9.338637649665383
nhanes_real,3,47,REVISE,False,0.042726707994006574,,,,
nhanes_real,3,48,DiCE,False,0.014874165994115174,,,,
nhanes_real,3,48,FACE,True,0.09114874998340383,1.0,1.0,4.108426094055176,-9.295642835871291
nhanes_real,3,48,GrowingSpheres,True,0.0005847919965162873,1.0,1.0,3.5581173278663227,-9.689999413276045
nhanes_real,3,48,REVISE,True,0.003343624994158745,1.0,1.0,4.708179473876953,-7.84441057088644
nhanes_real,3,50,DiCE,True,0.0010389160015620291,1.0,1.0,2.3468728065490723,-8.434511970826724
nhanes_real,3,50,FACE,True,0.09140037500765175,1.0,1.0,4.125819206237793,-7.741538449472064
nhanes_real,3,50,GrowingSpheres,True,0.00039183301851153374,1.0,1.0,1.7755295696051552,-9.103990208699102
nhanes_real,3,50,REVISE,True,0.000603041029535234,1.0,1.0,7.3775811195373535,-6.086609648981353
nhanes_real,3,51,DiCE,True,0.0022232920164242387,1.0,1.0,3.488229513168335,-10.767421927846845
nhanes_real,3,51,FACE,True,0.09071649995166808,1.0,1.0,7.24361515045166,-9.599374432798381
nhanes_real,3,51,GrowingSpheres,True,0.0006885000038892031,1.0,1.0,3.295000235345662,-14.2067553124972
nhanes_real,3,51,REVISE,True,0.00988245802000165,1.0,1.0,8.74237060546875,-9.790479617503284
nhanes_real,3,52,DiCE,True,0.0013829580275341868,1.0,1.0,2.5592310428619385,-9.05695004603951
nhanes_real,3,52,FACE,True,0.09063233301276341,1.0,1.0,2.1123738288879395,-8.849108982979692
nhanes_real,3,52,GrowingSpheres,True,0.0004232079954817891,1.0,1.0,2.8212416021633753,-8.695313093777665
nhanes_real,3,52,REVISE,True,0.004483374999836087,1.0,1.0,6.159202575683594,-7.5055348027526225
nhanes_real,3,53,DiCE,True,0.0005874999915249646,1.0,1.0,1.1874103546142578,-7.547981476100178
nhanes_real,3,53,FACE,True,0.0910317079978995,1.0,1.0,1.8991461992263794,-8.27549184927457
nhanes_real,3,53,GrowingSpheres,True,0.0002559590502642095,1.0,1.0,1.615054393239542,-7.859787156163055
nhanes_real,3,53,REVISE,True,0.002155915950424969,1.0,1.0,3.9514379501342773,-6.5019623012931955
nhanes_real,3,55,DiCE,False,0.015065999992657453,,,,
nhanes_real,3,55,FACE,True,0.09097950003342703,1.0,1.0,4.88619327545166,-8.120765783018433
nhanes_real,3,55,GrowingSpheres,True,0.0011906249565072358,1.0,1.0,8.835752056451224,-12.55423419146054
nhanes_real,3,55,REVISE,True,0.009857291996013373,1.0,1.0,7.384045600891113,-7.3281951883447185
nhanes_real,3,57,DiCE,True,0.001027541991788894,1.0,1.0,1.7515482902526855,-6.740051096536023
nhanes_real,3,57,FACE,True,0.09085058397613466,1.0,1.0,5.552421569824219,-6.855408518889911
nhanes_real,3,57,GrowingSpheres,True,0.0003310830215923488,1.0,1.0,1.9321982621236997,-6.745248130101826
nhanes_real,3,57,REVISE,True,0.0005736660095863044,1.0,1.0,2.170989990234375,-6.172638215121371
nhanes_real,3,58,DiCE,False,0.0149428749573417,,,,
nhanes_real,3,58,FACE,True,0.09074033302022144,1.0,1.0,5.660947799682617,-7.76962344281858
nhanes_real,3,58,GrowingSpheres,True,0.0007245419546961784,1.0,1.0,2.467822950621615,-11.535623413801984
nhanes_real,3,58,REVISE,True,0.0037690839963033795,1.0,1.0,9.164712905883789,-6.54782553986762
nhanes_real,3,59,DiCE,True,0.0011424580006860197,1.0,1.0,2.078643560409546,-7.712549452646247
nhanes_real,3,59,FACE,True,0.09056566696381196,1.0,1.0,4.984136581420898,-6.933651078842078
nhanes_real,3,59,GrowingSpheres,True,0.0003697499632835388,1.0,1.0,1.780495280731583,-7.485959307262249
nhanes_real,3,59,REVISE,True,0.005080709001049399,1.0,1.0,4.79260778427124,-6.5708409957005625
nhanes_real,3,61,DiCE,True,0.0020815419848077,1.0,1.0,2.594209671020508,-8.180319109549872
nhanes_real,3,61,FACE,True,0.09636691596824676,1.0,1.0,2.6140832901000977,-7.5244203393832905
nhanes_real,3,61,GrowingSpheres,True,0.0007617919472977519,1.0,1.0,2.9410629604094214,-8.003059262907666
nhanes_real,3,61,REVISE,True,0.007845750020351261,1.0,1.0,5.550209999084473,-6.401008191047657
nhanes_real,3,62,DiCE,False,0.015531082986854017,,,,
nhanes_real,3,62,FACE,True,0.09196854202309623,1.0,1.0,7.808802604675293,-7.98646237613925
nhanes_real,3,62,GrowingSpheres,True,0.0009749580058269203,1.0,1.0,3.159719678421646,-9.771570161970219
nhanes_real,3,62,REVISE,False,0.04513220797525719,,,,
nhanes_real,3,63,DiCE,False,0.014879167021717876,,,,
nhanes_real,3,63,FACE,True,0.09110745799262077,1.0,1.0,4.559006690979004,-6.610226208037899
nhanes_real,3,63,GrowingSpheres,True,0.0011327920365147293,1.0,1.0,5.055846243671511,-12.190116700785321
nhanes_real,3,63,REVISE,False,0.04368125001201406,,,,
nhanes_real,3,65,DiCE,True,0.0014516660012304783,1.0,1.0,2.4936113357543945,-7.9818100830523875
nhanes_real,3,65,FACE,True,0.09107837500050664,1.0,1.0,3.5002083778381348,-6.610226208037899
nhanes_real,3,65,GrowingSpheres,True,0.0005445840070024133,1.0,1.0,3.2596687779930127,-8.886463496261028
nhanes_real,3,65,REVISE,True,0.003729791031219065,1.0,1.0,5.184133529663086,-6.052619213987506
nhanes_real,3,66,DiCE,True,0.0008568339981138706,1.0,1.0,1.4535787105560303,-6.7813530156242905
nhanes_real,3,66,FACE,True,0.09064212499652058,1.0,1.0,1.9187815189361572,-6.688108365154095
nhanes_real,3,66,GrowingSpheres,True,0.0003607500111684203,1.0,1.0,1.099131647910649,-6.737968954370471
nhanes_real,3,66,REVISE,True,0.001038833986967802,1.0,1.0,1.7979252338409424,-6.196931662114789
nhanes_real,3,69,DiCE,False,0.01498270797310397,,,,
nhanes_real,3,69,FACE,True,0.09148641600040719,1.0,1.0,4.965962886810303,-9.352195271453954
nhanes_real,3,69,GrowingSpheres,True,0.0009604159859009087,1.0,1.0,4.003065827895618,-11.989704756830076
nhanes_real,3,69,REVISE,True,0.009965208009816706,1.0,1.0,7.260078430175781,-8.209426707143901
nhanes_real,3,70,DiCE,False,0.01480908301891759,,,,
nhanes_real,3,70,FACE,True,0.0902924999827519,1.0,1.0,4.228096008300781,-6.710293454982715
nhanes_real,3,70,GrowingSpheres,True,0.0009052079985849559,1.0,1.0,3.6530237926365885,-12.75317738861504
nhanes_real,3,70,REVISE,False,0.04282600001897663,,,,
nhanes_real,3,72,DiCE,True,0.0011656249989755452,1.0,1.0,2.204744815826416,-8.384258585248668
nhanes_real,3,72,FACE,True,0.09099624998634681,1.0,1.0,3.932870864868164,-6.951969532108826
nhanes_real,3,72,GrowingSpheres,True,0.00038420798955485225,1.0,1.0,1.753545277761015,-8.586387099497514
nhanes_real,3,72,REVISE,True,0.001503666047938168,1.0,1.0,3.441246271133423,-6.975215306808259
nhanes_real,3,74,DiCE,True,0.0010111660230904818,1.0,1.0,2.7659292221069336,-10.972091843670349
nhanes_real,3,74,FACE,True,0.09089254203718156,1.0,1.0,6.413784980773926,-9.599374432798381
nhanes_real,3,74,GrowingSpheres,True,0.0003909170045517385,1.0,1.0,1.7216100655993205,-11.02016296502703
nhanes_real,3,74,REVISE,True,0.00502162502380088,1.0,1.0,5.115144729614258,-10.148334757998057
nhanes_real,3,76,DiCE,False,0.014626250020228326,,,,
nhanes_real,3,76,FACE,True,0.09088204096769914,1.0,1.0,4.955230236053467,-7.7739076534356855
nhanes_real,3,76,GrowingSpheres,True,0.0006143750506453216,1.0,1.0,1.0945525363626492,-8.63266119238263
nhanes_real,3,76,REVISE,True,0.008158916025422513,1.0,1.0,7.1352386474609375,-6.485901481355446
nhanes_real,3,80,DiCE,True,0.0014752920251339674,1.0,1.0,3.906130313873291,-10.08529316750076
nhanes_real,3,80,FACE,True,0.09211862500524148,1.0,1.0,9.253941535949707,-8.64439259250498
nhanes_real,3,80,GrowingSpheres,True,0.0006162080098874867,1.0,1.0,2.5367268600703055,-10.936612949265314
nhanes_real,3,80,REVISE,True,0.000650040979962796,1.0,1.0,4.911222457885742,-9.21240811609875
nhanes_real,3,84,DiCE,True,0.0010586249991320074,1.0,1.0,2.243699550628662,-6.749930648169496
nhanes_real,3,84,FACE,True,0.09141295898007229,1.0,1.0,3.153824806213379,-6.099873509613633
nhanes_real,3,84,GrowingSpheres,True,0.00036983395693823695,1.0,1.0,0.955129773994277,-6.661698734781614
nhanes_real,3,84,REVISE,True,0.0015239169588312507,1.0,1.0,3.093400478363037,-6.109407285621686
nhanes_real,3,86,DiCE,True,0.0007293749949894845,1.0,1.0,1.7588121891021729,-7.2048124357753185
nhanes_real,3,86,FACE,True,0.09134104097029194,1.0,1.0,3.1685478687286377,-6.993278836233811
nhanes_real,3,86,GrowingSpheres,True,0.0003160000196658075,1.0,1.0,1.9845142125301485,-7.030043693996047
nhanes_real,3,86,REVISE,True,0.0006165420054458082,1.0,1.0,4.330288410186768,-6.272565102259407
nhanes_real,3,87,DiCE,False,0.015193666971754283,,,,
nhanes_real,3,87,FACE,True,0.09141275001456961,1.0,1.0,10.66404914855957,-8.410474646189266
nhanes_real,3,87,GrowingSpheres,True,0.0011214999831281602,1.0,1.0,6.381867947055221,-17.287220093392463
nhanes_real,3,87,REVISE,True,0.0051130420179106295,1.0,1.0,11.08487606048584,-6.84048944923693
nhanes_real,3,91,DiCE,True,0.0014586250181309879,1.0,1.0,3.130615234375,-10.453002255698953
nhanes_real,3,91,FACE,True,0.09083795797778293,1.0,1.0,3.8370089530944824,-7.18678526074816
nhanes_real,3,91,GrowingSpheres,True,0.0005317499744705856,1.0,1.0,4.27167131480379,-13.26896570734488
nhanes_real,3,91,REVISE,True,0.0077016669674776495,1.0,1.0,6.177246570587158,-6.971714656765385
nhanes_real,3,92,DiCE,False,0.015225375012960285,,,,
nhanes_real,3,92,FACE,True,0.09081395796965808,1.0,1.0,6.62540864944458,-9.722010160116378
nhanes_real,3,92,GrowingSpheres,True,0.0008945830049924552,1.0,1.0,6.435149056975414,-12.562115612770198
nhanes_real,3,92,REVISE,True,0.007820833008736372,1.0,1.0,12.936494827270508,-8.653119484839353
nhanes_real,3,93,DiCE,False,0.015046916960272938,,,,
nhanes_real,3,93,FACE,True,0.09095116599928588,1.0,1.0,11.06723690032959,-7.093122293213849
nhanes_real,3,93,GrowingSpheres,True,0.0009318750235252082,1.0,1.0,7.5014381288942396,-9.998509866069275
nhanes_real,3,93,REVISE,True,0.009167042037006468,1.0,1.0,9.510465621948242,-6.41819284841665
nhanes_real,3,96,DiCE,True,0.0017994999652728438,1.0,1.0,2.384087085723877,-7.469949543741796
nhanes_real,3,96,FACE,True,0.0909724590019323,1.0,1.0,2.4516658782958984,-6.749658401003879
nhanes_real,3,96,GrowingSpheres,True,0.0005462090484797955,1.0,1.0,3.60483653388055,-7.791898319681566
nhanes_real,3,96,REVISE,True,0.007792791991960257,1.0,1.0,2.567986011505127,-6.305192810019207
nhanes_real,3,97,DiCE,False,0.01494479097891599,,,,
nhanes_real,3,97,FACE,True,0.0908233750378713,1.0,1.0,7.555027961730957,-6.610226208037899
nhanes_real,3,97,GrowingSpheres,True,0.0011769169941544533,1.0,1.0,10.06263194643726,-10.341475815372128
nhanes_real,3,97,REVISE,False,0.04428204201394692,,,,
nhanes_real,3,98,DiCE,False,0.01511716702952981,,,,
nhanes_real,3,98,FACE,True,0.09097841702168807,1.0,1.0,4.857314586639404,-6.225370815488659
nhanes_real,3,98,GrowingSpheres,True,0.0007248329930007458,1.0,1.0,2.9853907762612986,-7.423179712904007
nhanes_real,3,98,REVISE,True,0.007323166006244719,1.0,1.0,3.460846185684204,-6.511549555945239
nhanes_real,3,99,DiCE,True,0.0008660839521326125,1.0,1.0,2.2283105850219727,-8.351174420464917
nhanes_real,3,99,FACE,True,0.09101270796963945,1.0,1.0,2.8623828887939453,-6.978501917275609
nhanes_real,3,99,GrowingSpheres,True,0.0002905419678427279,1.0,1.0,1.2205276191477354,-7.621363322753919
nhanes_real,3,99,REVISE,True,0.0041987079894170165,1.0,1.0,4.080400466918945,-6.712520272632087
nhanes_real,3,102,DiCE,True,0.0009372080094181001,1.0,1.0,1.4117116928100586,-9.627417967979929
nhanes_real,3,102,FACE,True,0.09077762498054653,1.0,1.0,2.813549041748047,-8.72707177202689
nhanes_real,3,102,GrowingSpheres,True,0.00025812495732679963,1.0,1.0,0.96196065146198,-9.57615080331161
nhanes_real,3,102,REVISE,True,0.0005883750272914767,1.0,1.0,5.666240692138672,-6.930102230797452
nhanes_real,3,103,DiCE,False,0.014729957969393581,,,,
nhanes_real,3,103,FACE,True,0.09094850003020838,1.0,1.0,4.378396511077881,-7.2909292198567375
nhanes_real,3,103,GrowingSpheres,True,0.0006873749662190676,1.0,1.0,5.014968397063669,-8.953300401056845
nhanes_real,3,103,REVISE,True,0.00590983300935477,1.0,1.0,7.585028171539307,-6.207593798401639
nhanes_real,3,104,DiCE,True,0.0009451670339331031,1.0,1.0,1.9252160787582397,-7.5219252639864775
nhanes_real,3,104,FACE,True,0.09080599999288097,1.0,1.0,2.9989163875579834,-6.7097747871726465
nhanes_real,3,104,GrowingSpheres,True,0.00029733398696407676,1.0,1.0,1.3293760631249953,-7.465432277663169
nhanes_real,3,104,REVISE,True,0.004213667009025812,1.0,1.0,4.840551376342773,-6.311514185382155
nhanes_real,3,105,DiCE,True,0.0005727499956265092,1.0,1.0,1.3521236181259155,-6.5829345777027495
nhanes_real,3,105,FACE,True,0.09026854200055823,1.0,1.0,1.4941933155059814,-6.710293454982715
nhanes_real,3,105,GrowingSpheres,True,0.00021308398572728038,1.0,1.0,0.7703677471849822,-6.448497737679822
nhanes_real,3,105,REVISE,True,0.002290500036906451,1.0,1.0,2.0877227783203125,-6.159516818987182
nhanes_real,3,109,DiCE,True,0.0022162499953992665,1.0,1.0,3.65828800201416,-9.348780425212773
nhanes_real,3,109,FACE,True,0.09049700002651662,1.0,1.0,5.293155670166016,-9.41683673845408
nhanes_real,3,109,GrowingSpheres,True,0.0007737499545328319,1.0,1.0,4.354718636045951,-11.458249309623497
nhanes_real,3,109,REVISE,True,0.0028266249573789537,1.0,1.0,8.401677131652832,-7.3984540555939855
nhanes_real,3,110,DiCE,True,0.0012153750285506248,1.0,1.0,2.6661574840545654,-10.679731463077982
nhanes_real,3,110,FACE,True,0.09062329196603969,1.0,1.0,4.991360187530518,-7.3109496235753255
nhanes_real,3,110,GrowingSpheres,True,0.00041995797073468566,1.0,1.0,2.4829667383546137,-10.722832884898562
nhanes_real,3,110,REVISE,True,0.0014686249778605998,1.0,1.0,7.186448097229004,-6.475910877330298
nhanes_real,3,112,DiCE,True,0.0006980000180192292,1.0,1.0,1.3771800994873047,-6.709709098843985
nhanes_real,3,112,FACE,True,0.09077754197642207,1.0,1.0,2.2497172355651855,-6.76277009426631
nhanes_real,3,112,GrowingSpheres,True,0.0002542500151321292,1.0,1.0,0.9252966343965856,-6.717353745921745
nhanes_real,3,112,REVISE,True,0.0005851250025443733,1.0,1.0,2.4628348350524902,-6.112662924277509
nhanes_real,3,113,DiCE,True,0.001195124990772456,1.0,1.0,2.734722852706909,-11.240102640452605
nhanes_real,3,113,FACE,True,0.09098695899592713,1.0,1.0,5.092957496643066,-8.192817800527845
nhanes_real,3,113,GrowingSpheres,True,0.0004261250142008066,1.0,1.0,1.9565839505084026,-11.044976999553672
nhanes_real,3,113,REVISE,True,0.0027680830098688602,1.0,1.0,4.677912712097168,-6.946558250425555
nhanes_real,3,120,DiCE,True,0.0009807500173337758,1.0,1.0,2.686431407928467,-17.795124113250296
nhanes_real,3,120,FACE,True,0.09036454197485,1.0,1.0,10.557273864746094,-9.62675645392256
nhanes_real,3,120,GrowingSpheres,True,0.0003807919565588236,1.0,1.0,1.2969667502559619,-20.96646307027197
nhanes_real,3,120,REVISE,True,0.003143667010590434,1.0,1.0,9.799690246582031,-9.766542886167043
nhanes_real,3,121,DiCE,False,0.014933208003640175,,,,
nhanes_real,3,121,FACE,True,0.09078137500910088,1.0,1.0,5.314946174621582,-7.577123298013081
nhanes_real,3,121,GrowingSpheres,True,0.0007892089779488742,1.0,1.0,3.7432791884975494,-8.558038909407006
nhanes_real,3,121,REVISE,True,0.003320540999993682,1.0,1.0,4.925808429718018,-6.51350169951348
nhanes_real,3,123,DiCE,False,0.01478908397257328,,,,
nhanes_real,3,123,FACE,True,0.09070883295498788,1.0,1.0,3.7362191677093506,-8.132809577181654
nhanes_real,3,123,GrowingSpheres,True,0.000780042028054595,1.0,1.0,4.4930624045515,-10.108204543201726
nhanes_real,3,123,REVISE,True,0.006717708020005375,1.0,1.0,7.427917003631592,-6.762154720317119
nhanes_real,3,124,DiCE,False,0.014793250011280179,,,,
nhanes_real,3,124,FACE,True,0.09305587504059076,1.0,1.0,8.30488109588623,-6.514500673466305
nhanes_real,3,124,GrowingSpheres,True,0.0013168749865144491,1.0,1.0,8.219728489927073,-10.068058730516956
nhanes_real,3,124,REVISE,False,0.04510749998735264,,,,
nhanes_real,3,130,DiCE,False,0.014696832979097962,,,,
nhanes_real,3,130,FACE,True,0.0906964159803465,1.0,1.0,5.066908836364746,-7.800367102541299
nhanes_real,3,130,GrowingSpheres,True,0.00098883401369676,1.0,1.0,5.747790657340448,-10.340651986227192
nhanes_real,3,130,REVISE,True,0.009692874969914556,1.0,1.0,7.404256343841553,-6.461401474735915
nhanes_real,3,131,DiCE,True,0.0008902919944375753,1.0,1.0,1.7335063219070435,-6.774770830420202
nhanes_real,3,131,FACE,True,0.09054483298677951,1.0,1.0,2.629166603088379,-6.728981320352956
nhanes_real,3,131,GrowingSpheres,True,0.00032083294354379177,1.0,1.0,1.4985844953871363,-6.295874959537322
nhanes_real,3,131,REVISE,True,0.001036540954373777,1.0,1.0,2.657015085220337,-6.080332109921047
nhanes_real,3,132,DiCE,False,0.014900957990903407,,,,
nhanes_real,3,132,FACE,True,0.09061374998418614,1.0,1.0,9.26515007019043,-6.728981320352956
nhanes_real,3,132,GrowingSpheres,True,0.001052499981597066,1.0,1.0,5.633932447284131,-9.290473749905866
nhanes_real,3,132,REVISE,False,0.04294224997283891,,,,
nhanes_real,3,133,DiCE,False,0.01486816699616611,,,,
nhanes_real,3,133,FACE,True,0.09127154102316126,1.0,1.0,10.347884178161621,-7.709751132138153
nhanes_real,3,133,GrowingSpheres,True,0.0009076250134967268,1.0,1.0,3.710667372771317,-11.321337056900333
nhanes_real,3,133,REVISE,False,0.043566167005337775,,,,
nhanes_real,3,138,DiCE,True,0.0014432079624384642,1.0,1.0,2.6724562644958496,-9.535467626613347
nhanes_real,3,138,FACE,True,0.09652149997418746,1.0,1.0,4.448074817657471,-8.642955358986164
nhanes_real,3,138,GrowingSpheres,True,0.0006629579584114254,1.0,1.0,4.045545685499203,-9.140456649142358
nhanes_real,3,138,REVISE,True,0.002530624973587692,1.0,1.0,7.3167405128479,-6.443708755538833
nhanes_real,3,140,DiCE,False,0.01522425003349781,,,,
nhanes_real,3,140,FACE,True,0.09599095804151148,1.0,1.0,2.767606735229492,-6.9083323335902165
nhanes_real,3,140,GrowingSpheres,True,0.0009260419756174088,1.0,1.0,4.5601295651344795,-8.485064546632577
nhanes_real,3,140,REVISE,True,0.009103166055865586,1.0,1.0,3.1995739936828613,-6.381458024949671
nhanes_real,3,147,DiCE,False,0.014743542007636279,,,,
nhanes_real,3,147,FACE,True,0.09242370794527233,1.0,1.0,6.820931911468506,-7.87580239118899
nhanes_real,3,147,GrowingSpheres,True,0.0007250829949043691,1.0,1.0,4.359252690110664,-9.964728996755667
nhanes_real,3,147,REVISE,True,0.00596891698660329,1.0,1.0,7.6359477043151855,-6.23483195842314
nhanes_real,3,148,DiCE,True,0.001591416948940605,1.0,1.0,3.70951509475708,-8.528596165367688
nhanes_real,3,148,FACE,True,0.0922008749912493,1.0,1.0,4.410980224609375,-7.686951285837173
nhanes_real,3,148,GrowingSpheres,True,0.0005809580325149,1.0,1.0,3.4774294351939314,-9.44460968961489
nhanes_real,3,148,REVISE,True,0.0007084169774316251,1.0,1.0,4.76332426071167,-7.222355710907706
nhanes_real,3,149,DiCE,True,0.0019130830187350512,1.0,1.0,2.5471529960632324,-7.7678258619537885
nhanes_real,3,149,FACE,True,0.09114558401051909,1.0,1.0,3.5877394676208496,-6.511231992105508
nhanes_real,3,149,GrowingSpheres,True,0.0006497919675894082,1.0,1.0,4.5140582600884285,-10.20852074645762
nhanes_real,3,149,REVISE,True,0.009774040954653174,1.0,1.0,4.65788459777832,-6.588027568546533
nhanes_real,3,151,DiCE,True,0.001790291047655046,1.0,1.0,2.572439670562744,-6.863380496389723
nhanes_real,3,151,FACE,True,0.09087004198227078,1.0,1.0,3.638576030731201,-6.630704311664389
nhanes_real,3,151,GrowingSpheres,True,0.0005582089652307332,1.0,1.0,2.0046807266269058,-7.429150408350801
nhanes_real,3,151,REVISE,True,0.002441750024445355,1.0,1.0,2.4983601570129395,-6.336326622406688
nhanes_real,3,153,DiCE,False,0.015539499989245087,,,,
nhanes_real,3,153,FACE,True,0.09072608401766047,1.0,1.0,5.438498497009277,-6.688245282613307
nhanes_real,3,153,GrowingSpheres,True,0.0009010410285554826,1.0,1.0,4.064082966241327,-10.193920277533035
nhanes_real,3,153,REVISE,False,0.043731916055548936,,,,
nhanes_real,3,155,DiCE,False,0.014905542018823326,,,,
nhanes_real,3,155,FACE,True,0.09248741698684171,1.0,1.0,8.023689270019531,-9.459984357656793
nhanes_real,3,155,GrowingSpheres,True,0.0011675410205498338,1.0,1.0,6.963746730143431,-14.537650937016856
nhanes_real,3,155,REVISE,False,0.04797391698230058,,,,
nhanes_real,3,156,DiCE,False,0.015313457988668233,,,,
nhanes_real,3,156,FACE,True,0.09221462503774092,1.0,1.0,11.35062026977539,-9.734739291280546
nhanes_real,3,156,GrowingSpheres,True,0.0009037079871632159,1.0,1.0,5.831949814639067,-13.790340366727209
nhanes_real,3,156,REVISE,True,0.008366416965145618,1.0,1.0,24.936134338378906,-9.8573392017676
nhanes_real,3,158,DiCE,False,0.014778791985008866,,,,
nhanes_real,3,158,FACE,True,0.09114870801568031,1.0,1.0,7.2785844802856445,-6.475145706015329
nhanes_real,3,158,GrowingSpheres,True,0.000981625053100288,1.0,1.0,5.275087510359048,-9.9907767893991
nhanes_real,3,158,REVISE,False,0.042692167044151574,,,,
nhanes_real,3,159,DiCE,True,0.0010186660219915211,1.0,1.0,2.9571826457977295,-8.911059957815198
nhanes_real,3,159,FACE,True,0.09084187494590878,1.0,1.0,3.5199503898620605,-7.801054511019461
nhanes_real,3,159,GrowingSpheres,True,0.0003837089752778411,1.0,1.0,1.8057543760901749,-8.40640587939228
nhanes_real,3,159,REVISE,True,0.0005664160125888884,1.0,1.0,4.373244762420654,-6.149121773894967
nhanes_real,3,161,DiCE,True,0.00146191701060161,1.0,1.0,2.6882166862487793,-9.008977386502186
nhanes_real,3,161,FACE,True,0.09085729200160131,1.0,1.0,5.457448959350586,-7.87580239118899
nhanes_real,3,161,GrowingSpheres,True,0.0005611249944195151,1.0,1.0,2.0297115809472914,-9.747676930331002
nhanes_real,3,161,REVISE,True,0.004733874986413866,1.0,1.0,6.460630893707275,-6.828185354765561
nhanes_real,3,163,DiCE,False,0.014962041983380914,,,,
nhanes_real,3,163,FACE,True,0.09067829203559086,1.0,1.0,3.214510202407837,-6.728981320352956
nhanes_real,3,163,GrowingSpheres,True,0.0006139579927548766,1.0,1.0,2.110123102347047,-7.975840085922538
nhanes_real,3,163,REVISE,True,0.006020375003572553,1.0,1.0,6.072145462036133,-6.108274399261803
nhanes_real,3,164,DiCE,True,0.0008763340301811695,1.0,1.0,2.5213868618011475,-9.327962301117338
nhanes_real,3,164,FACE,True,0.09183737495914102,1.0,1.0,4.714173793792725,-8.632459994759369
nhanes_real,3,164,GrowingSpheres,True,0.0003226249828003347,1.0,1.0,1.6927028183147645,-9.664803356515234
nhanes_real,3,164,REVISE,True,0.001090915990062058,1.0,1.0,9.364534378051758,-6.742203756380736
nhanes_real,3,165,DiCE,False,0.015105583006516099,,,,
nhanes_real,3,165,FACE,True,0.09065329097211361,1.0,1.0,2.5612637996673584,-7.577123298013081
nhanes_real,3,165,GrowingSpheres,True,0.0007533339667133987,1.0,1.0,3.633400548743496,-8.228949030797104
nhanes_real,3,165,REVISE,True,0.0015126660000532866,1.0,1.0,5.238437652587891,-6.446020518718056
nhanes_real,3,169,DiCE,True,0.0005643339827656746,1.0,1.0,1.4099689722061157,-6.615058364896589
nhanes_real,3,169,FACE,True,0.09124462504405528,1.0,1.0,2.222844362258911,-6.3163608733137515
nhanes_real,3,169,GrowingSpheres,True,0.00022970896679908037,1.0,1.0,0.7106926225196236,-6.512629895702231
nhanes_real,3,169,REVISE,True,0.0005959999980404973,1.0,1.0,2.580289363861084,-6.034554298738264
nhanes_real,3,171,DiCE,False,0.015122207987587899,,,,
nhanes_real,3,171,FACE,True,0.09214525000425056,1.0,1.0,4.959473133087158,-6.580242819557952
nhanes_real,3,171,GrowingSpheres,True,0.0010371659882366657,1.0,1.0,6.894807761667407,-9.893388200339535
nhanes_real,3,171,REVISE,True,0.008433625043835491,1.0,1.0,3.1025002002716064,-6.326593990084687
nhanes_real,3,172,DiCE,False,0.014462666993495077,,,,
nhanes_real,3,172,FACE,True,0.09176137502072379,1.0,1.0,2.119765520095825,-6.514500673466305
nhanes_real,3,172,GrowingSpheres,True,0.0007042500074021518,1.0,1.0,3.0714056702944017,-6.79497782539924
nhanes_real,3,172,REVISE,True,0.005895334004890174,1.0,1.0,5.352570056915283,-6.077320080234096
nhanes_real,3,174,DiCE,False,0.015030375041533262,,,,
nhanes_real,3,174,FACE,True,0.0912430839962326,1.0,1.0,7.69379186630249,-9.41178114467021
nhanes_real,3,174,GrowingSpheres,True,0.000980833952780813,1.0,1.0,4.579597441856485,-17.327223583728276
nhanes_real,3,174,REVISE,True,0.006623750028666109,1.0,1.0,6.193182945251465,-8.150816969396525
nhanes_real,3,176,DiCE,False,0.014852499996777624,,,,
nhanes_real,3,176,FACE,True,0.09077787504065782,1.0,1.0,3.8253250122070312,-6.855408518889911
nhanes_real,3,176,GrowingSpheres,True,0.0007455419981852174,1.0,1.0,3.785867335763217,-7.981434127634879
nhanes_real,3,176,REVISE,True,0.007266208995133638,1.0,1.0,4.442037582397461,-6.3930100439044875
nhanes_real,3,177,DiCE,True,0.0008782079676166177,1.0,1.0,2.033066987991333,-8.383286877401016
nhanes_real,3,177,FACE,True,0.09085245802998543,1.0,1.0,5.6102495193481445,-8.184249636284434
nhanes_real,3,177,GrowingSpheres,True,0.0003072500112466514,1.0,1.0,1.667737151212858,-8.765299543060639
nhanes_real,3,177,REVISE,True,0.003206458000931889,1.0,1.0,6.68143367767334,-6.360138700443139
nhanes_real,3,178,DiCE,True,0.0008738749893382192,1.0,1.0,2.424767017364502,-9.321208749281356
nhanes_real,3,178,FACE,True,0.09078679099911824,0.0,0.0,3.338047742843628,-8.642955358986164
nhanes_real,3,178,GrowingSpheres,True,0.00033170898677781224,1.0,1.0,1.3549210252256856,-10.063291527798421
nhanes_real,3,178,REVISE,True,0.002858207968529314,1.0,1.0,7.702663421630859,-6.874891145398398
nhanes_real,3,180,DiCE,True,0.0018034590175375342,1.0,1.0,2.5355172157287598,-8.096890346871676
nhanes_real,3,180,FACE,True,0.09104962495621294,1.0,1.0,5.432450771331787,-6.610226208037899
nhanes_real,3,180,GrowingSpheres,True,0.0005304170190356672,1.0,1.0,3.118920834977317,-8.45896234661398
nhanes_real,3,180,REVISE,True,0.0023914999910630286,1.0,1.0,5.873318672180176,-6.150801257210838
nhanes_real,3,183,DiCE,True,0.0010437919991090894,1.0,1.0,2.345150947570801,-6.795077521914541
nhanes_real,3,183,FACE,True,0.09063316596439108,1.0,1.0,5.301878929138184,-7.891884981913545
nhanes_real,3,183,GrowingSpheres,True,0.0004164580022916198,1.0,1.0,2.233827982666233,-6.816869599724231
nhanes_real,3,183,REVISE,True,0.0005750830168835819,1.0,1.0,4.122028350830078,-6.150686718479654
nhanes_real,3,184,DiCE,True,0.0012408749898895621,1.0,1.0,2.499591588973999,-7.605877673207216
nhanes_real,3,184,FACE,True,0.09104691701941192,1.0,1.0,2.496852159500122,-6.688245282613307
nhanes_real,3,184,GrowingSpheres,True,0.0005257499869912863,1.0,1.0,1.6035656618920175,-9.014734464819222
nhanes_real,3,184,REVISE,True,0.006258125009480864,1.0,1.0,4.5889201164245605,-6.273148029326886
nhanes_real,3,185,DiCE,True,0.0005562079604715109,1.0,1.0,1.2293696403503418,-7.343615680665115
nhanes_real,3,185,FACE,True,0.091389250010252,0.0,1.0,4.291901588439941,-7.171552663974021
nhanes_real,3,185,GrowingSpheres,True,0.00021579198073595762,1.0,1.0,0.7783577840919477,-7.566263516277477
nhanes_real,3,185,REVISE,True,0.0031225839629769325,1.0,1.0,4.592469215393066,-6.241374921523903
nhanes_real,3,189,DiCE,True,0.0010167500004172325,1.0,1.0,2.611815929412842,-7.461370246961586
nhanes_real,3,189,FACE,True,0.0911419169860892,1.0,1.0,3.929415464401245,-7.891884981913545
nhanes_real,3,189,GrowingSpheres,True,0.0003219170030206442,1.0,1.0,0.9356328140734043,-7.5020698774891175
nhanes_real,3,189,REVISE,True,0.0006135000148788095,1.0,1.0,4.600874423980713,-6.444048529445912
nhanes_real,3,190,DiCE,False,0.015032000024802983,,,,
nhanes_real,3,190,FACE,True,0.09482058399589732,1.0,1.0,7.074428081512451,-7.949718306689671
nhanes_real,3,190,GrowingSpheres,False,0.0014035000349394977,,,,
nhanes_real,3,190,REVISE,False,0.044830082973930985,,,,
nhanes_real,3,191,DiCE,False,0.014914667000994086,,,,
nhanes_real,3,191,FACE,True,0.09119995898799971,1.0,1.0,3.4541008472442627,-6.506539804583229
nhanes_real,3,191,GrowingSpheres,True,0.0007205840083770454,1.0,1.0,4.220266646288639,-7.306892746275702
nhanes_real,3,191,REVISE,True,0.005546958011109382,1.0,1.0,3.1387157440185547,-6.533799874362381
nhanes_real,3,193,DiCE,True,0.00165049999486655,1.0,1.0,2.9548680782318115,-7.534003431247953
nhanes_real,3,193,FACE,True,0.090782625018619,1.0,1.0,4.032014846801758,-6.986975188775963
nhanes_real,3,193,GrowingSpheres,True,0.0004922079970128834,1.0,1.0,2.0704147313416392,-8.19172953440446
nhanes_real,3,193,REVISE,True,0.0024084169999696314,1.0,1.0,4.78566837310791,-6.247496956673965
nhanes_real,3,194,DiCE,False,0.01482066698372364,,,,
nhanes_real,3,194,FACE,True,0.09084133396390826,1.0,1.0,1.3450102806091309,-7.6937490705916485
nhanes_real,3,194,GrowingSpheres,True,0.0006621669745072722,1.0,1.0,2.880594864881608,-7.088854630400377
nhanes_real,3,194,REVISE,True,0.0024434170336462557,1.0,1.0,4.486598968505859,-6.313069768649946
nhanes_real,3,195,DiCE,True,0.001020749972667545,1.0,1.0,2.2702207565307617,-7.095172232931532
nhanes_real,3,195,FACE,True,0.09271887503564358,1.0,1.0,3.6699423789978027,-6.978501917275609
nhanes_real,3,195,GrowingSpheres,True,0.0004720409633591771,1.0,1.0,3.5631433776379033,-6.771919864576873
nhanes_real,3,195,REVISE,True,0.0037575410096906126,1.0,1.0,3.787712812423706,-6.165198530377284
nhanes_real,3,196,DiCE,True,0.0017637090058997273,1.0,1.0,2.5063228607177734,-7.733655239177152
nhanes_real,3,196,FACE,True,0.09109995799371973,1.0,1.0,4.5902814865112305,-6.855408518889911
nhanes_real,3,196,GrowingSpheres,True,0.0005380000220611691,1.0,1.0,2.4814600805972757,-8.607828071939142
nhanes_real,3,196,REVISE,True,0.003687917022034526,1.0,1.0,5.691096305847168,-6.240064699106835
nhanes_real,3,199,DiCE,False,0.015040834026876837,,,,
nhanes_real,3,199,FACE,True,0.09110887499991804,1.0,1.0,4.935171127319336,-6.749658401003879
nhanes_real,3,199,GrowingSpheres,True,0.0008576249820180237,1.0,1.0,5.457200607806311,-13.71995257123779
nhanes_real,3,199,REVISE,True,0.015280459017958492,1.0,1.0,5.197903156280518,-6.334472597475043
nhanes_real,3,202,DiCE,False,0.015115833026356995,,,,
nhanes_real,3,202,FACE,True,0.09187899995595217,1.0,1.0,5.799015045166016,-8.549144388332218
nhanes_real,3,202,GrowingSpheres,True,0.000992832996416837,1.0,1.0,4.7241047614761005,-10.176490143355473
nhanes_real,3,202,REVISE,True,0.011946082988288254,1.0,1.0,7.388211727142334,-9.062705462200004
nhanes_real,3,207,DiCE,True,0.0009552499977871776,1.0,1.0,2.271883964538574,-7.8869134764047715
nhanes_real,3,207,FACE,True,0.09054549998836592,1.0,1.0,2.4050793647766113,-8.069171733427586
nhanes_real,3,207,GrowingSpheres,True,0.00032900000223889947,1.0,1.0,0.6446343575380336,-8.01371915595601
nhanes_real,3,207,REVISE,True,0.000602290965616703,1.0,1.0,3.376948356628418,-6.810922451287304
nhanes_real,3,210,DiCE,True,0.0009510419913567603,1.0,1.0,2.304898262023926,-8.103768394680197
nhanes_real,3,210,FACE,True,0.09066812501987442,1.0,1.0,3.0203359127044678,-7.414878592528551
nhanes_real,3,210,GrowingSpheres,True,0.00039254198782145977,1.0,1.0,1.6486058911511992,-7.865932040519964
nhanes_real,3,210,REVISE,True,0.003915374982170761,1.0,1.0,3.6785147190093994,-6.5762350349507575
nhanes_real,3,212,DiCE,False,0.014790333982091397,,,,
nhanes_real,3,212,FACE,True,0.09117095795227215,1.0,1.0,4.206033706665039,-7.021477244889271
nhanes_real,3,212,GrowingSpheres,True,0.0005583330057561398,1.0,1.0,1.5166427019062731,-7.938247137103717
nhanes_real,3,212,REVISE,True,0.006136499985586852,1.0,1.0,4.467750549316406,-6.799324157161908
nhanes_real,3,216,DiCE,True,0.0016451250412501395,1.0,1.0,3.1643247604370117,-7.646968670599135
nhanes_real,3,216,FACE,True,0.09083758300403133,1.0,1.0,2.991316080093384,-7.6937490705916485
nhanes_real,3,216,GrowingSpheres,True,0.0004693749942816794,1.0,1.0,1.7034676694637758,-7.853342268768721
nhanes_real,3,216,REVISE,True,0.001036332978401333,1.0,1.0,5.656390190124512,-6.459896070634209
nhanes_real,3,221,DiCE,False,0.014999124978203326,,,,
nhanes_real,3,221,FACE,True,0.09073366696247831,1.0,1.0,2.5898184776306152,-8.09878556720566
nhanes_real,3,221,GrowingSpheres,True,0.0006978329620324075,1.0,1.0,2.3696626581988887,-10.124549056370881
nhanes_real,3,221,REVISE,True,0.004032833036035299,1.0,1.0,5.153637886047363,-6.93563256521783
nhanes_real,3,226,DiCE,True,0.0010048339609056711,1.0,1.0,2.287677049636841,-7.0018338144393795
nhanes_real,3,226,FACE,True,0.09136158297769725,1.0,1.0,3.9247541427612305,-7.4025184866789475
nhanes_real,3,226,GrowingSpheres,True,0.000407584011554718,1.0,1.0,1.406040643907742,-7.007409919775345
nhanes_real,3,226,REVISE,True,0.000662333972286433,1.0,1.0,2.1744682788848877,-6.483238586837243
nhanes_real,3,227,DiCE,False,0.015081459016073495,,,,
nhanes_real,3,227,FACE,True,0.09138183400500566,1.0,1.0,7.333091735839844,-8.098780410216529
nhanes_real,3,227,GrowingSpheres,True,0.0009948329534381628,1.0,1.0,2.809291527279056,-9.996865517001329
nhanes_real,3,227,REVISE,True,0.009322957950644195,1.0,1.0,6.947877407073975,-6.34102809391651
nhanes_real,3,228,DiCE,True,0.001642499992158264,1.0,1.0,3.5207793712615967,-11.330946309345148
nhanes_real,3,228,FACE,True,0.09166908304905519,1.0,1.0,5.576327323913574,-9.599374432798381
nhanes_real,3,228,GrowingSpheres,True,0.0005598750431090593,1.0,1.0,2.585637298846264,-11.40528215567447
nhanes_real,3,228,REVISE,True,0.00826245901407674,1.0,1.0,6.470758438110352,-10.183956331717694
nhanes_real,3,238,DiCE,False,0.015072166977915913,,,,
nhanes_real,3,238,FACE,True,0.09100800001760945,1.0,1.0,5.090418815612793,-6.610226208037899
nhanes_real,3,238,GrowingSpheres,True,0.0007267079781740904,1.0,1.0,2.6855558091369085,-8.488414177855951
nhanes_real,3,238,REVISE,True,0.007078583003021777,1.0,1.0,7.664352893829346,-6.2349964879373125
nhanes_real,3,239,DiCE,False,0.016476665972732008,,,,
nhanes_real,3,239,FACE,True,0.09175941598368809,1.0,1.0,3.09458327293396,-7.792066613106661
nhanes_real,3,239,GrowingSpheres,True,0.0008590419893153012,1.0,1.0,3.689445989437014,-9.03648767189376
nhanes_real,3,239,REVISE,True,0.007414833991788328,1.0,1.0,6.268770217895508,-6.342573780564854
nhanes_real,3,240,DiCE,True,0.0016557920025661588,1.0,1.0,2.250178575515747,-6.398929310599099
nhanes_real,3,240,FACE,True,0.09197008301271126,1.0,1.0,2.2311785221099854,-6.099873509613633
nhanes_real,3,240,GrowingSpheres,True,0.0005788750131614506,1.0,1.0,3.225174550882072,-6.631294433964085
nhanes_real,3,240,REVISE,True,0.0032090829918161035,1.0,1.0,1.6747146844863892,-6.188313943885199
nhanes_real,3,242,DiCE,False,0.014946458977647126,,,,
nhanes_real,3,242,FACE,True,0.09104029199806973,1.0,1.0,4.619788646697998,-7.2909292198567375
nhanes_real,3,242,GrowingSpheres,True,0.0007142500253394246,1.0,1.0,2.6849140755433623,-10.409162871742591
nhanes_real,3,242,REVISE,True,0.005311249988153577,1.0,1.0,7.59013557434082,-6.341594705878524
nhanes_real,3,244,DiCE,True,0.0008592919912189245,1.0,1.0,1.6669747829437256,-14.13081011612509
nhanes_real,3,244,FACE,True,0.09107462503015995,1.0,1.0,3.3990046977996826,-9.67774021989335
nhanes_real,3,244,GrowingSpheres,True,0.00044004101073369384,1.0,1.0,1.7153101276011342,-16.029821644886198
nhanes_real,3,244,REVISE,True,0.0029476250056177378,1.0,1.0,6.444784641265869,-8.73985095667142
nhanes_real,3,250,DiCE,True,0.0014856670168228447,1.0,1.0,3.804128646850586,-10.624060937251118
nhanes_real,3,250,FACE,True,0.0914274999522604,1.0,1.0,4.222250461578369,-9.543046233297776
nhanes_real,3,250,GrowingSpheres,True,0.0005436659557744861,1.0,1.0,2.75159369705987,-9.989858293420214
nhanes_real,3,250,REVISE,True,0.005031583015806973,1.0,1.0,9.465898513793945,-8.56078964316459
nhanes_real,3,251,DiCE,False,0.014794333023019135,,,,
nhanes_real,3,251,FACE,True,0.09390758298104629,1.0,1.0,14.548624038696289,-8.533911780273842
nhanes_real,3,251,GrowingSpheres,True,0.0009560419712215662,1.0,1.0,5.612135754519086,-19.88179567258242
nhanes_real,3,251,REVISE,True,0.006347583024762571,1.0,1.0,13.887782096862793,-7.591967220559228
nhanes_real,3,252,DiCE,False,0.015195165993645787,,,,
nhanes_real,3,252,FACE,True,0.09443612501490861,1.0,1.0,9.02336311340332,-7.263019194922698
nhanes_real,3,252,GrowingSpheres,True,0.001171707990579307,1.0,1.0,5.40772228145,-12.164246806084753
nhanes_real,3,252,REVISE,True,0.010909290984272957,1.0,1.0,10.124412536621094,-7.231819166858243
nhanes_real,3,254,DiCE,True,0.0014622079906985164,1.0,1.0,2.8359439373016357,-7.444724899194963
nhanes_real,3,254,FACE,True,0.09577695798361674,1.0,1.0,4.265448570251465,-7.071652869916594
nhanes_real,3,254,GrowingSpheres,True,0.0005614580004476011,1.0,1.0,1.9956639274976966,-7.726282539265904
nhanes_real,3,254,REVISE,True,0.0007711250218562782,1.0,1.0,3.646886110305786,-6.400116068088056
nhanes_real,3,259,DiCE,False,0.01621320901904255,,,,
nhanes_real,3,259,FACE,True,0.0981129159918055,1.0,1.0,4.484863758087158,-6.982433328651446
nhanes_real,3,259,GrowingSpheres,True,0.0012846669997088611,1.0,1.0,6.368568891152881,-7.770808960172172
nhanes_real,3,259,REVISE,False,0.045027874992229044,,,,
nhanes_real,3,261,DiCE,False,0.014793707989156246,,,,
nhanes_real,3,261,FACE,True,0.0916111670085229,1.0,1.0,5.851345062255859,-6.610226208037899
nhanes_real,3,261,GrowingSpheres,True,0.0010792500106617808,1.0,1.0,6.457523817065082,-7.092940991923016
nhanes_real,3,261,REVISE,False,0.04242787498515099,,,,
nhanes_real,3,262,DiCE,True,0.0013362080208025873,1.0,1.0,2.5386853218078613,-6.687301709865299
nhanes_real,3,262,FACE,True,0.09106541698565707,1.0,1.0,4.5501837730407715,-6.225370815488659
nhanes_real,3,262,GrowingSpheres,True,0.0004638339742086828,1.0,1.0,1.599038381771367,-6.930121637510687
nhanes_real,3,262,REVISE,True,0.0015691249864175916,1.0,1.0,2.0282301902770996,-6.197396316767469
nhanes_real,3,265,DiCE,False,0.014745082997251302,,,,
nhanes_real,3,265,FACE,True,0.09113029099535197,1.0,1.0,8.089767456054688,-9.44019051223911
nhanes_real,3,265,GrowingSpheres,True,0.0009980419999919832,1.0,1.0,4.466029945931648,-11.64396964088256
nhanes_real,3,265,REVISE,False,0.04362791700987145,,,,
nhanes_real,3,271,DiCE,True,0.0013410000246949494,1.0,1.0,3.259037494659424,-10.030598732554274
nhanes_real,3,271,FACE,True,0.09094787499634549,1.0,1.0,4.318359851837158,-8.64439259250498
nhanes_real,3,271,GrowingSpheres,True,0.00048466597218066454,1.0,1.0,1.5571144706138373,-9.942628293542613
nhanes_real,3,271,REVISE,True,0.0006038749706931412,1.0,1.0,9.011604309082031,-7.152475849844201
nhanes_real,3,272,DiCE,False,0.014755041047465056,,,,
nhanes_real,3,272,FACE,True,0.09089179197326303,1.0,1.0,3.8131229877471924,-6.986975188775963
nhanes_real,3,272,GrowingSpheres,True,0.0006115839933045208,1.0,1.0,2.793882865269743,-6.918740918380077
nhanes_real,3,272,REVISE,True,0.004414499970152974,1.0,1.0,4.6911234855651855,-6.114472407823065
nhanes_real,3,275,DiCE,False,0.015270666975993663,,,,
nhanes_real,3,275,FACE,True,0.09062366699799895,1.0,1.0,2.494041681289673,-6.605605418901714
nhanes_real,3,275,GrowingSpheres,True,0.0005435000057332218,1.0,1.0,3.803396258493237,-9.25297712980556
nhanes_real,3,275,REVISE,True,0.005908333987463266,1.0,1.0,7.191037178039551,-6.098505861992598
nhanes_real,3,276,DiCE,True,0.0008699999889358878,1.0,1.0,2.034139633178711,-8.142706953935306
nhanes_real,3,276,FACE,True,0.09155091596767306,1.0,1.0,2.739060401916504,-7.186986498735283
nhanes_real,3,276,GrowingSpheres,True,0.00033854099456220865,1.0,1.0,0.8337696770892594,-8.020466398398877
nhanes_real,3,276,REVISE,True,0.005176582955755293,1.0,1.0,3.5764591693878174,-6.725216128580746
nhanes_real,3,277,DiCE,True,0.001205375010613352,1.0,1.0,2.5197031497955322,-6.967162065609452
nhanes_real,3,277,FACE,True,0.09097675001248717,1.0,1.0,2.864917278289795,-6.610226208037899
nhanes_real,3,277,GrowingSpheres,True,0.0003961669863201678,1.0,1.0,1.2858727335806628,-7.354231714363953
nhanes_real,3,277,REVISE,True,0.0019577080383896828,1.0,1.0,3.1404571533203125,-6.174938038513838
nhanes_real,3,279,DiCE,True,0.000883875007275492,1.0,1.0,2.266749382019043,-9.509556842654408
nhanes_real,3,279,FACE,True,0.09130208299029619,1.0,1.0,4.041938781738281,-7.672416559629973
nhanes_real,3,279,GrowingSpheres,True,0.0004706250037997961,1.0,1.0,2.8999115928604464,-9.411484708555372
nhanes_real,3,279,REVISE,True,0.0006914580008015037,1.0,1.0,5.198553562164307,-7.543704790134466
nhanes_real,3,280,DiCE,True,0.001196958008222282,1.0,1.0,1.9512766599655151,-8.173703570776198
nhanes_real,3,280,FACE,True,0.09117062494624406,1.0,1.0,2.941849708557129,-7.071652869916594
nhanes_real,3,280,GrowingSpheres,True,0.00044899998465552926,1.0,1.0,2.241009830409528,-7.608192261300264
nhanes_real,3,280,REVISE,True,0.0019472500425763428,1.0,1.0,4.06020450592041,-6.4113908032522735
nhanes_real,3,283,DiCE,False,0.014743416977580637,,,,
nhanes_real,3,283,FACE,True,0.09097937500337139,1.0,1.0,5.582115650177002,-6.824008658628924
nhanes_real,3,283,GrowingSpheres,True,0.0006607079994864762,1.0,1.0,3.068439790084031,-9.168068280187862
nhanes_real,3,283,REVISE,True,0.008202457975130528,1.0,1.0,9.027953147888184,-6.132104517871506
nhanes_real,3,284,DiCE,False,0.01457508298335597,,,,
nhanes_real,3,284,FACE,True,0.09089641598984599,1.0,1.0,1.9558241367340088,-6.749658401003879
nhanes_real,3,284,GrowingSpheres,True,0.0005662079784087837,1.0,1.0,2.9239094308880214,-7.076508114494045
nhanes_real,3,284,REVISE,True,0.00935666699660942,1.0,1.0,4.340060710906982,-6.252638842812187
nhanes_real,3,285,DiCE,False,0.01484383299248293,,,,
nhanes_real,3,285,FACE,True,0.09046049998141825,1.0,1.0,2.337949514389038,-6.225370815488659
nhanes_real,3,285,GrowingSpheres,True,0.0007741249864920974,1.0,1.0,3.388636510358138,-7.821705484616567
nhanes_real,3,285,REVISE,True,0.006452333997003734,1.0,1.0,2.2350313663482666,-6.4359612545928035
nhanes_real,3,288,DiCE,True,0.0008730829576961696,1.0,1.0,1.8433517217636108,-7.308033399883207
nhanes_real,3,288,FACE,True,0.09080449998145923,1.0,1.0,2.620976209640503,-7.800367102541299
nhanes_real,3,288,GrowingSpheres,True,0.00029433402232825756,1.0,1.0,1.4153494894967145,-7.4755367921047435
nhanes_real,3,288,REVISE,True,0.0010517920018173754,1.0,1.0,3.1257479190826416,-6.574594005838871
nhanes_real,3,290,DiCE,True,0.0010401250328868628,1.0,1.0,2.3588507175445557,-7.802909900689952
nhanes_real,3,290,FACE,True,0.09110445802798495,1.0,1.0,2.6026363372802734,-7.3803819193573705
nhanes_real,3,290,GrowingSpheres,True,0.00039137498242780566,1.0,1.0,2.300380637583701,-8.049850298142434
nhanes_real,3,290,REVISE,True,0.003297374991234392,1.0,1.0,3.564513683319092,-6.278178264174192
nhanes_real,3,291,DiCE,True,0.0010290410136803985,1.0,1.0,3.003216505050659,-11.014356117247008
nhanes_real,3,291,FACE,True,0.09177466598339379,1.0,1.0,9.38302993774414,-9.734325490466135
nhanes_real,3,291,GrowingSpheres,True,0.0004303749883547425,1.0,1.0,2.3661735745396615,-10.834292963643811
nhanes_real,3,291,REVISE,True,0.000829583965241909,1.0,1.0,5.5550537109375,-9.883593568478489
nhanes_real,3,292,DiCE,False,0.016854832996614277,,,,
nhanes_real,3,292,FACE,True,0.09492687496822327,1.0,1.0,6.392948150634766,-7.2909292198567375
nhanes_real,3,292,GrowingSpheres,True,0.0010546669946052134,1.0,1.0,3.6579526949527343,-9.840424611393662
nhanes_real,3,292,REVISE,True,0.008325624978169799,1.0,1.0,9.500556945800781,-6.595654411928303
nhanes_real,3,296,DiCE,False,0.01676237495848909,,,,
nhanes_real,3,296,FACE,True,0.09536862501408905,1.0,1.0,7.676816940307617,-7.590266537891541
nhanes_real,3,296,GrowingSpheres,True,0.0007905830279923975,1.0,1.0,3.253464623438134,-15.453866783482619
nhanes_real,3,296,REVISE,True,0.01262754196068272,1.0,1.0,11.635342597961426,-6.109366653118246
nhanes_real,3,302,DiCE,False,0.01508983300300315,,,,
nhanes_real,3,302,FACE,True,0.09066375001566485,1.0,1.0,4.810466289520264,-6.580242819557952
nhanes_real,3,302,GrowingSpheres,True,0.001125750015489757,1.0,1.0,8.692444514022958,-10.062108436643506
nhanes_real,3,302,REVISE,False,0.042263083974830806,,,,
nhanes_real,3,304,DiCE,False,0.01545362500473857,,,,
nhanes_real,3,304,FACE,True,0.09214845800306648,1.0,1.0,12.604517936706543,-6.986975188775963
nhanes_real,3,304,GrowingSpheres,True,0.0009962500189431012,1.0,1.0,4.801800339266579,-15.16601105651645
nhanes_real,3,304,REVISE,True,0.007316917006392032,1.0,1.0,13.176189422607422,-6.246258711285375
nhanes_real,3,308,DiCE,False,0.014943750051315874,,,,
nhanes_real,3,308,FACE,True,0.09121662500547245,1.0,1.0,3.7721757888793945,-6.9083323335902165
nhanes_real,3,308,GrowingSpheres,True,0.0006337089580483735,1.0,1.0,3.1166180893487634,-7.23801573915421
nhanes_real,3,308,REVISE,True,0.006117790995631367,1.0,1.0,3.3659238815307617,-6.196289436858781
nhanes_real,3,309,DiCE,True,0.0013357499847188592,1.0,1.0,2.576432704925537,-6.980630234235809
nhanes_real,3,309,FACE,True,0.09103549999417737,1.0,1.0,2.6401894092559814,-6.506539804583229
nhanes_real,3,309,GrowingSpheres,True,0.0004556670319288969,1.0,1.0,1.720337934791651,-6.91278403134001
nhanes_real,3,309,REVISE,True,0.0015378330135717988,1.0,1.0,1.8740427494049072,-6.30150235528096
nhanes_real,3,310,DiCE,True,0.0009045829647220671,1.0,1.0,2.164031982421875,-6.85357955668438
nhanes_real,3,310,FACE,True,0.09071679203771055,1.0,1.0,2.6898012161254883,-6.559882543502612
nhanes_real,3,310,GrowingSpheres,True,0.0003155000158585608,1.0,1.0,1.8073647989199555,-6.790634725437856
nhanes_real,3,310,REVISE,True,0.0039963749586604536,1.0,1.0,2.206155776977539,-6.403137218780534
nhanes_real,3,311,DiCE,False,0.014882958959788084,,,,
nhanes_real,3,311,FACE,True,0.09076370799448341,1.0,1.0,3.1599202156066895,-7.2612625958397246
nhanes_real,3,311,GrowingSpheres,True,0.0006589159602299333,1.0,1.0,1.6044723981810218,-6.365989753713885
nhanes_real,3,311,REVISE,True,0.008088790986221284,1.0,1.0,4.025218963623047,-6.2209372523520035
nhanes_real,3,312,DiCE,True,0.0005667919758707285,1.0,1.0,1.0080773830413818,-8.554171228381938
nhanes_real,3,312,FACE,True,0.09572020801715553,1.0,1.0,3.6959316730499268,-6.552982605528417
nhanes_real,3,312,GrowingSpheres,True,0.00022649997845292091,1.0,1.0,0.6437664887795136,-8.61123462715723
nhanes_real,3,312,REVISE,True,0.00375970802269876,1.0,1.0,3.8562192916870117,-6.568299587242391
nhanes_real,3,314,DiCE,False,0.015149458951782435,,,,
nhanes_real,3,314,FACE,True,0.0956362079596147,1.0,1.0,4.1557159423828125,-6.506539804583229
nhanes_real,3,314,GrowingSpheres,True,0.0010780839947983623,1.0,1.0,5.833442249777154,-8.562740659497576
nhanes_real,3,314,REVISE,True,0.01053462503477931,1.0,1.0,3.284221649169922,-6.5955759484438286
nhanes_real,3,318,DiCE,True,0.0016653750208206475,1.0,1.0,2.623438596725464,-10.57178429707418
nhanes_real,3,318,FACE,True,0.0950958330067806,1.0,1.0,6.14279317855835,-6.978501917275609
nhanes_real,3,318,GrowingSpheres,True,0.0006064999615773559,1.0,1.0,2.0236481636241073,-12.227654697504537
nhanes_real,3,318,REVISE,True,0.0055397499818354845,1.0,1.0,7.436581611633301,-6.698497570055535
nhanes_real,3,319,DiCE,False,0.014857416972517967,,,,
nhanes_real,3,319,FACE,True,0.09166762500535697,1.0,1.0,3.343069076538086,-7.4801469045056646
nhanes_real,3,319,GrowingSpheres,True,0.000999417039565742,1.0,1.0,7.137245370205604,-12.255704842832653
nhanes_real,3,319,REVISE,True,0.015021083992905915,1.0,1.0,6.898681163787842,-6.354353960240531
nhanes_real,3,320,DiCE,False,0.014979708008468151,,,,
nhanes_real,3,320,FACE,True,0.09077529195928946,1.0,1.0,9.694497108459473,-9.734325490466135
nhanes_real,3,320,GrowingSpheres,True,0.0009969170205295086,1.0,1.0,6.619785827940106,-17.7840813771611
nhanes_real,3,320,REVISE,True,0.008327332965563983,1.0,1.0,15.080866813659668,-9.280408913462853
nhanes_real,3,321,DiCE,True,0.0016812910325825214,1.0,1.0,3.0477042198181152,-8.197099199942613
nhanes_real,3,321,FACE,True,0.09161595901241526,1.0,1.0,2.8441476821899414,-8.639355565280749
nhanes_real,3,321,GrowingSpheres,True,0.0005162500310689211,1.0,1.0,2.144705732149845,-8.476230866992319
nhanes_real,3,321,REVISE,True,0.0029092920012772083,1.0,1.0,5.549838066101074,-6.849944177611317
nhanes_real,3,322,DiCE,True,0.0016634170315228403,1.0,1.0,3.0267016887664795,-11.854560827829905
nhanes_real,3,322,FACE,True,0.09129783301614225,1.0,1.0,4.759707927703857,-9.462967910030152
nhanes_real,3,322,GrowingSpheres,True,0.0006637080223299563,1.0,1.0,4.80909321822207,-16.136912591078847
nhanes_real,3,322,REVISE,True,0.0028895410359837115,1.0,1.0,6.082167148590088,-8.987023428070316
nhanes_real,3,324,DiCE,False,0.014663417008705437,,,,
nhanes_real,3,324,FACE,True,0.09117583296028897,1.0,1.0,7.143703937530518,-9.744117222894575
nhanes_real,3,324,GrowingSpheres,True,0.0006552500417456031,1.0,1.0,4.2835895200716445,-9.069047350292458
nhanes_real,3,324,REVISE,True,0.0006294999620877206,1.0,1.0,9.377358436584473,-6.203250458204174
nhanes_real,3,326,DiCE,True,0.0014857500209473073,1.0,1.0,3.3188469409942627,-11.786264734277196
nhanes_real,3,326,FACE,True,0.09158649999881163,1.0,1.0,3.239210605621338,-9.56763858185613
nhanes_real,3,326,GrowingSpheres,True,0.0007477090111933649,1.0,1.0,3.062068347935179,-14.905717129443511
nhanes_real,3,326,REVISE,True,0.0006814579828642309,1.0,1.0,9.019735336303711,-9.554892048215036
nhanes_real,3,327,DiCE,True,0.0015998329618014395,1.0,1.0,2.15714430809021,-6.274188979026097
nhanes_real,3,327,FACE,True,0.09126025001751259,1.0,1.0,3.4693446159362793,-6.099873509613633
nhanes_real,3,327,GrowingSpheres,True,0.00043741700937971473,1.0,1.0,1.8858299307773225,-6.157169216292656
nhanes_real,3,327,REVISE,True,0.0019225419964641333,1.0,1.0,2.162034034729004,-6.087131938999875
nhanes_real,3,328,DiCE,False,0.014712875010445714,,,,
nhanes_real,3,328,FACE,True,0.09187799994833767,1.0,1.0,1.3401811122894287,-9.489760538605578
nhanes_real,3,328,GrowingSpheres,True,0.0009682080126367509,1.0,1.0,4.023727442776158,-11.206945376616924
nhanes_real,3,328,REVISE,True,0.008659082988742739,1.0,1.0,6.066399574279785,-7.342972233434869
nhanes_real,3,329,DiCE,False,0.015624874969944358,,,,
nhanes_real,3,329,FACE,True,0.09152970800641924,1.0,1.0,1.555895209312439,-6.961897407402411
nhanes_real,3,329,GrowingSpheres,True,0.0008103330037556589,1.0,1.0,2.741297046237216,-7.605696872758456
nhanes_real,3,329,REVISE,True,0.0033107080380432308,1.0,1.0,3.589324474334717,-6.1866354032230975
nhanes_real,3,332,DiCE,False,0.01469433301826939,,,,
nhanes_real,3,332,FACE,True,0.09145641699433327,1.0,1.0,3.9412522315979004,-8.639355565280749
nhanes_real,3,332,GrowingSpheres,True,0.0007385420030914247,1.0,1.0,2.41847797697379,-7.509022839205052
nhanes_real,3,332,REVISE,True,0.0057453339686617255,1.0,1.0,4.570921897888184,-6.6059727729625495
nhanes_real,3,339,DiCE,False,0.014527291001286358,,,,
nhanes_real,3,339,FACE,True,0.09080349997384474,1.0,1.0,5.032006740570068,-9.459984357656793
nhanes_real,3,339,GrowingSpheres,False,0.001309166953433305,,,,
nhanes_real,3,339,REVISE,False,0.04330754204420373,,,,
nhanes_real,3,340,DiCE,True,0.000997584022115916,1.0,1.0,2.268587112426758,-8.012445691452664
nhanes_real,3,340,FACE,True,0.09033087501302361,1.0,1.0,2.5549302101135254,-6.982433328651446
nhanes_real,3,340,GrowingSpheres,True,0.00042799999937415123,1.0,1.0,1.6547249024156687,-8.635931253552627
nhanes_real,3,340,REVISE,True,0.007914749963674694,1.0,1.0,3.642333507537842,-6.675748022576123
nhanes_real,3,341,DiCE,False,0.014973375014960766,,,,
nhanes_real,3,341,FACE,True,0.09054933302104473,1.0,1.0,7.165937423706055,-7.85649657704054
nhanes_real,3,341,GrowingSpheres,True,0.0013565829722210765,1.0,1.0,8.85607304899712,-12.207910559738634
nhanes_real,3,341,REVISE,True,0.00730087497504428,1.0,1.0,6.782931804656982,-7.0922375044911385
nhanes_real,3,342,DiCE,False,0.015047458990011364,,,,
nhanes_real,3,342,FACE,True,0.09093462501186877,1.0,1.0,6.918585777282715,-8.826068136712887
nhanes_real,3,342,GrowingSpheres,True,0.0008180839940905571,1.0,1.0,4.891322455291014,-12.06036164786206
nhanes_real,3,342,REVISE,True,0.006569417018909007,1.0,1.0,7.384176254272461,-6.6758480849901085
nhanes_real,3,344,DiCE,False,0.014953416015487164,,,,
nhanes_real,3,344,FACE,True,0.09148795797955245,1.0,1.0,6.574667453765869,-7.87580239118899
nhanes_real,3,344,GrowingSpheres,True,0.0010136250057257712,1.0,1.0,6.784914554286805,-16.31563343309449
nhanes_real,3,344,REVISE,True,0.008672291995026171,1.0,1.0,8.471282958984375,-6.930076912266993
nhanes_real,3,346,DiCE,False,0.01495041704038158,,,,
nhanes_real,3,346,FACE,True,0.09114687499823049,1.0,1.0,9.238811492919922,-7.511742868153151
nhanes_real,3,346,GrowingSpheres,True,0.0009857079712674022,1.0,1.0,4.3470045564300275,-22.55863208978971
nhanes_real,3,346,REVISE,True,0.009085458004847169,1.0,1.0,8.91620922088623,-7.070431467085321
nhanes_real,3,347,DiCE,True,0.0013437500456348062,1.0,1.0,2.3231167793273926,-8.356535352752731
nhanes_real,3,347,FACE,True,0.09094970801379532,1.0,1.0,2.0773439407348633,-6.768153131752447
nhanes_real,3,347,GrowingSpheres,True,0.0004172499757260084,1.0,1.0,1.6047332313861316,-7.568850586387158
nhanes_real,3,347,REVISE,True,0.00287070800550282,1.0,1.0,5.586251258850098,-6.183620862245441
nhanes_real,3,348,DiCE,False,0.014865249977447093,,,,
nhanes_real,3,348,FACE,True,0.09106583398533985,1.0,1.0,3.09588885307312,-6.225370815488659
nhanes_real,3,348,GrowingSpheres,True,0.0008058330276980996,1.0,1.0,6.101808927148667,-8.744785779671737
nhanes_real,3,348,REVISE,True,0.00636595900868997,1.0,1.0,3.3883306980133057,-6.185998985900548
nhanes_real,3,349,DiCE,True,0.001021375006530434,1.0,1.0,1.9841097593307495,-6.696984693623853
nhanes_real,3,349,FACE,True,0.09178304101806134,1.0,1.0,4.000596523284912,-6.993278836233811
nhanes_real,3,349,GrowingSpheres,True,0.0004782920004799962,1.0,1.0,2.434489328356622,-7.121102144602453
nhanes_real,3,349,REVISE,True,0.0007006249506957829,1.0,1.0,2.4501311779022217,-6.348328080016394
nhanes_real,3,351,DiCE,False,0.015099875046871603,,,,
nhanes_real,3,351,FACE,True,0.09105812496272847,1.0,1.0,5.425605297088623,-6.993278836233811
nhanes_real,3,351,GrowingSpheres,True,0.0008323329966515303,1.0,1.0,3.562425661990468,-6.439861096975861
nhanes_real,3,351,REVISE,True,0.008235207991674542,1.0,1.0,3.6385600566864014,-6.226112528279592
nhanes_real,3,357,DiCE,False,0.014936625026166439,,,,
nhanes_real,3,357,FACE,True,0.09071045799646527,1.0,1.0,4.221803188323975,-7.9970605928224
nhanes_real,3,357,GrowingSpheres,True,0.0007201249827630818,1.0,1.0,3.3061141083297527,-8.01550499123186
nhanes_real,3,357,REVISE,True,0.008939291990827769,1.0,1.0,6.3712077140808105,-6.203625377467456
nhanes_real,3,360,DiCE,True,0.0005835830233991146,1.0,1.0,1.2785801887512207,-6.650989653058387
nhanes_real,3,360,FACE,True,0.09038779203547165,1.0,1.0,1.4345873594284058,-6.580242819557952
nhanes_real,3,360,GrowingSpheres,True,0.0002032499760389328,1.0,1.0,0.8074675623718967,-6.741840465665708
nhanes_real,3,360,REVISE,True,0.0023908750154078007,1.0,1.0,2.671103000640869,-6.152332733056191
nhanes_real,3,365,DiCE,False,0.014819832984358072,,,,
nhanes_real,3,365,FACE,True,0.09374612499959767,1.0,1.0,2.2862019538879395,-7.659765151942779
nhanes_real,3,365,GrowingSpheres,True,0.0006379159749485552,1.0,1.0,3.220982309703529,-8.04468416444978
nhanes_real,3,365,REVISE,True,0.010040875000413507,1.0,1.0,5.452873706817627,-6.6787850477438795
nhanes_real,3,367,DiCE,False,0.015269999974407256,,,,
nhanes_real,3,367,FACE,True,0.09133100003236905,1.0,1.0,6.576635360717773,-7.85649657704054
nhanes_real,3,367,GrowingSpheres,True,0.0008804579847492278,1.0,1.0,4.813296460994309,-9.118701792475022
nhanes_real,3,367,REVISE,True,0.009279082994908094,1.0,1.0,7.455443382263184,-6.318203933445421
nhanes_real,3,368,DiCE,True,0.001816375006455928,1.0,1.0,2.0452044010162354,-9.364368057383448
nhanes_real,3,368,FACE,True,0.09146399999735877,1.0,1.0,6.8778076171875,-6.9562882720912675
nhanes_real,3,368,GrowingSpheres,True,0.0005446670111268759,1.0,1.0,2.201793778622325,-9.732359070200484
nhanes_real,3,368,REVISE,True,0.003656707995105535,1.0,1.0,8.700231552124023,-6.123980637243053
nhanes_real,3,369,DiCE,True,0.0013507920084521174,1.0,1.0,3.572023630142212,-14.766393225412042
nhanes_real,3,369,FACE,True,0.09147316700546071,1.0,1.0,4.016807556152344,-9.763814890006206
nhanes_real,3,369,GrowingSpheres,True,0.0005759579944424331,1.0,1.0,2.2552896902606534,-12.647767115326948
nhanes_real,3,369,REVISE,True,0.001933666004333645,1.0,1.0,4.2769060134887695,-11.670329832572435
nhanes_real,3,370,DiCE,True,0.0015197090106084943,1.0,1.0,3.676222324371338,-13.202645057745105
nhanes_real,3,370,FACE,True,0.0915899159736,1.0,1.0,9.935691833496094,-9.261546008159707
nhanes_real,3,370,GrowingSpheres,True,0.0006129999528639019,1.0,1.0,4.786667422327213,-13.764597695192759
nhanes_real,3,370,REVISE,True,0.0006379580008797348,1.0,1.0,7.326625823974609,-10.291430217624441
nhanes_real,3,371,DiCE,True,0.001384790986776352,1.0,1.0,2.615828275680542,-10.336244346839475
nhanes_real,3,371,FACE,True,0.09194066701456904,1.0,1.0,6.490026473999023,-9.009279382536786
nhanes_real,3,371,GrowingSpheres,True,0.0005938750109635293,1.0,1.0,2.877454633258384,-11.718045369302157
nhanes_real,3,371,REVISE,True,0.00754537497414276,1.0,1.0,6.679152488708496,-7.662606925369683
nhanes_real,3,372,DiCE,True,0.0007352909888140857,1.0,1.0,1.9855643510818481,-14.22903969596878
nhanes_real,3,372,FACE,True,0.0922470839577727,0.0,1.0,6.761008262634277,-8.120765783018433
nhanes_real,3,372,GrowingSpheres,True,0.0003019999712705612,1.0,1.0,0.6167404309069324,-13.701570205085586
nhanes_real,3,372,REVISE,True,0.0012315420317463577,1.0,1.0,7.075807571411133,-8.29348809725581
nhanes_real,3,374,DiCE,True,0.0007372499676421285,1.0,1.0,1.4203369617462158,-10.606591187168945
nhanes_real,3,374,FACE,True,0.09056766598951072,1.0,1.0,5.192880153656006,-8.098780410216529
nhanes_real,3,374,GrowingSpheres,True,0.00034429196966812015,1.0,1.0,2.0746053183776034,-11.819762000415732
nhanes_real,3,374,REVISE,True,0.0011157499975524843,1.0,1.0,9.074349403381348,-6.234997936092494
nhanes_real,3,376,DiCE,False,0.01510445901658386,,,,
nhanes_real,3,376,FACE,True,0.09028866700828075,1.0,1.0,11.4814453125,-7.87580239118899
nhanes_real,3,376,GrowingSpheres,False,0.0012647919938899577,,,,
nhanes_real,3,376,REVISE,False,0.04368887498276308,,,,
nhanes_real,3,379,DiCE,True,0.0010557500063441694,1.0,1.0,2.043710231781006,-7.422460618709758
nhanes_real,3,379,FACE,True,0.09133108303649351,1.0,1.0,1.7703254222869873,-6.81755346993382
nhanes_real,3,379,GrowingSpheres,True,0.0003422920126467943,1.0,1.0,1.3392704874314814,-7.4238452289313415
nhanes_real,3,379,REVISE,True,0.005221208033617586,1.0,1.0,3.518131971359253,-6.454350319009196
nhanes_real,3,380,DiCE,False,0.01500720897456631,,,,
nhanes_real,3,380,FACE,True,0.09277404204476625,1.0,1.0,6.484969615936279,-6.824008658628924
nhanes_real,3,380,GrowingSpheres,True,0.0013425000361166894,1.0,1.0,7.924344654806094,-7.0036847582113095
nhanes_real,3,380,REVISE,False,0.04378312500193715,,,,
nhanes_real,3,381,DiCE,True,0.0013600829988718033,1.0,1.0,2.6351003646850586,-9.128275754968652
nhanes_real,3,381,FACE,True,0.09149408299708739,1.0,1.0,4.894554615020752,-7.558025715020017
nhanes_real,3,381,GrowingSpheres,True,0.00046491698594763875,1.0,1.0,1.7517066435970956,-8.839367243813099
nhanes_real,3,381,REVISE,True,0.00549616600619629,1.0,1.0,3.253624439239502,-6.705185676212071
nhanes_real,3,387,DiCE,True,0.0008913329802453518,1.0,1.0,1.6289942264556885,-7.14223411904174
nhanes_real,3,387,FACE,True,0.09075604099780321,1.0,1.0,1.3668253421783447,-6.435451534937995
nhanes_real,3,387,GrowingSpheres,True,0.00041966704884544015,1.0,1.0,1.8111941487691272,-7.02721043919202
nhanes_real,3,387,REVISE,True,0.0016255000373348594,1.0,1.0,1.8223098516464233,-6.246167348695871
nhanes_real,3,388,DiCE,False,0.015257292019668967,,,,
nhanes_real,3,388,FACE,True,0.09127170802094042,1.0,1.0,4.388780117034912,-6.099873509613633
nhanes_real,3,388,GrowingSpheres,True,0.0009194589802064002,1.0,1.0,3.5488821157294876,-7.5903122080808
nhanes_real,3,388,REVISE,True,0.009400167036801577,1.0,1.0,4.18115758895874,-6.148439961577557
nhanes_real,3,389,DiCE,True,0.0008841250091791153,1.0,1.0,2.0077037811279297,-13.363103803267437
nhanes_real,3,389,FACE,True,0.09120220795739442,1.0,1.0,6.669930458068848,-9.572871325957784
nhanes_real,3,389,GrowingSpheres,True,0.00036287499824538827,1.0,1.0,1.528406699842485,-12.626995730138134
nhanes_real,3,389,REVISE,True,0.0005956660024821758,1.0,1.0,5.1777238845825195,-9.891175471325521
nhanes_real,3,393,DiCE,True,0.0005801660008728504,1.0,1.0,1.4281152486801147,-7.145358040665158
nhanes_real,3,393,FACE,True,0.09114991698879749,1.0,1.0,2.0179362297058105,-6.7661684311838215
nhanes_real,3,393,GrowingSpheres,True,0.0001717499690130353,1.0,1.0,0.3137499478504173,-7.119371391172081
nhanes_real,3,393,REVISE,True,0.0027782079996541142,1.0,1.0,2.2074551582336426,-6.618061198041311
nhanes_real,3,397,DiCE,False,0.014905165997333825,,,,
nhanes_real,3,397,FACE,True,0.09162212500814348,1.0,1.0,3.3599257469177246,-7.171552663974021
nhanes_real,3,397,GrowingSpheres,True,0.0009239579667337239,1.0,1.0,6.21315340150445,-8.030132152512582
nhanes_real,3,397,REVISE,True,0.008928708033636212,1.0,1.0,6.468015670776367,-6.15655258197364
nhanes_real,3,400,DiCE,False,0.01479245797963813,,,,
nhanes_real,3,400,FACE,True,0.09070516697829589,1.0,1.0,5.888859748840332,-7.036825924459807
nhanes_real,3,400,GrowingSpheres,True,0.0007142499671317637,1.0,1.0,4.384721818426176,-10.000375915778466
nhanes_real,3,400,REVISE,True,0.005851584021002054,1.0,1.0,8.060239791870117,-6.711552103679314
nhanes_real,3,402,DiCE,False,0.01486404100432992,,,,
nhanes_real,3,402,FACE,True,0.09060762502485886,1.0,1.0,2.1426260471343994,-6.099873509613633
nhanes_real,3,402,GrowingSpheres,True,0.0006981249898672104,1.0,1.0,3.9385553122082797,-6.634425417224305
nhanes_real,3,402,REVISE,True,0.006871875026263297,1.0,1.0,2.7436952590942383,-6.159294320971968
nhanes_real,3,403,DiCE,False,0.015127583988942206,,,,
nhanes_real,3,403,FACE,True,0.09118570800637826,1.0,1.0,4.894827365875244,-6.978501917275609
nhanes_real,3,403,GrowingSpheres,True,0.000641333987005055,1.0,1.0,3.1333752284490073,-9.997868203732294
nhanes_real,3,403,REVISE,True,0.010355625010561198,1.0,1.0,4.525979042053223,-7.445901270950053
nhanes_real,3,404,DiCE,True,0.0023177500115707517,1.0,1.0,4.55187463760376,-13.202313229170574
nhanes_real,3,404,FACE,True,0.09083337499760091,1.0,1.0,7.370899200439453,-9.734325490466135
nhanes_real,3,404,GrowingSpheres,True,0.0007013750146143138,1.0,1.0,3.947343078760391,-12.000281110353628
nhanes_real,3,404,REVISE,True,0.000653750030323863,1.0,1.0,13.51188850402832,-6.999473809205799
nhanes_real,3,407,DiCE,True,0.0015324169653467834,1.0,1.0,2.8636136054992676,-8.184380747443859
nhanes_real,3,407,FACE,True,0.09209308301797137,1.0,1.0,4.99891471862793,-7.211608029016763
nhanes_real,3,407,GrowingSpheres,True,0.0006833330262452364,1.0,1.0,3.5716042748694288,-8.429491805928661
nhanes_real,3,407,REVISE,True,0.001963666989468038,1.0,1.0,4.7261552810668945,-6.6361782691930244
nhanes_real,3,409,DiCE,True,0.0012896659900434315,1.0,1.0,2.5576024055480957,-8.30019128337494
nhanes_real,3,409,FACE,True,0.0905653330264613,1.0,1.0,4.478815078735352,-7.558025715020017
nhanes_real,3,409,GrowingSpheres,True,0.0004005830269306898,1.0,1.0,1.7498935218778509,-9.931221012167368
nhanes_real,3,409,REVISE,True,0.0028504160000011325,1.0,1.0,6.189398288726807,-6.565506541487547
nhanes_real,3,411,DiCE,True,0.0010270839557051659,1.0,1.0,2.6415963172912598,-10.547093636421671
nhanes_real,3,411,FACE,True,0.0911085830302909,1.0,1.0,3.3876352310180664,-8.503873600910751
nhanes_real,3,411,GrowingSpheres,True,0.0003352079656906426,1.0,1.0,1.5919347869539222,-11.694122738110222
nhanes_real,3,411,REVISE,True,0.004016666964162141,1.0,1.0,2.9529311656951904,-7.649856631851013
nhanes_real,3,412,DiCE,True,0.0011360000353306532,1.0,1.0,2.163440465927124,-9.205798068433602
nhanes_real,3,412,FACE,True,0.09114541701273993,1.0,1.0,3.826188564300537,-8.534043035540071
nhanes_real,3,412,GrowingSpheres,True,0.0005264169885776937,1.0,1.0,3.7683089043636517,-10.723120084673376
nhanes_real,3,412,REVISE,True,0.001999375002924353,1.0,1.0,6.524875640869141,-6.307439611220764
nhanes_real,3,413,DiCE,False,0.014821541961282492,,,,
nhanes_real,3,413,FACE,True,0.09097637498052791,1.0,1.0,5.166935920715332,-6.986975188775963
nhanes_real,3,413,GrowingSpheres,True,0.000988959043752402,1.0,1.0,4.991987362266821,-8.055310033479977
nhanes_real,3,413,REVISE,True,0.007565833977423608,1.0,1.0,6.184054851531982,-6.206472180866015
nhanes_real,3,417,DiCE,True,0.0015946250059641898,1.0,1.0,2.9658641815185547,-7.491699806484613
nhanes_real,3,417,FACE,True,0.09152254095533863,1.0,1.0,6.041778087615967,-7.067634233406897
nhanes_real,3,417,GrowingSpheres,True,0.0005075419903732836,1.0,1.0,2.8318193947058488,-8.114073275353954
nhanes_real,3,417,REVISE,True,0.0006406250176951289,1.0,1.0,4.54441499710083,-6.8916392383549105
nhanes_real,3,418,DiCE,True,0.001210041984450072,1.0,1.0,3.0799741744995117,-10.261950139731653
nhanes_real,3,418,FACE,True,0.09098687500227243,1.0,1.0,4.380443096160889,-9.16575684364389
nhanes_real,3,418,GrowingSpheres,True,0.0004277919651940465,1.0,1.0,1.7244225757262823,-10.080269536387581
nhanes_real,3,418,REVISE,True,0.00061495800036937,1.0,1.0,6.522442817687988,-7.244025443411791
nhanes_real,3,420,DiCE,True,0.0026947910082526505,1.0,1.0,3.9027676582336426,-11.06301188055921
nhanes_real,3,420,FACE,True,0.09294487501028925,1.0,1.0,6.464056015014648,-9.416207769933733
nhanes_real,3,420,GrowingSpheres,True,0.0007307499763555825,1.0,1.0,2.869296767952484,-12.207889236160863
nhanes_real,3,420,REVISE,True,0.004982416983693838,1.0,1.0,5.258583068847656,-9.790805493751105
nhanes_real,3,422,DiCE,True,0.0012453750241547823,1.0,1.0,2.8787052631378174,-8.717159085561237
nhanes_real,3,422,FACE,True,0.09135037497617304,1.0,1.0,5.732745170593262,-7.793601273841951
nhanes_real,3,422,GrowingSpheres,True,0.0005166659830138087,1.0,1.0,2.435213152296625,-9.508128759463482
nhanes_real,3,422,REVISE,True,0.0006977499579079449,1.0,1.0,6.113795280456543,-6.759551320941327
nhanes_real,3,424,DiCE,False,0.014909584017004818,,,,
nhanes_real,3,424,FACE,True,0.09150925005087629,1.0,1.0,3.9290645122528076,-6.610226208037899
nhanes_real,3,424,GrowingSpheres,False,0.001380832982249558,,,,
nhanes_real,3,424,REVISE,False,0.04237516602734104,,,,
nhanes_real,3,430,DiCE,True,0.000728667015209794,1.0,1.0,1.5207831859588623,-7.261402161723581
nhanes_real,3,430,FACE,True,0.09172879200195894,1.0,1.0,0.8950673341751099,-6.899498424666717
nhanes_real,3,430,GrowingSpheres,True,0.00028966699028387666,1.0,1.0,1.2141605478455928,-7.049345569417553
nhanes_real,3,430,REVISE,True,0.0011028750450350344,1.0,1.0,3.169952869415283,-6.285669897521164
nhanes_real,3,432,DiCE,False,0.014904292009305209,,,,
nhanes_real,3,432,FACE,True,0.0907693330082111,1.0,1.0,9.352714538574219,-7.800367102541299
nhanes_real,3,432,GrowingSpheres,True,0.0010012920247390866,1.0,1.0,6.912471266445168,-11.923072855593638
nhanes_real,3,432,REVISE,True,0.005397624976467341,1.0,1.0,9.435199737548828,-6.529814250449204
nhanes_real,3,436,DiCE,False,0.015540042018983513,,,,
nhanes_real,3,436,FACE,True,0.09263058303622529,1.0,1.0,3.416680097579956,-6.506539804583229
nhanes_real,3,436,GrowingSpheres,True,0.0008737919852137566,1.0,1.0,6.2423592797112475,-6.67693406095471
nhanes_real,3,436,REVISE,True,0.007735249993856996,1.0,1.0,2.2351911067962646,-6.65084714519279
nhanes_real,3,437,DiCE,True,0.0014860419905744493,1.0,1.0,2.574183940887451,-6.603430658212843
nhanes_real,3,437,FACE,True,0.09128504199907184,1.0,1.0,2.1761891841888428,-6.76277009426631
nhanes_real,3,437,GrowingSpheres,True,0.0004201250267215073,1.0,1.0,1.4231270904567808,-6.401977405810891
nhanes_real,3,437,REVISE,True,0.002477250003721565,1.0,1.0,1.5775412321090698,-6.110556813221379
nhanes_real,3,438,DiCE,True,0.0012216249597258866,1.0,1.0,2.554532527923584,-7.72009953262231
nhanes_real,3,438,FACE,True,0.09069662500405684,1.0,1.0,4.281749248504639,-8.200607368003823
nhanes_real,3,438,GrowingSpheres,True,0.00039666600059717894,1.0,1.0,1.180417909642184,-8.861456098556712
nhanes_real,3,438,REVISE,True,0.0029602499562315643,1.0,1.0,5.289534568786621,-6.325184377894747
nhanes_real,3,440,DiCE,False,0.015361583034973592,,,,
nhanes_real,3,440,FACE,True,0.09083483298309147,1.0,1.0,3.2289891242980957,-6.986975188775963
nhanes_real,3,440,GrowingSpheres,True,0.0005852499743923545,1.0,1.0,2.6161837456138013,-8.491415182467449
nhanes_real,3,440,REVISE,True,0.005593292007688433,1.0,1.0,5.605080604553223,-6.224277364280311
nhanes_real,3,443,DiCE,False,0.015093916968908161,,,,
nhanes_real,3,443,FACE,True,0.09124033397529274,1.0,1.0,4.470727920532227,-6.855408518889911
nhanes_real,3,443,GrowingSpheres,True,0.000807542004622519,1.0,1.0,2.751271623784138,-8.350097118747152
nhanes_real,3,443,REVISE,True,0.008873916987795383,1.0,1.0,5.82011604309082,-6.2795851764984025
nhanes_real,3,444,DiCE,False,0.015274040983058512,,,,
nhanes_real,3,444,FACE,True,0.09137500001816079,1.0,1.0,4.813443660736084,-7.2612625958397246
nhanes_real,3,444,GrowingSpheres,True,0.0011283329804427922,1.0,1.0,5.48469211678003,-7.323126083552147
nhanes_real,3,444,REVISE,False,0.04291758401086554,,,,
nhanes_real,3,446,DiCE,True,0.0006997910095378757,1.0,1.0,1.5161609649658203,-8.047458235974634
nhanes_real,3,446,FACE,True,0.09519791696220636,1.0,1.0,2.709820508956909,-7.010747456516449
nhanes_real,3,446,GrowingSpheres,True,0.0002876669750548899,1.0,1.0,0.9073399994944326,-8.170906507515358
nhanes_real,3,446,REVISE,True,0.002523458970244974,1.0,1.0,4.29093074798584,-6.360533993936557
nhanes_real,3,447,DiCE,True,0.0012050829827785492,1.0,1.0,2.2835681438446045,-9.95389213773068
nhanes_real,3,447,FACE,True,0.09183787496294826,1.0,1.0,3.3054490089416504,-7.32173842863704
nhanes_real,3,447,GrowingSpheres,True,0.0004379999591037631,1.0,1.0,2.206721867547798,-10.334823150248162
nhanes_real,3,447,REVISE,True,0.005054833018220961,1.0,1.0,5.264814853668213,-6.801678714849289
nhanes_real,3,451,DiCE,False,0.015060958045069128,,,,
nhanes_real,3,451,FACE,True,0.09069858299335465,1.0,1.0,5.668577194213867,-7.949718306689671
nhanes_real,3,451,GrowingSpheres,True,0.0010450419504195452,1.0,1.0,7.990643369585923,-9.90598828287665
nhanes_real,3,451,REVISE,True,0.007516709039919078,1.0,1.0,6.108537197113037,-6.796201790002115
nhanes_real,3,452,DiCE,True,0.0007442919886671007,1.0,1.0,1.7803418636322021,-14.90738151586571
nhanes_real,3,452,FACE,True,0.09071487502660602,1.0,1.0,7.896266937255859,-9.615141339799992
nhanes_real,3,452,GrowingSpheres,True,0.0002625420456752181,1.0,1.0,0.952852682423272,-15.32765329369688
nhanes_real,3,452,REVISE,True,0.0006320839747786522,1.0,1.0,5.524013042449951,-12.028490619449274
nhanes_real,3,453,DiCE,False,0.01523416698910296,,,,
nhanes_real,3,453,FACE,True,0.09120579197769985,1.0,1.0,3.149263381958008,-7.2909292198567375
nhanes_real,3,453,GrowingSpheres,True,0.0007038330077193677,1.0,1.0,4.426608236303627,-7.76392084730025
nhanes_real,3,453,REVISE,True,0.0058923750184476376,1.0,1.0,5.310295104980469,-6.126791128122042
nhanes_real,3,456,DiCE,True,0.001002917008008808,1.0,1.0,2.937077522277832,-7.82578351011734
nhanes_real,3,456,FACE,True,0.0903219590545632,1.0,1.0,4.104575157165527,-6.688108365154095
nhanes_real,3,456,GrowingSpheres,True,0.0004131249734200537,1.0,1.0,1.7562664193870836,-8.052877574615486
nhanes_real,3,456,REVISE,True,0.00057908397866413,1.0,1.0,4.395263671875,-6.250692024687445
nhanes_real,3,457,DiCE,True,0.000909249996766448,1.0,1.0,1.9514774084091187,-6.708286702590334
nhanes_real,3,457,FACE,True,0.0905972080072388,1.0,1.0,3.38659405708313,-6.273952467791187
nhanes_real,3,457,GrowingSpheres,True,0.00030320900259539485,1.0,1.0,1.6473760764725318,-6.952682013485851
nhanes_real,3,457,REVISE,True,0.0005622089956887066,1.0,1.0,2.2304399013519287,-6.262655686210723
nhanes_real,3,458,DiCE,True,0.0019226250005885959,1.0,1.0,2.9968526363372803,-10.79364072217796
nhanes_real,3,458,FACE,True,0.09075033303815871,1.0,1.0,9.8965425491333,-9.421485173098375
nhanes_real,3,458,GrowingSpheres,True,0.0006037920247763395,1.0,1.0,3.288456421203547,-11.33118428718258
nhanes_real,3,458,REVISE,True,0.008241500006988645,1.0,1.0,4.634925842285156,-10.340047965987756
nhanes_real,3,459,DiCE,False,0.015015792043413967,,,,
nhanes_real,3,459,FACE,True,0.09084379096748307,1.0,1.0,7.8569183349609375,-7.036825924459807
nhanes_real,3,459,GrowingSpheres,True,0.0008047919836826622,1.0,1.0,3.8872503723575935,-9.208965207783686
nhanes_real,3,459,REVISE,True,0.006461209035478532,1.0,1.0,8.797992706298828,-6.392977034957025
nhanes_real,3,461,DiCE,False,0.015122832963243127,,,,
nhanes_real,3,461,FACE,True,0.09249925002222881,1.0,1.0,5.689749717712402,-6.273952467791187
nhanes_real,3,461,GrowingSpheres,True,0.000884292006958276,1.0,1.0,4.730087446842485,-10.495287378495608
nhanes_real,3,461,REVISE,True,0.006452417001128197,1.0,1.0,4.773122787475586,-6.370087509836265
nhanes_real,3,462,DiCE,True,0.0013245409936644137,1.0,1.0,2.420564651489258,-9.28339980311424
nhanes_real,3,462,FACE,True,0.09129199996823445,1.0,1.0,7.0954437255859375,-6.986975188775963
nhanes_real,3,462,GrowingSpheres,True,0.0006011250079609454,1.0,1.0,2.1680629132427685,-9.502073669022034
nhanes_real,3,462,REVISE,True,0.0015606670058332384,1.0,1.0,5.505453109741211,-6.968286217372695
nhanes_real,3,463,DiCE,True,0.0010667909518815577,1.0,1.0,2.133441686630249,-8.55862839947741
nhanes_real,3,463,FACE,True,0.09079395799199119,1.0,1.0,3.1997604370117188,-7.790193757960417
nhanes_real,3,463,GrowingSpheres,True,0.00037654105108231306,1.0,1.0,1.7156695495785768,-8.264212161860943
nhanes_real,3,463,REVISE,True,0.0005895000067539513,1.0,1.0,2.88370418548584,-7.518687628610078
nhanes_real,3,465,DiCE,False,0.015360624995082617,,,,
nhanes_real,3,465,FACE,True,0.09132604202022776,1.0,1.0,6.600004196166992,-7.646941742824237
nhanes_real,3,465,GrowingSpheres,True,0.0009459999855607748,1.0,1.0,6.422592268444773,-12.258106050586546
nhanes_real,3,465,REVISE,True,0.006404166982974857,1.0,1.0,6.7757744789123535,-6.4405233289530095
nhanes_real,3,468,DiCE,False,0.015153708984144032,,,,
nhanes_real,3,468,FACE,True,0.09150699997553602,1.0,1.0,8.29537296295166,-7.3803819193573705
nhanes_real,3,468,GrowingSpheres,True,0.0010216669761575758,1.0,1.0,4.7265070303154815,-11.003823981833762
nhanes_real,3,468,REVISE,False,0.04313700000056997,,,,
nhanes_real,3,469,DiCE,True,0.0008504999568685889,1.0,1.0,2.2236528396606445,-6.640960057820621
nhanes_real,3,469,FACE,True,0.09086208301596344,1.0,1.0,3.5051374435424805,-6.42684739514194
nhanes_real,3,469,GrowingSpheres,True,0.0003506250213831663,1.0,1.0,1.4683802968170854,-7.106428926709629
nhanes_real,3,469,REVISE,True,0.0005978749832138419,1.0,1.0,3.106010675430298,-6.323401863380868
nhanes_real,3,472,DiCE,True,0.0010562920360825956,1.0,1.0,2.2563254833221436,-9.013111919998336
nhanes_real,3,472,FACE,True,0.09087116701994091,1.0,1.0,3.2970361709594727,-7.911963337945763
nhanes_real,3,472,GrowingSpheres,True,0.0004296249826438725,1.0,1.0,1.4164599161737148,-9.176139927477605
nhanes_real,3,472,REVISE,True,0.006949457980226725,1.0,1.0,5.061931610107422,-6.909039906302695
nhanes_real,3,475,DiCE,True,0.0014470419846475124,1.0,1.0,3.108139991760254,-9.117078240983014
nhanes_real,3,475,FACE,True,0.09087170800194144,1.0,1.0,4.428500652313232,-8.642955358986164
nhanes_real,3,475,GrowingSpheres,True,0.00043583300430327654,1.0,1.0,1.70548500367822,-9.157385500164626
nhanes_real,3,475,REVISE,True,0.0015374589711427689,1.0,1.0,6.972744941711426,-6.894754699861611
nhanes_real,3,477,DiCE,False,0.01537074998486787,,,,
nhanes_real,3,477,FACE,True,0.09070479095680639,1.0,1.0,3.6614413261413574,-7.904099788793811
nhanes_real,3,477,GrowingSpheres,True,0.0007223749998956919,1.0,1.0,4.026253671122418,-8.03606065814354
nhanes_real,3,477,REVISE,True,0.003705125011038035,1.0,1.0,3.9235334396362305,-7.5870276791988935
nhanes_real,3,481,DiCE,True,0.0013151250313967466,1.0,1.0,3.2702043056488037,-14.435232956280446
nhanes_real,3,481,FACE,True,0.09101820801151916,1.0,1.0,8.487600326538086,-9.489760538605578
nhanes_real,3,481,GrowingSpheres,True,0.0005043330020271242,1.0,1.0,2.3189179245374443,-13.365526596481239
nhanes_real,3,481,REVISE,True,0.001089208002667874,1.0,1.0,6.763619422912598,-10.29693904092134
nhanes_real,3,483,DiCE,True,0.0005809160065837204,1.0,1.0,1.3281731605529785,-7.4070647041099456
nhanes_real,3,483,FACE,True,0.0907381660072133,0.0,1.0,4.729212760925293,-6.794872344921142
nhanes_real,3,483,GrowingSpheres,True,0.00023504102136939764,1.0,1.0,0.4048524666937237,-7.853590431042351
nhanes_real,3,483,REVISE,True,0.0010404580389149487,1.0,1.0,4.528838157653809,-6.269209996919626
nhanes_real,3,484,DiCE,False,0.014711791998706758,,,,
nhanes_real,3,484,FACE,True,0.09086699999170378,1.0,1.0,4.239182949066162,-7.640288313494715
nhanes_real,3,484,GrowingSpheres,True,0.000780042028054595,1.0,1.0,6.538790013837418,-9.739518393043733
nhanes_real,3,484,REVISE,True,0.007666375022381544,1.0,1.0,3.961164951324463,-7.364896206592761
nhanes_real,3,485,DiCE,False,0.014844666002318263,,,,
nhanes_real,3,485,FACE,True,0.09099712496390566,1.0,1.0,1.9594409465789795,-6.76277009426631
nhanes_real,3,485,GrowingSpheres,True,0.0006337499944493175,1.0,1.0,4.176086857516241,-7.755420897499748
nhanes_real,3,485,REVISE,True,0.005195625009946525,1.0,1.0,2.967636823654175,-6.3431962951085845
nhanes_real,3,486,DiCE,False,0.014677999948617071,,,,
nhanes_real,3,486,FACE,True,0.090822083002422,1.0,1.0,2.3836588859558105,-6.336108161670304
nhanes_real,3,486,GrowingSpheres,True,0.0006620829808525741,1.0,1.0,3.7594366421739513,-7.561637428488309
nhanes_real,3,486,REVISE,True,0.00935116596519947,1.0,1.0,4.391551971435547,-6.244099016027782
nhanes_real,3,487,DiCE,True,0.00133275002008304,1.0,1.0,2.3720364570617676,-10.178064164263938
nhanes_real,3,487,FACE,True,0.090613458014559,1.0,1.0,2.437948226928711,-7.171552663974021
nhanes_real,3,487,GrowingSpheres,True,0.0004167080041952431,1.0,1.0,2.296891614185877,-8.727760327853296
nhanes_real,3,487,REVISE,True,0.007351625012233853,1.0,1.0,6.498706817626953,-6.199359931690298
nhanes_real,3,489,DiCE,False,0.014719292055815458,,,,
nhanes_real,3,489,FACE,True,0.09066704101860523,1.0,1.0,2.981950283050537,-6.336108161670304
nhanes_real,3,489,GrowingSpheres,True,0.0008076659869402647,1.0,1.0,2.9182876296740208,-8.813868450857232
nhanes_real,3,489,REVISE,False,0.04150304198265076,,,,
nhanes_real,3,493,DiCE,True,0.0011089579784311354,1.0,1.0,2.7302074432373047,-10.832383808086075
nhanes_real,3,493,FACE,True,0.0908898749621585,1.0,1.0,3.605149745941162,-9.615141339799992
nhanes_real,3,493,GrowingSpheres,True,0.0003310000174678862,1.0,1.0,1.4302526711867198,-11.220356058833591
nhanes_real,3,493,REVISE,True,0.00528495799517259,1.0,1.0,6.200582027435303,-10.358219747387142
nhanes_real,3,495,DiCE,True,0.0014705830253660679,1.0,1.0,2.8491992950439453,-8.074042888663277
nhanes_real,3,495,FACE,True,0.09098012500908226,1.0,1.0,5.466468811035156,-7.672416559629973
nhanes_real,3,495,GrowingSpheres,True,0.0004563330439850688,1.0,1.0,1.844016182073154,-7.130975767520339
nhanes_real,3,495,REVISE,True,0.0014429579605348408,1.0,1.0,4.192207336425781,-6.3996577951577205
nhanes_real,3,500,DiCE,True,0.0005419999943114817,1.0,1.0,1.4174423217773438,-7.956296682359444
nhanes_real,3,500,FACE,True,0.09341516700806096,0.0,0.0,3.137301445007324,-7.7739076534356855
nhanes_real,3,500,GrowingSpheres,True,0.00035149999894201756,1.0,1.0,0.9839396498112383,-8.304845449641451
nhanes_real,3,500,REVISE,True,0.000829625001642853,1.0,1.0,5.370960235595703,-6.468400680516208
nhanes_real,3,501,DiCE,True,0.0014812499866820872,1.0,1.0,3.4431381225585938,-7.94485820881231
nhanes_real,3,501,FACE,True,0.09225433401297778,1.0,1.0,4.998311519622803,-8.223597933074906
nhanes_real,3,501,GrowingSpheres,True,0.0005283330101519823,1.0,1.0,3.215074118612017,-7.5464480661173745
nhanes_real,3,501,REVISE,True,0.001475666998885572,1.0,1.0,3.6916255950927734,-6.491711289961993
nhanes_real,3,502,DiCE,True,0.002288583025801927,1.0,1.0,2.345743417739868,-8.618670469600465
nhanes_real,3,502,FACE,True,0.09106837504077703,1.0,1.0,4.584727764129639,-7.9970605928224
nhanes_real,3,502,GrowingSpheres,True,0.0005885830032639205,1.0,1.0,1.4356427005147774,-7.385745446374576
nhanes_real,3,502,REVISE,True,0.00702816597186029,1.0,1.0,5.0369110107421875,-6.263462763865958
nhanes_real,3,503,DiCE,True,0.0009101250325329602,1.0,1.0,1.8101783990859985,-7.063376079993847
nhanes_real,3,503,FACE,True,0.0910377079853788,1.0,1.0,4.463123798370361,-6.273952467791187
nhanes_real,3,503,GrowingSpheres,True,0.00030337501084432006,1.0,1.0,0.7589538651022176,-7.140913457511459
nhanes_real,3,503,REVISE,True,0.0006156250019557774,1.0,1.0,3.348235845565796,-6.140986218167965
nhanes_real,3,506,DiCE,False,0.01442866597790271,,,,
nhanes_real,3,506,FACE,True,0.09093566599767655,1.0,1.0,2.7917842864990234,-6.099873509613633
nhanes_real,3,506,GrowingSpheres,True,0.0005322910146787763,1.0,1.0,2.942589593473513,-6.419815882932831
nhanes_real,3,506,REVISE,True,0.004841334011871368,1.0,1.0,2.4418468475341797,-6.2207740461219805
nhanes_real,3,507,DiCE,True,0.0011681669857352972,1.0,1.0,1.5138846635818481,-8.753009948998457
nhanes_real,3,507,FACE,True,0.09075195802142844,1.0,1.0,5.866919994354248,-8.171817342017965
nhanes_real,3,507,GrowingSpheres,True,0.0003011669614352286,1.0,1.0,1.0868622199092801,-8.54444130705117
nhanes_real,3,507,REVISE,True,0.0007073330343700945,1.0,1.0,5.9591755867004395,-6.300738645071382
nhanes_real,3,508,DiCE,False,0.014758375007659197,,,,
nhanes_real,3,508,FACE,True,0.09087799995904788,1.0,1.0,3.7137398719787598,-6.225370815488659
nhanes_real,3,508,GrowingSpheres,True,0.0007189160096459091,1.0,1.0,1.7038393093182083,-7.353373666284351
nhanes_real,3,508,REVISE,True,0.0050319170113652945,1.0,1.0,2.6290082931518555,-6.241483145200118
nhanes_real,3,509,DiCE,False,0.01510866597527638,,,,
nhanes_real,3,509,FACE,True,0.09127895900746807,1.0,1.0,2.4686062335968018,-6.7661684311838215
nhanes_real,3,509,GrowingSpheres,True,0.0007650419720448554,1.0,1.0,5.111016822423652,-9.34928510163886
nhanes_real,3,509,REVISE,False,0.04337254201527685,,,,
nhanes_real,3,511,DiCE,True,0.0010369159863330424,1.0,1.0,2.5546746253967285,-9.401461265121647
nhanes_real,3,511,FACE,True,0.09086300001945347,1.0,1.0,6.219690322875977,-9.41683673845408
nhanes_real,3,511,GrowingSpheres,True,0.0003367920289747417,1.0,1.0,1.6982798483606116,-9.39440659193641
nhanes_real,3,511,REVISE,True,0.0005885419668629766,1.0,1.0,3.5254340171813965,-8.88574918191083
nhanes_real,3,514,DiCE,True,0.0013810419477522373,1.0,1.0,3.2881553173065186,-7.983201911214275
nhanes_real,3,514,FACE,True,0.0914598330273293,1.0,1.0,6.527384281158447,-7.458751120776546
nhanes_real,3,514,GrowingSpheres,True,0.0004232909996062517,1.0,1.0,1.4120552927667402,-8.664289967082485
nhanes_real,3,514,REVISE,True,0.0034475409775041044,1.0,1.0,6.135402202606201,-6.364847298100311
nhanes_real,3,515,DiCE,True,0.0010809159721247852,1.0,1.0,2.1433804035186768,-9.768573416050222
nhanes_real,3,515,FACE,True,0.09713841701159254,1.0,1.0,7.6780853271484375,-8.59151704423805
nhanes_real,3,515,GrowingSpheres,True,0.00048408302245661616,1.0,1.0,2.0458943713034428,-10.510543395963422
nhanes_real,3,515,REVISE,True,0.0007244169828481972,1.0,1.0,7.480896472930908,-6.6051676134788995
nhanes_real,3,517,DiCE,False,0.01549508300377056,,,,
nhanes_real,3,517,FACE,True,0.09196804097155109,1.0,1.0,4.7649245262146,-6.945501948748624
nhanes_real,3,517,GrowingSpheres,True,0.0007925420068204403,1.0,1.0,3.0051326904883777,-8.08103153101848
nhanes_real,3,517,REVISE,True,0.004682584025431424,1.0,1.0,4.287149429321289,-6.829596409638018
nhanes_real,3,518,DiCE,True,0.0015602500061504543,1.0,1.0,1.718280553817749,-8.991185441662564
nhanes_real,3,518,FACE,True,0.0909937089891173,1.0,1.0,6.841791152954102,-6.986975188775963
nhanes_real,3,518,GrowingSpheres,True,0.000550583004951477,1.0,1.0,2.2383822298558727,-9.163843157771028
nhanes_real,3,518,REVISE,True,0.002095291973091662,1.0,1.0,6.162042617797852,-6.617499411288028
nhanes_real,3,519,DiCE,True,0.0012527499930001795,1.0,1.0,2.529712200164795,-6.08923553579807
nhanes_real,3,519,FACE,True,0.0910542500205338,1.0,1.0,2.3880808353424072,-6.225370815488659
nhanes_real,3,519,GrowingSpheres,True,0.0004847919917665422,1.0,1.0,1.3152744415229696,-7.040534856980947
nhanes_real,3,519,REVISE,True,0.0010376659920439124,1.0,1.0,2.643831253051758,-6.103254288587827
nhanes_real,3,520,DiCE,False,0.014963166031520814,,,,
nhanes_real,3,520,FACE,True,0.09127550001721829,1.0,1.0,6.635982990264893,-7.3109496235753255
nhanes_real,3,520,GrowingSpheres,True,0.0009253750322386622,1.0,1.0,6.413346151738915,-11.729436625065855
nhanes_real,3,520,REVISE,True,0.00743529200553894,1.0,1.0,6.523378372192383,-6.500720562364686
nhanes_real,3,522,DiCE,True,0.0012267089914530516,1.0,1.0,1.9461429119110107,-6.979108261861077
nhanes_real,3,522,FACE,True,0.0909119580173865,1.0,1.0,2.566066026687622,-6.593758972443126
nhanes_real,3,522,GrowingSpheres,True,0.0003809999907389283,1.0,1.0,2.385551634394125,-6.788298324997367
nhanes_real,3,522,REVISE,True,0.0048530419589951634,1.0,1.0,4.128778457641602,-6.314986388440438
nhanes_real,3,524,DiCE,True,0.0009115000138990581,1.0,1.0,2.2783730030059814,-8.764255242232437
nhanes_real,3,524,FACE,True,0.09117941604927182,1.0,1.0,4.869479656219482,-7.343539433075554
nhanes_real,3,524,GrowingSpheres,True,0.00033300003269687295,1.0,1.0,1.1393445159211066,-8.601639199707389
nhanes_real,3,524,REVISE,True,0.0014384170062839985,1.0,1.0,5.931442737579346,-6.909449319030831
nhanes_real,3,525,DiCE,True,0.0008817919879220426,1.0,1.0,2.3055436611175537,-10.943310268908332
nhanes_real,3,525,FACE,True,0.09113133401842788,0.0,1.0,4.990919589996338,-8.27549184927457
nhanes_real,3,525,GrowingSpheres,True,0.0003706669667735696,1.0,1.0,1.9591622423212298,-10.748632022396164
nhanes_real,3,525,REVISE,True,0.0010965419933199883,1.0,1.0,5.3012003898620605,-7.673132834484079
nhanes_real,3,527,DiCE,True,0.001361750008072704,1.0,1.0,2.5147783756256104,-8.424156051707229
nhanes_real,3,527,FACE,True,0.09040758304763585,1.0,1.0,3.750520944595337,-7.367473565882466
nhanes_real,3,527,GrowingSpheres,True,0.0004912089789286256,1.0,1.0,2.6091448347158552,-10.048890115854764
nhanes_real,3,527,REVISE,True,0.00058712501777336,1.0,1.0,4.162477493286133,-6.744845427549956
nhanes_real,3,531,DiCE,True,0.0005737919709645212,1.0,1.0,1.266889214515686,-6.7593166898584425
nhanes_real,3,531,FACE,True,0.09116737503791228,1.0,1.0,2.5385847091674805,-6.559882543502612
nhanes_real,3,531,GrowingSpheres,True,0.00023158302064985037,1.0,1.0,0.900527296786208,-6.767878769517106
nhanes_real,3,531,REVISE,True,0.00205875001847744,1.0,1.0,1.7455002069473267,-6.255666300237607
nhanes_real,3,533,DiCE,True,0.0018328329897485673,1.0,1.0,2.9325942993164062,-6.473149801234404
nhanes_real,3,533,FACE,True,0.09152716601965949,1.0,1.0,3.7603089809417725,-6.225370815488659
nhanes_real,3,533,GrowingSpheres,True,0.0006248329882510006,1.0,1.0,2.678466693882445,-6.662430744779723
nhanes_real,3,533,REVISE,True,0.0028285420266911387,1.0,1.0,3.184328079223633,-6.054648834522695
nhanes_real,3,534,DiCE,False,0.015051209018565714,,,,
nhanes_real,3,534,FACE,True,0.09126495796954259,1.0,1.0,7.0469183921813965,-7.949718306689671
nhanes_real,3,534,GrowingSpheres,True,0.0012565000215545297,1.0,1.0,6.443255597595422,-12.411037224537559
nhanes_real,3,534,REVISE,True,0.008266833028756082,1.0,1.0,6.028327941894531,-8.230332416507627
nhanes_real,3,536,DiCE,True,0.0005541249993257225,1.0,1.0,1.5301992893218994,-8.229622838645406
nhanes_real,3,536,FACE,True,0.0912651660037227,1.0,1.0,5.08980655670166,-7.324697349171729
nhanes_real,3,536,GrowingSpheres,True,0.0002794160391204059,1.0,1.0,1.341890885458734,-8.941376418369627
nhanes_real,3,536,REVISE,True,0.0006030839867889881,1.0,1.0,3.9939827919006348,-7.157481046138472
nhanes_real,3,537,DiCE,False,0.01488462497945875,,,,
nhanes_real,3,537,FACE,True,0.09070800000336021,1.0,1.0,2.773547649383545,-6.506539804583229
nhanes_real,3,537,GrowingSpheres,True,0.0007394999847747386,1.0,1.0,4.140945631730671,-7.256112077025469
nhanes_real,3,537,REVISE,True,0.006571125006303191,1.0,1.0,3.505506992340088,-6.345469811468867
nhanes_real,3,540,DiCE,True,0.002451666980050504,1.0,1.0,3.3715648651123047,-11.254838518815347
nhanes_real,3,540,FACE,True,0.09046475001377985,1.0,1.0,3.8357229232788086,-9.44019051223911
nhanes_real,3,540,GrowingSpheres,True,0.0005742090288549662,1.0,1.0,2.459043823375751,-11.099665500480231
nhanes_real,3,540,REVISE,True,0.003732499957550317,1.0,1.0,10.098831176757812,-7.586714768700524
nhanes_real,3,541,DiCE,True,0.0012286659912206233,1.0,1.0,2.719416379928589,-7.733248925901354
nhanes_real,3,541,FACE,True,0.0913669160217978,1.0,1.0,4.238508701324463,-8.110329572936015
nhanes_real,3,541,GrowingSpheres,True,0.0004253340302966535,1.0,1.0,1.8566383044562502,-7.19701838979401
nhanes_real,3,541,REVISE,True,0.0024004169972613454,1.0,1.0,3.171370029449463,-6.35684627471856
nhanes_real,3,542,DiCE,False,0.01513220794731751,,,,
nhanes_real,3,542,FACE,True,0.09171249996870756,1.0,1.0,6.009349822998047,-7.021477244889271
nhanes_real,3,542,GrowingSpheres,True,0.0011969999759458005,1.0,1.0,8.334413904451575,-12.769330507491187
nhanes_real,3,542,REVISE,False,0.04326404200401157,,,,
nhanes_real,3,544,DiCE,True,0.001177750003989786,1.0,1.0,2.46061635017395,-8.02844958936365
nhanes_real,3,544,FACE,True,0.0914308339706622,1.0,1.0,2.7019619941711426,-6.435451534937995
nhanes_real,3,544,GrowingSpheres,True,0.0003435419639572501,1.0,1.0,1.2986941543061685,-7.61170424352084
nhanes_real,3,544,REVISE,True,0.00254116696305573,1.0,1.0,2.0699381828308105,-6.372391324488372
nhanes_real,3,548,DiCE,True,0.0009313750197179615,1.0,1.0,2.2238144874572754,-8.104338730553225
nhanes_real,3,548,FACE,True,0.09417179197771475,1.0,1.0,1.82588791847229,-8.250169994523375
nhanes_real,3,548,GrowingSpheres,True,0.00039662502240389585,1.0,1.0,2.16227441380194,-8.403055274603316
nhanes_real,3,548,REVISE,True,0.0006632910226471722,1.0,1.0,5.178658485412598,-6.5934014353774995
nhanes_real,3,549,DiCE,False,0.01521829201374203,,,,
nhanes_real,3,549,FACE,True,0.0911497920169495,1.0,1.0,7.387668609619141,-7.85649657704054
nhanes_real,3,549,GrowingSpheres,True,0.0010238749673590064,1.0,1.0,4.368070157185928,-9.669584202956038
nhanes_real,3,549,REVISE,True,0.011199000000488013,1.0,1.0,6.460658550262451,-6.412184972873282
nhanes_real,3,551,DiCE,False,0.014750125003047287,,,,
nhanes_real,3,551,FACE,True,0.09118795796530321,1.0,1.0,13.034859657287598,-7.689828369057719
nhanes_real,3,551,GrowingSpheres,False,0.0012796660303138196,,,,
nhanes_real,3,551,REVISE,False,0.04218150000087917,,,,
nhanes_real,3,552,DiCE,False,0.014807290979661047,,,,
nhanes_real,3,552,FACE,True,0.09109162504319102,1.0,1.0,7.2782745361328125,-7.067634233406897
nhanes_real,3,552,GrowingSpheres,True,0.0008941250271163881,1.0,1.0,5.708474073063607,-8.965800672163342
nhanes_real,3,552,REVISE,True,0.004240041947923601,1.0,1.0,4.807665824890137,-6.665686124083775
nhanes_real,3,554,DiCE,True,0.0010359999723732471,1.0,1.0,1.9964994192123413,-6.689842807156344
nhanes_real,3,554,FACE,True,0.09160462499130517,1.0,1.0,3.3563451766967773,-6.3163608733137515
nhanes_real,3,554,GrowingSpheres,True,0.00037733401404693723,1.0,1.0,1.7245830891328773,-6.840266600361895
nhanes_real,3,554,REVISE,True,0.001610957959201187,1.0,1.0,2.6027069091796875,-6.065863066830431
nhanes_real,3,556,DiCE,True,0.0012161250342614949,1.0,1.0,2.3785006999969482,-6.96336208978108
nhanes_real,3,556,FACE,True,0.09083095903042704,1.0,1.0,3.526747703552246,-6.945501948748624
nhanes_real,3,556,GrowingSpheres,True,0.00042799999937415123,1.0,1.0,3.0084614174538347,-6.995639200867041
nhanes_real,3,556,REVISE,True,0.0006276250351220369,1.0,1.0,3.4245007038116455,-6.7419224761605845
nhanes_real,3,562,DiCE,False,0.01512291602557525,,,,
nhanes_real,3,562,FACE,True,0.09119133302010596,1.0,1.0,4.778938293457031,-6.728981320352956
nhanes_real,3,562,GrowingSpheres,True,0.0006965420325286686,1.0,1.0,3.018559936628161,-7.600091080627934
nhanes_real,3,562,REVISE,True,0.008065874979365617,1.0,1.0,3.203489303588867,-6.12356082444327
nhanes_real,3,564,DiCE,True,0.0008435000199824572,1.0,1.0,2.0016422271728516,-8.540085012877503
nhanes_real,3,564,FACE,True,0.0908068330027163,1.0,1.0,3.1731300354003906,-7.891884981913545
nhanes_real,3,564,GrowingSpheres,True,0.0002899999963119626,1.0,1.0,1.1120781435722187,-8.453333753242559
nhanes_real,3,564,REVISE,True,0.0006868750206194818,1.0,1.0,5.5101704597473145,-6.596562524034018
nhanes_real,3,566,DiCE,True,0.0015890829963609576,1.0,1.0,2.47629976272583,-11.937357371861225
nhanes_real,3,566,FACE,True,0.0911740000010468,1.0,1.0,5.628469467163086,-9.459984357656793
nhanes_real,3,566,GrowingSpheres,True,0.00046912499237805605,1.0,1.0,2.9532532600219525,-13.392710266519225
nhanes_real,3,566,REVISE,True,0.0038359169848263264,1.0,1.0,11.53265380859375,-7.693381366381558
nhanes_real,3,568,DiCE,True,0.0010903329821303487,1.0,1.0,2.498676300048828,-7.4868920618851895
nhanes_real,3,568,FACE,True,0.09134599997196347,1.0,1.0,1.784857988357544,-7.104091724318552
nhanes_real,3,568,GrowingSpheres,True,0.0004325000336393714,1.0,1.0,2.0152192969643385,-7.098530061134163
nhanes_real,3,568,REVISE,True,0.000636334007140249,1.0,1.0,3.2421905994415283,-6.401467450164069
nhanes_real,3,569,DiCE,False,0.01452387502649799,,,,
nhanes_real,3,569,FACE,True,0.09109620901290327,1.0,1.0,6.047730445861816,-7.680013216908591
nhanes_real,3,569,GrowingSpheres,True,0.0008382079540751874,1.0,1.0,3.185164228024169,-11.574473655650355
nhanes_real,3,569,REVISE,True,0.0061399160185828805,1.0,1.0,8.92448616027832,-6.709309530809064
nhanes_real,3,570,DiCE,True,0.002148208033759147,1.0,1.0,2.8337080478668213,-8.745277659385518
nhanes_real,3,570,FACE,True,0.09106512495782226,1.0,1.0,5.873412609100342,-8.220315736534692
nhanes_real,3,570,GrowingSpheres,True,0.0005968749755993485,1.0,1.0,2.0925991469971077,-10.657795129942535
nhanes_real,3,570,REVISE,True,0.006966374989133328,1.0,1.0,6.888267517089844,-6.207305841432943
nhanes_real,3,572,DiCE,False,0.01543954195221886,,,,
nhanes_real,3,572,FACE,True,0.09075537498574704,1.0,1.0,5.368400573730469,-7.659765151942779
nhanes_real,3,572,GrowingSpheres,True,0.0007418339955620468,1.0,1.0,4.543277920952484,-13.288482997635702
nhanes_real,3,572,REVISE,True,0.007878250034991652,1.0,1.0,7.131141662597656,-7.252719365927945
nhanes_real,3,576,DiCE,True,0.0017063749837689102,1.0,1.0,3.671400308609009,-9.271191077756749
nhanes_real,3,576,FACE,True,0.0916204999666661,1.0,1.0,3.908616065979004,-8.220315736534692
nhanes_real,3,576,GrowingSpheres,True,0.0005109580233693123,1.0,1.0,3.2352372495053374,-9.063937876769192
nhanes_real,3,576,REVISE,True,0.007579582976177335,1.0,1.0,7.467581272125244,-6.180729060672141
nhanes_real,3,578,DiCE,True,0.0007092919549904764,1.0,1.0,1.9260716438293457,-7.731005201027051
nhanes_real,3,578,FACE,True,0.09118741704151034,1.0,1.0,2.540526866912842,-6.9562882720912675
nhanes_real,3,578,GrowingSpheres,True,0.00027437496464699507,1.0,1.0,1.2967292648871545,-8.064044553322114
nhanes_real,3,578,REVISE,True,0.001599583018105477,1.0,1.0,3.4068355560302734,-6.575475715072102
nhanes_real,3,581,DiCE,True,0.0006117920274846256,1.0,1.0,1.319257378578186,-7.286440795142195
nhanes_real,3,581,FACE,True,0.09058520902181044,1.0,1.0,1.278686761856079,-6.766720214885282
nhanes_real,3,581,GrowingSpheres,True,0.00016499997582286596,1.0,1.0,0.28913484602987605,-7.208154378368809
nhanes_real,3,581,REVISE,True,0.004005833005066961,1.0,1.0,3.398036479949951,-6.25340750620726
nhanes_real,3,582,DiCE,True,0.0008462090045213699,1.0,1.0,1.8565864562988281,-8.314195032636263
nhanes_real,3,582,FACE,True,0.09050087502691895,0.0,0.0,4.817197322845459,-7.800367102541299
nhanes_real,3,582,GrowingSpheres,True,0.00029683299362659454,1.0,1.0,1.4974004991796765,-8.5882379146753
nhanes_real,3,582,REVISE,True,0.0005627920036204159,1.0,1.0,2.9665279388427734,-7.165922868509813
nhanes_real,3,584,DiCE,False,0.014809457992669195,,,,
nhanes_real,3,584,FACE,True,0.09126262500649318,1.0,1.0,4.447408676147461,-6.225370815488659
nhanes_real,3,584,GrowingSpheres,True,0.0006328750168904662,1.0,1.0,3.66894800307998,-7.681755549735243
nhanes_real,3,584,REVISE,True,0.00561466597719118,1.0,1.0,4.9918532371521,-6.241936720292966
nhanes_real,3,586,DiCE,True,0.0012930829543620348,1.0,1.0,2.78255558013916,-7.29794977055821
nhanes_real,3,586,FACE,True,0.0912658330053091,1.0,1.0,6.448873996734619,-7.267237673526967
nhanes_real,3,586,GrowingSpheres,True,0.00047441700007766485,1.0,1.0,2.465588014216671,-7.882618513730651
nhanes_real,3,586,REVISE,True,0.0006690829759463668,1.0,1.0,6.015984535217285,-6.066968668783462
nhanes_real,3,588,DiCE,True,0.0005982920411042869,1.0,1.0,1.3769488334655762,-7.915275235388358
nhanes_real,3,588,FACE,True,0.0928587910020724,1.0,1.0,5.158364295959473,-7.786798835773502
nhanes_real,3,588,GrowingSpheres,True,0.00027595798019319773,1.0,1.0,1.0995305613523259,-8.26996963273228
nhanes_real,3,588,REVISE,True,0.0038420839700847864,1.0,1.0,4.635342121124268,-6.312362842053184
nhanes_real,3,590,DiCE,False,0.0147387909819372,,,,
nhanes_real,3,590,FACE,True,0.0916142089990899,1.0,1.0,7.998647212982178,-7.036825924459807
nhanes_real,3,590,GrowingSpheres,True,0.000915791024453938,1.0,1.0,4.120154495496083,-9.758693943958129
nhanes_real,3,590,REVISE,True,0.010503459023311734,1.0,1.0,8.601370811462402,-6.563374691696234
nhanes_real,3,592,DiCE,False,0.014903000032063574,,,,
nhanes_real,3,592,FACE,True,0.09069708304014057,1.0,1.0,4.067612171173096,-7.680013216908591
nhanes_real,3,592,GrowingSpheres,True,0.0008056669612415135,1.0,1.0,5.12306267916977,-7.79422711938423
nhanes_real,3,592,REVISE,True,0.006063000007998198,1.0,1.0,9.225951194763184,-6.438824518387987
nhanes_real,3,593,DiCE,True,0.0012054999824613333,1.0,1.0,2.3294789791107178,-7.393630959781104
nhanes_real,3,593,FACE,True,0.0911663330043666,1.0,1.0,3.462770938873291,-6.541398178724772
nhanes_real,3,593,GrowingSpheres,True,0.000390959030482918,1.0,1.0,2.0272199951985996,-7.311414654243766
nhanes_real,3,593,REVISE,True,0.0051890829927288,1.0,1.0,4.711442947387695,-6.161270401669279
nhanes_real,3,598,DiCE,True,0.0008536669774912298,1.0,1.0,2.2511379718780518,-9.886560357837508
nhanes_real,3,598,FACE,True,0.09231049998197705,1.0,1.0,3.174969434738159,-9.416207769933733
nhanes_real,3,598,GrowingSpheres,True,0.00042633397970348597,1.0,1.0,1.1883851443890454,-9.905841164195923
nhanes_real,3,598,REVISE,True,0.0006722089601680636,1.0,1.0,2.2366390228271484,-9.598783755039225
nhanes_real,3,599,DiCE,True,0.00165125000057742,1.0,1.0,2.2437453269958496,-8.139556317426516
nhanes_real,3,599,FACE,True,0.09118387498892844,1.0,1.0,3.3310484886169434,-6.409719177774263
nhanes_real,3,599,GrowingSpheres,True,0.0005000839591957629,1.0,1.0,3.1050047141083135,-7.293734845163651
nhanes_real,3,599,REVISE,True,0.008417874982114881,1.0,1.0,3.4309964179992676,-6.693552179024392
nhanes_real,3,601,DiCE,False,0.015039249963592738,,,,
nhanes_real,3,601,FACE,True,0.0907568340189755,1.0,1.0,4.857922554016113,-6.099873509613633
nhanes_real,3,601,GrowingSpheres,True,0.0007547920104116201,1.0,1.0,4.463710494946384,-8.341306090724938
nhanes_real,3,601,REVISE,True,0.006074832985177636,1.0,1.0,4.75246524810791,-6.279461053973822
nhanes_real,3,602,DiCE,True,0.0009559160098433495,1.0,1.0,2.4129669666290283,-7.812871179724368
nhanes_real,3,602,FACE,True,0.09110225003678352,1.0,1.0,2.52718448638916,-7.294228328942939
nhanes_real,3,602,GrowingSpheres,True,0.0003565410152077675,1.0,1.0,1.4347528542687114,-7.838048300469604
nhanes_real,3,602,REVISE,True,0.003649583028163761,1.0,1.0,4.195240020751953,-6.691258617106158
nhanes_real,3,603,DiCE,True,0.0011937919771298766,1.0,1.0,3.015443801879883,-9.667103593405388
nhanes_real,3,603,FACE,True,0.09078137495089322,1.0,1.0,4.383022785186768,-7.324697349171729
nhanes_real,3,603,GrowingSpheres,True,0.0003650409635156393,1.0,1.0,1.6382450474719676,-9.0524144317417
nhanes_real,3,603,REVISE,True,0.001480415987316519,1.0,1.0,5.943512439727783,-7.106579007890473
nhanes_real,3,605,DiCE,False,0.015203791961539537,,,,
nhanes_real,3,605,FACE,True,0.092335874971468,1.0,1.0,3.5182342529296875,-6.099873509613633
nhanes_real,3,605,GrowingSpheres,True,0.0008428750443272293,1.0,1.0,2.383944911821171,-7.619516510200508
nhanes_real,3,605,REVISE,True,0.0069619170390069485,1.0,1.0,4.735507965087891,-6.223727603619089
nhanes_real,3,610,DiCE,False,0.015298540994990617,,,,
nhanes_real,3,610,FACE,True,0.09066945902304724,1.0,1.0,6.89508581161499,-6.855408518889911
nhanes_real,3,610,GrowingSpheres,False,0.0013694170047529042,,,,
nhanes_real,3,610,REVISE,False,0.042637209000531584,,,,
nhanes_real,3,612,DiCE,True,0.0017349999980069697,1.0,1.0,3.0338244438171387,-8.540190625855466
nhanes_real,3,612,FACE,True,0.09036183299031109,1.0,1.0,5.327085494995117,-6.9562882720912675
nhanes_real,3,612,GrowingSpheres,True,0.0006270000012591481,1.0,1.0,3.4442304617053545,-10.350321530954417
nhanes_real,3,612,REVISE,True,0.004438792006112635,1.0,1.0,5.645408630371094,-6.414108349495866
nhanes_real,3,615,DiCE,True,0.0009872090304270387,1.0,1.0,2.1260104179382324,-7.211198661832224
nhanes_real,3,615,FACE,True,0.0910906660137698,1.0,1.0,1.4803979396820068,-6.999872270090837
nhanes_real,3,615,GrowingSpheres,True,0.00036883301800116897,1.0,1.0,1.8114466391519342,-7.627899344793873
nhanes_real,3,615,REVISE,True,0.0006674170144833624,1.0,1.0,2.5525882244110107,-6.726658384967397
nhanes_real,3,617,DiCE,False,0.015192124992609024,,,,
nhanes_real,3,617,FACE,True,0.09134779102168977,1.0,1.0,4.476613521575928,-7.672416559629973
nhanes_real,3,617,GrowingSpheres,True,0.0005353750311769545,1.0,1.0,2.219153273936407,-8.729257053305421
nhanes_real,3,617,REVISE,True,0.004376000026240945,1.0,1.0,5.52227783203125,-7.490654253255192
nhanes_real,3,618,DiCE,False,0.015238916967064142,,,,
nhanes_real,3,618,FACE,True,0.09327295899856836,1.0,1.0,7.7506303787231445,-9.421833240116117
nhanes_real,3,618,GrowingSpheres,True,0.001330957980826497,1.0,1.0,11.615729149998469,-14.700194245134426
nhanes_real,3,618,REVISE,False,0.04548595898086205,,,,
nhanes_real,3,624,DiCE,True,0.001280625001527369,1.0,1.0,2.2065863609313965,-10.177155038830485
nhanes_real,3,624,FACE,True,0.09660691703902557,1.0,1.0,3.8278210163116455,-7.7739076534356855
nhanes_real,3,624,GrowingSpheres,True,0.0003373749786987901,1.0,1.0,1.5596110132236412,-10.473960047641238
nhanes_real,3,624,REVISE,True,0.0014994160155765712,1.0,1.0,7.057833671569824,-6.7586498705394416
nhanes_real,3,626,DiCE,False,0.015368458989541978,,,,
nhanes_real,3,626,FACE,True,0.09123916702810675,1.0,1.0,3.895857572555542,-6.593758972443126
nhanes_real,3,626,GrowingSpheres,True,0.0007967079873196781,1.0,1.0,4.378027502618651,-8.01942108176944
nhanes_real,3,626,REVISE,True,0.006325624999590218,1.0,1.0,4.660921573638916,-6.634190752955746
nhanes_real,3,629,DiCE,False,0.014751457958482206,,,,
nhanes_real,3,629,FACE,True,0.09124887501820922,1.0,1.0,15.47095775604248,-7.39738816210798
nhanes_real,3,629,GrowingSpheres,False,0.0013279160484671593,,,,
nhanes_real,3,629,REVISE,False,0.044379041995853186,,,,
nhanes_real,3,630,DiCE,False,0.014731041039340198,,,,
nhanes_real,3,630,FACE,True,0.09122170897899196,1.0,1.0,3.4215660095214844,-7.911963337945763
nhanes_real,3,630,GrowingSpheres,True,0.0006402080180123448,1.0,1.0,2.4370093809428535,-8.449852416298379
nhanes_real,3,630,REVISE,True,0.0064150000107474625,1.0,1.0,5.0169525146484375,-7.060137959016146
nhanes_real,3,631,DiCE,True,0.0008769169799052179,1.0,1.0,1.6784090995788574,-8.64313814121542
nhanes_real,3,631,FACE,True,0.09125837497413158,1.0,1.0,4.747539520263672,-8.126121546024603
nhanes_real,3,631,GrowingSpheres,True,0.00033712503500282764,1.0,1.0,1.4770340438545666,-9.039539847636158
nhanes_real,3,631,REVISE,True,0.001082208997104317,1.0,1.0,6.549277305603027,-7.1498333437766455
nhanes_real,3,633,DiCE,False,0.015141832991503179,,,,
nhanes_real,3,633,FACE,True,0.09129837498767301,1.0,1.0,6.126828670501709,-7.021477244889271
nhanes_real,3,633,GrowingSpheres,True,0.0005214579869061708,1.0,1.0,2.5043553258559994,-10.46368918254964
nhanes_real,3,633,REVISE,True,0.0078080829698592424,1.0,1.0,5.480464458465576,-7.546134588211456
nhanes_real,3,634,DiCE,False,0.014717500016558915,,,,
nhanes_real,3,634,FACE,True,0.09119258297141641,1.0,1.0,4.366140365600586,-7.949718306689671
nhanes_real,3,634,GrowingSpheres,True,0.0008622920140624046,1.0,1.0,4.757065579162019,-9.676707702777662
nhanes_real,3,634,REVISE,True,0.007044541009236127,1.0,1.0,4.9113030433654785,-7.51727235864589
nhanes_real,3,638,DiCE,False,0.015008208982180804,,,,
nhanes_real,3,638,FACE,True,0.09084312501363456,1.0,1.0,5.337996482849121,-7.590266537891541
nhanes_real,3,638,GrowingSpheres,True,0.001003416022285819,1.0,1.0,3.8907456282917816,-16.61476760397983
nhanes_real,3,638,REVISE,False,0.04349029203876853,,,,
nhanes_real,3,640,DiCE,False,0.014756749966181815,,,,
nhanes_real,3,640,FACE,True,0.0925254580215551,1.0,1.0,4.899899482727051,-6.945501948748624
nhanes_real,3,640,GrowingSpheres,True,0.0008397909696213901,1.0,1.0,3.2133289755452674,-7.184811647398439
nhanes_real,3,640,REVISE,True,0.007298749987967312,1.0,1.0,5.424551010131836,-6.344309061150655
nhanes_real,3,641,DiCE,False,0.014781542005948722,,,,
nhanes_real,3,641,FACE,True,0.09109495795564726,1.0,1.0,4.084453105926514,-7.071652869916594
nhanes_real,3,641,GrowingSpheres,True,0.0010709159541875124,1.0,1.0,6.675381743186017,-10.05461539324567
nhanes_real,3,641,REVISE,True,0.00993849994847551,1.0,1.0,1.2570658922195435,-6.921221988245012
nhanes_real,3,642,DiCE,True,0.0009152910206466913,1.0,1.0,1.9847538471221924,-7.918192292271034
nhanes_real,3,642,FACE,True,0.09112612495664507,1.0,1.0,2.3143086433410645,-7.169849018635491
nhanes_real,3,642,GrowingSpheres,True,0.0004537089844234288,1.0,1.0,2.577511864360778,-7.646264181392969
nhanes_real,3,642,REVISE,True,0.002483332995325327,1.0,1.0,4.436575412750244,-6.665390957351848
nhanes_real,3,643,DiCE,True,0.0009175420273095369,1.0,1.0,2.2606520652770996,-10.894152179304548
nhanes_real,3,643,FACE,True,0.09088295901892707,1.0,1.0,2.638010025024414,-9.721792980815083
nhanes_real,3,643,GrowingSpheres,True,0.0003185829846188426,1.0,1.0,1.0028114496566494,-10.876371586345945
nhanes_real,3,643,REVISE,True,0.0006261669914238155,1.0,1.0,12.046667098999023,-6.158138714166697
nhanes_real,3,652,DiCE,False,0.015068583015818149,,,,
nhanes_real,3,652,FACE,True,0.09100045904051512,1.0,1.0,3.03326153755188,-8.740984092899295
nhanes_real,3,652,GrowingSpheres,True,0.0008309170370921493,1.0,1.0,5.50119877810218,-13.211943319677198
nhanes_real,3,652,REVISE,False,0.04219016700517386,,,,
nhanes_real,3,654,DiCE,True,0.0007412080303765833,1.0,1.0,1.7232146263122559,-7.93404785946032
nhanes_real,3,654,FACE,True,0.0908147920272313,1.0,1.0,3.306129217147827,-7.6937490705916485
nhanes_real,3,654,GrowingSpheres,True,0.0002533330116420984,1.0,1.0,1.225194571380069,-8.078254624185597
nhanes_real,3,654,REVISE,True,0.000581375032197684,1.0,1.0,5.845862865447998,-6.6546786792607495
nhanes_real,3,655,DiCE,True,0.0016457500169053674,1.0,1.0,2.7271065711975098,-9.09943434894095
nhanes_real,3,655,FACE,True,0.09113345801597461,1.0,1.0,3.279310464859009,-7.790193757960417
nhanes_real,3,655,GrowingSpheres,True,0.0005412079626694322,1.0,1.0,1.9069197351256006,-9.223689248327647
nhanes_real,3,655,REVISE,True,0.0025138749624602497,1.0,1.0,5.87729024887085,-7.022203298763189
nhanes_real,3,656,DiCE,True,0.001764875021763146,1.0,1.0,2.4094388484954834,-6.696618733330159
nhanes_real,3,656,FACE,True,0.09088420902844518,1.0,1.0,1.122990608215332,-7.6937490705916485
nhanes_real,3,656,GrowingSpheres,True,0.0004766249912790954,1.0,1.0,1.6320636297225815,-6.945321260538476
nhanes_real,3,656,REVISE,True,0.001519499986898154,1.0,1.0,2.846297025680542,-6.360748148742708
nhanes_real,3,659,DiCE,True,0.001336042012553662,1.0,1.0,1.850032925605774,-9.278960406765616
nhanes_real,3,659,FACE,True,0.09134733298560604,1.0,1.0,5.941952228546143,-8.549144388332218
nhanes_real,3,659,GrowingSpheres,True,0.00038654200034216046,1.0,1.0,1.1242806694948726,-10.039743682272533
nhanes_real,3,659,REVISE,True,0.004151624976657331,1.0,1.0,8.671061515808105,-6.213620209728219
nhanes_real,3,660,DiCE,True,0.0012044580071233213,1.0,1.0,2.291884422302246,-8.648557929544136
nhanes_real,3,660,FACE,True,0.09088920801877975,1.0,1.0,5.1546196937561035,-6.457623733742533
nhanes_real,3,660,GrowingSpheres,True,0.00042399996891617775,1.0,1.0,1.8153583780204023,-7.434011808639681
nhanes_real,3,660,REVISE,True,0.0014727500383742154,1.0,1.0,5.803563117980957,-6.16206158143545
nhanes_real,3,664,DiCE,True,0.0006360829574987292,1.0,1.0,1.4317309856414795,-8.008023458015463
nhanes_real,3,664,FACE,True,0.09417900000698864,1.0,1.0,2.728503704071045,-7.605427323208552
nhanes_real,3,664,GrowingSpheres,True,0.00021654204465448856,1.0,1.0,0.26774809529084603,-8.564838593358065
nhanes_real,3,664,REVISE,True,0.0011545409797690809,1.0,1.0,5.846776008605957,-6.381303731127878
nhanes_real,3,666,DiCE,True,0.0009696250199340284,1.0,1.0,1.9191200733184814,-7.574531491929085
nhanes_real,3,666,FACE,True,0.09135983302257955,1.0,1.0,3.9553754329681396,-6.899498424666717
nhanes_real,3,666,GrowingSpheres,True,0.00028716702945530415,1.0,1.0,0.7143606819747891,-7.067979635677462
nhanes_real,3,666,REVISE,True,0.001074999978300184,1.0,1.0,3.4159600734710693,-6.282777320091133
nhanes_real,3,667,DiCE,True,0.0018045839970000088,1.0,1.0,2.2414357662200928,-8.360792277408839
nhanes_real,3,667,FACE,True,0.09073187498142943,1.0,1.0,5.356739044189453,-8.171817342017965
nhanes_real,3,667,GrowingSpheres,True,0.000590750016272068,1.0,1.0,2.9396419155707307,-8.227363560619887
nhanes_real,3,667,REVISE,True,0.00283445802051574,1.0,1.0,5.987351417541504,-6.120487117380897
nhanes_real,3,668,DiCE,False,0.014725040993653238,,,,
nhanes_real,3,668,FACE,True,0.09180787502555177,1.0,1.0,6.557557582855225,-7.3803819193573705
nhanes_real,3,668,GrowingSpheres,True,0.0009918329888023436,1.0,1.0,5.775918387498564,-12.375931855314642
nhanes_real,3,668,REVISE,False,0.042011958023067564,,,,
nhanes_real,3,669,DiCE,True,0.0013080000062473118,1.0,1.0,2.5459909439086914,-6.757107636594599
nhanes_real,3,669,FACE,True,0.09113508398877457,1.0,1.0,4.326289176940918,-6.855408518889911
nhanes_real,3,669,GrowingSpheres,True,0.00043454201659187675,1.0,1.0,2.330705442128534,-7.1396377983247845
nhanes_real,3,669,REVISE,True,0.002011542033869773,1.0,1.0,2.8594276905059814,-6.2681685127836015
nhanes_real,3,670,DiCE,False,0.014922833011951298,,,,
nhanes_real,3,670,FACE,True,0.09106449998216704,1.0,1.0,10.146564483642578,-7.3803819193573705
nhanes_real,3,670,GrowingSpheres,True,0.0011395830078981817,1.0,1.0,4.512439353977393,-9.852117901742993
nhanes_real,3,670,REVISE,False,0.04353724996326491,,,,
nhanes_real,3,671,DiCE,True,0.0005351249710656703,1.0,1.0,0.8392351269721985,-6.383444892551935
nhanes_real,3,671,FACE,True,0.0905096250353381,1.0,1.0,1.3721610307693481,-6.3163608733137515
nhanes_real,3,671,GrowingSpheres,True,0.00021420803386718035,1.0,1.0,1.1265094926685415,-6.32465644459497
nhanes_real,3,671,REVISE,True,0.0005808749701827765,1.0,1.0,1.9839543104171753,-6.064341895533117
nhanes_real,3,672,DiCE,True,0.0008562080329284072,1.0,1.0,1.870208978652954,-8.275560281937246
nhanes_real,3,672,FACE,True,0.09064991597551852,1.0,1.0,1.464066982269287,-7.186986498735283
nhanes_real,3,672,GrowingSpheres,True,0.00029620795976370573,1.0,1.0,2.073475243906283,-8.207440956051975
nhanes_real,3,672,REVISE,True,0.0056360409944318235,1.0,1.0,3.058945417404175,-6.931906514359167
nhanes_real,3,674,DiCE,True,0.0017589580384083092,1.0,1.0,3.031921625137329,-8.663549517824237
nhanes_real,3,674,FACE,True,0.09090641600778326,1.0,1.0,4.572970867156982,-7.021477244889271
nhanes_real,3,674,GrowingSpheres,True,0.0005300829652696848,1.0,1.0,1.4144395631867237,-9.198840913368027
nhanes_real,3,674,REVISE,True,0.005364332988392562,1.0,1.0,3.290188789367676,-7.130861638407463
nhanes_real,3,676,DiCE,False,0.0152161669684574,,,,
nhanes_real,3,676,FACE,True,0.09088149998569861,1.0,1.0,2.6005382537841797,-6.558007896989716
nhanes_real,3,676,GrowingSpheres,True,0.000828874995931983,1.0,1.0,3.8291319989331427,-7.9838873471012475
nhanes_real,3,676,REVISE,True,0.006133541988674551,1.0,1.0,4.028297424316406,-6.118495734259529
nhanes_real,3,677,DiCE,True,0.0008809999562799931,1.0,1.0,2.1012625694274902,-8.303043627081626
nhanes_real,3,677,FACE,True,0.09508816699963063,1.0,1.0,3.012991189956665,-7.605427323208552
nhanes_real,3,677,GrowingSpheres,True,0.00039266602834686637,1.0,1.0,1.403124740394671,-8.731350133606767
nhanes_real,3,677,REVISE,True,0.004455916990991682,1.0,1.0,4.877074718475342,-6.818531430868944
nhanes_real,3,678,DiCE,False,0.014818333031143993,,,,
nhanes_real,3,678,FACE,True,0.09190091700293124,1.0,1.0,5.032938480377197,-8.740984092899295
nhanes_real,3,678,GrowingSpheres,True,0.0010422919876873493,1.0,1.0,7.402996378722984,-15.668980047820927
nhanes_real,3,678,REVISE,False,0.04225483298068866,,,,
nhanes_real,3,679,DiCE,True,0.001418125000782311,1.0,1.0,3.362649440765381,-10.342570843993368
nhanes_real,3,679,FACE,True,0.09125875000609085,1.0,1.0,4.85770845413208,-8.120765783018433
nhanes_real,3,679,GrowingSpheres,True,0.0005437499494291842,1.0,1.0,4.179197603055609,-11.191225897013792
nhanes_real,3,679,REVISE,True,0.0036981250159442425,1.0,1.0,4.775455474853516,-7.259439780755099
nhanes_real,3,683,DiCE,False,0.015082500001881272,,,,
nhanes_real,3,683,FACE,True,0.09107575000962242,1.0,1.0,4.337500095367432,-6.099873509613633
nhanes_real,3,683,GrowingSpheres,True,0.00108841696055606,1.0,1.0,7.0249024209897115,-7.916021236320498
nhanes_real,3,683,REVISE,False,0.04296541603980586,,,,
nhanes_real,3,685,DiCE,False,0.015205000003334135,,,,
nhanes_real,3,685,FACE,True,0.09085049998247996,1.0,1.0,7.394766330718994,-7.18678526074816
nhanes_real,3,685,GrowingSpheres,False,0.0012688750284723938,,,,
nhanes_real,3,685,REVISE,False,0.042421458987519145,,,,
nhanes_real,3,688,DiCE,True,0.0014484169660136104,1.0,1.0,2.65956974029541,-8.086162454209873
nhanes_real,3,688,FACE,True,0.09052349999547005,1.0,1.0,5.624145030975342,-7.2909292198567375
nhanes_real,3,688,GrowingSpheres,True,0.0004888330004177988,1.0,1.0,1.8797664092102169,-7.985667389307315
nhanes_real,3,688,REVISE,True,0.0014458330115303397,1.0,1.0,4.871772766113281,-6.376548805752899
nhanes_real,3,694,DiCE,False,0.014743792009539902,,,,
nhanes_real,3,694,FACE,True,0.09066737501416355,1.0,1.0,3.9554738998413086,-9.642423471888328
nhanes_real,3,694,GrowingSpheres,True,0.0007938750204630196,1.0,1.0,4.873543073406855,-13.5662118485147
nhanes_real,3,694,REVISE,True,0.0047977089998312294,1.0,1.0,9.995797157287598,-9.493081490375616
nhanes_real,3,698,DiCE,False,0.014687707996927202,,,,
nhanes_real,3,698,FACE,True,0.09109554201131687,1.0,1.0,4.646796226501465,-7.5244203393832905
nhanes_real,3,698,GrowingSpheres,True,0.0006709999870508909,1.0,1.0,3.6730889175985695,-9.441785121941116
nhanes_real,3,698,REVISE,True,0.01028787501854822,1.0,1.0,5.111781597137451,-6.806305961230596
nhanes_real,3,705,DiCE,False,0.014684916997794062,,,,
nhanes_real,3,705,FACE,True,0.09084183303639293,1.0,1.0,6.090821743011475,-6.099873509613633
nhanes_real,3,705,GrowingSpheres,True,0.0007147499709390104,1.0,1.0,1.1131605727467189,-8.173949753028905
nhanes_real,3,705,REVISE,True,0.007015583978500217,1.0,1.0,5.5302042961120605,-6.3949994698714825
nhanes_real,3,709,DiCE,True,0.0012941669556312263,1.0,1.0,2.143587589263916,-6.63184565337163
nhanes_real,3,709,FACE,True,0.09118733397917822,1.0,1.0,2.9821395874023438,-6.986975188775963
nhanes_real,3,709,GrowingSpheres,True,0.0004309579962864518,1.0,1.0,2.3492014068862024,-6.66699764943138
nhanes_real,3,709,REVISE,True,0.0019807919743470848,1.0,1.0,2.7351813316345215,-6.149820967993234
nhanes_real,3,711,DiCE,False,0.015222791000269353,,,,
nhanes_real,3,711,FACE,True,0.09110712498659268,1.0,1.0,6.335509777069092,-6.225370815488659
nhanes_real,3,711,GrowingSpheres,True,0.001013792003504932,1.0,1.0,3.6020631099779363,-8.506106807165288
nhanes_real,3,711,REVISE,True,0.011032958049327135,1.0,1.0,4.022634506225586,-6.2034427993348515
nhanes_real,3,715,DiCE,False,0.014995709003414959,,,,
nhanes_real,3,715,FACE,True,0.09112200001254678,1.0,1.0,6.855620384216309,-8.50853648014274
nhanes_real,3,715,GrowingSpheres,True,0.0008759999764151871,1.0,1.0,2.1724117910202096,-10.333975823774459
nhanes_real,3,715,REVISE,False,0.04351950000273064,,,,
nhanes_real,3,718,DiCE,True,0.0010086669935844839,1.0,1.0,2.1196112632751465,-7.646326453472391
nhanes_real,3,718,FACE,True,0.09100987500278279,1.0,1.0,4.566518783569336,-6.7661684311838215
nhanes_real,3,718,GrowingSpheres,True,0.00042504200246185064,1.0,1.0,2.2461627585402937,-8.771087848665303
nhanes_real,3,718,REVISE,True,0.005662417039275169,1.0,1.0,4.976332187652588,-6.322348857480192
nhanes_real,3,719,DiCE,True,0.0005752079887315631,1.0,1.0,1.2654273509979248,-6.628860709428924
nhanes_real,3,719,FACE,True,0.09071783302351832,1.0,1.0,3.0234475135803223,-6.3163608733137515
nhanes_real,3,719,GrowingSpheres,True,0.00021354202181100845,1.0,1.0,0.8422532852892685,-6.840348111283078
nhanes_real,3,719,REVISE,True,0.0006110409740358591,1.0,1.0,3.0720043182373047,-6.174410206566666
nhanes_real,3,721,DiCE,False,0.015210875018965453,,,,
nhanes_real,3,721,FACE,True,0.09097279200796038,1.0,1.0,5.490917205810547,-7.2909292198567375
nhanes_real,3,721,GrowingSpheres,True,0.0007299170247279108,1.0,1.0,3.373089731332641,-11.188788031036832
nhanes_real,3,721,REVISE,True,0.005199791979975998,1.0,1.0,7.195066452026367,-6.649196575041561
nhanes_real,3,722,DiCE,True,0.0023403330123983324,1.0,1.0,3.5714364051818848,-9.02356666341295
nhanes_real,3,722,FACE,True,0.09146695799427107,1.0,1.0,4.730336666107178,-7.404661547680132
nhanes_real,3,722,GrowingSpheres,True,0.0006624169764108956,1.0,1.0,2.215094112966127,-9.299376833492605
nhanes_real,3,722,REVISE,True,0.00420908402884379,1.0,1.0,5.986112594604492,-6.980159139976492
nhanes_real,3,728,DiCE,True,0.001171667012386024,1.0,1.0,2.0880491733551025,-7.187445988959219
nhanes_real,3,728,FACE,True,0.09108325000852346,1.0,1.0,1.013437271118164,-7.007202769402026
nhanes_real,3,728,GrowingSpheres,True,0.0004110839799977839,1.0,1.0,2.591715611236994,-7.532404896320012
nhanes_real,3,728,REVISE,True,0.002429625019431114,1.0,1.0,1.5204769372940063,-6.427390047700673
nhanes_real,3,731,DiCE,True,0.0017440840019844472,1.0,1.0,2.6735963821411133,-11.207212424586537
nhanes_real,3,731,FACE,True,0.09135566698387265,1.0,1.0,5.634583473205566,-7.949718306689671
nhanes_real,3,731,GrowingSpheres,True,0.00047908397391438484,1.0,1.0,1.3477634254305144,-10.11618507541688
nhanes_real,3,731,REVISE,True,0.00783908402081579,1.0,1.0,6.752617359161377,-6.492008691812875
nhanes_real,3,732,DiCE,True,0.0007028750260360539,1.0,1.0,2.050802707672119,-7.564898553233647
nhanes_real,3,732,FACE,True,0.09124816698022187,1.0,1.0,2.103100061416626,-6.670435731287685
nhanes_real,3,732,GrowingSpheres,True,0.00024816597579047084,1.0,1.0,1.4417139048706016,-7.658416621190143
nhanes_real,3,732,REVISE,True,0.0031054170103743672,1.0,1.0,4.931637287139893,-6.102595469456977
nhanes_real,3,734,DiCE,True,0.0007387500372715294,1.0,1.0,1.7329559326171875,-7.794762050422491
nhanes_real,3,734,FACE,True,0.09090012504020706,1.0,1.0,2.8584141731262207,-7.605427323208552
nhanes_real,3,734,GrowingSpheres,True,0.00033829198218882084,1.0,1.0,2.0637232274823596,-7.480216281697317
nhanes_real,3,734,REVISE,True,0.0028784170281141996,1.0,1.0,4.322892189025879,-6.529028508475342
nhanes_real,3,735,DiCE,False,0.014726416033226997,,,,
nhanes_real,3,735,FACE,True,0.09130370803177357,1.0,1.0,3.703324794769287,-6.899498424666717
nhanes_real,3,735,GrowingSpheres,True,0.0008215830312110484,1.0,1.0,1.8359195603969785,-8.135580093576186
nhanes_real,3,735,REVISE,True,0.01234883297001943,1.0,1.0,3.719235897064209,-6.535751553819027
nhanes_real,3,736,DiCE,False,0.015225290961097926,,,,
nhanes_real,3,736,FACE,True,0.09100912499707192,1.0,1.0,11.468592643737793,-7.800367102541299
nhanes_real,3,736,GrowingSpheres,True,0.001048583013471216,1.0,1.0,6.7453185222126795,-18.800344683789916
nhanes_real,3,736,REVISE,True,0.0069474169868044555,1.0,1.0,11.456843376159668,-6.513694879648759
nhanes_real,3,737,DiCE,False,0.015338583034463227,,,,
nhanes_real,3,737,FACE,True,0.09074562502792105,1.0,1.0,3.1652960777282715,-7.021477244889271
nhanes_real,3,737,GrowingSpheres,True,0.0007262919680215418,1.0,1.0,4.491709731974145,-9.27880178856265
nhanes_real,3,737,REVISE,True,0.00898766698082909,1.0,1.0,4.300689220428467,-6.690275024051962
nhanes_real,3,739,DiCE,False,0.01628158299718052,,,,
nhanes_real,3,739,FACE,True,0.0923495419556275,1.0,1.0,8.048881530761719,-7.021477244889271
nhanes_real,3,739,GrowingSpheres,True,0.0008313749567605555,1.0,1.0,3.1069413119867493,-10.123104101650855
nhanes_real,3,739,REVISE,True,0.006226916972082108,1.0,1.0,6.274627685546875,-6.9948839867393025
nhanes_real,3,744,DiCE,True,0.0007619999814778566,1.0,1.0,2.0432753562927246,-12.066618544816063
nhanes_real,3,744,FACE,True,0.09147404204122722,1.0,1.0,4.935544013977051,-9.543046233297776
nhanes_real,3,744,GrowingSpheres,True,0.00031525001395493746,1.0,1.0,0.8725030777757627,-12.412246864696824
nhanes_real,3,744,REVISE,True,0.0011611669906415045,1.0,1.0,7.460533142089844,-9.65306491499966
nhanes_real,3,749,DiCE,False,0.014954749960452318,,,,
nhanes_real,3,749,FACE,True,0.09123479202389717,1.0,1.0,3.1975913047790527,-7.577123298013081
nhanes_real,3,749,GrowingSpheres,True,0.000663125014398247,1.0,1.0,4.44879385621098,-7.346435732396836
nhanes_real,3,749,REVISE,True,0.002334000018890947,1.0,1.0,4.993515491485596,-6.410302772933161
nhanes_real,3,750,DiCE,False,0.015022875042632222,,,,
nhanes_real,3,750,FACE,True,0.09170741599518806,1.0,1.0,3.642534017562866,-6.854054220168892
nhanes_real,3,750,GrowingSpheres,True,0.0006867499905638397,1.0,1.0,2.5414603051340605,-9.871953623475287
nhanes_real,3,750,REVISE,True,0.0023543330025859177,1.0,1.0,4.913089752197266,-6.4634316374029925
nhanes_real,3,751,DiCE,True,0.0011302499915473163,1.0,1.0,2.14272403717041,-6.21418196741115
nhanes_real,3,751,FACE,True,0.09138033405179158,1.0,1.0,2.7830610275268555,-6.273952467791187
nhanes_real,3,751,GrowingSpheres,True,0.0004356250283308327,1.0,1.0,2.0194448275410264,-6.108471610903206
nhanes_real,3,751,REVISE,True,0.0006075840210542083,1.0,1.0,1.550828218460083,-6.104351114701462
nhanes_real,3,753,DiCE,False,0.014924457995221019,,,,
nhanes_real,3,753,FACE,True,0.09142554103164002,1.0,1.0,7.301610946655273,-9.44019051223911
nhanes_real,3,753,GrowingSpheres,True,0.0011717500165104866,1.0,1.0,5.376539382966968,-15.876723775974995
nhanes_real,3,753,REVISE,False,0.043288207962177694,,,,
nhanes_real,3,755,DiCE,True,0.0005434159538708627,1.0,1.0,0.8746225237846375,-7.152767809771923
nhanes_real,3,755,FACE,True,0.09090033400570974,1.0,1.0,2.5507564544677734,-6.409719177774263
nhanes_real,3,755,GrowingSpheres,True,0.0001614589709788561,1.0,1.0,0.7097738353271539,-6.984351709072218
nhanes_real,3,755,REVISE,True,0.00366545794531703,1.0,1.0,3.205965995788574,-6.249316795551959
nhanes_real,3,756,DiCE,True,0.0010415830183774233,1.0,1.0,2.8545358180999756,-11.126203885354997
nhanes_real,3,756,FACE,True,0.09118954197037965,1.0,1.0,3.143721103668213,-9.56763858185613
nhanes_real,3,756,GrowingSpheres,True,0.0003947910154238343,1.0,1.0,1.879101511602639,-11.97232156276285
nhanes_real,3,756,REVISE,True,0.0037265419960021973,1.0,1.0,10.40047836303711,-8.858529593000803
nhanes_real,3,757,DiCE,False,0.014865083037875593,,,,
nhanes_real,3,757,FACE,True,0.09590274997754022,1.0,1.0,7.78888463973999,-8.549144388332218
nhanes_real,3,757,GrowingSpheres,True,0.0009053749963641167,1.0,1.0,4.521690557024238,-12.675414861306871
nhanes_real,3,757,REVISE,True,0.006442916986998171,1.0,1.0,10.04458999633789,-7.818166758705462
nhanes_real,3,758,DiCE,True,0.0013390000094659626,1.0,1.0,1.7416006326675415,-10.132284890833278
nhanes_real,3,758,FACE,True,0.09177412500139326,1.0,1.0,4.145218849182129,-9.459984357656793
nhanes_real,3,758,GrowingSpheres,True,0.0004486250109039247,1.0,1.0,2.788788805725434,-11.173817192141248
nhanes_real,3,758,REVISE,True,0.00532291701529175,1.0,1.0,10.6904878616333,-7.084683556143853
nhanes_real,3,759,DiCE,False,0.015507916046772152,,,,
nhanes_real,3,759,FACE,True,0.09090670896694064,1.0,1.0,3.5025200843811035,-6.9083323335902165
nhanes_real,3,759,GrowingSpheres,True,0.0010444159852340817,1.0,1.0,3.1797452596083717,-7.747653057944692
nhanes_real,3,759,REVISE,True,0.009047167026437819,1.0,1.0,2.863919973373413,-6.27725347897699
nhanes_real,3,760,DiCE,True,0.001689625030849129,1.0,1.0,2.5053372383117676,-6.393036534631836
nhanes_real,3,760,FACE,True,0.0907265410060063,1.0,1.0,3.065463066101074,-6.824008658628924
nhanes_real,3,760,GrowingSpheres,True,0.0005344999954104424,1.0,1.0,2.3932492828743364,-6.5640977560074845
nhanes_real,3,760,REVISE,True,0.002920707978773862,1.0,1.0,2.6748247146606445,-6.0500733892374585
nhanes_real,3,761,DiCE,False,0.014987624948844314,,,,
nhanes_real,3,761,FACE,True,0.09187679196475074,1.0,1.0,4.346761226654053,-6.961897407402411
nhanes_real,3,761,GrowingSpheres,True,0.0007195000071078539,1.0,1.0,2.1007112422208443,-8.19254880168831
nhanes_real,3,761,REVISE,True,0.005655542016029358,1.0,1.0,6.040444850921631,-6.2085844335571885
nhanes_real,3,762,DiCE,False,0.014939083019271493,,,,
nhanes_real,3,762,FACE,True,0.09103079099440947,1.0,1.0,9.703792572021484,-9.734739291280546
nhanes_real,3,762,GrowingSpheres,False,0.0013433339772745967,,,,
nhanes_real,3,762,REVISE,False,0.042820333037525415,,,,
nhanes_real,3,764,DiCE,True,0.002173417015001178,1.0,1.0,3.0213842391967773,-8.16832560750114
nhanes_real,3,764,FACE,True,0.09150570799829438,1.0,1.0,2.2581262588500977,-6.953295188983661
nhanes_real,3,764,GrowingSpheres,True,0.0005497499951161444,1.0,1.0,2.926876868125005,-8.214805061317374
nhanes_real,3,764,REVISE,True,0.004236042033880949,1.0,1.0,5.218655109405518,-6.18920776622085
nhanes_real,3,768,DiCE,True,0.0005622089956887066,1.0,1.0,1.2155518531799316,-6.794606449508327
nhanes_real,3,768,FACE,True,0.09127658401848748,1.0,1.0,2.3464536666870117,-6.81755346993382
nhanes_real,3,768,GrowingSpheres,True,0.000213916995562613,1.0,1.0,1.3183878644762779,-6.741195013370962
nhanes_real,3,768,REVISE,True,0.0015356249641627073,1.0,1.0,1.9648964405059814,-6.260435593378628
nhanes_real,3,769,DiCE,True,0.000596166995819658,1.0,1.0,1.5147590637207031,-10.743770848518508
nhanes_real,3,769,FACE,True,0.09099450003122911,0.0,1.0,6.988616466522217,-6.726602919100041
nhanes_real,3,769,GrowingSpheres,True,0.00025466701481491327,1.0,1.0,0.7340674169815634,-11.914491749576227
nhanes_real,3,769,REVISE,True,0.0005982080474495888,1.0,1.0,6.126335144042969,-7.222509926382097
nhanes_real,3,773,DiCE,True,0.0010471660061739385,1.0,1.0,1.9918935298919678,-7.0139245493579985
nhanes_real,3,773,FACE,True,0.09091495804022998,1.0,1.0,1.7807514667510986,-6.824008658628924
nhanes_real,3,773,GrowingSpheres,True,0.0003448330098763108,1.0,1.0,1.6142392725053978,-6.819213547699913
nhanes_real,3,773,REVISE,True,0.0015529999509453773,1.0,1.0,2.9698872566223145,-6.190659795189836
nhanes_real,3,775,DiCE,True,0.0017874170443974435,1.0,1.0,2.8403782844543457,-9.032537790510348
nhanes_real,3,775,FACE,True,0.09119075001217425,1.0,1.0,7.927259922027588,-6.950033475808377
nhanes_real,3,775,GrowingSpheres,True,0.00041495898040011525,1.0,1.0,1.9076471760289988,-8.626316044071881
nhanes_real,3,775,REVISE,True,0.0031477499869652092,1.0,1.0,6.0496978759765625,-6.729627885634658
nhanes_real,3,776,DiCE,True,0.0011542090214788914,1.0,1.0,2.363044023513794,-7.27775276468986
nhanes_real,3,776,FACE,True,0.09115141700021923,1.0,1.0,3.56972074508667,-7.196949276199659
nhanes_real,3,776,GrowingSpheres,True,0.0004608340095728636,1.0,1.0,2.4253100586679026,-6.615074420373703
nhanes_real,3,776,REVISE,True,0.0015259580104611814,1.0,1.0,3.3029749393463135,-6.20145627923789
nhanes_real,3,777,DiCE,True,0.0022732910001650453,1.0,1.0,2.3508758544921875,-9.01012783848284
nhanes_real,3,777,FACE,True,0.09098454198101535,1.0,1.0,6.296669960021973,-6.899498424666717
nhanes_real,3,777,GrowingSpheres,True,0.0005695410072803497,1.0,1.0,2.1664678926263523,-10.909566040670601
nhanes_real,3,777,REVISE,True,0.0033746669651009142,1.0,1.0,5.3447699546813965,-6.411934120641389
nhanes_real,3,778,DiCE,True,0.0010389580274932086,1.0,1.0,1.6836555004119873,-7.787081104377387
nhanes_real,3,778,FACE,True,0.09257045795675367,1.0,1.0,2.2635014057159424,-6.409719177774263
nhanes_real,3,778,GrowingSpheres,True,0.00047141697723418474,1.0,1.0,1.5071186772741654,-7.62406519879077
nhanes_real,3,778,REVISE,True,0.006300833018030971,1.0,1.0,3.629289150238037,-6.643790405484852
nhanes_real,3,780,DiCE,True,0.0019320420105941594,1.0,1.0,3.849003314971924,-10.519487091607912
nhanes_real,3,780,FACE,True,0.09181058302056044,1.0,1.0,4.3727006912231445,-9.508864373490692
nhanes_real,3,780,GrowingSpheres,True,0.0007408750243484974,1.0,1.0,4.258067584886799,-11.27831325633691
nhanes_real,3,780,REVISE,True,0.003598625015001744,1.0,1.0,8.182744979858398,-9.815003894801597
nhanes_real,3,781,DiCE,True,0.0014332080027088523,1.0,1.0,2.4055936336517334,-7.985056305383445
nhanes_real,3,781,FACE,True,0.09106429101666436,1.0,1.0,4.489016532897949,-7.646941742824237
nhanes_real,3,781,GrowingSpheres,True,0.00047391600674018264,1.0,1.0,1.6458609770773909,-9.090915885284387
nhanes_real,3,781,REVISE,True,0.004386457963846624,1.0,1.0,4.225937843322754,-6.623899848910314
nhanes_real,3,782,DiCE,False,0.014968374976888299,,,,
nhanes_real,3,782,FACE,True,0.09115674998611212,1.0,1.0,5.71744441986084,-9.41683673845408
nhanes_real,3,782,GrowingSpheres,True,0.0006172090070322156,1.0,1.0,3.3964588290614577,-9.538838147225237
nhanes_real,3,782,REVISE,True,0.00467020901851356,1.0,1.0,3.719952344894409,-9.403488548160457
nhanes_real,3,783,DiCE,False,0.014950042008422315,,,,
nhanes_real,3,783,FACE,True,0.09117799997329712,1.0,1.0,4.925239562988281,-9.66348061914583
nhanes_real,3,783,GrowingSpheres,True,0.0010214169742539525,1.0,1.0,6.95814727843689,-13.421416915549958
nhanes_real,3,783,REVISE,False,0.044114708027336746,,,,
nhanes_real,3,784,DiCE,False,0.014767958025913686,,,,
nhanes_real,3,784,FACE,True,0.09114700002828613,1.0,1.0,2.531216621398926,-7.404661547680132
nhanes_real,3,784,GrowingSpheres,True,0.0005789580172859132,1.0,1.0,1.73707032647247,-7.665686228305343
nhanes_real,3,784,REVISE,True,0.003784917003940791,1.0,1.0,4.1151227951049805,-6.645429931088181
nhanes_real,3,785,DiCE,True,0.0005551660433411598,1.0,1.0,1.460474967956543,-6.669710106755654
nhanes_real,3,785,FACE,True,0.0909103750018403,1.0,1.0,1.9088172912597656,-6.688108365154095
nhanes_real,3,785,GrowingSpheres,True,0.0002691250410862267,1.0,1.0,1.2147245254441155,-6.747103732501241
nhanes_real,3,785,REVISE,True,0.0005684170173481107,1.0,1.0,2.096233367919922,-6.16043911629217
nhanes_real,3,790,DiCE,True,0.0019803750328719616,1.0,1.0,2.6566321849823,-7.894378126663147
nhanes_real,3,790,FACE,True,0.09097354102414101,1.0,1.0,5.4881463050842285,-6.986975188775963
nhanes_real,3,790,GrowingSpheres,True,0.0005039999959990382,1.0,1.0,1.4809228649137876,-8.548741441621525
nhanes_real,3,790,REVISE,True,0.0018562920158728957,1.0,1.0,5.823909759521484,-6.375375532215106
nhanes_real,3,793,DiCE,True,0.0013372079702094197,1.0,1.0,2.301433563232422,-6.477855260467327
nhanes_real,3,793,FACE,True,0.09148637496400625,1.0,1.0,2.502796173095703,-6.855408518889911
nhanes_real,3,793,GrowingSpheres,True,0.0004297909908927977,1.0,1.0,1.9205367699991645,-6.991021537231633
nhanes_real,3,793,REVISE,True,0.0019137500203214586,1.0,1.0,2.853719711303711,-6.173451763181319
nhanes_real,3,794,DiCE,True,0.0010199579992331564,1.0,1.0,2.6816065311431885,-8.753427228954907
nhanes_real,3,794,FACE,True,0.09128824999788776,1.0,1.0,4.862259864807129,-8.711092173865383
nhanes_real,3,794,GrowingSpheres,True,0.0003222079831175506,1.0,1.0,0.9230719595170787,-9.335104629651768
nhanes_real,3,794,REVISE,True,0.005569291010033339,1.0,1.0,7.534648895263672,-6.696380544317561
nhanes_real,3,796,DiCE,False,0.015169374994002283,,,,
nhanes_real,3,796,FACE,True,0.0907584170345217,1.0,1.0,3.395033597946167,-7.904099788793811
nhanes_real,3,796,GrowingSpheres,True,0.0008802919765003026,1.0,1.0,3.0444999743610355,-9.953881939483614
nhanes_real,3,796,REVISE,True,0.0042175420094281435,1.0,1.0,4.5636444091796875,-7.262204960037984
nhanes_real,3,798,DiCE,True,0.0019271249766461551,1.0,1.0,2.7289488315582275,-7.817002738822062
nhanes_real,3,798,FACE,True,0.09100883302744478,1.0,1.0,3.9955458641052246,-6.688245282613307
nhanes_real,3,798,GrowingSpheres,True,0.0005063330172561109,1.0,1.0,2.534827976987872,-7.369327264049795
nhanes_real,3,798,REVISE,True,0.0073683339869603515,1.0,1.0,7.033445358276367,-6.121334952100959
nhanes_real,3,802,DiCE,True,0.0005645420169457793,1.0,1.0,1.3161942958831787,-6.62621846200737
nhanes_real,3,802,FACE,True,0.0905995829962194,1.0,1.0,3.1655378341674805,-7.3109496235753255
nhanes_real,3,802,GrowingSpheres,True,0.00020466704154387116,1.0,1.0,0.9403398461522523,-6.478092491096199
nhanes_real,3,802,REVISE,True,0.0005600420408882201,1.0,1.0,1.8347121477127075,-6.108533066887569
nhanes_real,3,805,DiCE,False,0.014993083954323083,,,,
nhanes_real,3,805,FACE,True,0.090696792001836,1.0,1.0,4.587244033813477,-6.824008658628924
nhanes_real,3,805,GrowingSpheres,True,0.0011277919984422624,1.0,1.0,9.021720725499856,-13.458540967853148
nhanes_real,3,805,REVISE,False,0.04389450000599027,,,,
nhanes_real,3,807,DiCE,False,0.014879541005939245,,,,
nhanes_real,3,807,FACE,True,0.09048891597194597,1.0,1.0,5.663117408752441,-6.726602919100041
nhanes_real,3,807,GrowingSpheres,True,0.0007700000423938036,1.0,1.0,3.7937254920785537,-12.996460804983968
nhanes_real,3,807,REVISE,False,0.04334304202347994,,,,
nhanes_real,3,808,DiCE,True,0.0008402080275118351,1.0,1.0,1.744004487991333,-8.833428213686867
nhanes_real,3,808,FACE,True,0.09123854199424386,1.0,1.0,3.3849496841430664,-7.683395946434908
nhanes_real,3,808,GrowingSpheres,True,0.00031645799754187465,1.0,1.0,1.0430261174522042,-9.861722325450732
nhanes_real,3,808,REVISE,True,0.0006011249497532845,1.0,1.0,5.26554012298584,-6.4659597374199755
nhanes_real,3,809,DiCE,False,0.014735583041328937,,,,
nhanes_real,3,809,FACE,True,0.0912828340078704,1.0,1.0,4.423749923706055,-7.021477244889271
nhanes_real,3,809,GrowingSpheres,True,0.0008091659983620048,1.0,1.0,4.556810339967247,-8.426862977494254
nhanes_real,3,809,REVISE,True,0.008323292015120387,1.0,1.0,3.987717390060425,-6.787538668784474
nhanes_real,3,812,DiCE,False,0.015190665959380567,,,,
nhanes_real,3,812,FACE,True,0.09105024999007583,1.0,1.0,5.746879577636719,-7.18678526074816
nhanes_real,3,812,GrowingSpheres,True,0.0007472499855794013,1.0,1.0,3.8220830393693475,-10.801409542715342
nhanes_real,3,812,REVISE,True,0.01058524998370558,1.0,1.0,6.383405685424805,-6.170735441907615
nhanes_real,3,820,DiCE,False,0.015406791004352272,,,,
nhanes_real,3,820,FACE,True,0.09078433300601318,1.0,1.0,2.4821043014526367,-7.659765151942779
nhanes_real,3,820,GrowingSpheres,True,0.0007546670385636389,1.0,1.0,3.974596076266165,-8.668924408765056
nhanes_real,3,820,REVISE,True,0.007820083003025502,1.0,1.0,5.231811046600342,-6.726231699330749
nhanes_real,3,824,DiCE,True,0.0016408749506808817,1.0,1.0,2.4516115188598633,-7.917449177572205
nhanes_real,3,824,FACE,True,0.09152124996762723,1.0,1.0,2.8598899841308594,-6.688245282613307
nhanes_real,3,824,GrowingSpheres,True,0.00041037501068785787,1.0,1.0,1.2292303409993748,-7.4345763502200874
nhanes_real,3,824,REVISE,True,0.009434582956600934,1.0,1.0,4.034725189208984,-6.4434313923387
nhanes_real,3,827,DiCE,False,0.014988915994763374,,,,
nhanes_real,3,827,FACE,True,0.09110954200150445,1.0,1.0,2.7514657974243164,-6.099873509613633
nhanes_real,3,827,GrowingSpheres,True,0.0006974170100875199,1.0,1.0,4.560208383097879,-7.483920495776991
nhanes_real,3,827,REVISE,True,0.00858537497697398,1.0,1.0,2.5651917457580566,-6.170869481103903
nhanes_real,3,828,DiCE,False,0.015152916021179408,,,,
nhanes_real,3,828,FACE,True,0.09097687498433515,1.0,1.0,5.9405317306518555,-7.7739076534356855
nhanes_real,3,828,GrowingSpheres,True,0.0007642499986104667,1.0,1.0,4.8537192383744046,-10.242862242302749
nhanes_real,3,828,REVISE,True,0.006340832973364741,1.0,1.0,7.656563758850098,-6.856458181637599
nhanes_real,3,830,DiCE,True,0.0011747910175472498,1.0,1.0,2.9236865043640137,-9.363527954749477
nhanes_real,3,830,FACE,True,0.09136566700180992,1.0,1.0,3.2947421073913574,-7.18678526074816
nhanes_real,3,830,GrowingSpheres,True,0.00037754199001938105,1.0,1.0,1.2433100299952664,-9.415950404094405
nhanes_real,3,830,REVISE,True,0.00414608302526176,1.0,1.0,6.466526508331299,-6.441734790343585
nhanes_real,3,831,DiCE,True,0.0011988330516032875,1.0,1.0,2.1836342811584473,-7.667786604892483
nhanes_real,3,831,FACE,True,0.09140325000043958,1.0,1.0,2.0084304809570312,-7.067634233406897
nhanes_real,3,831,GrowingSpheres,True,0.000449208018835634,1.0,1.0,1.7795128003327052,-7.463051178399775
nhanes_real,3,831,REVISE,True,0.0010224580182693899,1.0,1.0,3.64255952835083,-6.480987445170527
nhanes_real,3,832,DiCE,True,0.001636457978747785,1.0,1.0,2.3921446800231934,-8.75934139451721
nhanes_real,3,832,FACE,True,0.0910104580107145,1.0,1.0,1.9545574188232422,-6.749658401003879
nhanes_real,3,832,GrowingSpheres,True,0.0005704580107703805,1.0,1.0,1.6481050225928526,-8.634680956801782
nhanes_real,3,832,REVISE,True,0.008899208041839302,1.0,1.0,4.2337541580200195,-6.317140632977111
nhanes_real,3,833,DiCE,True,0.0008606250048615038,1.0,1.0,2.358274459838867,-6.697095403859053
nhanes_real,3,833,FACE,True,0.090935249987524,1.0,1.0,1.136657476425171,-6.376406374697363
nhanes_real,3,833,GrowingSpheres,True,0.0003284169943071902,1.0,1.0,1.7235585350628502,-7.114679576169608
nhanes_real,3,833,REVISE,True,0.004225958022288978,1.0,1.0,1.9045841693878174,-6.278280867191224
nhanes_real,3,834,DiCE,False,0.01520145800895989,,,,
nhanes_real,3,834,FACE,True,0.09102487500058487,1.0,1.0,4.839979648590088,-6.766720214885282
nhanes_real,3,834,GrowingSpheres,True,0.000705790997017175,1.0,1.0,4.485316784671216,-7.903375329147802
nhanes_real,3,834,REVISE,False,0.044117124984040856,,,,
nhanes_real,3,835,DiCE,True,0.0009871659567579627,1.0,1.0,2.1943459510803223,-8.44593977429262
nhanes_real,3,835,FACE,True,0.09145020798314363,1.0,1.0,1.6342658996582031,-7.313080298037919
nhanes_real,3,835,GrowingSpheres,True,0.00037295802030712366,1.0,1.0,0.8926099364975503,-7.4944537773098325
nhanes_real,3,835,REVISE,True,0.004760000039823353,1.0,1.0,5.339694023132324,-6.548011003654887
nhanes_real,3,836,DiCE,False,0.015140084025915712,,,,
nhanes_real,3,836,FACE,True,0.09126849996391684,1.0,1.0,6.308831214904785,-7.2909292198567375
nhanes_real,3,836,GrowingSpheres,True,0.001005832978989929,1.0,1.0,6.543198030275948,-10.564487283422611
nhanes_real,3,836,REVISE,True,0.006966875051148236,1.0,1.0,9.237622261047363,-6.499985337700254
nhanes_real,3,838,DiCE,True,0.0011729999678209424,1.0,1.0,2.5863847732543945,-8.525764619189655
nhanes_real,3,838,FACE,True,0.0916596669703722,1.0,1.0,3.7324609756469727,-7.267237673526967
nhanes_real,3,838,GrowingSpheres,True,0.0004982500104233623,1.0,1.0,1.97617732116294,-9.112569752416361
nhanes_real,3,838,REVISE,True,0.0006451250519603491,1.0,1.0,4.435548305511475,-6.73139594098174
nhanes_real,3,839,DiCE,True,0.0025131250149570405,1.0,1.0,4.033603668212891,-8.904839682814385
nhanes_real,3,839,FACE,True,0.09106420795433223,1.0,1.0,5.9690046310424805,-7.447307525356443
nhanes_real,3,839,GrowingSpheres,True,0.0006221249932423234,1.0,1.0,2.2509307980227025,-11.79878811652981
nhanes_real,3,839,REVISE,True,0.0006082499749027193,1.0,1.0,7.760903358459473,-6.282041889883807
nhanes_real,3,844,DiCE,True,0.0028339580167084932,1.0,1.0,3.2978219985961914,-13.118728056334497
nhanes_real,3,844,FACE,True,0.09196537500247359,1.0,1.0,7.7606520652771,-9.459984357656793
nhanes_real,3,844,GrowingSpheres,True,0.0007011250127106905,1.0,1.0,1.3854253225270723,-17.184228181534138
nhanes_real,3,844,REVISE,True,0.005475374986417592,1.0,1.0,14.423754692077637,-7.62497605038915
nhanes_real,3,846,DiCE,False,0.014947750023566186,,,,
nhanes_real,3,846,FACE,True,0.09087229100987315,1.0,1.0,1.41880202293396,-6.9083323335902165
nhanes_real,3,846,GrowingSpheres,True,0.0007462910143658519,1.0,1.0,3.0666041183369828,-6.767156584874169
nhanes_real,3,846,REVISE,True,0.006485999969299883,1.0,1.0,3.439488410949707,-6.269302085577445
nhanes_real,3,847,DiCE,False,0.015267374983523041,,,,
nhanes_real,3,847,FACE,True,0.0911255829851143,1.0,1.0,3.2957494258880615,-6.610226208037899
nhanes_real,3,847,GrowingSpheres,True,0.0010717500117607415,1.0,1.0,4.614612477641072,-10.57011095870141
nhanes_real,3,847,REVISE,False,0.04333245794987306,,,,
nhanes_real,3,848,DiCE,True,0.0016376249841414392,1.0,1.0,2.5716874599456787,-6.722157784874488
nhanes_real,3,848,FACE,True,0.09147570800269023,1.0,1.0,2.6815526485443115,-6.099873509613633
nhanes_real,3,848,GrowingSpheres,True,0.00045849999878555536,1.0,1.0,2.2656898930167952,-7.03264187693842
nhanes_real,3,848,REVISE,True,0.003791875031311065,1.0,1.0,2.918009042739868,-6.149119488391567
nhanes_real,3,849,DiCE,True,0.0007196249789558351,1.0,1.0,1.56526780128479,-10.041164285164763
nhanes_real,3,849,FACE,True,0.09116683405591175,1.0,1.0,5.493345260620117,-7.98646237613925
nhanes_real,3,849,GrowingSpheres,True,0.00016491598216816783,1.0,1.0,0.3417509232240875,-9.815119354074968
nhanes_real,3,849,REVISE,True,0.0032655420363880694,1.0,1.0,4.480405807495117,-8.304559647341838
nhanes_real,3,854,DiCE,True,0.0014486669679172337,1.0,1.0,2.8404502868652344,-8.659990344758516
nhanes_real,3,854,FACE,True,0.090777707984671,1.0,1.0,4.960914134979248,-7.32173842863704
nhanes_real,3,854,GrowingSpheres,True,0.0005349579732865095,1.0,1.0,1.6858736246392894,-9.82440208595363
nhanes_real,3,854,REVISE,True,0.0046862500021234155,1.0,1.0,4.0266337394714355,-6.679103140502823
nhanes_real,3,855,DiCE,True,0.0011306250235065818,1.0,1.0,2.492614507675171,-7.512875115681606
nhanes_real,3,855,FACE,True,0.09145904198521748,1.0,1.0,3.869786500930786,-6.86495934972511
nhanes_real,3,855,GrowingSpheres,True,0.00038941699312999845,1.0,1.0,2.369605479402872,-6.689766894896242
nhanes_real,3,855,REVISE,True,0.005459167005028576,1.0,1.0,4.620482444763184,-6.385565541008226
nhanes_real,3,856,DiCE,False,0.014847584010567516,,,,
nhanes_real,3,856,FACE,True,0.09110487496946007,1.0,1.0,8.769783020019531,-7.458751120776546
nhanes_real,3,856,GrowingSpheres,True,0.0007718330016359687,1.0,1.0,2.585045792721231,-9.776754486802298
nhanes_real,3,856,REVISE,True,0.008460957964416593,1.0,1.0,6.32418155670166,-9.436986750730167
nhanes_real,3,857,DiCE,True,0.0010302499867975712,1.0,1.0,2.170975685119629,-7.112733767892411
nhanes_real,3,857,FACE,True,0.09100008296081796,1.0,1.0,2.4726133346557617,-6.558007896989716
nhanes_real,3,857,GrowingSpheres,True,0.00030204199720174074,1.0,1.0,0.9369250624980362,-6.977159115247719
nhanes_real,3,857,REVISE,True,0.00145575002534315,1.0,1.0,3.3709208965301514,-6.199536324491744
nhanes_real,3,858,DiCE,False,0.015053874987643212,,,,
nhanes_real,3,858,FACE,True,0.10483650001697242,1.0,1.0,4.10797643661499,-7.1072717402912495
nhanes_real,3,858,GrowingSpheres,True,0.0008462090045213699,1.0,1.0,3.2984284860011983,-7.168548692326812
nhanes_real,3,858,REVISE,True,0.00938241695985198,1.0,1.0,5.878111362457275,-6.106283905447964
nhanes_real,3,859,DiCE,True,0.0012063750182278454,1.0,1.0,2.593801975250244,-8.42111642597082
nhanes_real,3,859,FACE,True,0.09231354197254404,1.0,1.0,5.221268177032471,-6.457623733742533
nhanes_real,3,859,GrowingSpheres,True,0.00048258400056511164,1.0,1.0,2.329354612009904,-8.21815318143758
nhanes_real,3,859,REVISE,True,0.0015841250424273312,1.0,1.0,5.5295515060424805,-6.3478060039150135
nhanes_real,3,861,DiCE,True,0.0021284579997882247,1.0,1.0,2.7366390228271484,-13.559853500853619
nhanes_real,3,861,FACE,True,0.09145633294247091,1.0,1.0,14.79084587097168,-7.709751132138153
nhanes_real,3,861,GrowingSpheres,True,0.0005934580112807453,1.0,1.0,2.305767047362653,-14.798990955704555
nhanes_real,3,861,REVISE,True,0.008726792002562433,1.0,1.0,11.071446418762207,-10.285097139944071
nhanes_real,3,862,DiCE,True,0.0017924999701790512,1.0,1.0,2.5090432167053223,-8.638550518786484
nhanes_real,3,862,FACE,True,0.09065641602501273,1.0,1.0,4.846019268035889,-6.511231992105508
nhanes_real,3,862,GrowingSpheres,True,0.0005458330269902945,1.0,1.0,2.418595215371141,-8.812689359122976
nhanes_real,3,862,REVISE,True,0.008862874994520098,1.0,1.0,4.661363124847412,-6.409384468329737
nhanes_real,3,863,DiCE,True,0.0015021669678390026,1.0,1.0,2.906393051147461,-11.776285684938944
nhanes_real,3,863,FACE,True,0.0914961249800399,1.0,1.0,5.028716087341309,-7.672416559629973
nhanes_real,3,863,GrowingSpheres,True,0.0005884999991394579,1.0,1.0,3.224865423168511,-9.112703120558772
nhanes_real,3,863,REVISE,True,0.002475833985954523,1.0,1.0,7.319858074188232,-6.539029873365395
nhanes_real,3,865,DiCE,False,0.015339082980062813,,,,
nhanes_real,3,865,FACE,True,0.09209287498379126,1.0,1.0,10.083319664001465,-9.459984357656793
nhanes_real,3,865,GrowingSpheres,True,0.0012636250467039645,1.0,1.0,6.971695450384888,-15.722229294347677
nhanes_real,3,865,REVISE,False,0.0428360000369139,,,,
nhanes_real,3,870,DiCE,False,0.014704375003930181,,,,
nhanes_real,3,870,FACE,True,0.09110324998619035,1.0,1.0,4.706289291381836,-7.21793210342857
nhanes_real,3,870,GrowingSpheres,True,0.0010537499911151826,1.0,1.0,4.507336246419496,-9.910918187856517
nhanes_real,3,870,REVISE,True,0.0113475420512259,1.0,1.0,6.2630109786987305,-6.124758263811479
nhanes_real,3,871,DiCE,True,0.0011939999531023204,1.0,1.0,2.8507766723632812,-8.542545688290467
nhanes_real,3,871,FACE,True,0.09185483399778605,1.0,1.0,3.528853178024292,-6.824008658628924
nhanes_real,3,871,GrowingSpheres,True,0.0004648329922929406,1.0,1.0,3.090613772752098,-7.854600437294294
nhanes_real,3,871,REVISE,True,0.0006709159933961928,1.0,1.0,5.086697101593018,-6.502534621132302
nhanes_real,3,872,DiCE,False,0.015419584000483155,,,,
nhanes_real,3,872,FACE,True,0.09197770798346028,1.0,1.0,4.139104843139648,-7.680013216908591
nhanes_real,3,872,GrowingSpheres,True,0.0008085829904302955,1.0,1.0,3.4502550922487267,-8.685416124016559
nhanes_real,3,872,REVISE,True,0.006495499983429909,1.0,1.0,9.038288116455078,-6.665270668309876
nhanes_real,3,876,DiCE,True,0.002004374982789159,1.0,1.0,2.9257001876831055,-7.099842046640124
nhanes_real,3,876,FACE,True,0.09116941702086478,1.0,1.0,2.7635459899902344,-6.457623733742533
nhanes_real,3,876,GrowingSpheres,True,0.0006960000027902424,1.0,1.0,2.918474762916748,-9.051280813019586
nhanes_real,3,876,REVISE,True,0.0024003339931368828,1.0,1.0,3.03578782081604,-6.088422256885218
nhanes_real,3,881,DiCE,True,0.0010953749879263341,1.0,1.0,2.551845073699951,-6.277549478972006
nhanes_real,3,881,FACE,True,0.09067700000014156,1.0,1.0,1.5723176002502441,-6.225370815488659
nhanes_real,3,881,GrowingSpheres,True,0.0003291250322945416,1.0,1.0,1.7928034730125633,-6.033195748137503
nhanes_real,3,881,REVISE,True,0.0015486250049434602,1.0,1.0,1.3198091983795166,-6.054250048732351
nhanes_real,3,887,DiCE,True,0.0008938750252127647,1.0,1.0,2.0180087089538574,-8.07551079738007
nhanes_real,3,887,FACE,True,0.09131150000030175,1.0,1.0,2.597874641418457,-6.961897407402411
nhanes_real,3,887,GrowingSpheres,True,0.00033608300145715475,1.0,1.0,2.3764439531012553,-7.904795237041316
nhanes_real,3,887,REVISE,True,0.0010832499829120934,1.0,1.0,4.6868815422058105,-6.194544601087655
nhanes_real,3,890,DiCE,False,0.014804459002334625,,,,
nhanes_real,3,890,FACE,True,0.09124358400003985,1.0,1.0,7.610294342041016,-7.949718306689671
nhanes_real,3,890,GrowingSpheres,True,0.0007984169642440975,1.0,1.0,1.4087739588080104,-10.660061573318975
nhanes_real,3,890,REVISE,True,0.00624141696607694,1.0,1.0,7.352283477783203,-7.692518186688868
nhanes_real,3,896,DiCE,True,0.0005847079446539283,1.0,1.0,1.2317537069320679,-6.978165522797635
nhanes_real,3,896,FACE,True,0.09249783301493153,1.0,1.0,4.447023868560791,-6.933651078842078
nhanes_real,3,896,GrowingSpheres,True,0.0002734169829636812,1.0,1.0,1.1098952118798981,-7.0007325044259
nhanes_real,3,896,REVISE,True,0.002954708004835993,1.0,1.0,3.127009868621826,-6.318079548574209
nhanes_real,3,898,DiCE,True,0.000759042042773217,1.0,1.0,1.7572197914123535,-7.467750707327848
nhanes_real,3,898,FACE,True,0.0909617500146851,1.0,1.0,2.345459222793579,-6.76277009426631
nhanes_real,3,898,GrowingSpheres,True,0.0002489580074325204,1.0,1.0,0.8789422698516041,-7.496017144231888
nhanes_real,3,898,REVISE,True,0.0006461670272983611,1.0,1.0,3.862985610961914,-6.147950756651175
nhanes_real,3,899,DiCE,True,0.0011890000314451754,1.0,1.0,1.9451268911361694,-6.029494809288081
nhanes_real,3,899,FACE,True,0.09601633303100243,1.0,1.0,2.6675965785980225,-6.273952467791187
nhanes_real,3,899,GrowingSpheres,True,0.00044654199155047536,1.0,1.0,1.8798696446772265,-6.5776233316619575
nhanes_real,3,899,REVISE,True,0.000708417035639286,1.0,1.0,2.1315126419067383,-6.025195542498897
nhanes_real,3,903,DiCE,True,0.0018987079965882003,1.0,1.0,3.039503335952759,-8.472345464195097
nhanes_real,3,903,FACE,True,0.09099462500307709,1.0,1.0,4.746840953826904,-7.3803819193573705
nhanes_real,3,903,GrowingSpheres,True,0.0006608749972656369,1.0,1.0,2.661721340951889,-8.006137583306819
nhanes_real,3,903,REVISE,True,0.00576591701246798,1.0,1.0,4.343054294586182,-6.1949322512402505
nhanes_real,3,906,DiCE,False,0.014854584005661309,,,,
nhanes_real,3,906,FACE,True,0.09201133402530104,1.0,1.0,4.984151840209961,-6.610226208037899
nhanes_real,3,906,GrowingSpheres,True,0.0008410419686697423,1.0,1.0,5.944662475191681,-8.581281945577679
nhanes_real,3,906,REVISE,True,0.007800750026945025,1.0,1.0,5.783440113067627,-6.207815384410516
nhanes_real,4,4,DiCE,True,0.0006914999685250223,1.0,1.0,1.5067920684814453,-6.640619728996892
nhanes_real,4,4,FACE,True,0.09496295900316909,1.0,1.0,1.0913105010986328,-6.7706197824587075
nhanes_real,4,4,GrowingSpheres,True,0.00028666702564805746,1.0,1.0,0.6878770460610052,-6.892837033864799
nhanes_real,4,4,REVISE,True,0.003105666022747755,1.0,1.0,3.073002815246582,-6.179408914601035
nhanes_real,4,5,DiCE,False,0.015240459004417062,,,,
nhanes_real,4,5,FACE,True,0.09093241702066734,1.0,1.0,5.062408447265625,-7.406167896246055
nhanes_real,4,5,GrowingSpheres,True,0.0007137090433388948,1.0,1.0,3.8230450008148265,-9.009066749183651
nhanes_real,4,5,REVISE,True,0.003420416032895446,1.0,1.0,5.333224296569824,-6.159755549772391
nhanes_real,4,6,DiCE,True,0.0021704999962821603,1.0,1.0,3.3936092853546143,-10.463043694513395
nhanes_real,4,6,FACE,True,0.09254054195480421,1.0,1.0,4.4562788009643555,-9.517031387830594
nhanes_real,4,6,GrowingSpheres,True,0.0006727909785695374,1.0,1.0,2.7038373222349907,-11.47997303654338
nhanes_real,4,6,REVISE,True,0.0021474999957717955,1.0,1.0,8.167415618896484,-8.658869750838434
nhanes_real,4,7,DiCE,True,0.0022751670330762863,1.0,1.0,3.5871710777282715,-9.848614099415588
nhanes_real,4,7,FACE,True,0.09240237501217052,1.0,1.0,3.2148799896240234,-7.503287864476393
nhanes_real,4,7,GrowingSpheres,True,0.0007823340129107237,1.0,1.0,5.123372388482057,-10.992460653451806
nhanes_real,4,7,REVISE,True,0.011613957991357893,1.0,1.0,3.3032946586608887,-7.7464196378409955
nhanes_real,4,8,DiCE,True,0.0009536250145174563,1.0,1.0,1.5798790454864502,-9.142795097919793
nhanes_real,4,8,FACE,True,0.09093000000575557,1.0,1.0,3.3387465476989746,-7.908246821321784
nhanes_real,4,8,GrowingSpheres,True,0.0004385830252431333,1.0,1.0,1.8623776428161638,-9.650629336582174
nhanes_real,4,8,REVISE,True,0.008089750015642494,1.0,1.0,3.040468454360962,-7.3547939916677185
nhanes_real,4,9,DiCE,False,0.015226375020574778,,,,
nhanes_real,4,9,FACE,True,0.09130012500099838,1.0,1.0,7.091168403625488,-6.877452994456238
nhanes_real,4,9,GrowingSpheres,True,0.0008496249793097377,1.0,1.0,2.935596758437874,-10.295488597985951
nhanes_real,4,9,REVISE,False,0.04444200004218146,,,,
nhanes_real,4,12,DiCE,False,0.014915500010829419,,,,
nhanes_real,4,12,FACE,True,0.09084495797287673,1.0,1.0,4.749756813049316,-6.589867964796874
nhanes_real,4,12,GrowingSpheres,True,0.0006710829911753535,1.0,1.0,1.9345720991875912,-6.528353429526415
nhanes_real,4,12,REVISE,True,0.0054876250214874744,1.0,1.0,2.454380512237549,-6.3788056430641
nhanes_real,4,13,DiCE,True,0.0010436669690534472,1.0,1.0,2.5289134979248047,-9.9553990668246
nhanes_real,4,13,FACE,True,0.09105879196431488,1.0,1.0,1.9803931713104248,-7.294442257749141
nhanes_real,4,13,GrowingSpheres,True,0.0003844170132651925,1.0,1.0,1.5028838503859374,-8.198726477525714
nhanes_real,4,13,REVISE,True,0.008254458021838218,1.0,1.0,5.411609649658203,-7.180965803612416
nhanes_real,4,15,DiCE,True,0.0007478329935111105,1.0,1.0,1.855767846107483,-6.16164080892593
nhanes_real,4,15,FACE,True,0.09096433402737603,1.0,1.0,2.6375129222869873,-6.308692489385859
nhanes_real,4,15,GrowingSpheres,True,0.0002994579845108092,1.0,1.0,1.2163414564521071,-6.087793908047631
nhanes_real,4,15,REVISE,True,0.000622166960965842,1.0,1.0,1.1432551145553589,-6.04923004815395
nhanes_real,4,16,DiCE,False,0.014932624995708466,,,,
nhanes_real,4,16,FACE,True,0.09080066700698808,1.0,1.0,11.616315841674805,-7.183221361775066
nhanes_real,4,16,GrowingSpheres,False,0.0012547079822979867,,,,
nhanes_real,4,16,REVISE,False,0.043570458015892655,,,,
nhanes_real,4,17,DiCE,False,0.014963416033424437,,,,
nhanes_real,4,17,FACE,True,0.09102441597497091,1.0,1.0,5.4505228996276855,-7.908246821321784
nhanes_real,4,17,GrowingSpheres,True,0.0006637079641222954,1.0,1.0,3.9084340503980135,-8.61079789532527
nhanes_real,4,17,REVISE,True,0.005043958954047412,1.0,1.0,6.0850067138671875,-7.064000752674836
nhanes_real,4,21,DiCE,True,0.0010710839997045696,1.0,1.0,2.5108425617218018,-7.904912501493663
nhanes_real,4,21,FACE,True,0.09046737500466406,1.0,1.0,5.427977085113525,-6.662383645709587
nhanes_real,4,21,GrowingSpheres,True,0.0004312500241212547,1.0,1.0,2.5799985043323628,-7.885131829363573
nhanes_real,4,21,REVISE,True,0.007819499995093793,1.0,1.0,3.902984380722046,-6.3322786854500706
nhanes_real,4,22,DiCE,False,0.01479545800248161,,,,
nhanes_real,4,22,FACE,True,0.0948459580540657,1.0,1.0,4.461508750915527,-7.411928794910292
nhanes_real,4,22,GrowingSpheres,True,0.0007020409684628248,1.0,1.0,3.2122072986448016,-7.862584802491224
nhanes_real,4,22,REVISE,True,0.01107408304233104,1.0,1.0,6.933358192443848,-6.111931607880329
nhanes_real,4,25,DiCE,False,0.01498516701394692,,,,
nhanes_real,4,25,FACE,True,0.09126470802584663,1.0,1.0,7.762676239013672,-9.427337836510773
nhanes_real,4,25,GrowingSpheres,True,0.0008069170289672911,1.0,1.0,4.050206415823388,-13.660108286764395
nhanes_real,4,25,REVISE,True,0.007913334004115313,1.0,1.0,12.595672607421875,-8.053893184383947
nhanes_real,4,27,DiCE,False,0.014963041001465172,,,,
nhanes_real,4,27,FACE,True,0.09091495902976021,1.0,1.0,4.3602681159973145,-6.852770993621007
nhanes_real,4,27,GrowingSpheres,True,0.0008259580354206264,1.0,1.0,2.9727164274188413,-12.251735510530622
nhanes_real,4,27,REVISE,False,0.042425916995853186,,,,
nhanes_real,4,30,DiCE,True,0.0005489169852808118,1.0,1.0,1.2334319353103638,-8.77965381856078
nhanes_real,4,30,FACE,True,0.09017795801628381,1.0,1.0,6.132107257843018,-6.788331950401863
nhanes_real,4,30,GrowingSpheres,True,0.00023212499218061566,1.0,1.0,0.553201432364845,-9.279953075651903
nhanes_real,4,30,REVISE,True,0.0023886249982751906,1.0,1.0,8.064705848693848,-6.082225815328586
nhanes_real,4,34,DiCE,True,0.0010155409690923989,1.0,1.0,2.2907683849334717,-9.27825529658383
nhanes_real,4,34,FACE,True,0.09623633301816881,1.0,1.0,4.706381797790527,-8.292614274991593
nhanes_real,4,34,GrowingSpheres,True,0.00038062501698732376,1.0,1.0,1.2736453659588385,-9.074016901094826
nhanes_real,4,34,REVISE,True,0.0007459170301444829,1.0,1.0,8.742408752441406,-6.3726726582095266
nhanes_real,4,38,DiCE,False,0.015474457992240787,,,,
nhanes_real,4,38,FACE,True,0.09164883301127702,1.0,1.0,6.79215145111084,-6.265033707644645
nhanes_real,4,38,GrowingSpheres,True,0.0007225419976748526,1.0,1.0,2.99309118153218,-7.323228380659545
nhanes_real,4,38,REVISE,True,0.006156084011308849,1.0,1.0,5.32484245300293,-6.178162500307018
nhanes_real,4,39,DiCE,True,0.0007447919924743474,1.0,1.0,1.8175711631774902,-9.25762088243452
nhanes_real,4,39,FACE,True,0.09136291599133983,0.0,1.0,4.020583629608154,-8.262231895829816
nhanes_real,4,39,GrowingSpheres,True,0.0002565419999882579,1.0,1.0,0.6270320782780461,-9.91091401204064
nhanes_real,4,39,REVISE,True,0.0006372919888235629,1.0,1.0,5.8097734451293945,-6.933529923557961
nhanes_real,4,42,DiCE,True,0.0006329999887384474,1.0,1.0,1.2231686115264893,-15.765403354155836
nhanes_real,4,42,FACE,True,0.0909083749866113,1.0,1.0,8.45913314819336,-9.757820532168338
nhanes_real,4,42,GrowingSpheres,True,0.00022108398843556643,1.0,1.0,0.9007090610268959,-16.060555500871537
nhanes_real,4,42,REVISE,True,0.0005902500124648213,1.0,1.0,4.92680549621582,-13.028408965688575
nhanes_real,4,43,DiCE,True,0.0012628749827854335,1.0,1.0,2.3187379837036133,-7.272718977142033
nhanes_real,4,43,FACE,True,0.09140504105016589,1.0,1.0,2.5892724990844727,-6.57471521526343
nhanes_real,4,43,GrowingSpheres,True,0.0004757089773193002,1.0,1.0,2.046393624641957,-7.880236420639061
nhanes_real,4,43,REVISE,True,0.006564542010892183,1.0,1.0,5.109630584716797,-6.085125678700738
nhanes_real,4,44,DiCE,True,0.0007216249941848218,1.0,1.0,1.686628818511963,-7.032744088200501
nhanes_real,4,44,FACE,True,0.09172620897879824,1.0,1.0,2.437405586242676,-6.7706197824587075
nhanes_real,4,44,GrowingSpheres,True,0.0003743330016732216,1.0,1.0,1.68809265329195,-7.019638202155338
nhanes_real,4,44,REVISE,True,0.004614250035956502,1.0,1.0,4.149713039398193,-6.149251546113289
nhanes_real,4,45,DiCE,True,0.0012257079943083227,1.0,1.0,2.295034646987915,-7.136570720555952
nhanes_real,4,45,FACE,True,0.09120174997951835,1.0,1.0,3.4913134574890137,-7.130042611978688
nhanes_real,4,45,GrowingSpheres,True,0.00046870799269527197,1.0,1.0,1.7410247077122047,-7.9614409700427125
nhanes_real,4,45,REVISE,True,0.0006502080359496176,1.0,1.0,3.107184410095215,-6.795406892161331
nhanes_real,4,48,DiCE,True,0.0015152500127442181,1.0,1.0,2.7321338653564453,-6.820659040379265
nhanes_real,4,48,FACE,True,0.09097066702088341,1.0,1.0,4.071109771728516,-6.799070632264064
nhanes_real,4,48,GrowingSpheres,True,0.0005643329932354391,1.0,1.0,2.261627298061041,-7.154506829722813
nhanes_real,4,48,REVISE,True,0.003587125043850392,1.0,1.0,2.8727245330810547,-6.048349717351265
nhanes_real,4,49,DiCE,True,0.0011982910218648612,1.0,1.0,2.3524606227874756,-9.52620629439817
nhanes_real,4,49,FACE,True,0.09490558301331475,1.0,1.0,3.1422531604766846,-8.152850759263973
nhanes_real,4,49,GrowingSpheres,True,0.0005489999894052744,1.0,1.0,2.9441305250008223,-11.012754996669534
nhanes_real,4,49,REVISE,True,0.0007790830568410456,1.0,1.0,2.8813323974609375,-7.923399364096104
nhanes_real,4,50,DiCE,False,0.015619624988175929,,,,
nhanes_real,4,50,FACE,True,0.09115441696485505,1.0,1.0,7.631329536437988,-7.461192773007976
nhanes_real,4,50,GrowingSpheres,True,0.001085874973796308,1.0,1.0,7.200191835867619,-8.818468680660008
nhanes_real,4,50,REVISE,True,0.0148612079792656,1.0,1.0,7.323154449462891,-6.335264917969707
nhanes_real,4,51,DiCE,False,0.01625975000206381,,,,
nhanes_real,4,51,FACE,True,0.09066533402074128,1.0,1.0,2.223524808883667,-6.143404285870153
nhanes_real,4,51,GrowingSpheres,True,0.0006810839986428618,1.0,1.0,4.33083084879732,-7.709597023611572
nhanes_real,4,51,REVISE,True,0.00898916699225083,1.0,1.0,2.3137171268463135,-6.347365825512485
nhanes_real,4,53,DiCE,False,0.01642045797780156,,,,
nhanes_real,4,53,FACE,True,0.09714870899915695,1.0,1.0,3.303743839263916,-7.489613008061509
nhanes_real,4,53,GrowingSpheres,True,0.0007282090373337269,1.0,1.0,3.833631913232899,-8.696837306693869
nhanes_real,4,53,REVISE,True,0.006275916995946318,1.0,1.0,6.111520767211914,-6.243732850551373
nhanes_real,4,54,DiCE,True,0.002736042020842433,1.0,1.0,2.8307271003723145,-8.441822358313814
nhanes_real,4,54,FACE,True,0.09426691697444767,1.0,1.0,4.821506500244141,-7.390297544658141
nhanes_real,4,54,GrowingSpheres,True,0.0005967500037513673,1.0,1.0,2.7277483803152998,-7.806498509687565
nhanes_real,4,54,REVISE,True,0.0070585840148851275,1.0,1.0,4.231907844543457,-6.840548361695042
nhanes_real,4,55,DiCE,False,0.015077042044140399,,,,
nhanes_real,4,55,FACE,True,0.09156437503406778,1.0,1.0,2.6014041900634766,-6.419619384248124
nhanes_real,4,55,GrowingSpheres,True,0.000675041985232383,1.0,1.0,1.2086856871523621,-7.23710008434589
nhanes_real,4,55,REVISE,True,0.006481749995145947,1.0,1.0,3.750074863433838,-6.322532601840573
nhanes_real,4,59,DiCE,True,0.0007220419938676059,1.0,1.0,1.530037760734558,-6.813650687048554
nhanes_real,4,59,FACE,True,0.09691124997334555,1.0,1.0,3.4405441284179688,-6.877452994456238
nhanes_real,4,59,GrowingSpheres,True,0.00041791697731241584,1.0,1.0,1.8746277467339048,-6.516966199551824
nhanes_real,4,59,REVISE,True,0.001256708987057209,1.0,1.0,1.4048651456832886,-6.21588339587562
nhanes_real,4,61,DiCE,False,0.015214041981380433,,,,
nhanes_real,4,61,FACE,True,0.09120266698300838,1.0,1.0,2.3808422088623047,-7.051650040899826
nhanes_real,4,61,GrowingSpheres,True,0.0006288749864324927,1.0,1.0,2.2664235835353033,-6.814736647345972
nhanes_real,4,61,REVISE,True,0.003905208024661988,1.0,1.0,3.6408252716064453,-6.235505567310718
nhanes_real,4,63,DiCE,False,0.01578295900253579,,,,
nhanes_real,4,63,FACE,True,0.09063529100967571,1.0,1.0,4.838449954986572,-9.354340977306634
nhanes_real,4,63,GrowingSpheres,True,0.0008664170163683593,1.0,1.0,4.510049118501215,-10.18441963991443
nhanes_real,4,63,REVISE,True,0.0061590420082211494,1.0,1.0,6.326003551483154,-9.232663218431995
nhanes_real,4,66,DiCE,False,0.014828290964942425,,,,
nhanes_real,4,66,FACE,True,0.09051654202630743,1.0,1.0,4.782749652862549,-6.877452994456238
nhanes_real,4,66,GrowingSpheres,True,0.0008656250429339707,1.0,1.0,5.580609197738693,-12.373338129894556
nhanes_real,4,66,REVISE,True,0.008173916023224592,1.0,1.0,4.6162285804748535,-6.900749640169462
nhanes_real,4,67,DiCE,True,0.0015762909897603095,1.0,1.0,2.5882134437561035,-6.383951647440464
nhanes_real,4,67,FACE,True,0.09069774998351932,1.0,1.0,2.95037841796875,-6.709689358809202
nhanes_real,4,67,GrowingSpheres,True,0.0005170830409042537,1.0,1.0,3.2318373489185745,-6.678669320864548
nhanes_real,4,67,REVISE,True,0.0019558329950086772,1.0,1.0,3.870810031890869,-6.10110162672537
nhanes_real,4,68,DiCE,True,0.000723250035662204,1.0,1.0,1.72139573097229,-8.259741246360033
nhanes_real,4,68,FACE,True,0.09005129203433171,1.0,1.0,3.157871723175049,-7.144304230535495
nhanes_real,4,68,GrowingSpheres,True,0.00025162496604025364,1.0,1.0,0.8063930803325823,-7.7587937776907
nhanes_real,4,68,REVISE,True,0.005647874961141497,1.0,1.0,3.291074752807617,-6.771130081904451
nhanes_real,4,70,DiCE,True,0.0021782920230180025,1.0,1.0,3.451143503189087,-8.152860597806526
nhanes_real,4,70,FACE,True,0.09026416699634865,1.0,1.0,5.606278896331787,-7.410502348866697
nhanes_real,4,70,GrowingSpheres,True,0.0006216249894350767,1.0,1.0,5.020749788679516,-9.271195698801781
nhanes_real,4,70,REVISE,True,0.006602000037673861,1.0,1.0,7.113940715789795,-6.182613791304387
nhanes_real,4,72,DiCE,True,0.002039042010437697,1.0,1.0,3.3064656257629395,-7.5187398989497485
nhanes_real,4,72,FACE,True,0.09096987498924136,1.0,1.0,3.128666877746582,-7.95576702174244
nhanes_real,4,72,GrowingSpheres,True,0.000643584004137665,1.0,1.0,2.4510529737782094,-9.069042897128307
nhanes_real,4,72,REVISE,True,0.0019877080339938402,1.0,1.0,4.651447296142578,-6.870869153008824
nhanes_real,4,77,DiCE,True,0.0013256249949336052,1.0,1.0,2.4662928581237793,-8.016866507022625
nhanes_real,4,77,FACE,True,0.09028433304047212,1.0,1.0,5.438651084899902,-8.429677453116152
nhanes_real,4,77,GrowingSpheres,True,0.00041437498293817043,1.0,1.0,2.21880131684074,-9.061715443416734
nhanes_real,4,77,REVISE,True,0.006450707965996116,1.0,1.0,6.4234395027160645,-6.289359022252266
nhanes_real,4,82,DiCE,False,0.01470404100837186,,,,
nhanes_real,4,82,FACE,True,0.09176254196790978,1.0,1.0,2.607391834259033,-6.143404285870153
nhanes_real,4,82,GrowingSpheres,True,0.0009688750142231584,1.0,1.0,5.814659450510007,-7.394356663555733
nhanes_real,4,82,REVISE,True,0.008257374982349575,1.0,1.0,3.72575306892395,-6.352308768283069
nhanes_real,4,85,DiCE,True,0.0013687920290976763,1.0,1.0,3.313391923904419,-8.845552143993682
nhanes_real,4,85,FACE,True,0.09118229197338223,1.0,1.0,3.1902856826782227,-7.963585814856287
nhanes_real,4,85,GrowingSpheres,True,0.0003857500269077718,1.0,1.0,1.4717365102895563,-9.116396955437228
nhanes_real,4,85,REVISE,True,0.004714332986623049,1.0,1.0,9.069692611694336,-6.242653689355524
nhanes_real,4,86,DiCE,False,0.014712792006321251,,,,
nhanes_real,4,86,FACE,True,0.09119962499244139,1.0,1.0,3.637921094894409,-6.318138812144205
nhanes_real,4,86,GrowingSpheres,True,0.0007024169899523258,1.0,1.0,3.8781271559735826,-8.535820863574866
nhanes_real,4,86,REVISE,True,0.009458582964725792,1.0,1.0,4.548972129821777,-6.463890414021606
nhanes_real,4,88,DiCE,False,0.014815166010521352,,,,
nhanes_real,4,88,FACE,True,0.09193537494866177,1.0,1.0,11.015993118286133,-8.699840014001829
nhanes_real,4,88,GrowingSpheres,True,0.0010139169753529131,1.0,1.0,6.200292615307719,-9.928820998077896
nhanes_real,4,88,REVISE,True,0.007265541993547231,1.0,1.0,8.335929870605469,-7.377046637949775
nhanes_real,4,89,DiCE,False,0.014700958970934153,,,,
nhanes_real,4,89,FACE,True,0.09048416599398479,1.0,1.0,3.3419151306152344,-7.36225208888544
nhanes_real,4,89,GrowingSpheres,True,0.0008936660015024245,1.0,1.0,4.549907297734719,-12.605074189335147
nhanes_real,4,89,REVISE,True,0.008271625032648444,1.0,1.0,6.418436527252197,-6.66805074449127
nhanes_real,4,93,DiCE,False,0.014670750009827316,,,,
nhanes_real,4,93,FACE,True,0.0902718750294298,1.0,1.0,6.235047817230225,-7.051650040899826
nhanes_real,4,93,GrowingSpheres,True,0.001113083038944751,1.0,1.0,3.78173105872139,-10.067853937363902
nhanes_real,4,93,REVISE,False,0.0422847910085693,,,,
nhanes_real,4,94,DiCE,False,0.01449224998941645,,,,
nhanes_real,4,94,FACE,True,0.09085224999580532,1.0,1.0,5.284820556640625,-6.143404285870153
nhanes_real,4,94,GrowingSpheres,True,0.0009867079788818955,1.0,1.0,1.8997775291144263,-8.69867752443297
nhanes_real,4,94,REVISE,False,0.04334625002229586,,,,
nhanes_real,4,101,DiCE,True,0.00100154202664271,1.0,1.0,2.7366816997528076,-8.685623058077667
nhanes_real,4,101,FACE,True,0.09151520900195464,1.0,1.0,2.462214469909668,-7.503287864476393
nhanes_real,4,101,GrowingSpheres,True,0.00042941595893353224,1.0,1.0,1.4781058889210006,-8.547741958437987
nhanes_real,4,101,REVISE,True,0.006227040954399854,1.0,1.0,2.57094407081604,-7.564321737034998
nhanes_real,4,102,DiCE,False,0.014625457988586277,,,,
nhanes_real,4,102,FACE,True,0.09134370903484523,1.0,1.0,4.110281944274902,-6.143404285870153
nhanes_real,4,102,GrowingSpheres,True,0.0007277919794432819,1.0,1.0,5.3824697065760185,-9.391993649399884
nhanes_real,4,102,REVISE,True,0.005031124979723245,1.0,1.0,4.375463008880615,-6.243799946995883
nhanes_real,4,103,DiCE,False,0.014780375000555068,,,,
nhanes_real,4,103,FACE,True,0.09084333397913724,1.0,1.0,5.343864440917969,-6.318138812144205
nhanes_real,4,103,GrowingSpheres,True,0.000926292035728693,1.0,1.0,8.872912126340115,-7.9624787431590285
nhanes_real,4,103,REVISE,True,0.0083468749653548,1.0,1.0,7.211625576019287,-6.19727000072076
nhanes_real,4,104,DiCE,True,0.0006394999800249934,1.0,1.0,1.345062255859375,-10.591715787621801
nhanes_real,4,104,FACE,True,0.09092312504071742,1.0,1.0,5.330708980560303,-8.554284585891347
nhanes_real,4,104,GrowingSpheres,True,0.00028237502556294203,1.0,1.0,0.49926762770060507,-11.293344530497679
nhanes_real,4,104,REVISE,True,0.0006517089786939323,1.0,1.0,6.138537883758545,-8.015182847709752
nhanes_real,4,107,DiCE,True,0.0015145829529501498,1.0,1.0,3.109492540359497,-6.163779513150439
nhanes_real,4,107,FACE,True,0.090266540995799,1.0,1.0,3.0744378566741943,-6.318138812144205
nhanes_real,4,107,GrowingSpheres,True,0.0005547089967876673,1.0,1.0,2.4544733001656542,-7.039979520399678
nhanes_real,4,107,REVISE,True,0.0015759579837322235,1.0,1.0,3.187897205352783,-6.072032299714968
nhanes_real,4,108,DiCE,True,0.0018791659967973828,1.0,1.0,3.072666883468628,-7.214052533596137
nhanes_real,4,108,FACE,True,0.0908487499691546,1.0,1.0,3.709362030029297,-7.737215947145513
nhanes_real,4,108,GrowingSpheres,True,0.0007082079537212849,1.0,1.0,3.0552827052263405,-11.115454166405232
nhanes_real,4,108,REVISE,True,0.0016477499739266932,1.0,1.0,4.310450077056885,-6.2601846315810095
nhanes_real,4,113,DiCE,True,0.0006180839845910668,1.0,1.0,1.5314127206802368,-7.153356921677515
nhanes_real,4,113,FACE,True,0.0901774590020068,1.0,1.0,3.2295799255371094,-7.294442257749141
nhanes_real,4,113,GrowingSpheres,True,0.00020941602997481823,1.0,1.0,0.5940858717437149,-7.338824380140691
nhanes_real,4,113,REVISE,True,0.004371541959699243,1.0,1.0,2.659815788269043,-6.430860337897199
nhanes_real,4,115,DiCE,False,0.015412582957651466,,,,
nhanes_real,4,115,FACE,True,0.09078037500148639,1.0,1.0,2.684968948364258,-6.832754837232879
nhanes_real,4,115,GrowingSpheres,True,0.0006391670322045684,1.0,1.0,3.2484368813828484,-9.045057737157569
nhanes_real,4,115,REVISE,True,0.0116884580347687,1.0,1.0,3.5134830474853516,-6.209629028341192
nhanes_real,4,116,DiCE,True,0.0007244170410558581,1.0,1.0,1.8773620128631592,-12.815442247124553
nhanes_real,4,116,FACE,True,0.09057299996493384,0.0,1.0,8.456974983215332,-7.704389620037803
nhanes_real,4,116,GrowingSpheres,True,0.0002116660471074283,1.0,1.0,0.43341083591002694,-13.339118540322236
nhanes_real,4,116,REVISE,True,0.0010727089829742908,1.0,1.0,9.897558212280273,-6.90065215530818
nhanes_real,4,119,DiCE,True,0.0007294579991139472,1.0,1.0,1.9428435564041138,-10.497739946195132
nhanes_real,4,119,FACE,True,0.09074258297914639,1.0,1.0,4.633782386779785,-8.685055816335009
nhanes_real,4,119,GrowingSpheres,True,0.00022837496362626553,1.0,1.0,0.8195237597316931,-10.319669479012891
nhanes_real,4,119,REVISE,True,0.003594250010792166,1.0,1.0,6.89602518081665,-7.7016455773098045
nhanes_real,4,124,DiCE,False,0.014768958033528179,,,,
nhanes_real,4,124,FACE,True,0.09126508398912847,1.0,1.0,3.9570271968841553,-6.98739810708992
nhanes_real,4,124,GrowingSpheres,True,0.0006893340032547712,1.0,1.0,2.053817335136155,-8.983555918743562
nhanes_real,4,124,REVISE,False,0.04356491699581966,,,,
nhanes_real,4,126,DiCE,True,0.0008539580157957971,1.0,1.0,2.0355610847473145,-8.77481466772524
nhanes_real,4,126,FACE,True,0.09114820801187307,1.0,1.0,5.901785850524902,-8.227485765362072
nhanes_real,4,126,GrowingSpheres,True,0.0003532920381985605,1.0,1.0,1.9290634469785533,-9.782060118047063
nhanes_real,4,126,REVISE,True,0.0006271669990383089,1.0,1.0,9.03411865234375,-6.098303100353208
nhanes_real,4,127,DiCE,True,0.0013325419859029353,1.0,1.0,2.4521560668945312,-6.434495642458474
nhanes_real,4,127,FACE,True,0.0908854579902254,1.0,1.0,3.9986398220062256,-6.937291391163992
nhanes_real,4,127,GrowingSpheres,True,0.00040250003803521395,1.0,1.0,1.41379250596425,-6.588656525132492
nhanes_real,4,127,REVISE,True,0.0005673749838024378,1.0,1.0,2.6517446041107178,-6.048708777681891
nhanes_real,4,129,DiCE,True,0.0015857089892961085,1.0,1.0,2.420788288116455,-8.42636041665661
nhanes_real,4,129,FACE,True,0.09015858400380239,1.0,1.0,3.8160576820373535,-7.734516169348918
nhanes_real,4,129,GrowingSpheres,True,0.0005191660020500422,1.0,1.0,2.1114841083389795,-8.877405724827629
nhanes_real,4,129,REVISE,True,0.008236250025220215,1.0,1.0,5.3335795402526855,-6.1636890833565285
nhanes_real,4,130,DiCE,False,0.01464099995791912,,,,
nhanes_real,4,130,FACE,True,0.09098679100861773,1.0,1.0,2.392610549926758,-6.852770993621007
nhanes_real,4,130,GrowingSpheres,True,0.0010609999881125987,1.0,1.0,4.283512321012108,-10.313467329066945
nhanes_real,4,130,REVISE,False,0.04296429199166596,,,,
nhanes_real,4,137,DiCE,True,0.001169916009530425,1.0,1.0,2.207819938659668,-6.705106848709831
nhanes_real,4,137,FACE,True,0.09019066701876,1.0,1.0,3.2499475479125977,-6.318138812144205
nhanes_real,4,137,GrowingSpheres,True,0.00041816598968580365,1.0,1.0,1.0497799589088799,-6.7717340616840875
nhanes_real,4,137,REVISE,True,0.0018678749911487103,1.0,1.0,2.1342740058898926,-6.128748684751082
nhanes_real,4,138,DiCE,False,0.014526791987009346,,,,
nhanes_real,4,138,FACE,True,0.09003295801812783,1.0,1.0,2.325979709625244,-6.946118029372195
nhanes_real,4,138,GrowingSpheres,True,0.0007612920016981661,1.0,1.0,6.218301028219607,-8.814061932886943
nhanes_real,4,138,REVISE,False,0.04352091602049768,,,,
nhanes_real,4,139,DiCE,False,0.014577040972653776,,,,
nhanes_real,4,139,FACE,True,0.09205641702283174,1.0,1.0,7.11116886138916,-7.051650040899826
nhanes_real,4,139,GrowingSpheres,True,0.0009709169971756637,1.0,1.0,3.3324675365221417,-9.315183579904195
nhanes_real,4,139,REVISE,True,0.006855249986983836,1.0,1.0,8.820968627929688,-6.441885826600798
nhanes_real,4,140,DiCE,True,0.0025882499758154154,1.0,1.0,3.0324761867523193,-7.1694653462168425
nhanes_real,4,140,FACE,True,0.09607204201165587,1.0,1.0,4.982059955596924,-7.133970335005526
nhanes_real,4,140,GrowingSpheres,True,0.0007732909871265292,1.0,1.0,2.0996862778922787,-7.644886962259095
nhanes_real,4,140,REVISE,True,0.004698583041317761,1.0,1.0,3.158407211303711,-6.625082002813611
nhanes_real,4,142,DiCE,True,0.0012336669606156647,1.0,1.0,3.594597816467285,-8.853595408575782
nhanes_real,4,142,FACE,True,0.09201199997914955,1.0,1.0,7.851627349853516,-6.806568673061825
nhanes_real,4,142,GrowingSpheres,True,0.0005294579896144569,1.0,1.0,2.910875033105754,-9.414077786000144
nhanes_real,4,142,REVISE,True,0.0006344159482978284,1.0,1.0,6.244257926940918,-6.429317544798069
nhanes_real,4,143,DiCE,True,0.0007432919810526073,1.0,1.0,1.5939356088638306,-8.611921227821021
nhanes_real,4,143,FACE,True,0.09093345800647512,1.0,1.0,2.6505770683288574,-8.401827015417362
nhanes_real,4,143,GrowingSpheres,True,0.0002952920040115714,1.0,1.0,0.8961590102597841,-9.034580118142946
nhanes_real,4,143,REVISE,True,0.0034957080497406423,1.0,1.0,6.3239030838012695,-7.1944973698990395
nhanes_real,4,144,DiCE,True,0.0012117919977754354,1.0,1.0,2.184195041656494,-6.933598039934081
nhanes_real,4,144,FACE,True,0.09108899999409914,1.0,1.0,4.755265235900879,-6.733618112772923
nhanes_real,4,144,GrowingSpheres,True,0.0004000829649157822,1.0,1.0,1.6665354526527623,-7.137234303355586
nhanes_real,4,144,REVISE,True,0.005165625014342368,1.0,1.0,3.7255125045776367,-6.232592804241909
nhanes_real,4,146,DiCE,False,0.015350375033449382,,,,
nhanes_real,4,146,FACE,True,0.09221370896557346,1.0,1.0,4.848466396331787,-8.152850759263973
nhanes_real,4,146,GrowingSpheres,True,0.0010317080304957926,1.0,1.0,5.069940275554012,-9.112112795397183
nhanes_real,4,146,REVISE,True,0.009594707982614636,1.0,1.0,6.114049911499023,-7.38051834837618
nhanes_real,4,147,DiCE,True,0.0016981670050881803,1.0,1.0,2.781132459640503,-6.810899302139564
nhanes_real,4,147,FACE,True,0.09107016702182591,1.0,1.0,5.0452470779418945,-6.946877146472605
nhanes_real,4,147,GrowingSpheres,True,0.00048041599802672863,1.0,1.0,2.4006810956505866,-6.759355223611967
nhanes_real,4,147,REVISE,True,0.0016066249809227884,1.0,1.0,3.460322618484497,-6.219390824770269
nhanes_real,4,150,DiCE,True,0.002127332962118089,1.0,1.0,2.799417018890381,-11.96599422559309
nhanes_real,4,150,FACE,True,0.09140362503239885,1.0,1.0,7.163917064666748,-9.634579778535642
nhanes_real,4,150,GrowingSpheres,True,0.000754708016756922,1.0,1.0,5.649642960888573,-15.403667974248823
nhanes_real,4,150,REVISE,True,0.0069657500134781,1.0,1.0,4.710297584533691,-10.018933960860469
nhanes_real,4,152,DiCE,True,0.0017809169949032366,1.0,1.0,3.176910638809204,-10.655456985350742
nhanes_real,4,152,FACE,True,0.09042424999643117,1.0,1.0,3.6383256912231445,-7.4133091551139465
nhanes_real,4,152,GrowingSpheres,True,0.0005970000056549907,1.0,1.0,2.0147622431016297,-10.058768006717864
nhanes_real,4,152,REVISE,True,0.008588958997279406,1.0,1.0,6.759194850921631,-6.796040903335392
nhanes_real,4,153,DiCE,False,0.01512312499107793,,,,
nhanes_real,4,153,FACE,True,0.09016670798882842,1.0,1.0,6.1189985275268555,-7.051650040899826
nhanes_real,4,153,GrowingSpheres,True,0.0008191670058295131,1.0,1.0,4.407980995594829,-9.39595809535685
nhanes_real,4,153,REVISE,True,0.00934133300324902,1.0,1.0,3.2453970909118652,-8.583544485588687
nhanes_real,4,158,DiCE,False,0.015043416002299637,,,,
nhanes_real,4,158,FACE,True,0.09058974997606128,1.0,1.0,9.584484100341797,-9.099266172253653
nhanes_real,4,158,GrowingSpheres,False,0.0013081670040264726,,,,
nhanes_real,4,158,REVISE,False,0.04338595794979483,,,,
nhanes_real,4,164,DiCE,True,0.0006977500161156058,1.0,1.0,1.5487573146820068,-7.943580731672721
nhanes_real,4,164,FACE,True,0.09450466698035598,1.0,1.0,1.6926974058151245,-8.035125981615506
nhanes_real,4,164,GrowingSpheres,True,0.0003542500198818743,1.0,1.0,0.9775317085367323,-8.276943704194741
nhanes_real,4,164,REVISE,True,0.0006771250045858324,1.0,1.0,3.776101589202881,-7.343806376337874
nhanes_real,4,165,DiCE,True,0.0013574169715866446,1.0,1.0,3.879514455795288,-9.489613883014577
nhanes_real,4,165,FACE,True,0.09114558401051909,1.0,1.0,4.837471961975098,-9.211051469518255
nhanes_real,4,165,GrowingSpheres,True,0.0004421249614097178,1.0,1.0,2.3393011390738736,-9.88647406113341
nhanes_real,4,165,REVISE,True,0.0006154999719001353,1.0,1.0,5.267841815948486,-7.770381205043541
nhanes_real,4,168,DiCE,True,0.001060167036484927,1.0,1.0,2.1957645416259766,-7.00878018197123
nhanes_real,4,168,FACE,True,0.0916287080035545,1.0,1.0,2.464580774307251,-6.568234119512416
nhanes_real,4,168,GrowingSpheres,True,0.0004736249684356153,1.0,1.0,2.6087267921484845,-7.152488122496404
nhanes_real,4,168,REVISE,True,0.0011137499823234975,1.0,1.0,3.71368408203125,-6.112226346584013
nhanes_real,4,170,DiCE,True,0.00117666699225083,1.0,1.0,3.009169578552246,-9.149199109434363
nhanes_real,4,170,FACE,True,0.09116975002689287,1.0,1.0,3.27573299407959,-8.824212302050853
nhanes_real,4,170,GrowingSpheres,True,0.00045679102186113596,1.0,1.0,1.549289717299715,-8.75524152027975
nhanes_real,4,170,REVISE,True,0.0015764999552629888,1.0,1.0,4.890143871307373,-7.278323740827622
nhanes_real,4,174,DiCE,False,0.015028583002276719,,,,
nhanes_real,4,174,FACE,True,0.0907112910063006,1.0,1.0,5.063515663146973,-9.278981800553215
nhanes_real,4,174,GrowingSpheres,True,0.0006784579600207508,1.0,1.0,2.5484869688899967,-10.295394840888472
nhanes_real,4,174,REVISE,True,0.004677375021856278,1.0,1.0,11.345573425292969,-8.113060578151732
nhanes_real,4,175,DiCE,True,0.0005714999861083925,1.0,1.0,1.348425030708313,-6.645980292569099
nhanes_real,4,175,FACE,True,0.09063841705210507,1.0,1.0,0.8911383152008057,-6.581664150841611
nhanes_real,4,175,GrowingSpheres,True,0.00022133300080895424,1.0,1.0,0.6380599459979229,-6.606008867254772
nhanes_real,4,175,REVISE,True,0.0005911249900236726,1.0,1.0,2.2133398056030273,-6.15727939254975
nhanes_real,4,179,DiCE,True,0.0005672909901477396,1.0,1.0,1.4346413612365723,-6.692158769738272
nhanes_real,4,179,FACE,True,0.09072375000687316,1.0,1.0,1.1428475379943848,-6.52884538130397
nhanes_real,4,179,GrowingSpheres,True,0.0002549170167185366,1.0,1.0,1.3885717901205883,-7.049348017599827
nhanes_real,4,179,REVISE,True,0.0032880830112844706,1.0,1.0,2.8526227474212646,-6.222354071115874
nhanes_real,4,182,DiCE,False,0.014841999975033104,,,,
nhanes_real,4,182,FACE,True,0.09148545801872388,1.0,1.0,4.970452785491943,-7.051650040899826
nhanes_real,4,182,GrowingSpheres,True,0.0010337080457247794,1.0,1.0,3.1311583659672033,-8.843288193968306
nhanes_real,4,182,REVISE,False,0.04450887499842793,,,,
nhanes_real,4,183,DiCE,False,0.016768667032010853,,,,
nhanes_real,4,183,FACE,True,0.09808791597606614,1.0,1.0,5.721893310546875,-7.46839237495232
nhanes_real,4,183,GrowingSpheres,True,0.0013929579872637987,1.0,1.0,12.140884681936083,-15.76777800737893
nhanes_real,4,183,REVISE,False,0.04392154101515189,,,,
nhanes_real,4,185,DiCE,True,0.0019184169941581786,1.0,1.0,3.117619752883911,-8.768531248983223
nhanes_real,4,185,FACE,True,0.09126929205376655,1.0,1.0,3.2498254776000977,-7.679159736904239
nhanes_real,4,185,GrowingSpheres,True,0.0006662500090897083,1.0,1.0,3.027863072801631,-11.511940511458684
nhanes_real,4,185,REVISE,True,0.0074147499981336296,1.0,1.0,6.913203239440918,-6.178266061523131
nhanes_real,4,188,DiCE,True,0.0014784169616177678,1.0,1.0,2.729964256286621,-7.162827132667698
nhanes_real,4,188,FACE,True,0.09077629196690395,1.0,1.0,2.3012495040893555,-6.265033707644645
nhanes_real,4,188,GrowingSpheres,True,0.0005170420045033097,1.0,1.0,1.6056560284546175,-6.972782829989958
nhanes_real,4,188,REVISE,True,0.0033396249637007713,1.0,1.0,3.0575497150421143,-6.118343987542677
nhanes_real,4,191,DiCE,True,0.0010551660088822246,1.0,1.0,3.0356435775756836,-13.39883422788731
nhanes_real,4,191,FACE,True,0.09063666698057204,1.0,1.0,3.413267135620117,-9.675252498956123
nhanes_real,4,191,GrowingSpheres,True,0.0004373330157250166,1.0,1.0,2.205355069346168,-15.004106303876416
nhanes_real,4,191,REVISE,True,0.0020177909755147994,1.0,1.0,5.833343982696533,-8.75095545122735
nhanes_real,4,192,DiCE,True,0.0005641250172629952,1.0,1.0,1.4960739612579346,-7.213414093103888
nhanes_real,4,192,FACE,True,0.0909830000018701,1.0,1.0,1.6788045167922974,-7.704389620037803
nhanes_real,4,192,GrowingSpheres,True,0.00022258301032707095,1.0,1.0,1.1968638335886597,-7.358788317693917
nhanes_real,4,192,REVISE,True,0.0019089170382358134,1.0,1.0,4.083271503448486,-6.254272131682871
nhanes_real,4,193,DiCE,False,0.014904832991305739,,,,
nhanes_real,4,193,FACE,True,0.09081408299971372,1.0,1.0,4.684145927429199,-8.868436805384555
nhanes_real,4,193,GrowingSpheres,True,0.0009612919529899955,1.0,1.0,6.839809467687184,-9.728293514356585
nhanes_real,4,193,REVISE,True,0.005270334018860012,1.0,1.0,9.704008102416992,-7.243762823208711
nhanes_real,4,194,DiCE,False,0.014624333009123802,,,,
nhanes_real,4,194,FACE,True,0.09086991602089256,1.0,1.0,3.7912707328796387,-8.633171517161848
nhanes_real,4,194,GrowingSpheres,True,0.0007024169899523258,1.0,1.0,3.8160129889731023,-9.530468731987236
nhanes_real,4,194,REVISE,True,0.006582624977454543,1.0,1.0,3.439767599105835,-7.39629513092249
nhanes_real,4,195,DiCE,False,0.015132250031456351,,,,
nhanes_real,4,195,FACE,True,0.09092758398037404,1.0,1.0,5.791708946228027,-6.57471521526343
nhanes_real,4,195,GrowingSpheres,True,0.0008337089675478637,1.0,1.0,5.246182577959471,-8.42720185994166
nhanes_real,4,195,REVISE,False,0.043972167011816055,,,,
nhanes_real,4,199,DiCE,True,0.0008622910245321691,1.0,1.0,2.275101900100708,-7.4543111154341934
nhanes_real,4,199,FACE,True,0.09030429198173806,1.0,1.0,2.942721366882324,-6.810893132049456
nhanes_real,4,199,GrowingSpheres,True,0.0002903750282712281,1.0,1.0,1.314630325540394,-7.6530089027015915
nhanes_real,4,199,REVISE,True,0.0005610419902950525,1.0,1.0,3.061589479446411,-6.470955967160412
nhanes_real,4,203,DiCE,True,0.0010388329974375665,1.0,1.0,1.7250535488128662,-6.893075453772356
nhanes_real,4,203,FACE,True,0.09006833302555606,1.0,1.0,3.1317954063415527,-6.581664150841611
nhanes_real,4,203,GrowingSpheres,True,0.000420207972638309,1.0,1.0,2.951412811476065,-7.654669951704706
nhanes_real,4,203,REVISE,True,0.001026207988616079,1.0,1.0,2.3336801528930664,-6.2050442278538895
nhanes_real,4,205,DiCE,True,0.0007077910122461617,1.0,1.0,1.6428539752960205,-6.567748719627389
nhanes_real,4,205,FACE,True,0.09131899999920279,1.0,1.0,1.6185181140899658,-6.6919019642088
nhanes_real,4,205,GrowingSpheres,True,0.00029024999821558595,1.0,1.0,1.1791703217208382,-6.459826923320262
nhanes_real,4,205,REVISE,True,0.0006522919866256416,1.0,1.0,2.240596294403076,-6.085763801934755
nhanes_real,4,206,DiCE,True,0.0013668750179931521,1.0,1.0,2.484297275543213,-7.740146793271171
nhanes_real,4,206,FACE,True,0.09104779199697077,1.0,1.0,3.123274564743042,-7.489613008061509
nhanes_real,4,206,GrowingSpheres,True,0.0005054579814895988,1.0,1.0,1.9887057974931763,-8.13203633574823
nhanes_real,4,206,REVISE,True,0.001955249987076968,1.0,1.0,4.0602593421936035,-6.264048677927702
nhanes_real,4,210,DiCE,True,0.0007200830150395632,1.0,1.0,1.6111688613891602,-8.138290121585525
nhanes_real,4,210,FACE,True,0.09105508297216147,1.0,1.0,4.497150897979736,-7.570100600729434
nhanes_real,4,210,GrowingSpheres,True,0.0003435000544413924,1.0,1.0,1.318561862068103,-8.016979672821346
nhanes_real,4,210,REVISE,True,0.004422625002916902,1.0,1.0,6.420265197753906,-6.349152249447055
nhanes_real,4,211,DiCE,True,0.0010242079733870924,1.0,1.0,2.1530840396881104,-6.235619892300058
nhanes_real,4,211,FACE,True,0.09038791700731963,1.0,1.0,2.7115936279296875,-6.318138812144205
nhanes_real,4,211,GrowingSpheres,True,0.0003399159759283066,1.0,1.0,1.27469253741282,-6.373893332000884
nhanes_real,4,211,REVISE,True,0.0005606249906122684,1.0,1.0,1.567760944366455,-6.045728864757538
nhanes_real,4,213,DiCE,False,0.014676042017526925,,,,
nhanes_real,4,213,FACE,True,0.09103083400987089,1.0,1.0,6.625251770019531,-9.517031387830594
nhanes_real,4,213,GrowingSpheres,True,0.0009387080208398402,1.0,1.0,5.948703030594725,-14.922968963191764
nhanes_real,4,213,REVISE,True,0.007233957992866635,1.0,1.0,10.048055648803711,-9.70690982232997
nhanes_real,4,214,DiCE,True,0.000584915978834033,1.0,1.0,1.4412522315979004,-8.358419554485677
nhanes_real,4,214,FACE,True,0.0907545419759117,1.0,1.0,3.475067615509033,-6.806568673061825
nhanes_real,4,214,GrowingSpheres,True,0.00024395802756771445,1.0,1.0,0.2787729722820147,-8.291276188270686
nhanes_real,4,214,REVISE,True,0.0009032919770106673,1.0,1.0,5.160426139831543,-6.25274756863597
nhanes_real,4,215,DiCE,False,0.016124541987664998,,,,
nhanes_real,4,215,FACE,True,0.09333504200913012,1.0,1.0,7.312915802001953,-9.113199701701388
nhanes_real,4,215,GrowingSpheres,True,0.0011006250279024243,1.0,1.0,7.413372945094237,-11.195940852161504
nhanes_real,4,215,REVISE,True,0.00983441702555865,1.0,1.0,15.648714065551758,-8.401898591858009
nhanes_real,4,216,DiCE,True,0.0006376660312525928,1.0,1.0,1.3215243816375732,-6.563569331534351
nhanes_real,4,216,FACE,True,0.0986419579712674,1.0,1.0,1.510251760482788,-6.587302304590541
nhanes_real,4,216,GrowingSpheres,True,0.0002923749852925539,1.0,1.0,1.0863538422553636,-6.6293966112597955
nhanes_real,4,216,REVISE,True,0.0020555839873850346,1.0,1.0,2.4182868003845215,-6.27267954587991
nhanes_real,4,219,DiCE,True,0.0007847080123610795,1.0,1.0,1.9911389350891113,-7.794203924875377
nhanes_real,4,219,FACE,True,0.09358791599515826,1.0,1.0,2.281013011932373,-7.410502348866697
nhanes_real,4,219,GrowingSpheres,True,0.00039958400884643197,1.0,1.0,1.5488656498070896,-7.571289095545437
nhanes_real,4,219,REVISE,True,0.003920291026588529,1.0,1.0,2.7247819900512695,-6.444172158721987
nhanes_real,4,220,DiCE,False,0.01593770901672542,,,,
nhanes_real,4,220,FACE,True,0.09599158394848928,1.0,1.0,6.946497917175293,-7.051650040899826
nhanes_real,4,220,GrowingSpheres,True,0.0011632079840637743,1.0,1.0,3.8402335997112784,-10.937090917419248
nhanes_real,4,220,REVISE,True,0.011262208980042487,1.0,1.0,8.822534561157227,-6.384236406924977
nhanes_real,4,225,DiCE,True,0.0005918329698033631,1.0,1.0,1.174633264541626,-6.508843311196175
nhanes_real,4,225,FACE,True,0.09334570897044614,1.0,1.0,3.0338473320007324,-6.709689358809202
nhanes_real,4,225,GrowingSpheres,True,0.00035087496507912874,1.0,1.0,0.6218818203206005,-6.741084090522721
nhanes_real,4,225,REVISE,True,0.0007724169990979135,1.0,1.0,2.7315077781677246,-6.022260346251753
nhanes_real,4,226,DiCE,False,0.01513904199237004,,,,
nhanes_real,4,226,FACE,True,0.09113529103342444,1.0,1.0,3.419788360595703,-6.318138812144205
nhanes_real,4,226,GrowingSpheres,True,0.0006999579491093755,1.0,1.0,4.127221992145326,-7.992716838051434
nhanes_real,4,226,REVISE,True,0.007269791967701167,1.0,1.0,4.729253768920898,-6.265453300505982
nhanes_real,4,228,DiCE,False,0.014971625001635402,,,,
nhanes_real,4,228,FACE,True,0.09170129202539101,1.0,1.0,2.8438355922698975,-8.685055816335009
nhanes_real,4,228,GrowingSpheres,True,0.0007668749894946814,1.0,1.0,3.4261847613966423,-8.771556998016663
nhanes_real,4,228,REVISE,True,0.006991291011217982,1.0,1.0,8.650649070739746,-7.523161391521197
nhanes_real,4,230,DiCE,False,0.015057374956086278,,,,
nhanes_real,4,230,FACE,True,0.09095191699452698,1.0,1.0,3.2063100337982178,-6.877452994456238
nhanes_real,4,230,GrowingSpheres,True,0.0008454160415567458,1.0,1.0,4.325585666043473,-7.686323450377076
nhanes_real,4,230,REVISE,True,0.010651040996890515,1.0,1.0,3.6070473194122314,-6.36081696583369
nhanes_real,4,231,DiCE,True,0.000883875007275492,1.0,1.0,1.8773337602615356,-8.319408269330374
nhanes_real,4,231,FACE,True,0.09369016700657085,1.0,1.0,4.63790225982666,-7.866202560547368
nhanes_real,4,231,GrowingSpheres,True,0.0005081249983049929,1.0,1.0,1.7008805086254029,-9.25353871219129
nhanes_real,4,231,REVISE,True,0.0035871670115739107,1.0,1.0,2.868934154510498,-7.104545561290947
nhanes_real,4,232,DiCE,True,0.000726083992049098,1.0,1.0,1.8631385564804077,-10.30760981802056
nhanes_real,4,232,FACE,True,0.09224395803175867,1.0,1.0,7.272018909454346,-8.227485765362072
nhanes_real,4,232,GrowingSpheres,True,0.0003762499545700848,1.0,1.0,1.2877617456494335,-10.6744569100676
nhanes_real,4,232,REVISE,True,0.000665667001157999,1.0,1.0,11.89456844329834,-6.242173063092445
nhanes_real,4,235,DiCE,False,0.015056249976623803,,,,
nhanes_real,4,235,FACE,True,0.09052112500648946,1.0,1.0,3.2420172691345215,-9.427337836510773
nhanes_real,4,235,GrowingSpheres,True,0.000981207995209843,1.0,1.0,6.921471784910782,-15.444293826561715
nhanes_real,4,235,REVISE,True,0.009164958028122783,1.0,1.0,9.885980606079102,-7.908907588959851
nhanes_real,4,236,DiCE,False,0.015096958028152585,,,,
nhanes_real,4,236,FACE,True,0.09106737497495487,1.0,1.0,3.72713565826416,-6.946877146472605
nhanes_real,4,236,GrowingSpheres,True,0.0012686660047620535,1.0,1.0,9.945988965753877,-9.51610556129102
nhanes_real,4,236,REVISE,False,0.04464645800180733,,,,
nhanes_real,4,244,DiCE,True,0.0008554999949410558,1.0,1.0,1.1938059329986572,-12.973449411568355
nhanes_real,4,244,FACE,True,0.09114629204850644,0.0,0.0,11.115274429321289,-9.76404112109736
nhanes_real,4,244,GrowingSpheres,True,0.00027433299692347646,1.0,1.0,1.345305695394497,-13.04667161925962
nhanes_real,4,244,REVISE,True,0.0006359160179272294,1.0,1.0,11.062167167663574,-10.741085770365702
nhanes_real,4,248,DiCE,False,0.015149792016018182,,,,
nhanes_real,4,248,FACE,True,0.09110604197485372,1.0,1.0,4.107333183288574,-7.0509067621067825
nhanes_real,4,248,GrowingSpheres,True,0.0009345000144094229,1.0,1.0,2.805335076401872,-6.96789963519877
nhanes_real,4,248,REVISE,True,0.011167624965310097,1.0,1.0,2.4629876613616943,-6.567305071217561
nhanes_real,4,251,DiCE,True,0.001165500027127564,1.0,1.0,2.986227035522461,-7.663923704500316
nhanes_real,4,251,FACE,True,0.09105420898413286,1.0,1.0,2.989386796951294,-8.512216510238682
nhanes_real,4,251,GrowingSpheres,True,0.00040562497451901436,1.0,1.0,1.6457014882589238,-7.82432318946784
nhanes_real,4,251,REVISE,True,0.0006038749706931412,1.0,1.0,3.820111036300659,-6.402214044583994
nhanes_real,4,253,DiCE,False,0.014949790958780795,,,,
nhanes_real,4,253,FACE,True,0.09081133297877386,1.0,1.0,6.946892261505127,-8.385682250627124
nhanes_real,4,253,GrowingSpheres,True,0.000930667039938271,1.0,1.0,6.956166071004922,-9.28311319924269
nhanes_real,4,253,REVISE,True,0.006912084005307406,1.0,1.0,12.323737144470215,-6.17099260798417
nhanes_real,4,256,DiCE,False,0.015087249979842454,,,,
nhanes_real,4,256,FACE,True,0.09110591700300574,1.0,1.0,2.263054847717285,-6.990628344825883
nhanes_real,4,256,GrowingSpheres,True,0.0006468750070780516,1.0,1.0,4.19387070078098,-8.884562215850393
nhanes_real,4,256,REVISE,True,0.0046388329938054085,1.0,1.0,5.250045299530029,-6.195527259036705
nhanes_real,4,258,DiCE,False,0.014958875020965934,,,,
nhanes_real,4,258,FACE,True,0.09103945799870417,1.0,1.0,3.792901039123535,-7.070357933745294
nhanes_real,4,258,GrowingSpheres,True,0.0008575419778935611,1.0,1.0,4.4110235370178055,-10.43625489183302
nhanes_real,4,258,REVISE,True,0.010526250000111759,1.0,1.0,5.777321815490723,-6.784088704799263
nhanes_real,4,265,DiCE,True,0.0007397920126095414,1.0,1.0,1.7944695949554443,-7.211030853576793
nhanes_real,4,265,FACE,True,0.09100204100832343,1.0,1.0,2.4203763008117676,-7.597943707582592
nhanes_real,4,265,GrowingSpheres,True,0.0003650410217233002,1.0,1.0,2.192650235705246,-6.89038112141159
nhanes_real,4,265,REVISE,True,0.0006149999680928886,1.0,1.0,4.345299243927002,-6.215836471647035
nhanes_real,4,266,DiCE,False,0.01466966699808836,,,,
nhanes_real,4,266,FACE,True,0.09090025001205504,1.0,1.0,3.2012898921966553,-8.633171517161848
nhanes_real,4,266,GrowingSpheres,True,0.0007382499752566218,1.0,1.0,3.677593436331743,-9.58688786674849
nhanes_real,4,266,REVISE,True,0.007759165950119495,1.0,1.0,6.020989418029785,-7.167227046517747
nhanes_real,4,267,DiCE,True,0.0013372499961405993,1.0,1.0,3.201284885406494,-7.793175820511237
nhanes_real,4,267,FACE,True,0.09057541697984561,1.0,1.0,3.56685733795166,-7.296614024399277
nhanes_real,4,267,GrowingSpheres,True,0.0005022500408813357,1.0,1.0,2.4467956522080687,-8.630274709227175
nhanes_real,4,267,REVISE,True,0.0010229999898001552,1.0,1.0,3.9651191234588623,-6.824797477581026
nhanes_real,4,268,DiCE,True,0.0015697090420871973,1.0,1.0,2.6233015060424805,-6.582697902361213
nhanes_real,4,268,FACE,True,0.09082666703034192,1.0,1.0,3.2060980796813965,-6.568234119512416
nhanes_real,4,268,GrowingSpheres,True,0.0004339580191299319,1.0,1.0,1.5978265603312343,-7.015798179003189
nhanes_real,4,268,REVISE,True,0.002397541014943272,1.0,1.0,3.0438780784606934,-6.061818292012946
nhanes_real,4,269,DiCE,True,0.0014953750069253147,1.0,1.0,2.885582685470581,-9.278420155316855
nhanes_real,4,269,FACE,True,0.09143237501848489,1.0,1.0,7.746459484100342,-6.946877146472605
nhanes_real,4,269,GrowingSpheres,True,0.0005203330074436963,1.0,1.0,2.0676334528721556,-10.158058309706997
nhanes_real,4,269,REVISE,True,0.0006277079810388386,1.0,1.0,7.951725006103516,-6.264319342580441
nhanes_real,4,270,DiCE,True,0.0012077920255251229,1.0,1.0,2.7018632888793945,-9.782121409124423
nhanes_real,4,270,FACE,True,0.09002795798005536,1.0,1.0,2.435931921005249,-7.121454652093936
nhanes_real,4,270,GrowingSpheres,True,0.000426042010076344,1.0,1.0,2.933850309741315,-10.109733774064024
nhanes_real,4,270,REVISE,True,0.010070624994114041,1.0,1.0,6.750668525695801,-6.227856106766978
nhanes_real,4,271,DiCE,True,0.000579124956857413,1.0,1.0,1.4836580753326416,-10.512075321413853
nhanes_real,4,271,FACE,True,0.09049654100090265,1.0,1.0,3.635366916656494,-9.524146068724956
nhanes_real,4,271,GrowingSpheres,True,0.00021966698113828897,1.0,1.0,0.8742662937198656,-10.562212819994736
nhanes_real,4,271,REVISE,True,0.0005743749788962305,1.0,1.0,8.183162689208984,-8.449893376931485
nhanes_real,4,272,DiCE,False,0.014850333041977137,,,,
nhanes_real,4,272,FACE,True,0.09075670799938962,1.0,1.0,8.866883277893066,-9.766642930968478
nhanes_real,4,272,GrowingSpheres,True,0.0008066250011324883,1.0,1.0,3.7445850101086986,-14.271714160100192
nhanes_real,4,272,REVISE,True,0.008511791005730629,1.0,1.0,10.468769073486328,-11.202011283236923
nhanes_real,4,274,DiCE,False,0.015232375008054078,,,,
nhanes_real,4,274,FACE,True,0.09081433300161734,1.0,1.0,4.437277793884277,-6.832754837232879
nhanes_real,4,274,GrowingSpheres,True,0.0006031250231899321,1.0,1.0,2.7861316112043117,-6.26722977500682
nhanes_real,4,274,REVISE,True,0.009499958017840981,1.0,1.0,3.491941213607788,-6.374063053856269
nhanes_real,4,275,DiCE,True,0.001648042001761496,1.0,1.0,3.15394926071167,-7.6372329455858665
nhanes_real,4,275,FACE,True,0.09046204201877117,1.0,1.0,3.488386631011963,-6.946877146472605
nhanes_real,4,275,GrowingSpheres,True,0.0004985000123269856,1.0,1.0,2.809215773971276,-7.468451752012841
nhanes_real,4,275,REVISE,True,0.0019700410193763673,1.0,1.0,5.190572738647461,-6.093405361978532
nhanes_real,4,276,DiCE,True,0.0005540840211324394,1.0,1.0,1.2025418281555176,-11.126970795469028
nhanes_real,4,276,FACE,True,0.09405808401061222,1.0,1.0,1.9915419816970825,-9.659219646446756
nhanes_real,4,276,GrowingSpheres,True,0.0003160419873893261,1.0,1.0,1.7353787590637293,-11.131966737813048
nhanes_real,4,276,REVISE,True,0.0016127919661812484,1.0,1.0,6.867875099182129,-10.055302098331158
nhanes_real,4,278,DiCE,True,0.00180899997940287,1.0,1.0,2.7667808532714844,-6.791727297467448
nhanes_real,4,278,FACE,True,0.09248808299889788,1.0,1.0,4.4253644943237305,-6.6919019642088
nhanes_real,4,278,GrowingSpheres,True,0.0006669170106761158,1.0,1.0,3.68366044486834,-7.577822052851314
nhanes_real,4,278,REVISE,True,0.0017798329936340451,1.0,1.0,4.271484375,-6.114225218744276
nhanes_real,4,279,DiCE,False,0.015115249960217625,,,,
nhanes_real,4,279,FACE,True,0.09293016698211432,1.0,1.0,6.517294883728027,-6.476242227899966
nhanes_real,4,279,GrowingSpheres,True,0.0009570420370437205,1.0,1.0,5.208830402582101,-6.212859181692747
nhanes_real,4,279,REVISE,True,0.008590916986577213,1.0,1.0,6.06300163269043,-6.126080664745351
nhanes_real,4,281,DiCE,True,0.0010675000376068056,1.0,1.0,2.9548683166503906,-7.376177983997636
nhanes_real,4,281,FACE,True,0.09156570897903293,1.0,1.0,1.9148321151733398,-7.133970335005526
nhanes_real,4,281,GrowingSpheres,True,0.0003667499986477196,1.0,1.0,1.1433063277619773,-7.985215266854031
nhanes_real,4,281,REVISE,True,0.0025050410185940564,1.0,1.0,2.5217456817626953,-6.769776860038318
nhanes_real,4,283,DiCE,False,0.015278833045158535,,,,
nhanes_real,4,283,FACE,True,0.09027629101183265,1.0,1.0,3.8716588020324707,-7.070357933745294
nhanes_real,4,283,GrowingSpheres,True,0.0009992499835789204,1.0,1.0,5.201964137358513,-8.079641355453546
nhanes_real,4,283,REVISE,True,0.010162374994251877,1.0,1.0,5.085900783538818,-6.2978542555074
nhanes_real,4,284,DiCE,True,0.0010362499742768705,1.0,1.0,2.062462329864502,-7.806742436143388
nhanes_real,4,284,FACE,True,0.09109295898815617,1.0,1.0,2.865401029586792,-6.52299921730955
nhanes_real,4,284,GrowingSpheres,True,0.00038641697028651834,1.0,1.0,2.1609349602973857,-8.345864168850817
nhanes_real,4,284,REVISE,True,0.007515457982663065,1.0,1.0,4.146008014678955,-6.250803891541432
nhanes_real,4,286,DiCE,False,0.014917041989974678,,,,
nhanes_real,4,286,FACE,True,0.09053029195638373,1.0,1.0,2.596916675567627,-8.204277662475222
nhanes_real,4,286,GrowingSpheres,True,0.0008138749981299043,1.0,1.0,7.41902117964563,-10.85239909331625
nhanes_real,4,286,REVISE,True,0.0037516250158660114,1.0,1.0,5.624843120574951,-6.928513044556939
nhanes_real,4,287,DiCE,False,0.015066833002492785,,,,
nhanes_real,4,287,FACE,True,0.09101599996211007,1.0,1.0,3.2714083194732666,-6.581664150841611
nhanes_real,4,287,GrowingSpheres,True,0.0005811250302940607,1.0,1.0,3.500568322354775,-7.839812779662549
nhanes_real,4,287,REVISE,True,0.006425208004657179,1.0,1.0,2.7780308723449707,-6.469628173042384
nhanes_real,4,289,DiCE,False,0.014767375017981976,,,,
nhanes_real,4,289,FACE,True,0.0905834169825539,1.0,1.0,4.990972995758057,-9.085873029160373
nhanes_real,4,289,GrowingSpheres,True,0.0009842920117080212,1.0,1.0,4.313202542394137,-12.693218298460858
nhanes_real,4,289,REVISE,True,0.0062922919751144946,1.0,1.0,10.42842960357666,-7.099833638301703
nhanes_real,4,290,DiCE,False,0.014690665993839502,,,,
nhanes_real,4,290,FACE,True,0.09068241599015892,1.0,1.0,4.053777694702148,-7.070357933745294
nhanes_real,4,290,GrowingSpheres,True,0.0009245839901268482,1.0,1.0,4.222844178364026,-8.480118427505076
nhanes_real,4,290,REVISE,True,0.012515541980974376,1.0,1.0,5.25265645980835,-6.3357310561162095
nhanes_real,4,291,DiCE,True,0.0005568750202655792,1.0,1.0,1.1988673210144043,-7.247917655714877
nhanes_real,4,291,FACE,True,0.0907461250317283,1.0,1.0,1.6857664585113525,-6.84417170749353
nhanes_real,4,291,GrowingSpheres,True,0.00021233304869383574,1.0,1.0,0.7761013703704827,-7.180926496184956
nhanes_real,4,291,REVISE,True,0.004697666969150305,1.0,1.0,4.021856307983398,-6.241936993487663
nhanes_real,4,293,DiCE,True,0.0010371249518357217,1.0,1.0,2.183104991912842,-10.433346623720807
nhanes_real,4,293,FACE,True,0.09035433299141005,1.0,1.0,5.535287857055664,-8.776565446775246
nhanes_real,4,293,GrowingSpheres,True,0.0003488750080578029,1.0,1.0,1.658686575542842,-10.419167098477011
nhanes_real,4,293,REVISE,True,0.000584915978834033,1.0,1.0,11.858863830566406,-7.403882770380674
nhanes_real,4,294,DiCE,False,0.01740445801988244,,,,
nhanes_real,4,294,FACE,True,0.09416575002251193,1.0,1.0,9.506919860839844,-7.481835354665513
nhanes_real,4,294,GrowingSpheres,True,0.0009214160381816328,1.0,1.0,4.19335140733606,-10.821052953310867
nhanes_real,4,294,REVISE,True,0.005225915985647589,1.0,1.0,7.215363502502441,-6.982765405883444
nhanes_real,4,297,DiCE,True,0.0017998749972321093,1.0,1.0,2.577474594116211,-6.666578143050813
nhanes_real,4,297,FACE,True,0.09167350002098829,1.0,1.0,2.930614471435547,-6.143404285870153
nhanes_real,4,297,GrowingSpheres,True,0.0006475000409409404,1.0,1.0,2.961709326752218,-7.397168586173893
nhanes_real,4,297,REVISE,True,0.003691833990160376,1.0,1.0,1.990859866142273,-6.390978358081991
nhanes_real,4,301,DiCE,True,0.0005540410056710243,1.0,1.0,1.3401789665222168,-8.540547585777858
nhanes_real,4,301,FACE,True,0.09109862498007715,1.0,1.0,2.992910861968994,-8.14966703604987
nhanes_real,4,301,GrowingSpheres,True,0.00022220797836780548,1.0,1.0,1.14136344012979,-8.56194987778972
nhanes_real,4,301,REVISE,True,0.0006112499977461994,1.0,1.0,4.248235702514648,-6.790808536287994
nhanes_real,4,302,DiCE,True,0.0005904999561607838,1.0,1.0,1.185821294784546,-7.110516954953187
nhanes_real,4,302,FACE,True,0.09079808299429715,1.0,1.0,2.360236406326294,-7.317912165484957
nhanes_real,4,302,GrowingSpheres,True,0.00027054199017584324,1.0,1.0,1.0469935092815152,-7.2625744579925176
nhanes_real,4,302,REVISE,True,0.0007467499817721546,1.0,1.0,3.052135467529297,-6.503922990850722
nhanes_real,4,304,DiCE,False,0.015402542019728571,,,,
nhanes_real,4,304,FACE,True,0.09111991699319333,1.0,1.0,4.069867134094238,-6.143404285870153
nhanes_real,4,304,GrowingSpheres,True,0.0011997089604847133,1.0,1.0,5.98282010365412,-10.796901507907402
nhanes_real,4,304,REVISE,False,0.0446444169501774,,,,
nhanes_real,4,306,DiCE,False,0.015110833977814764,,,,
nhanes_real,4,306,FACE,True,0.09086325002135709,1.0,1.0,3.7578229904174805,-7.603927891696493
nhanes_real,4,306,GrowingSpheres,True,0.0006270830053836107,1.0,1.0,3.407822644576766,-7.617160713133755
nhanes_real,4,306,REVISE,True,0.006753665977157652,1.0,1.0,4.876515865325928,-6.154631791020109
nhanes_real,4,307,DiCE,True,0.001590500003658235,1.0,1.0,3.2621493339538574,-18.039401553638776
nhanes_real,4,307,FACE,True,0.09021904197288677,1.0,1.0,8.58144760131836,-9.776725076492127
nhanes_real,4,307,GrowingSpheres,True,0.00045916601084172726,1.0,1.0,2.046653620722722,-21.369719060192622
nhanes_real,4,307,REVISE,True,0.0069506249856203794,1.0,1.0,11.4066162109375,-12.202413336775649
nhanes_real,4,309,DiCE,False,0.014983541972469538,,,,
nhanes_real,4,309,FACE,True,0.09125550003955141,1.0,1.0,9.041419982910156,-9.6357565788548
nhanes_real,4,309,GrowingSpheres,True,0.0009377920068800449,1.0,1.0,3.7440270709295747,-18.06997724669332
nhanes_real,4,309,REVISE,True,0.006897583021782339,1.0,1.0,12.442256927490234,-9.509604121157734
nhanes_real,4,310,DiCE,False,0.015045999956782907,,,,
nhanes_real,4,310,FACE,True,0.09132304199738428,1.0,1.0,5.444050312042236,-6.484852135786024
nhanes_real,4,310,GrowingSpheres,True,0.0008178339921869338,1.0,1.0,4.3385545148211415,-6.61416543872388
nhanes_real,4,310,REVISE,True,0.003879833035171032,1.0,1.0,3.7595596313476562,-6.057488300447632
nhanes_real,4,311,DiCE,True,0.0015972499968484044,1.0,1.0,2.4705467224121094,-7.1745983792197086
nhanes_real,4,311,FACE,True,0.0901542499777861,1.0,1.0,4.036487102508545,-7.133970335005526
nhanes_real,4,311,GrowingSpheres,True,0.000570082978811115,1.0,1.0,3.1580858846057467,-8.301206619982148
nhanes_real,4,311,REVISE,True,0.0041805829969234765,1.0,1.0,2.3014843463897705,-6.55982473534704
nhanes_real,4,313,DiCE,False,0.014661166002042592,,,,
nhanes_real,4,313,FACE,True,0.0899296670104377,1.0,1.0,1.9025877714157104,-7.575521968018345
nhanes_real,4,313,GrowingSpheres,True,0.0009415840031579137,1.0,1.0,4.06462009316629,-8.831188343211794
nhanes_real,4,313,REVISE,True,0.009630792017560452,1.0,1.0,4.115324974060059,-7.078437441313662
nhanes_real,4,314,DiCE,False,0.015067208965774626,,,,
nhanes_real,4,314,FACE,True,0.09055962495040148,1.0,1.0,8.589295387268066,-8.52935159016147
nhanes_real,4,314,GrowingSpheres,True,0.0008972089854069054,1.0,1.0,5.041925616479885,-11.45905267371936
nhanes_real,4,314,REVISE,True,0.005518666992429644,1.0,1.0,10.17156982421875,-7.343467026311856
nhanes_real,4,315,DiCE,True,0.0011642079916782677,1.0,1.0,3.077350616455078,-10.138636891300937
nhanes_real,4,315,FACE,True,0.09045725001487881,1.0,1.0,4.85076904296875,-8.152850759263973
nhanes_real,4,315,GrowingSpheres,True,0.0004269159981049597,1.0,1.0,2.476947503000685,-10.693551030566859
nhanes_real,4,315,REVISE,True,0.0037932920386083424,1.0,1.0,3.995492696762085,-7.293526119224808
nhanes_real,4,317,DiCE,True,0.0014857499627396464,1.0,1.0,3.8049583435058594,-12.732220403464572
nhanes_real,4,317,FACE,True,0.09057858301093802,1.0,1.0,5.17331075668335,-9.113199701701388
nhanes_real,4,317,GrowingSpheres,True,0.0005063340067863464,1.0,1.0,3.183411079719785,-14.369365069965879
nhanes_real,4,317,REVISE,True,0.003469083982054144,1.0,1.0,14.497824668884277,-7.680397212766887
nhanes_real,4,319,DiCE,True,0.0005630839732475579,1.0,1.0,1.0327880382537842,-7.965243203763511
nhanes_real,4,319,FACE,True,0.09084745799191296,1.0,1.0,2.493621826171875,-7.281778950893753
nhanes_real,4,319,GrowingSpheres,True,0.00020716595463454723,1.0,1.0,0.6245294994213137,-8.094481272832262
nhanes_real,4,319,REVISE,True,0.004460500029381365,1.0,1.0,4.7814531326293945,-6.640369258557149
nhanes_real,4,320,DiCE,True,0.0007677919929847121,1.0,1.0,1.6190060377120972,-6.255050786296028
nhanes_real,4,320,FACE,True,0.09059595799772069,1.0,1.0,1.7070775032043457,-6.265033707644645
nhanes_real,4,320,GrowingSpheres,True,0.0003047920181415975,1.0,1.0,1.0510423137460925,-6.368987791467739
nhanes_real,4,320,REVISE,True,0.0006192500004544854,1.0,1.0,2.153116226196289,-6.028565800972926
nhanes_real,4,322,DiCE,False,0.014753292023669928,,,,
nhanes_real,4,322,FACE,True,0.09074237500317395,1.0,1.0,3.4823086261749268,-7.571486803353705
nhanes_real,4,322,GrowingSpheres,True,0.0009322499972768128,1.0,1.0,6.1851730808032155,-10.689531994606714
nhanes_real,4,322,REVISE,True,0.006697291973978281,1.0,1.0,5.520737171173096,-6.619541738936801
nhanes_real,4,324,DiCE,True,0.0010673750075511634,1.0,1.0,2.5016403198242188,-7.083635217119625
nhanes_real,4,324,FACE,True,0.09087304200511426,1.0,1.0,2.633530616760254,-7.597943707582592
nhanes_real,4,324,GrowingSpheres,True,0.00040312495548278093,1.0,1.0,2.498283767573613,-6.857472729728408
nhanes_real,4,324,REVISE,True,0.0005838340148329735,1.0,1.0,4.046600341796875,-6.394231788541328
nhanes_real,4,326,DiCE,True,0.0011952499626204371,1.0,1.0,1.8986775875091553,-9.373232933388822
nhanes_real,4,326,FACE,True,0.09039304096950218,1.0,1.0,7.917145729064941,-8.48699244424015
nhanes_real,4,326,GrowingSpheres,True,0.0004308329662308097,1.0,1.0,2.4275897520028424,-9.284861196862021
nhanes_real,4,326,REVISE,True,0.000640665995888412,1.0,1.0,10.080061912536621,-6.240523356600439
nhanes_real,4,327,DiCE,True,0.000754708016756922,1.0,1.0,1.7839759588241577,-7.464858319031347
nhanes_real,4,327,FACE,True,0.09114666702225804,1.0,1.0,2.7210583686828613,-6.6919019642088
nhanes_real,4,327,GrowingSpheres,True,0.00033795798663049936,1.0,1.0,1.3492656980194664,-7.7940185558620945
nhanes_real,4,327,REVISE,True,0.0006745420396327972,1.0,1.0,4.665681838989258,-6.186145901030286
nhanes_real,4,332,DiCE,True,0.0012416249956004322,1.0,1.0,2.9090514183044434,-7.3763057218592465
nhanes_real,4,332,FACE,True,0.0907187499688007,1.0,1.0,2.768519401550293,-6.938923633854898
nhanes_real,4,332,GrowingSpheres,True,0.00044095900375396013,1.0,1.0,2.604654139891088,-7.510214432860745
nhanes_real,4,332,REVISE,True,0.0014815840404480696,1.0,1.0,3.3934242725372314,-6.137889128426145
nhanes_real,4,333,DiCE,False,0.014989082992542535,,,,
nhanes_real,4,333,FACE,True,0.09091704100137576,1.0,1.0,3.3124356269836426,-8.818448438712215
nhanes_real,4,333,GrowingSpheres,True,0.0007472079596482217,1.0,1.0,3.166068334619801,-9.65894898382079
nhanes_real,4,333,REVISE,True,0.0033580419840291142,1.0,1.0,7.226320266723633,-6.271063772984826
nhanes_real,4,334,DiCE,True,0.0013688339968211949,1.0,1.0,2.7960047721862793,-7.707388167584918
nhanes_real,4,334,FACE,True,0.09079975000349805,1.0,1.0,3.649975061416626,-7.9350428120787395
nhanes_real,4,334,GrowingSpheres,True,0.0003997920430265367,1.0,1.0,1.1459155206022764,-7.2196398096214995
nhanes_real,4,334,REVISE,True,0.0033084579627029598,1.0,1.0,2.99190616607666,-6.324721760433382
nhanes_real,4,336,DiCE,False,0.01521691697416827,,,,
nhanes_real,4,336,FACE,True,0.09114449995104223,1.0,1.0,5.95479679107666,-7.866202560547368
nhanes_real,4,336,GrowingSpheres,True,0.0009111670078709722,1.0,1.0,5.479271888290495,-10.182167203257055
nhanes_real,4,336,REVISE,False,0.044117791985627264,,,,
nhanes_real,4,337,DiCE,True,0.001003374985884875,1.0,1.0,2.6722612380981445,-8.72960996993076
nhanes_real,4,337,FACE,True,0.09118983300868422,1.0,1.0,4.884786128997803,-7.320704615208715
nhanes_real,4,337,GrowingSpheres,True,0.0003784580039791763,1.0,1.0,1.2623237181640685,-8.947118223181157
nhanes_real,4,337,REVISE,True,0.002149666950572282,1.0,1.0,6.127140045166016,-6.857664051140198
nhanes_real,4,338,DiCE,True,0.0007378340233117342,1.0,1.0,1.8744968175888062,-10.76427353781412
nhanes_real,4,338,FACE,True,0.09072920895414427,1.0,1.0,3.055218458175659,-9.549352276971694
nhanes_real,4,338,GrowingSpheres,True,0.0002347499830648303,1.0,1.0,0.9717904928735223,-10.8535448854335
nhanes_real,4,338,REVISE,True,0.0006088329828344285,1.0,1.0,8.077885627746582,-9.935732146773748
nhanes_real,4,341,DiCE,True,0.0011791670112870634,1.0,1.0,2.133601188659668,-6.582970714095847
nhanes_real,4,341,FACE,True,0.09260266699129716,1.0,1.0,1.7937085628509521,-6.143404285870153
nhanes_real,4,341,GrowingSpheres,True,0.00042816699715331197,1.0,1.0,2.033704311066966,-6.827499753473321
nhanes_real,4,341,REVISE,True,0.0019965830142609775,1.0,1.0,2.017456293106079,-6.2347588570768
nhanes_real,4,346,DiCE,True,0.0010383330518379807,1.0,1.0,2.408066749572754,-9.083158731704765
nhanes_real,4,346,FACE,True,0.09132249996764585,1.0,1.0,4.86991024017334,-8.723914167980144
nhanes_real,4,346,GrowingSpheres,True,0.00038408400723710656,1.0,1.0,1.0372590000302147,-9.352313142734761
nhanes_real,4,346,REVISE,True,0.007559541962109506,1.0,1.0,5.316676139831543,-7.196325117567415
nhanes_real,4,347,DiCE,False,0.015042541024740785,,,,
nhanes_real,4,347,FACE,True,0.09608283400302753,1.0,1.0,8.647599220275879,-7.461192773007976
nhanes_real,4,347,GrowingSpheres,True,0.0012414579978212714,1.0,1.0,5.312327008062664,-9.261053807608343
nhanes_real,4,347,REVISE,False,0.04729058296652511,,,,
nhanes_real,4,350,DiCE,True,0.0013550409930758178,1.0,1.0,2.8052494525909424,-10.798526678754289
nhanes_real,4,350,FACE,True,0.09106629097368568,1.0,1.0,4.150126934051514,-8.855396609285439
nhanes_real,4,350,GrowingSpheres,True,0.0005770419957116246,1.0,1.0,3.019279347691579,-12.38838389215906
nhanes_real,4,350,REVISE,True,0.006228625017683953,1.0,1.0,8.035293579101562,-8.765036086276508
nhanes_real,4,351,DiCE,True,0.0005577079718932509,1.0,1.0,1.387108325958252,-6.699916443552844
nhanes_real,4,351,FACE,True,0.09056550002424046,1.0,1.0,3.025362253189087,-7.064481782223858
nhanes_real,4,351,GrowingSpheres,True,0.00018104200717061758,1.0,1.0,0.5831138046461107,-6.923124704056185
nhanes_real,4,351,REVISE,True,0.003387667005881667,1.0,1.0,3.118269443511963,-6.121767620520323
nhanes_real,4,352,DiCE,True,0.0016931669670157135,1.0,1.0,2.054694652557373,-6.292245933524463
nhanes_real,4,352,FACE,True,0.09024625003803521,1.0,1.0,3.543086528778076,-6.143404285870153
nhanes_real,4,352,GrowingSpheres,True,0.0004753340035676956,1.0,1.0,2.1625711723105834,-6.302371411408588
nhanes_real,4,352,REVISE,True,0.002484791970346123,1.0,1.0,3.291562795639038,-6.120697990724032
nhanes_real,4,358,DiCE,True,0.0010326250339858234,1.0,1.0,2.354198455810547,-6.763388221763554
nhanes_real,4,358,FACE,True,0.09078900003805757,1.0,1.0,3.8286986351013184,-6.724902495237915
nhanes_real,4,358,GrowingSpheres,True,0.00043054099660366774,1.0,1.0,1.9181691703823223,-7.323357316029628
nhanes_real,4,358,REVISE,True,0.003588207997381687,1.0,1.0,4.002587795257568,-6.17194842256376
nhanes_real,4,360,DiCE,False,0.014769208035431802,,,,
nhanes_real,4,360,FACE,True,0.09086712502175942,1.0,1.0,4.190996170043945,-6.98739810708992
nhanes_real,4,360,GrowingSpheres,True,0.000718749943189323,1.0,1.0,5.403773932058265,-10.745321839971004
nhanes_real,4,360,REVISE,False,0.04378045798512176,,,,
nhanes_real,4,361,DiCE,False,0.014977916027419269,,,,
nhanes_real,4,361,FACE,True,0.09099524997873232,1.0,1.0,4.170497894287109,-6.877452994456238
nhanes_real,4,361,GrowingSpheres,True,0.0005674159619957209,1.0,1.0,1.476846107824672,-7.316943332696047
nhanes_real,4,361,REVISE,True,0.005255541997030377,1.0,1.0,4.859394073486328,-6.611926311779842
nhanes_real,4,362,DiCE,True,0.0010177090298384428,1.0,1.0,2.3289716243743896,-8.595694245958393
nhanes_real,4,362,FACE,True,0.09122875001048669,1.0,1.0,6.811743259429932,-6.788331950401863
nhanes_real,4,362,GrowingSpheres,True,0.0004314999678172171,1.0,1.0,2.1798363162849066,-10.565296340840982
nhanes_real,4,362,REVISE,True,0.0033568330109119415,1.0,1.0,9.256048202514648,-6.133045466398461
nhanes_real,4,363,DiCE,True,0.0008659590384922922,1.0,1.0,2.275371551513672,-6.603053161817001
nhanes_real,4,363,FACE,True,0.09037387499120086,1.0,1.0,5.090322494506836,-6.5844803382495565
nhanes_real,4,363,GrowingSpheres,True,0.0004355839919298887,1.0,1.0,3.387837581208192,-6.948063718105684
nhanes_real,4,363,REVISE,True,0.0006172910216264427,1.0,1.0,3.2157161235809326,-6.1916136277834255
nhanes_real,4,366,DiCE,False,0.014995999983511865,,,,
nhanes_real,4,366,FACE,True,0.09085183299612254,1.0,1.0,2.5874130725860596,-7.571486803353705
nhanes_real,4,366,GrowingSpheres,True,0.0006816249806433916,1.0,1.0,4.315238473770872,-8.214555911537893
nhanes_real,4,366,REVISE,True,0.004151332948822528,1.0,1.0,5.057036876678467,-6.618284272622332
nhanes_real,4,368,DiCE,True,0.0007251249626278877,1.0,1.0,1.9985020160675049,-7.528899174909169
nhanes_real,4,368,FACE,True,0.09051999996881932,1.0,1.0,2.2931747436523438,-7.571486803353705
nhanes_real,4,368,GrowingSpheres,True,0.00025941600324586034,1.0,1.0,0.42383791150055433,-7.654717851451778
nhanes_real,4,368,REVISE,True,0.0005729170516133308,1.0,1.0,3.993823528289795,-6.876246162323694
nhanes_real,4,369,DiCE,False,0.014812749985139817,,,,
nhanes_real,4,369,FACE,True,0.09079679200658575,1.0,1.0,3.518688678741455,-9.394944183506793
nhanes_real,4,369,GrowingSpheres,True,0.0007257499964907765,1.0,1.0,3.7444953820415234,-9.858280199972736
nhanes_real,4,369,REVISE,True,0.00472437497228384,1.0,1.0,14.04448127746582,-6.130493859039181
nhanes_real,4,371,DiCE,True,0.0008789169951342046,1.0,1.0,2.117730140686035,-7.052955346059944
nhanes_real,4,371,FACE,True,0.09012187499320135,1.0,1.0,4.837336540222168,-6.859462882792284
nhanes_real,4,371,GrowingSpheres,True,0.0003297919756732881,1.0,1.0,2.2264532688801815,-6.861777105924332
nhanes_real,4,371,REVISE,True,0.0006230830331332982,1.0,1.0,3.2035443782806396,-6.345525850370905
nhanes_real,4,373,DiCE,True,0.0020689169759862125,1.0,1.0,3.247237205505371,-11.031694254645569
nhanes_real,4,373,FACE,True,0.09035416698316112,1.0,1.0,7.031578063964844,-7.121454652093936
nhanes_real,4,373,GrowingSpheres,True,0.0006560829933732748,1.0,1.0,4.458946579887642,-10.496534650698054
nhanes_real,4,373,REVISE,True,0.011668208986520767,1.0,1.0,5.298804759979248,-8.574064813041103
nhanes_real,4,375,DiCE,True,0.001320374954957515,1.0,1.0,2.9538400173187256,-11.56868810802538
nhanes_real,4,375,FACE,True,0.09104666695930064,1.0,1.0,6.945004463195801,-9.648233045259113
nhanes_real,4,375,GrowingSpheres,True,0.0004498750204220414,1.0,1.0,1.7602454911329417,-11.387331281132052
nhanes_real,4,375,REVISE,True,0.0005837079952470958,1.0,1.0,4.136345863342285,-9.249253389191336
nhanes_real,4,376,DiCE,True,0.0012977909645996988,1.0,1.0,3.167858362197876,-10.547332763147493
nhanes_real,4,376,FACE,True,0.0911740839947015,1.0,1.0,2.645461082458496,-9.756914661574198
nhanes_real,4,376,GrowingSpheres,True,0.00039237499004229903,1.0,1.0,2.137796665231774,-10.592112521499466
nhanes_real,4,376,REVISE,True,0.000637125049252063,1.0,1.0,6.447723388671875,-9.408697300175152
nhanes_real,4,379,DiCE,True,0.0007549169822596014,1.0,1.0,1.600231409072876,-8.170733560095236
nhanes_real,4,379,FACE,True,0.09038658300414681,1.0,1.0,3.1850368976593018,-7.299320401729286
nhanes_real,4,379,GrowingSpheres,True,0.0002465840079821646,1.0,1.0,1.3145113381033338,-8.732056443931073
nhanes_real,4,379,REVISE,True,0.0036119999713264406,1.0,1.0,4.547210693359375,-7.12829374388342
nhanes_real,4,380,DiCE,True,0.001527791959233582,1.0,1.0,2.2562503814697266,-10.306348102488265
nhanes_real,4,380,FACE,True,0.09058033302426338,1.0,1.0,3.430244207382202,-7.493717581979222
nhanes_real,4,380,GrowingSpheres,True,0.0005081249983049929,1.0,1.0,2.1442976415620594,-8.069810246367103
nhanes_real,4,380,REVISE,True,0.012874333013314754,1.0,1.0,3.183807373046875,-6.645985913505246
nhanes_real,4,381,DiCE,True,0.0018580830073915422,1.0,1.0,1.9839668273925781,-8.107408181835131
nhanes_real,4,381,FACE,True,0.09158133296296,1.0,1.0,2.9683995246887207,-7.896185132077943
nhanes_real,4,381,GrowingSpheres,True,0.0004531670128926635,1.0,1.0,2.0868595693475362,-7.943082075996262
nhanes_real,4,381,REVISE,True,0.003656957997009158,1.0,1.0,4.107327938079834,-6.2216122510688
nhanes_real,4,382,DiCE,True,0.0008623750181868672,1.0,1.0,2.0008063316345215,-10.206755079308229
nhanes_real,4,382,FACE,True,0.0922711250022985,1.0,1.0,4.115009307861328,-8.950319531146517
nhanes_real,4,382,GrowingSpheres,True,0.0004101249505765736,1.0,1.0,2.1214499902476938,-10.851135130169622
nhanes_real,4,382,REVISE,True,0.0032540829852223396,1.0,1.0,9.373618125915527,-7.185444519472357
nhanes_real,4,386,DiCE,False,0.014866749988868833,,,,
nhanes_real,4,386,FACE,True,0.09097170800669119,1.0,1.0,5.873777389526367,-6.57471521526343
nhanes_real,4,386,GrowingSpheres,True,0.0012268329737707973,1.0,1.0,6.452202281983038,-8.2333437727725
nhanes_real,4,386,REVISE,True,0.011776542000006884,1.0,1.0,8.800424575805664,-6.1283222923459055
nhanes_real,4,387,DiCE,True,0.0011627500061877072,1.0,1.0,1.9120922088623047,-6.774641259140671
nhanes_real,4,387,FACE,True,0.09044954198179767,1.0,1.0,2.864506721496582,-6.581664150841611
nhanes_real,4,387,GrowingSpheres,True,0.0004213749780319631,1.0,1.0,1.1632971902364102,-6.255817978579846
nhanes_real,4,387,REVISE,True,0.0019574170000851154,1.0,1.0,2.172459602355957,-6.209049014200096
nhanes_real,4,389,DiCE,False,0.014761500002350658,,,,
nhanes_real,4,389,FACE,True,0.09096704196417704,1.0,1.0,11.262642860412598,-7.051650040899826
nhanes_real,4,389,GrowingSpheres,True,0.00117275002412498,1.0,1.0,6.8773278375382185,-12.132173641301776
nhanes_real,4,389,REVISE,True,0.008852374972775578,1.0,1.0,12.546972274780273,-6.820949010636495
nhanes_real,4,390,DiCE,True,0.0007765829795971513,1.0,1.0,1.080419898033142,-8.854406963882143
nhanes_real,4,390,FACE,True,0.09114954201504588,1.0,1.0,1.4052423238754272,-9.113199701701388
nhanes_real,4,390,GrowingSpheres,True,0.0002697500167414546,1.0,1.0,1.1468692842840784,-9.368456270394688
nhanes_real,4,390,REVISE,True,0.0024288749555125833,1.0,1.0,8.378235816955566,-6.950060111820347
nhanes_real,4,391,DiCE,False,0.014741042046807706,,,,
nhanes_real,4,391,FACE,True,0.09100258402759209,1.0,1.0,5.694058418273926,-9.661841732200212
nhanes_real,4,391,GrowingSpheres,True,0.0009205830283463001,1.0,1.0,6.155030718440501,-15.143301098190882
nhanes_real,4,391,REVISE,True,0.004881125001702458,1.0,1.0,7.957087516784668,-7.982572583418957
nhanes_real,4,392,DiCE,False,0.014812749985139817,,,,
nhanes_real,4,392,FACE,True,0.09049929201137275,1.0,1.0,5.304630279541016,-7.493717581979222
nhanes_real,4,392,GrowingSpheres,True,0.0008288340177386999,1.0,1.0,5.3608059804519055,-8.839204712314519
nhanes_real,4,392,REVISE,False,0.043571416987106204,,,,
nhanes_real,4,394,DiCE,True,0.0005612499662674963,1.0,1.0,1.4674959182739258,-7.340474703394376
nhanes_real,4,394,FACE,True,0.09069349995115772,1.0,1.0,3.631898880004883,-6.318138812144205
nhanes_real,4,394,GrowingSpheres,True,0.00024520797887817025,1.0,1.0,0.7416962037473189,-7.226969924137478
nhanes_real,4,394,REVISE,True,0.0006796660018153489,1.0,1.0,5.056629180908203,-6.072973896601791
nhanes_real,4,395,DiCE,False,0.01640220795525238,,,,
nhanes_real,4,395,FACE,True,0.0945953750051558,1.0,1.0,6.763059139251709,-7.406167896246055
nhanes_real,4,395,GrowingSpheres,True,0.0013359999866224825,1.0,1.0,10.164016084813865,-13.214188320108569
nhanes_real,4,395,REVISE,False,0.04582908400334418,,,,
nhanes_real,4,396,DiCE,False,0.016790791996754706,,,,
nhanes_real,4,396,FACE,True,0.09247724997112527,1.0,1.0,6.461482048034668,-7.133970335005526
nhanes_real,4,396,GrowingSpheres,True,0.0008030420285649598,1.0,1.0,1.9880497244604558,-7.952588184115735
nhanes_real,4,396,REVISE,True,0.006650666007772088,1.0,1.0,5.220770359039307,-6.829480996261815
nhanes_real,4,398,DiCE,True,0.0018732500029727817,1.0,1.0,2.7502920627593994,-8.054769442776218
nhanes_real,4,398,FACE,True,0.0920640830299817,1.0,1.0,2.817626476287842,-6.980088263489921
nhanes_real,4,398,GrowingSpheres,True,0.0005499160033650696,1.0,1.0,3.403824052126031,-7.584443772693524
nhanes_real,4,398,REVISE,True,0.010097125021275133,1.0,1.0,3.4925832748413086,-6.600183798041704
nhanes_real,4,400,DiCE,True,0.0010534580214880407,1.0,1.0,2.536179780960083,-11.462307997308638
nhanes_real,4,400,FACE,True,0.0917483750381507,1.0,1.0,2.9461519718170166,-9.67720995938139
nhanes_real,4,400,GrowingSpheres,True,0.0005095830420032144,1.0,1.0,3.7410313033866864,-12.783392408687902
nhanes_real,4,400,REVISE,True,0.005393291998188943,1.0,1.0,8.260129928588867,-10.694990355137959
nhanes_real,4,402,DiCE,False,0.01505654101492837,,,,
nhanes_real,4,402,FACE,True,0.09064066695282236,1.0,1.0,7.727685928344727,-6.946877146472605
nhanes_real,4,402,GrowingSpheres,True,0.0007880000048317015,1.0,1.0,2.2871762754484766,-10.176050308354963
nhanes_real,4,402,REVISE,True,0.006089499976951629,1.0,1.0,4.410965442657471,-6.540468201953457
nhanes_real,4,403,DiCE,False,0.015740666014607996,,,,
nhanes_real,4,403,FACE,True,0.09240733302431181,1.0,1.0,5.1992363929748535,-8.633171517161848
nhanes_real,4,403,GrowingSpheres,True,0.0008657500147819519,1.0,1.0,3.6240187831626915,-9.626536589893247
nhanes_real,4,403,REVISE,True,0.0056740830186754465,1.0,1.0,7.626649379730225,-7.217586122624433
nhanes_real,4,406,DiCE,False,0.015098917006980628,,,,
nhanes_real,4,406,FACE,True,0.09103704197332263,1.0,1.0,6.43697452545166,-8.685055816335009
nhanes_real,4,406,GrowingSpheres,True,0.0007765829795971513,1.0,1.0,4.260706552522928,-10.433649299350488
nhanes_real,4,406,REVISE,True,0.004319875035434961,1.0,1.0,9.32121753692627,-7.075273238485423
nhanes_real,4,407,DiCE,False,0.01509825000539422,,,,
nhanes_real,4,407,FACE,True,0.09075933299027383,1.0,1.0,5.245488166809082,-6.318138812144205
nhanes_real,4,407,GrowingSpheres,True,0.0008263749768957496,1.0,1.0,3.534680181533563,-6.209974037502823
nhanes_real,4,407,REVISE,True,0.007359625014942139,1.0,1.0,3.8060109615325928,-6.297147729414762
nhanes_real,4,408,DiCE,True,0.001067458011675626,1.0,1.0,2.659257650375366,-7.58764945454878
nhanes_real,4,408,FACE,True,0.09110345802037045,1.0,1.0,1.6147598028182983,-6.810893132049456
nhanes_real,4,408,GrowingSpheres,True,0.00038229202618822455,1.0,1.0,2.386667401363497,-7.155837638587091
nhanes_real,4,408,REVISE,True,0.0016301249852403998,1.0,1.0,4.181254863739014,-6.153096588347834
nhanes_real,4,409,DiCE,False,0.015759208996314555,,,,
nhanes_real,4,409,FACE,True,0.09058104199357331,1.0,1.0,4.664989948272705,-6.143404285870153
nhanes_real,4,409,GrowingSpheres,True,0.0008732920396141708,1.0,1.0,5.651484421272357,-7.331293511735172
nhanes_real,4,409,REVISE,True,0.010687959031201899,1.0,1.0,4.059978008270264,-6.727748290971627
nhanes_real,4,410,DiCE,True,0.0005996249965392053,1.0,1.0,1.3675657510757446,-13.364089500113156
nhanes_real,4,410,FACE,True,0.09008645900757983,0.0,1.0,7.551416873931885,-9.648924136538497
nhanes_real,4,410,GrowingSpheres,True,0.00020754197612404823,1.0,1.0,1.0805138552653055,-13.635899241380903
nhanes_real,4,410,REVISE,True,0.0027604589704424143,1.0,1.0,10.073164939880371,-10.241381282100328
nhanes_real,4,411,DiCE,False,0.014649958990048617,,,,
nhanes_real,4,411,FACE,True,0.09091887500835583,1.0,1.0,7.73748779296875,-9.113199701701388
nhanes_real,4,411,GrowingSpheres,True,0.00103162502637133,1.0,1.0,5.012924592906352,-10.699425077288424
nhanes_real,4,411,REVISE,True,0.005230625043623149,1.0,1.0,12.645803451538086,-8.696517720034729
nhanes_real,4,412,DiCE,False,0.015172750048805028,,,,
nhanes_real,4,412,FACE,True,0.09048387501388788,1.0,1.0,8.165771484375,-7.475950084493102
nhanes_real,4,412,GrowingSpheres,True,0.0008969160262495279,1.0,1.0,2.246481813916077,-7.3415246594526655
nhanes_real,4,412,REVISE,True,0.013537791033741087,1.0,1.0,1.394507646560669,-6.800261531153733
nhanes_real,4,413,DiCE,True,0.0005642079631797969,1.0,1.0,1.5173134803771973,-7.526326480113059
nhanes_real,4,413,FACE,True,0.09055308403912932,1.0,1.0,1.4711508750915527,-8.006231147952294
nhanes_real,4,413,GrowingSpheres,True,0.00020758400205522776,1.0,1.0,0.9073136357336826,-8.18749462014337
nhanes_real,4,413,REVISE,True,0.0029163750004954636,1.0,1.0,4.1353840827941895,-6.5053107582831275
nhanes_real,4,414,DiCE,False,0.016283834003843367,,,,
nhanes_real,4,414,FACE,True,0.09692233300302178,1.0,1.0,11.59273910522461,-8.338364688551772
nhanes_real,4,414,GrowingSpheres,True,0.0013207909651100636,1.0,1.0,8.95992468869596,-23.29061102745925
nhanes_real,4,414,REVISE,True,0.007919833005871624,1.0,1.0,14.139047622680664,-7.725493632144664
nhanes_real,4,417,DiCE,False,0.015274500008672476,,,,
nhanes_real,4,417,FACE,True,0.09067883400712162,1.0,1.0,8.138345718383789,-9.427337836510773
nhanes_real,4,417,GrowingSpheres,True,0.0013155000051483512,1.0,1.0,9.97878374300365,-16.59165946541532
nhanes_real,4,417,REVISE,True,0.01027666701702401,1.0,1.0,11.037864685058594,-6.815737333192115
nhanes_real,4,419,DiCE,True,0.001977292005904019,1.0,1.0,2.8856101036071777,-6.950476858679714
nhanes_real,4,419,FACE,True,0.09083125001052395,1.0,1.0,5.326041221618652,-6.589867964796874
nhanes_real,4,419,GrowingSpheres,True,0.0005784999812021852,1.0,1.0,3.406617036688624,-7.335431989315984
nhanes_real,4,419,REVISE,True,0.003968000004533678,1.0,1.0,4.701521873474121,-6.168678000715195
nhanes_real,4,422,DiCE,True,0.00090020801872015,1.0,1.0,1.735661506652832,-6.246525897259172
nhanes_real,4,422,FACE,True,0.09102558298036456,1.0,1.0,2.595156192779541,-6.5844803382495565
nhanes_real,4,422,GrowingSpheres,True,0.00031220901291817427,1.0,1.0,1.885356697543726,-6.255025674135828
nhanes_real,4,422,REVISE,True,0.0006414999952539802,1.0,1.0,1.7471354007720947,-6.121373911300957
nhanes_real,4,424,DiCE,False,0.01518950000172481,,,,
nhanes_real,4,424,FACE,True,0.09137008397374302,1.0,1.0,3.831575393676758,-6.265033707644645
nhanes_real,4,424,GrowingSpheres,True,0.001126082963310182,1.0,1.0,4.946980482054745,-7.7137950428231985
nhanes_real,4,424,REVISE,True,0.010188708023633808,1.0,1.0,3.587163209915161,-6.151366182373694
nhanes_real,4,427,DiCE,True,0.0005870000459253788,1.0,1.0,1.3252482414245605,-7.011835464579571
nhanes_real,4,427,FACE,True,0.0908864579978399,1.0,1.0,2.287659168243408,-6.329865865874987
nhanes_real,4,427,GrowingSpheres,True,0.000306959031149745,1.0,1.0,1.526053731734865,-7.001332689013569
nhanes_real,4,427,REVISE,True,0.004468084021937102,1.0,1.0,1.2509734630584717,-6.548228624320329
nhanes_real,4,429,DiCE,False,0.015194957959465683,,,,
nhanes_real,4,429,FACE,True,0.0898168749990873,1.0,1.0,7.622801780700684,-6.477226023095561
nhanes_real,4,429,GrowingSpheres,True,0.0009454580140300095,1.0,1.0,6.725941072530481,-11.202856063735974
nhanes_real,4,429,REVISE,True,0.009903375001158565,1.0,1.0,8.779772758483887,-6.737298163230435
nhanes_real,4,434,DiCE,True,0.0010468330001458526,1.0,1.0,2.576977014541626,-6.394141580795086
nhanes_real,4,434,FACE,True,0.0919598339824006,1.0,1.0,2.918229818344116,-6.265033707644645
nhanes_real,4,434,GrowingSpheres,True,0.00039075000677257776,1.0,1.0,1.505574320272072,-6.670408406798455
nhanes_real,4,434,REVISE,True,0.0006485000485554338,1.0,1.0,3.209746837615967,-6.0629026030279185
nhanes_real,4,438,DiCE,False,0.014896832988597453,,,,
nhanes_real,4,438,FACE,True,0.0908065420226194,1.0,1.0,5.416675567626953,-6.724902495237915
nhanes_real,4,438,GrowingSpheres,True,0.0009803340071812272,1.0,1.0,3.9683901018880956,-13.717242439157795
nhanes_real,4,438,REVISE,False,0.04468158300733194,,,,
nhanes_real,4,440,DiCE,False,0.014833291992545128,,,,
nhanes_real,4,440,FACE,True,0.09070754196727648,1.0,1.0,2.686150550842285,-7.520406233738171
nhanes_real,4,440,GrowingSpheres,True,0.001020750030875206,1.0,1.0,5.564863975870363,-8.81446724165358
nhanes_real,4,440,REVISE,True,0.008686084009241313,1.0,1.0,5.0980730056762695,-6.0553335589768595
nhanes_real,4,441,DiCE,False,0.015287333982996643,,,,
nhanes_real,4,441,FACE,True,0.0904957500169985,1.0,1.0,4.302335739135742,-6.946118029372195
nhanes_real,4,441,GrowingSpheres,True,0.0005399159854277968,1.0,1.0,1.9167108089112976,-9.06423140776833
nhanes_real,4,441,REVISE,True,0.009024167025927454,1.0,1.0,4.702138900756836,-6.46505503407967
nhanes_real,4,448,DiCE,True,0.0016704589943401515,1.0,1.0,2.892177104949951,-11.582686503224876
nhanes_real,4,448,FACE,True,0.09118183399550617,1.0,1.0,5.23922872543335,-8.454123014357053
nhanes_real,4,448,GrowingSpheres,True,0.0005792080191895366,1.0,1.0,2.1512287595722244,-10.739067526652386
nhanes_real,4,448,REVISE,True,0.010917624982539564,1.0,1.0,7.616596221923828,-7.692976629724092
nhanes_real,4,449,DiCE,True,0.0008798339986242354,1.0,1.0,1.9720524549484253,-7.456942030565777
nhanes_real,4,449,FACE,True,0.09017024998320267,1.0,1.0,4.245145797729492,-6.746063420030154
nhanes_real,4,449,GrowingSpheres,True,0.0003120000474154949,1.0,1.0,0.6757115510285157,-7.590468876594985
nhanes_real,4,449,REVISE,True,0.004710999957751483,1.0,1.0,4.975078105926514,-6.070566676700967
nhanes_real,4,450,DiCE,True,0.0010303329909220338,1.0,1.0,2.2044930458068848,-11.4863209033498
nhanes_real,4,450,FACE,True,0.09024687495548278,1.0,1.0,5.588896751403809,-9.634579778535642
nhanes_real,4,450,GrowingSpheres,True,0.000386540952604264,1.0,1.0,2.620370099021307,-11.20815666398246
nhanes_real,4,450,REVISE,True,0.006603249988984317,1.0,1.0,5.9292426109313965,-10.218093178561944
nhanes_real,4,452,DiCE,False,0.015110542008187622,,,,
nhanes_real,4,452,FACE,True,0.09033445798559114,1.0,1.0,7.006079196929932,-7.46839237495232
nhanes_real,4,452,GrowingSpheres,False,0.0012821669806726277,,,,
nhanes_real,4,452,REVISE,False,0.043532125011552125,,,,
nhanes_real,4,453,DiCE,False,0.014733207994140685,,,,
nhanes_real,4,453,FACE,True,0.09118670801399276,1.0,1.0,4.202817916870117,-6.589867964796874
nhanes_real,4,453,GrowingSpheres,True,0.0006901670130901039,1.0,1.0,3.487056858809679,-7.60340253395629
nhanes_real,4,453,REVISE,True,0.0063244159682653844,1.0,1.0,4.101799964904785,-6.168150580468234
nhanes_real,4,454,DiCE,True,0.0014617079868912697,1.0,1.0,2.6331682205200195,-8.49377187495329
nhanes_real,4,454,FACE,True,0.09099875000538304,1.0,1.0,4.024168491363525,-7.734516169348918
nhanes_real,4,454,GrowingSpheres,True,0.0005471250042319298,1.0,1.0,1.1993329577412084,-10.05198941554065
nhanes_real,4,454,REVISE,True,0.006068749993573874,1.0,1.0,8.051995277404785,-6.0870472527203
nhanes_real,4,455,DiCE,True,0.0012616249732673168,1.0,1.0,2.8833041191101074,-8.640228690624145
nhanes_real,4,455,FACE,True,0.09121812501689419,1.0,1.0,4.849274635314941,-7.963585814856287
nhanes_real,4,455,GrowingSpheres,True,0.00037887500366196036,1.0,1.0,1.411275179241001,-8.671353258361213
nhanes_real,4,455,REVISE,True,0.004437832976691425,1.0,1.0,5.876665115356445,-7.616813035138007
nhanes_real,4,457,DiCE,False,0.014591666986234486,,,,
nhanes_real,4,457,FACE,True,0.09090862498851493,1.0,1.0,6.698523998260498,-7.070357933745294
nhanes_real,4,457,GrowingSpheres,True,0.0005607919883914292,1.0,1.0,1.0443374185069876,-8.572261013462297
nhanes_real,4,457,REVISE,True,0.0037469580420292914,1.0,1.0,6.23480224609375,-6.210581163708206
nhanes_real,4,458,DiCE,False,0.015186249976977706,,,,
nhanes_real,4,458,FACE,True,0.09078804100863636,1.0,1.0,4.723336696624756,-7.831801575602778
nhanes_real,4,458,GrowingSpheres,True,0.000784417032264173,1.0,1.0,3.487387309389643,-10.896132444475093
nhanes_real,4,458,REVISE,True,0.003151250013615936,1.0,1.0,7.669879913330078,-6.400570636345851
nhanes_real,4,459,DiCE,False,0.014844749995972961,,,,
nhanes_real,4,459,FACE,True,0.09103308303747326,1.0,1.0,9.735107421875,-7.051650040899826
nhanes_real,4,459,GrowingSpheres,True,0.0009324169950559735,1.0,1.0,5.21773933991776,-8.8098760793433
nhanes_real,4,459,REVISE,True,0.0095586659736,1.0,1.0,9.99500846862793,-6.239996424238937
nhanes_real,4,462,DiCE,False,0.014810708991717547,,,,
nhanes_real,4,462,FACE,True,0.09071541699813679,1.0,1.0,1.3554692268371582,-9.517031387830594
nhanes_real,4,462,GrowingSpheres,True,0.0007524999673478305,1.0,1.0,5.414460119292291,-9.439443106629895
nhanes_real,4,462,REVISE,True,0.00472983397776261,1.0,1.0,5.452479362487793,-8.008421330290933
nhanes_real,4,463,DiCE,True,0.001976415980607271,1.0,1.0,2.717686891555786,-9.305534760994373
nhanes_real,4,463,FACE,True,0.08989291597390547,1.0,1.0,2.6792945861816406,-6.946118029372195
nhanes_real,4,463,GrowingSpheres,True,0.0004543339600786567,1.0,1.0,2.761941796668605,-8.6644651425866
nhanes_real,4,463,REVISE,True,0.013105374993756413,1.0,1.0,4.143874645233154,-6.900133927416999
nhanes_real,4,466,DiCE,True,0.0012018329580314457,1.0,1.0,2.5435893535614014,-6.379393338700531
nhanes_real,4,466,FACE,True,0.09209012502105907,1.0,1.0,0.7215949892997742,-6.318138812144205
nhanes_real,4,466,GrowingSpheres,True,0.0004742500022985041,1.0,1.0,2.1077857986021877,-6.7109220020991724
nhanes_real,4,466,REVISE,True,0.0011925409780815244,1.0,1.0,2.1981985569000244,-6.065854966938302
nhanes_real,4,468,DiCE,False,0.015145624987781048,,,,
nhanes_real,4,468,FACE,True,0.09121508395764977,1.0,1.0,5.9772868156433105,-6.265033707644645
nhanes_real,4,468,GrowingSpheres,True,0.000999000039882958,1.0,1.0,5.765344003483472,-6.4168114198498065
nhanes_real,4,468,REVISE,True,0.008282166032586247,1.0,1.0,5.464388847351074,-6.110616889596617
nhanes_real,4,469,DiCE,False,0.014996542013250291,,,,
nhanes_real,4,469,FACE,True,0.09036145900608972,1.0,1.0,6.904109001159668,-7.070357933745294
nhanes_real,4,469,GrowingSpheres,True,0.0009922919562086463,1.0,1.0,2.2579782036249236,-10.026237940750077
nhanes_real,4,469,REVISE,True,0.009105750010348856,1.0,1.0,5.606137752532959,-6.846545858120365
nhanes_real,4,472,DiCE,True,0.0011625420302152634,1.0,1.0,2.5261359214782715,-7.475907491644104
nhanes_real,4,472,FACE,True,0.09116070799063891,1.0,1.0,2.355180025100708,-7.051650040899826
nhanes_real,4,472,GrowingSpheres,True,0.00042233301792293787,1.0,1.0,1.7222918557345,-7.713675438363346
nhanes_real,4,472,REVISE,True,0.0014403339591808617,1.0,1.0,4.5437331199646,-6.343858444333928
nhanes_real,4,475,DiCE,True,0.0020571249770000577,1.0,1.0,2.5286147594451904,-6.742750909535211
nhanes_real,4,475,FACE,True,0.09381587500683963,1.0,1.0,3.365035057067871,-6.946877146472605
nhanes_real,4,475,GrowingSpheres,True,0.0007399580208584666,1.0,1.0,4.434708729721161,-7.462025507420471
nhanes_real,4,475,REVISE,True,0.0037424159818328917,1.0,1.0,2.2077698707580566,-6.149341552281552
nhanes_real,4,477,DiCE,False,0.015824791975319386,,,,
nhanes_real,4,477,FACE,True,0.09437591698952019,1.0,1.0,5.0457868576049805,-8.52935159016147
nhanes_real,4,477,GrowingSpheres,True,0.0010996669880114496,1.0,1.0,5.3559596405857075,-10.123234832928627
nhanes_real,4,477,REVISE,True,0.01111125003080815,1.0,1.0,8.693922996520996,-9.070673585485315
nhanes_real,4,479,DiCE,True,0.0015352920163422823,1.0,1.0,2.2368199825286865,-7.5956325409986505
nhanes_real,4,479,FACE,True,0.10374366701580584,1.0,1.0,4.802581787109375,-6.143404285870153
nhanes_real,4,479,GrowingSpheres,True,0.0005814580363221467,1.0,1.0,2.7846832793437066,-7.0920427998295
nhanes_real,4,479,REVISE,True,0.0038049580180086195,1.0,1.0,4.557151794433594,-6.147753099037482
nhanes_real,4,481,DiCE,False,0.015268124989233911,,,,
nhanes_real,4,481,FACE,True,0.09088854101719335,1.0,1.0,5.40009069442749,-8.430740879334524
nhanes_real,4,481,GrowingSpheres,True,0.0011924169957637787,1.0,1.0,8.342215891321242,-18.675498329370136
nhanes_real,4,481,REVISE,True,0.011159249988850206,1.0,1.0,8.444080352783203,-7.2935893669370575
nhanes_real,4,482,DiCE,True,0.0007406660006381571,1.0,1.0,2.068204402923584,-7.0311585563585
nhanes_real,4,482,FACE,True,0.09038433304522187,1.0,1.0,1.2930388450622559,-7.030542735139187
nhanes_real,4,482,GrowingSpheres,True,0.00032837496837601066,1.0,1.0,1.3110203623441874,-7.386940423945598
nhanes_real,4,482,REVISE,True,0.0006327499868348241,1.0,1.0,3.7065415382385254,-6.431433367246971
nhanes_real,4,483,DiCE,True,0.0019524579984135926,1.0,1.0,2.616018772125244,-10.85943930139558
nhanes_real,4,483,FACE,True,0.09004362497944385,1.0,1.0,4.773148536682129,-8.006231147952294
nhanes_real,4,483,GrowingSpheres,True,0.0005816250341013074,1.0,1.0,3.935309652595637,-10.385337120500772
nhanes_real,4,483,REVISE,False,0.04239570803474635,,,,
nhanes_real,4,485,DiCE,True,0.0010350830270908773,1.0,1.0,2.4625954627990723,-7.515109368346311
nhanes_real,4,485,FACE,True,0.09333691705251113,1.0,1.0,3.423769474029541,-7.737215947145513
nhanes_real,4,485,GrowingSpheres,True,0.00042925000889226794,1.0,1.0,1.7837346722549299,-7.661490546375489
nhanes_real,4,485,REVISE,True,0.0017034169868566096,1.0,1.0,2.843769073486328,-6.475595651375716
nhanes_real,4,487,DiCE,True,0.001190749986562878,1.0,1.0,2.967679738998413,-9.593995351206752
nhanes_real,4,487,FACE,True,0.09132474998477846,1.0,1.0,2.563232421875,-8.118387852029521
nhanes_real,4,487,GrowingSpheres,True,0.0005314170266501606,1.0,1.0,2.7587630402466266,-11.072803068223635
nhanes_real,4,487,REVISE,True,0.008073583012446761,1.0,1.0,8.462026596069336,-6.159279668012614
nhanes_real,4,489,DiCE,False,0.014818500028923154,,,,
nhanes_real,4,489,FACE,True,0.09077762498054653,1.0,1.0,2.280874729156494,-8.554284585891347
nhanes_real,4,489,GrowingSpheres,True,0.0007872080313973129,1.0,1.0,3.8175360947902206,-9.157113973386013
nhanes_real,4,489,REVISE,True,0.004169207997620106,1.0,1.0,7.6984758377075195,-6.189599637020757
nhanes_real,4,490,DiCE,False,0.015244957990944386,,,,
nhanes_real,4,490,FACE,True,0.09091041696956381,1.0,1.0,9.157849311828613,-9.648924136538497
nhanes_real,4,490,GrowingSpheres,True,0.0008953749784268439,1.0,1.0,4.485272191015707,-15.491375378982315
nhanes_real,4,490,REVISE,True,0.009125125012360513,1.0,1.0,16.115325927734375,-9.250440044085371
nhanes_real,4,492,DiCE,False,0.014840667019598186,,,,
nhanes_real,4,492,FACE,True,0.0944749999907799,1.0,1.0,7.615664482116699,-9.113199701701388
nhanes_real,4,492,GrowingSpheres,False,0.0015109999803826213,,,,
nhanes_real,4,492,REVISE,False,0.0551190419937484,,,,
nhanes_real,4,493,DiCE,False,0.015212332946248353,,,,
nhanes_real,4,493,FACE,True,0.09193566598696634,1.0,1.0,5.065761089324951,-6.265033707644645
nhanes_real,4,493,GrowingSpheres,True,0.0009801670094020665,1.0,1.0,7.7691221424998265,-15.342340146896419
nhanes_real,4,493,REVISE,False,0.04352808301337063,,,,
nhanes_real,4,498,DiCE,True,0.0015712910098955035,1.0,1.0,3.567880392074585,-7.904519071989913
nhanes_real,4,498,FACE,True,0.09077429200988263,1.0,1.0,3.5284264087677,-7.024528100371622
nhanes_real,4,498,GrowingSpheres,True,0.0006314580095931888,1.0,1.0,2.671446109566099,-6.994061320132703
nhanes_real,4,498,REVISE,True,0.0024765830021351576,1.0,1.0,5.25430965423584,-6.191340414612863
nhanes_real,4,499,DiCE,True,0.0011942079872824252,1.0,1.0,2.8702216148376465,-7.422203640379424
nhanes_real,4,499,FACE,True,0.09078895801212639,1.0,1.0,5.050447940826416,-6.877452994456238
nhanes_real,4,499,GrowingSpheres,True,0.00040454103145748377,1.0,1.0,1.2631367126067372,-6.938950133232126
nhanes_real,4,499,REVISE,True,0.0010574159678071737,1.0,1.0,3.843320846557617,-6.215393247990069
nhanes_real,4,503,DiCE,True,0.0009173339931294322,1.0,1.0,2.3223328590393066,-7.182230752738997
nhanes_real,4,503,FACE,True,0.09276704100193456,1.0,1.0,2.969904899597168,-7.4133091551139465
nhanes_real,4,503,GrowingSpheres,True,0.0004212090279906988,1.0,1.0,2.223140471565254,-7.774711462506257
nhanes_real,4,503,REVISE,True,0.004743499972391874,1.0,1.0,2.7483131885528564,-6.568151096177732
nhanes_real,4,512,DiCE,True,0.0007405420183204114,1.0,1.0,1.4675650596618652,-8.89201300965005
nhanes_real,4,512,FACE,True,0.09085991699248552,1.0,1.0,2.5885934829711914,-8.870974807096687
nhanes_real,4,512,GrowingSpheres,True,0.0003307920414954424,1.0,1.0,1.611681040551246,-9.446047987278602
nhanes_real,4,512,REVISE,True,0.00332808296661824,1.0,1.0,4.590633869171143,-7.800749414829342
nhanes_real,4,515,DiCE,True,0.0009060410084202886,1.0,1.0,1.4486639499664307,-6.751057819008739
nhanes_real,4,515,FACE,True,0.09102370799519122,1.0,1.0,1.9087656736373901,-6.711105523639922
nhanes_real,4,515,GrowingSpheres,True,0.0003511669929139316,1.0,1.0,0.9433218292114228,-6.308598932350067
nhanes_real,4,515,REVISE,True,0.0010908329859375954,1.0,1.0,2.0773203372955322,-6.1927571347706305
nhanes_real,4,516,DiCE,True,0.0007291659712791443,1.0,1.0,1.9224811792373657,-10.741790299646901
nhanes_real,4,516,FACE,True,0.09054345899494365,1.0,1.0,2.860868453979492,-9.67469563837668
nhanes_real,4,516,GrowingSpheres,True,0.00025887502124533057,1.0,1.0,1.0500027430938736,-10.44051765246197
nhanes_real,4,516,REVISE,True,0.002836166007909924,1.0,1.0,3.538421630859375,-9.310737094555044
nhanes_real,4,517,DiCE,True,0.0007287919870577753,1.0,1.0,2.0426745414733887,-7.398103157164556
nhanes_real,4,517,FACE,True,0.09076824999647215,1.0,1.0,2.555056571960449,-7.497051041745919
nhanes_real,4,517,GrowingSpheres,True,0.0003321660333313048,1.0,1.0,1.6764770874456123,-7.679344006971057
nhanes_real,4,517,REVISE,True,0.00196733302436769,1.0,1.0,3.5569818019866943,-6.523737702503854
nhanes_real,4,518,DiCE,False,0.015396375034470111,,,,
nhanes_real,4,518,FACE,True,0.09098000003723428,1.0,1.0,3.8248186111450195,-6.589867964796874
nhanes_real,4,518,GrowingSpheres,True,0.0005944580188952386,1.0,1.0,2.4262526201632912,-6.925382588609539
nhanes_real,4,518,REVISE,True,0.00769100000616163,1.0,1.0,2.2937870025634766,-6.7143170110547725
nhanes_real,4,520,DiCE,False,0.015076499956194311,,,,
nhanes_real,4,520,FACE,True,0.09095637500286102,1.0,1.0,5.700506210327148,-6.724902495237915
nhanes_real,4,520,GrowingSpheres,True,0.0008206249913200736,1.0,1.0,4.452820512092195,-8.350667864791061
nhanes_real,4,520,REVISE,False,0.04253254196373746,,,,
nhanes_real,4,521,DiCE,True,0.0008451250032521784,1.0,1.0,2.0867691040039062,-11.242623602194831
nhanes_real,4,521,FACE,True,0.0910844579921104,1.0,1.0,5.132909774780273,-9.648924136538497
nhanes_real,4,521,GrowingSpheres,True,0.00026475003687664866,1.0,1.0,0.8385551024583086,-11.794957983573841
nhanes_real,4,521,REVISE,True,0.004190292034763843,1.0,1.0,6.948596954345703,-9.635976784694899
nhanes_real,4,522,DiCE,True,0.0014817919582128525,1.0,1.0,3.0452144145965576,-7.133330023984809
nhanes_real,4,522,FACE,True,0.09030425001401454,1.0,1.0,4.969278812408447,-8.68155706501749
nhanes_real,4,522,GrowingSpheres,True,0.0006121250335127115,1.0,1.0,3.762242035318839,-9.180238975331232
nhanes_real,4,522,REVISE,True,0.0006838749977760017,1.0,1.0,4.2430009841918945,-6.142536131435788
nhanes_real,4,526,DiCE,True,0.0008935410296544433,1.0,1.0,1.9097322225570679,-7.067976078168933
nhanes_real,4,526,FACE,True,0.0903379590017721,1.0,1.0,2.955580949783325,-6.57471521526343
nhanes_real,4,526,GrowingSpheres,True,0.00029275001725181937,1.0,1.0,0.9597917529150884,-7.343166488933952
nhanes_real,4,526,REVISE,True,0.004472500004339963,1.0,1.0,3.647510528564453,-6.064837941429351
nhanes_real,4,527,DiCE,False,0.015113250003196299,,,,
nhanes_real,4,527,FACE,True,0.09060575003968552,1.0,1.0,1.8800108432769775,-6.832754837232879
nhanes_real,4,527,GrowingSpheres,True,0.0006447500200010836,1.0,1.0,3.4679203394631193,-9.191434635238986
nhanes_real,4,527,REVISE,False,0.04249625001102686,,,,
nhanes_real,4,528,DiCE,True,0.0014216250274330378,1.0,1.0,2.8969919681549072,-8.54408248032016
nhanes_real,4,528,FACE,True,0.09095670899841934,1.0,1.0,4.296640872955322,-6.84417170749353
nhanes_real,4,528,GrowingSpheres,True,0.00044237502152100205,1.0,1.0,2.0470016201319736,-7.6961183107825555
nhanes_real,4,528,REVISE,True,0.006969375011976808,1.0,1.0,4.430999279022217,-6.419043136821241
nhanes_real,4,533,DiCE,False,0.014627083030063659,,,,
nhanes_real,4,533,FACE,True,0.09057229198515415,1.0,1.0,4.490577697753906,-6.484852135786024
nhanes_real,4,533,GrowingSpheres,True,0.0006305830320343375,1.0,1.0,3.4228537630090905,-7.661821997002077
nhanes_real,4,533,REVISE,True,0.004807666991837323,1.0,1.0,3.7561635971069336,-6.288581999549374
nhanes_real,4,534,DiCE,True,0.0007107499986886978,1.0,1.0,2.002626895904541,-8.077471899074204
nhanes_real,4,534,FACE,True,0.09020395798143,1.0,1.0,3.523094654083252,-7.503287864476393
nhanes_real,4,534,GrowingSpheres,True,0.00020175002282485366,1.0,1.0,0.8864727817373563,-7.383883802132063
nhanes_real,4,534,REVISE,True,0.005618166993372142,1.0,1.0,3.702791690826416,-6.236405963991558
nhanes_real,4,535,DiCE,True,0.0018874999950639904,1.0,1.0,2.2313084602355957,-6.7727598533171545
nhanes_real,4,535,FACE,True,0.14684633299475536,1.0,1.0,4.126443862915039,-7.133970335005526
nhanes_real,4,535,GrowingSpheres,True,0.0007437499589286745,1.0,1.0,3.2250875319371684,-7.761402181853736
nhanes_real,4,535,REVISE,True,0.005204042012337595,1.0,1.0,2.0957260131835938,-6.43851823537914
nhanes_real,4,537,DiCE,True,0.0007465000380761921,1.0,1.0,1.809464454650879,-6.775933225516425
nhanes_real,4,537,FACE,True,0.0920326670166105,0.0,1.0,2.4790825843811035,-6.9401249980547535
nhanes_real,4,537,GrowingSpheres,True,0.00032012496376410127,1.0,1.0,1.387893854181699,-7.301273478758581
nhanes_real,4,537,REVISE,True,0.0008381670340895653,1.0,1.0,3.346907138824463,-6.260444214246146
nhanes_real,4,538,DiCE,True,0.0007809160160832107,1.0,1.0,1.616924524307251,-7.469238971757573
nhanes_real,4,538,FACE,True,0.09113133302889764,1.0,1.0,3.3048202991485596,-7.571486803353705
nhanes_real,4,538,GrowingSpheres,True,0.0003582090139389038,1.0,1.0,0.7544031945893767,-7.650746432165786
nhanes_real,4,538,REVISE,True,0.0006676669581793249,1.0,1.0,2.6725549697875977,-6.990348462984674
nhanes_real,4,540,DiCE,True,0.0017068340093828738,1.0,1.0,3.155670404434204,-7.581594054944755
nhanes_real,4,540,FACE,True,0.09015095798531547,1.0,1.0,3.9887053966522217,-7.043438016226485
nhanes_real,4,540,GrowingSpheres,True,0.0005492499913088977,1.0,1.0,3.035158493083326,-8.269250209686788
nhanes_real,4,540,REVISE,True,0.002362750004976988,1.0,1.0,3.5560901165008545,-6.4084028807259195
nhanes_real,4,542,DiCE,False,0.015058124961797148,,,,
nhanes_real,4,542,FACE,True,0.09059466701000929,1.0,1.0,6.338948726654053,-6.724902495237915
nhanes_real,4,542,GrowingSpheres,True,0.0009442500304430723,1.0,1.0,6.42495656440455,-10.860179256213522
nhanes_real,4,542,REVISE,False,0.04352512501645833,,,,
nhanes_real,4,543,DiCE,True,0.0008351670112460852,1.0,1.0,2.4237258434295654,-6.934127255145137
nhanes_real,4,543,FACE,True,0.09015116601949558,1.0,1.0,2.2247326374053955,-6.358460621373636
nhanes_real,4,543,GrowingSpheres,True,0.0002460420364513993,1.0,1.0,0.9907792204041324,-6.578946983266729
nhanes_real,4,543,REVISE,True,0.0061181659693829715,1.0,1.0,2.6096315383911133,-6.289346012191382
nhanes_real,4,544,DiCE,True,0.0013758750283159316,1.0,1.0,2.6953165531158447,-7.379807992861282
nhanes_real,4,544,FACE,True,0.09071525000035763,1.0,1.0,3.852086305618286,-6.265033707644645
nhanes_real,4,544,GrowingSpheres,True,0.0004658750258386135,1.0,1.0,1.3330080924038832,-6.995378228066065
nhanes_real,4,544,REVISE,True,0.002377958968281746,1.0,1.0,3.678860664367676,-6.118639198698932
nhanes_real,4,545,DiCE,True,0.001924915995914489,1.0,1.0,3.5515923500061035,-10.859414513202738
nhanes_real,4,545,FACE,True,0.09059191698906943,1.0,1.0,4.444035053253174,-9.549352276971694
nhanes_real,4,545,GrowingSpheres,True,0.0006288749864324927,1.0,1.0,3.8071405758681185,-12.62848686028424
nhanes_real,4,545,REVISE,True,0.0032042089733295143,1.0,1.0,9.72222900390625,-10.735984216412097
nhanes_real,4,548,DiCE,True,0.0005777499754913151,1.0,1.0,1.2638744115829468,-6.346177373251441
nhanes_real,4,548,FACE,True,0.09051287500187755,1.0,1.0,2.9636003971099854,-7.119398530837099
nhanes_real,4,548,GrowingSpheres,True,0.000278000021353364,1.0,1.0,0.5612878750909476,-6.655861479509383
nhanes_real,4,548,REVISE,True,0.0006737920339219272,1.0,1.0,1.515048861503601,-6.1877672860825665
nhanes_real,4,551,DiCE,True,0.0012658329796977341,1.0,1.0,2.659052848815918,-7.059988354870947
nhanes_real,4,551,FACE,True,0.09105729102157056,1.0,1.0,2.1718027591705322,-6.568234119512416
nhanes_real,4,551,GrowingSpheres,True,0.0004618330276571214,1.0,1.0,2.5699714296954452,-7.751063685988699
nhanes_real,4,551,REVISE,True,0.0020584999583661556,1.0,1.0,2.7004401683807373,-6.154429005017793
nhanes_real,4,552,DiCE,True,0.0007302910089492798,1.0,1.0,1.799898624420166,-11.486898308946857
nhanes_real,4,552,FACE,True,0.09094266698230058,1.0,1.0,4.219371318817139,-9.47795466332283
nhanes_real,4,552,GrowingSpheres,True,0.00035212503280490637,1.0,1.0,1.409667681320815,-11.270041776281088
nhanes_real,4,552,REVISE,True,0.00569562497548759,1.0,1.0,5.357213497161865,-9.5772377227669
nhanes_real,4,555,DiCE,True,0.0008844999829307199,1.0,1.0,2.3780388832092285,-8.136706771273332
nhanes_real,4,555,FACE,True,0.09061529202153906,1.0,1.0,3.029301404953003,-7.410502348866697
nhanes_real,4,555,GrowingSpheres,True,0.0003917499561794102,1.0,1.0,2.3740312325831257,-8.09384045826653
nhanes_real,4,555,REVISE,True,0.00420737499371171,1.0,1.0,5.273613452911377,-6.3533022757027755
nhanes_real,4,559,DiCE,True,0.0008650000090710819,1.0,1.0,2.231203556060791,-10.069587924704045
nhanes_real,4,559,FACE,True,0.09072400000877678,1.0,1.0,2.4750988483428955,-8.541730896713272
nhanes_real,4,559,GrowingSpheres,True,0.00033183296909555793,1.0,1.0,1.65090513927194,-9.704772946422718
nhanes_real,4,559,REVISE,True,0.008846416953019798,1.0,1.0,2.597747564315796,-7.817340727112899
nhanes_real,4,561,DiCE,False,0.014997416990809143,,,,
nhanes_real,4,561,FACE,True,0.0908001660136506,1.0,1.0,6.157653331756592,-9.517031387830594
nhanes_real,4,561,GrowingSpheres,True,0.0010653749923221767,1.0,1.0,5.130607573771158,-8.553217011836079
nhanes_real,4,561,REVISE,True,0.006227125006262213,1.0,1.0,8.041215896606445,-8.091269508554719
nhanes_real,4,562,DiCE,False,0.01492833299562335,,,,
nhanes_real,4,562,FACE,True,0.09212491702055559,1.0,1.0,3.968812942504883,-6.589867964796874
nhanes_real,4,562,GrowingSpheres,True,0.0007221669657155871,1.0,1.0,3.9009539247092127,-7.2536885127752555
nhanes_real,4,562,REVISE,True,0.0067504579783417284,1.0,1.0,4.697134494781494,-6.107354335889344
nhanes_real,4,563,DiCE,True,0.00088020897237584,1.0,1.0,2.2840123176574707,-7.331707039949668
nhanes_real,4,563,FACE,True,0.09155175002524629,1.0,1.0,3.9379160404205322,-7.130042611978688
nhanes_real,4,563,GrowingSpheres,True,0.0003347080200910568,1.0,1.0,2.003640409444443,-7.478650342758744
nhanes_real,4,563,REVISE,True,0.0006797079695388675,1.0,1.0,3.5267462730407715,-6.379444721293302
nhanes_real,4,564,DiCE,False,0.014796999981626868,,,,
nhanes_real,4,564,FACE,True,0.09152962500229478,1.0,1.0,7.455753803253174,-8.685055816335009
nhanes_real,4,564,GrowingSpheres,True,0.0012029589852318168,1.0,1.0,3.9838417419076335,-11.282248236502166
nhanes_real,4,564,REVISE,False,0.04296733398223296,,,,
nhanes_real,4,570,DiCE,True,0.0010253330110572278,1.0,1.0,2.3760557174682617,-7.457614211884146
nhanes_real,4,570,FACE,True,0.09387187502579764,1.0,1.0,1.265561580657959,-7.064481782223858
nhanes_real,4,570,GrowingSpheres,True,0.0005087919998914003,1.0,1.0,2.394276410062411,-7.23081225265066
nhanes_real,4,570,REVISE,True,0.006532832980155945,1.0,1.0,2.402963638305664,-6.3788261357730605
nhanes_real,4,573,DiCE,False,0.016840333002619445,,,,
nhanes_real,4,573,FACE,True,0.09704383398639038,1.0,1.0,3.403625011444092,-6.318138812144205
nhanes_real,4,573,GrowingSpheres,True,0.0006251659942790866,1.0,1.0,3.293557400419015,-7.674998841034162
nhanes_real,4,573,REVISE,True,0.005902875040192157,1.0,1.0,3.3928589820861816,-6.254407087621763
nhanes_real,4,574,DiCE,True,0.0010205829748883843,1.0,1.0,2.6430704593658447,-8.714929222382517
nhanes_real,4,574,FACE,True,0.09114708303241059,1.0,1.0,3.3445568084716797,-7.46839237495232
nhanes_real,4,574,GrowingSpheres,True,0.00042400002712383866,1.0,1.0,1.3798396728615212,-7.609143878056534
nhanes_real,4,574,REVISE,True,0.006969416979700327,1.0,1.0,3.056281566619873,-7.3573471736999405
nhanes_real,4,575,DiCE,False,0.015317915997002274,,,,
nhanes_real,4,575,FACE,True,0.09030970797175542,1.0,1.0,19.178791046142578,-7.406167896246055
nhanes_real,4,575,GrowingSpheres,False,0.001337834051810205,,,,
nhanes_real,4,575,REVISE,False,0.044419625017326325,,,,
nhanes_real,4,576,DiCE,False,0.014972041011787951,,,,
nhanes_real,4,576,FACE,True,0.09099675004836172,1.0,1.0,3.8445215225219727,-6.852770993621007
nhanes_real,4,576,GrowingSpheres,True,0.0006575830047950149,1.0,1.0,4.693029667224517,-7.988197846148476
nhanes_real,4,576,REVISE,True,0.008547874982468784,1.0,1.0,3.7960116863250732,-6.085055334281755
nhanes_real,4,577,DiCE,True,0.0007254580268636346,1.0,1.0,1.5716397762298584,-7.845615494685839
nhanes_real,4,577,FACE,True,0.09075166704133153,1.0,1.0,1.6241519451141357,-7.667818986925454
nhanes_real,4,577,GrowingSpheres,True,0.0003162499633617699,1.0,1.0,1.2409259318674422,-7.784110520379556
nhanes_real,4,577,REVISE,True,0.0006324580172076821,1.0,1.0,3.2675158977508545,-6.809077925740416
nhanes_real,4,579,DiCE,False,0.015000458050053567,,,,
nhanes_real,4,579,FACE,True,0.09069520799675956,1.0,1.0,3.913721799850464,-7.466648824198899
nhanes_real,4,579,GrowingSpheres,True,0.000738416041713208,1.0,1.0,5.689629449818579,-11.095369149521746
nhanes_real,4,579,REVISE,True,0.009684375021606684,1.0,1.0,6.356135368347168,-6.407184285337524
nhanes_real,4,580,DiCE,True,0.0009035419789142907,1.0,1.0,2.5607423782348633,-12.51937301159068
nhanes_real,4,580,FACE,True,0.08993670903146267,1.0,1.0,5.739974021911621,-9.703430900629554
nhanes_real,4,580,GrowingSpheres,True,0.0003458749852143228,1.0,1.0,1.0374962830304812,-12.803522371384439
nhanes_real,4,580,REVISE,True,0.0029081249958835542,1.0,1.0,6.009507656097412,-7.880099769797514
nhanes_real,4,583,DiCE,True,0.0015092910034582019,1.0,1.0,3.4276654720306396,-7.780276411823979
nhanes_real,4,583,FACE,True,0.0903023750288412,1.0,1.0,5.976322650909424,-7.063683213876711
nhanes_real,4,583,GrowingSpheres,True,0.0006396660464815795,1.0,1.0,4.794068575466734,-7.505080132441854
nhanes_real,4,583,REVISE,True,0.004475291993003339,1.0,1.0,6.719803810119629,-6.12974092057479
nhanes_real,4,584,DiCE,True,0.0020925410208292305,1.0,1.0,2.6249685287475586,-6.822380182631948
nhanes_real,4,584,FACE,True,0.09101479197852314,1.0,1.0,1.538944959640503,-7.006503626179525
nhanes_real,4,584,GrowingSpheres,True,0.0006435000104829669,1.0,1.0,3.078070570605586,-6.776913150923851
nhanes_real,4,584,REVISE,True,0.0048238750314339995,1.0,1.0,3.122607946395874,-6.440800103627273
nhanes_real,4,585,DiCE,True,0.0011892500333487988,1.0,1.0,2.7054929733276367,-9.806082720788382
nhanes_real,4,585,FACE,True,0.09705916600069031,1.0,1.0,2.2260899543762207,-9.339556288220548
nhanes_real,4,585,GrowingSpheres,True,0.0005207500071264803,1.0,1.0,2.307537521983265,-9.523817938460331
nhanes_real,4,585,REVISE,True,0.0006897079874761403,1.0,1.0,3.73785662651062,-8.470922784816686
nhanes_real,4,591,DiCE,True,0.0027131669921800494,1.0,1.0,3.07192325592041,-8.7620476328022
nhanes_real,4,591,FACE,True,0.09168354200664908,1.0,1.0,3.6429903507232666,-7.6147178941794476
nhanes_real,4,591,GrowingSpheres,True,0.0007610410102643073,1.0,1.0,6.67904236105335,-10.41243877313367
nhanes_real,4,591,REVISE,True,0.0038809580146335065,1.0,1.0,6.1011962890625,-6.45045503536304
nhanes_real,4,592,DiCE,True,0.0019833329715766013,1.0,1.0,3.3324363231658936,-8.590239216067165
nhanes_real,4,592,FACE,True,0.09070341603364795,1.0,1.0,6.232900619506836,-7.46839237495232
nhanes_real,4,592,GrowingSpheres,True,0.0007778750150464475,1.0,1.0,3.318227231630128,-8.918987431012134
nhanes_real,4,592,REVISE,True,0.00790612498531118,1.0,1.0,7.224531173706055,-7.1811731941304515
nhanes_real,4,593,DiCE,True,0.0008707499946467578,1.0,1.0,1.8138161897659302,-7.051658063983702
nhanes_real,4,593,FACE,True,0.0913013750105165,1.0,1.0,2.2472081184387207,-6.143404285870153
nhanes_real,4,593,GrowingSpheres,True,0.0003601249773055315,1.0,1.0,1.205290489005151,-6.750485641726224
nhanes_real,4,593,REVISE,True,0.0011838750215247273,1.0,1.0,2.057330369949341,-6.153786059212413
nhanes_real,4,595,DiCE,True,0.001032667001709342,1.0,1.0,2.6051595211029053,-11.347022228710097
nhanes_real,4,595,FACE,True,0.09040670900139958,1.0,1.0,5.399103164672852,-7.908246821321784
nhanes_real,4,595,GrowingSpheres,True,0.0003079999587498605,1.0,1.0,1.2012609819727245,-10.815322402340925
nhanes_real,4,595,REVISE,True,0.00839200004702434,1.0,1.0,6.129970550537109,-7.855249414075841
nhanes_real,4,598,DiCE,False,0.0154481659992598,,,,
nhanes_real,4,598,FACE,True,0.09013450000202283,1.0,1.0,5.239138126373291,-6.946877146472605
nhanes_real,4,598,GrowingSpheres,True,0.0009510000236332417,1.0,1.0,4.04132002950629,-12.279934001618704
nhanes_real,4,598,REVISE,True,0.0057145419996231794,1.0,1.0,4.805888652801514,-6.240450933153854
nhanes_real,4,599,DiCE,False,0.014679290994536132,,,,
nhanes_real,4,599,FACE,True,0.0907225830014795,1.0,1.0,6.4335126876831055,-6.477226023095561
nhanes_real,4,599,GrowingSpheres,True,0.0008411660091951489,1.0,1.0,2.7503696879424564,-10.244103760494275
nhanes_real,4,599,REVISE,True,0.008242124982643872,1.0,1.0,7.225684642791748,-6.735578698188832
nhanes_real,4,602,DiCE,True,0.000728249957319349,1.0,1.0,1.3511319160461426,-6.683382365610472
nhanes_real,4,602,FACE,True,0.08994312502909452,1.0,1.0,2.8362417221069336,-6.143404285870153
nhanes_real,4,602,GrowingSpheres,True,0.0002544159651733935,1.0,1.0,1.036120453948083,-6.747255792787551
nhanes_real,4,602,REVISE,True,0.0005660000024363399,1.0,1.0,1.3744617700576782,-6.303782512288123
nhanes_real,4,603,DiCE,False,0.015152374980971217,,,,
nhanes_real,4,603,FACE,True,0.09092583297751844,1.0,1.0,5.727449417114258,-7.0509067621067825
nhanes_real,4,603,GrowingSpheres,True,0.0007147500291466713,1.0,1.0,4.208391094918746,-6.792538183334182
nhanes_real,4,603,REVISE,True,0.005598832969553769,1.0,1.0,5.363187313079834,-6.360053754323594
nhanes_real,4,604,DiCE,True,0.001371833961457014,1.0,1.0,2.6814746856689453,-10.945905768813587
nhanes_real,4,604,FACE,True,0.09092525002779439,1.0,1.0,6.6854963302612305,-7.679159736904239
nhanes_real,4,604,GrowingSpheres,True,0.0005786670371890068,1.0,1.0,4.010578286873818,-13.238337032776286
nhanes_real,4,604,REVISE,True,0.008710249967407435,1.0,1.0,7.083478927612305,-6.736067801603282
nhanes_real,4,606,DiCE,True,0.001279416959732771,1.0,1.0,2.7580368518829346,-7.966550084744254
nhanes_real,4,606,FACE,True,0.09135599998990074,1.0,1.0,5.24954891204834,-6.419619384248124
nhanes_real,4,606,GrowingSpheres,True,0.0005026659928262234,1.0,1.0,1.3290711933205583,-7.70600139254359
nhanes_real,4,606,REVISE,True,0.009128707984928042,1.0,1.0,3.4460020065307617,-6.615999783343057
nhanes_real,4,612,DiCE,True,0.0014440840459428728,1.0,1.0,2.589751720428467,-7.601794033396932
nhanes_real,4,612,FACE,True,0.09018866700353101,1.0,1.0,2.9213459491729736,-6.980088263489921
nhanes_real,4,612,GrowingSpheres,True,0.0004492920124903321,1.0,1.0,1.5389365391511927,-7.689014274726837
nhanes_real,4,612,REVISE,True,0.009102540963795036,1.0,1.0,2.7805113792419434,-6.56415106473758
nhanes_real,4,615,DiCE,False,0.015171500039286911,,,,
nhanes_real,4,615,FACE,True,0.09137608302989975,1.0,1.0,6.849977493286133,-8.52935159016147
nhanes_real,4,615,GrowingSpheres,True,0.0008406250271946192,1.0,1.0,3.558059068014302,-7.561496580372002
nhanes_real,4,615,REVISE,True,0.006039500003680587,1.0,1.0,7.8603715896606445,-6.841515344055686
nhanes_real,4,616,DiCE,True,0.0007238339749164879,1.0,1.0,1.3981120586395264,-7.459703943826913
nhanes_real,4,616,FACE,True,0.09088425000663847,1.0,1.0,2.2052559852600098,-6.832754837232879
nhanes_real,4,616,GrowingSpheres,True,0.000331917020957917,1.0,1.0,0.9666397954316136,-7.318511879717848
nhanes_real,4,616,REVISE,True,0.005148208001628518,1.0,1.0,4.724018096923828,-6.073856939543841
nhanes_real,4,617,DiCE,True,0.0007948330021463335,1.0,1.0,1.4734272956848145,-6.251214479538664
nhanes_real,4,617,FACE,True,0.09081945801153779,1.0,1.0,1.4877926111221313,-6.143404285870153
nhanes_real,4,617,GrowingSpheres,True,0.0003257080097682774,1.0,1.0,1.2426057514873947,-6.306614398920619
nhanes_real,4,617,REVISE,True,0.000742000003810972,1.0,1.0,0.9938533306121826,-6.119614177285688
nhanes_real,4,619,DiCE,True,0.001412792014889419,1.0,1.0,3.0660738945007324,-8.219629949291836
nhanes_real,4,619,FACE,True,0.0904587089898996,1.0,1.0,3.1866295337677,-7.704389620037803
nhanes_real,4,619,GrowingSpheres,True,0.0005303749931044877,1.0,1.0,2.4320632532803605,-8.596837273099595
nhanes_real,4,619,REVISE,True,0.005836291005834937,1.0,1.0,5.197914123535156,-6.561170047805799
nhanes_real,4,620,DiCE,False,0.015355874958913773,,,,
nhanes_real,4,620,FACE,True,0.09062870795605704,1.0,1.0,5.95087194442749,-6.265033707644645
nhanes_real,4,620,GrowingSpheres,True,0.0007946670521050692,1.0,1.0,4.365742237128389,-6.665556255424393
nhanes_real,4,620,REVISE,True,0.005947333003859967,1.0,1.0,4.291120529174805,-6.062336266431187
nhanes_real,4,621,DiCE,False,0.01512908301083371,,,,
nhanes_real,4,621,FACE,True,0.09015208302298561,1.0,1.0,3.508795976638794,-7.2297207514993325
nhanes_real,4,621,GrowingSpheres,True,0.0007049160194583237,1.0,1.0,4.244883848852637,-8.366989671375498
nhanes_real,4,621,REVISE,True,0.003843042009975761,1.0,1.0,4.5976972579956055,-6.365761618167323
nhanes_real,4,622,DiCE,True,0.0014596249675378203,1.0,1.0,2.6001992225646973,-10.00350088731446
nhanes_real,4,622,FACE,True,0.09074941702419892,1.0,1.0,3.2480483055114746,-7.281778950893753
nhanes_real,4,622,GrowingSpheres,True,0.0005577909760177135,1.0,1.0,1.8063166514514946,-9.410777026632543
nhanes_real,4,622,REVISE,True,0.012602167029399425,1.0,1.0,4.563258171081543,-7.109457353021661
nhanes_real,4,623,DiCE,True,0.0016499159974046052,1.0,1.0,2.667874813079834,-11.27010804328477
nhanes_real,4,623,FACE,True,0.0914571660105139,1.0,1.0,8.138374328613281,-9.427337836510773
nhanes_real,4,623,GrowingSpheres,True,0.0005725420196540654,1.0,1.0,2.052109697598985,-11.514991590890649
nhanes_real,4,623,REVISE,True,0.006808542006183416,1.0,1.0,9.426469802856445,-9.019173994330448
nhanes_real,4,624,DiCE,True,0.0011722500203177333,1.0,1.0,1.9987826347351074,-7.74793382046574
nhanes_real,4,624,FACE,True,0.09066054201684892,1.0,1.0,2.55788516998291,-7.172872031280548
nhanes_real,4,624,GrowingSpheres,True,0.0003762499545700848,1.0,1.0,2.4086652849161863,-7.55151385351126
nhanes_real,4,624,REVISE,True,0.005677208013366908,1.0,1.0,5.091718673706055,-6.145251499304672
nhanes_real,4,625,DiCE,False,0.014972833974752575,,,,
nhanes_real,4,625,FACE,True,0.09034537500701845,1.0,1.0,6.8152618408203125,-6.265033707644645
nhanes_real,4,625,GrowingSpheres,True,0.0009223339729942381,1.0,1.0,5.933579661681891,-8.675403239927803
nhanes_real,4,625,REVISE,True,0.004919665982015431,1.0,1.0,4.897151470184326,-6.191982038815956
nhanes_real,4,627,DiCE,False,0.014790792018175125,,,,
nhanes_real,4,627,FACE,True,0.09116524999262765,1.0,1.0,8.41393756866455,-8.950319531146517
nhanes_real,4,627,GrowingSpheres,False,0.0012862090370617807,,,,
nhanes_real,4,627,REVISE,False,0.043956250010523945,,,,
nhanes_real,4,628,DiCE,True,0.0008333749719895422,1.0,1.0,2.3398685455322266,-8.037466696917887
nhanes_real,4,628,FACE,True,0.09023716696538031,1.0,1.0,3.523451328277588,-8.182188026165774
nhanes_real,4,628,GrowingSpheres,True,0.0003803750150837004,1.0,1.0,1.827565224842643,-7.135027648496911
nhanes_real,4,628,REVISE,True,0.0063895839848555624,1.0,1.0,5.6677656173706055,-6.236101316436944
nhanes_real,4,630,DiCE,True,0.0008680830360390246,1.0,1.0,2.2354187965393066,-6.571448269586561
nhanes_real,4,630,FACE,True,0.09098500001709908,1.0,1.0,1.6792283058166504,-6.6919019642088
nhanes_real,4,630,GrowingSpheres,True,0.0003167910035699606,1.0,1.0,1.0054481089737757,-6.99014178169409
nhanes_real,4,630,REVISE,True,0.0006732919719070196,1.0,1.0,2.280694007873535,-6.143422157487402
nhanes_real,4,631,DiCE,False,0.015302665997296572,,,,
nhanes_real,4,631,FACE,True,0.09027187497122213,1.0,1.0,5.776329040527344,-8.371611552743204
nhanes_real,4,631,GrowingSpheres,True,0.0011443340335972607,1.0,1.0,4.432704758932739,-11.018875455503753
nhanes_real,4,631,REVISE,True,0.011533249984495342,1.0,1.0,7.009954452514648,-6.254479654332037
nhanes_real,4,635,DiCE,False,0.014574208995327353,,,,
nhanes_real,4,635,FACE,True,0.0911760000162758,1.0,1.0,2.957335948944092,-6.484852135786024
nhanes_real,4,635,GrowingSpheres,True,0.0005888749728910625,1.0,1.0,2.1955904450592127,-6.467993715972355
nhanes_real,4,635,REVISE,True,0.005709999997634441,1.0,1.0,2.4872846603393555,-6.18797743178888
nhanes_real,4,637,DiCE,False,0.014913666003849357,,,,
nhanes_real,4,637,FACE,True,0.09175045799929649,1.0,1.0,5.7763142585754395,-9.6357565788548
nhanes_real,4,637,GrowingSpheres,True,0.0009537499863654375,1.0,1.0,5.993974252099847,-12.556832490136284
nhanes_real,4,637,REVISE,True,0.009726500022225082,1.0,1.0,10.167235374450684,-9.498617533983742
nhanes_real,4,640,DiCE,True,0.0017707909573800862,1.0,1.0,3.315533399581909,-10.663968585303543
nhanes_real,4,640,FACE,True,0.09086916700471193,1.0,1.0,4.310771942138672,-9.4614175899822
nhanes_real,4,640,GrowingSpheres,True,0.0005827909917570651,1.0,1.0,4.513016734810629,-9.942541771737043
nhanes_real,4,640,REVISE,True,0.006094750016927719,1.0,1.0,9.687089920043945,-8.655956921394244
nhanes_real,4,641,DiCE,True,0.0018585000070743263,1.0,1.0,3.2691590785980225,-10.246216856202459
nhanes_real,4,641,FACE,True,0.09083745797397569,1.0,1.0,3.168205738067627,-8.48699244424015
nhanes_real,4,641,GrowingSpheres,True,0.0006387910107150674,1.0,1.0,4.234668321915656,-10.15428745470184
nhanes_real,4,641,REVISE,True,0.004557333013508469,1.0,1.0,7.677038192749023,-6.398135900599241
nhanes_real,4,643,DiCE,True,0.0011927090235985816,1.0,1.0,2.0728228092193604,-7.360488354021744
nhanes_real,4,643,FACE,True,0.09013945801416412,1.0,1.0,3.7837038040161133,-7.8573386575557915
nhanes_real,4,643,GrowingSpheres,True,0.00042524997843429446,1.0,1.0,1.3814814262682988,-8.324954442121165
nhanes_real,4,643,REVISE,True,0.0051651670364663005,1.0,1.0,5.264329433441162,-6.186732062612599
nhanes_real,4,645,DiCE,True,0.00179387500975281,1.0,1.0,2.7536096572875977,-8.552404194052494
nhanes_real,4,645,FACE,True,0.09104787500109524,1.0,1.0,2.9087929725646973,-8.633171517161848
nhanes_real,4,645,GrowingSpheres,True,0.0005702500347979367,1.0,1.0,2.6095350040112466,-9.264702796833296
nhanes_real,4,645,REVISE,True,0.0035372499842196703,1.0,1.0,6.052620887756348,-6.839226506856649
nhanes_real,4,647,DiCE,True,0.002959791978355497,1.0,1.0,2.905209541320801,-9.236970804938295
nhanes_real,4,647,FACE,True,0.09084604203235358,1.0,1.0,2.1451568603515625,-8.287097990458564
nhanes_real,4,647,GrowingSpheres,True,0.0006236250046640635,1.0,1.0,2.0286827070900437,-8.509029407668706
nhanes_real,4,647,REVISE,True,0.006003499962389469,1.0,1.0,7.199807643890381,-6.300856155062549
nhanes_real,4,648,DiCE,True,0.0017598330159671605,1.0,1.0,2.5746474266052246,-13.300803990639398
nhanes_real,4,648,FACE,True,0.09051908302353695,1.0,1.0,11.382129669189453,-9.76404112109736
nhanes_real,4,648,GrowingSpheres,True,0.0006820830167271197,1.0,1.0,2.2472334224015427,-13.886298298000353
nhanes_real,4,648,REVISE,True,0.004061374987941235,1.0,1.0,10.907474517822266,-9.692013175339016
nhanes_real,4,649,DiCE,False,0.014837916009128094,,,,
nhanes_real,4,649,FACE,True,0.09086500003468245,1.0,1.0,4.957053184509277,-6.724902495237915
nhanes_real,4,649,GrowingSpheres,True,0.0007805830100551248,1.0,1.0,4.309924688315007,-8.515575085823063
nhanes_real,4,649,REVISE,False,0.04211870796279982,,,,
nhanes_real,4,650,DiCE,True,0.0012014159583486617,1.0,1.0,2.7694144248962402,-7.191831878036817
nhanes_real,4,650,FACE,True,0.09018845803802833,1.0,1.0,2.5144999027252197,-7.842279823585486
nhanes_real,4,650,GrowingSpheres,True,0.0004976249765604734,1.0,1.0,2.868803240724658,-7.057267326446192
nhanes_real,4,650,REVISE,True,0.0010092920274473727,1.0,1.0,2.7069692611694336,-6.297641169222791
nhanes_real,4,653,DiCE,False,0.014638292021118104,,,,
nhanes_real,4,653,FACE,True,0.09091362496837974,1.0,1.0,4.822787761688232,-6.265033707644645
nhanes_real,4,653,GrowingSpheres,True,0.0010164169943891466,1.0,1.0,8.220172073079386,-10.359713373421478
nhanes_real,4,653,REVISE,True,0.0075700420420616865,1.0,1.0,3.4946465492248535,-6.361051705040209
nhanes_real,4,660,DiCE,False,0.014933375001419336,,,,
nhanes_real,4,660,FACE,True,0.09059337503276765,1.0,1.0,4.461113929748535,-6.589867964796874
nhanes_real,4,660,GrowingSpheres,True,0.0008297080057673156,1.0,1.0,2.236621020264626,-7.030321903840759
nhanes_real,4,660,REVISE,True,0.01185833296040073,1.0,1.0,4.373837471008301,-6.4402386547884625
nhanes_real,4,661,DiCE,True,0.0013607090222649276,1.0,1.0,2.768252372741699,-7.95897238451884
nhanes_real,4,661,FACE,True,0.09003929101163521,1.0,1.0,4.053860664367676,-7.926669972394667
nhanes_real,4,661,GrowingSpheres,True,0.0005729580298066139,1.0,1.0,2.1906547175969013,-8.462774444684964
nhanes_real,4,661,REVISE,True,0.0009872919763438404,1.0,1.0,4.683779716491699,-6.8816926574284665
nhanes_real,4,662,DiCE,True,0.0005660830065608025,1.0,1.0,1.341290831565857,-9.78537158042121
nhanes_real,4,662,FACE,True,0.09186258300906047,0.0,1.0,4.803328514099121,-7.283999036591163
nhanes_real,4,662,GrowingSpheres,True,0.0002592910313978791,1.0,1.0,0.49060787192183825,-11.233180817002832
nhanes_real,4,662,REVISE,True,0.000641792023088783,1.0,1.0,7.466190338134766,-6.7651041059066515
nhanes_real,4,663,DiCE,False,0.014549459039699286,,,,
nhanes_real,4,663,FACE,True,0.09048733301460743,1.0,1.0,1.1355195045471191,-7.133970335005526
nhanes_real,4,663,GrowingSpheres,True,0.0009032080415636301,1.0,1.0,5.175065400282905,-9.258712823642796
nhanes_real,4,663,REVISE,True,0.010546082979999483,1.0,1.0,2.5541462898254395,-7.08322607632818
nhanes_real,4,664,DiCE,True,0.0007283749873749912,1.0,1.0,1.5057024955749512,-7.379611134582314
nhanes_real,4,664,FACE,True,0.09211829100968316,1.0,1.0,2.4351747035980225,-6.938923633854898
nhanes_real,4,664,GrowingSpheres,True,0.0003572910209186375,1.0,1.0,1.836241139580563,-7.130321692232613
nhanes_real,4,664,REVISE,True,0.0006518749869428575,1.0,1.0,4.506275177001953,-6.093567283915297
nhanes_real,4,668,DiCE,True,0.0013795830309391022,1.0,1.0,2.2370357513427734,-7.246370550544201
nhanes_real,4,668,FACE,True,0.09071308397687972,1.0,1.0,3.9619178771972656,-6.84417170749353
nhanes_real,4,668,GrowingSpheres,True,0.00046499999007210135,1.0,1.0,1.5877587198357042,-6.886915611821781
nhanes_real,4,668,REVISE,True,0.006705457984935492,1.0,1.0,4.202153205871582,-6.3374279979254435
nhanes_real,4,669,DiCE,False,0.0158285410143435,,,,
nhanes_real,4,669,FACE,True,0.09068824996938929,1.0,1.0,3.0006070137023926,-6.709689358809202
nhanes_real,4,669,GrowingSpheres,True,0.001093166007194668,1.0,1.0,5.864527239239293,-7.471796156806798
nhanes_real,4,669,REVISE,False,0.04352979199029505,,,,
nhanes_real,4,671,DiCE,False,0.015121459029614925,,,,
nhanes_real,4,671,FACE,True,0.09071845799917355,1.0,1.0,3.2177066802978516,-6.852770993621007
nhanes_real,4,671,GrowingSpheres,True,0.0007229159818962216,1.0,1.0,3.883950271817869,-7.53612122315058
nhanes_real,4,671,REVISE,False,0.04365499998675659,,,,
nhanes_real,4,673,DiCE,True,0.0009822500287555158,1.0,1.0,2.612788677215576,-16.67215311224747
nhanes_real,4,673,FACE,True,0.09268724999856204,1.0,1.0,12.125274658203125,-9.517031387830594
nhanes_real,4,673,GrowingSpheres,True,0.0004617919912561774,1.0,1.0,1.457592767695111,-18.186344490049926
nhanes_real,4,673,REVISE,True,0.004504291980993003,1.0,1.0,9.046460151672363,-11.38573012959938
nhanes_real,4,676,DiCE,True,0.002563290996477008,1.0,1.0,3.775238513946533,-9.449162370328
nhanes_real,4,676,FACE,True,0.09047462500166148,1.0,1.0,6.484933853149414,-8.24414679770137
nhanes_real,4,676,GrowingSpheres,True,0.0009169999975711107,1.0,1.0,5.031497623497481,-8.932765218325233
nhanes_real,4,676,REVISE,True,0.0032907089916989207,1.0,1.0,6.90076208114624,-6.712057249242349
nhanes_real,4,685,DiCE,False,0.014562917000148445,,,,
nhanes_real,4,685,FACE,True,0.08995845902245492,1.0,1.0,6.250017166137695,-6.589867964796874
nhanes_real,4,685,GrowingSpheres,True,0.0007994999759830534,1.0,1.0,4.770385340280048,-7.98911300329789
nhanes_real,4,685,REVISE,True,0.009071917040273547,1.0,1.0,4.712054252624512,-6.918714548457622
nhanes_real,4,689,DiCE,True,0.0008633749675936997,1.0,1.0,1.649756908416748,-7.509098830092123
nhanes_real,4,689,FACE,True,0.0901657500071451,1.0,1.0,3.7156872749328613,-7.130042611978688
nhanes_real,4,689,GrowingSpheres,True,0.000338084006216377,1.0,1.0,1.5535161862070948,-7.997176651398982
nhanes_real,4,689,REVISE,True,0.0005840830272063613,1.0,1.0,5.3871235847473145,-6.193071660929924
nhanes_real,4,690,DiCE,True,0.001441334025003016,1.0,1.0,2.8868606090545654,-9.512218303723337
nhanes_real,4,690,FACE,True,0.09049066598527133,1.0,1.0,6.4751877784729,-8.52935159016147
nhanes_real,4,690,GrowingSpheres,True,0.0005217080470174551,1.0,1.0,2.641252699397092,-8.900154588895676
nhanes_real,4,690,REVISE,True,0.0011380839860066772,1.0,1.0,8.414485931396484,-6.369929406288558
nhanes_real,4,691,DiCE,False,0.01509308401728049,,,,
nhanes_real,4,691,FACE,True,0.09102754201740026,1.0,1.0,7.614051342010498,-8.112494532169858
nhanes_real,4,691,GrowingSpheres,True,0.0008810419822111726,1.0,1.0,2.3753803880295603,-11.991561954809292
nhanes_real,4,691,REVISE,True,0.011154707986861467,1.0,1.0,6.221803665161133,-7.749195614752084
nhanes_real,4,693,DiCE,False,0.014803208003286272,,,,
nhanes_real,4,693,FACE,True,0.09062729199649766,1.0,1.0,6.566679954528809,-6.419619384248124
nhanes_real,4,693,GrowingSpheres,True,0.0011540830018930137,1.0,1.0,6.337905624707021,-9.627323311667874
nhanes_real,4,693,REVISE,False,0.04391554102767259,,,,
nhanes_real,4,694,DiCE,True,0.0010244579752907157,1.0,1.0,2.010981559753418,-6.405387125154244
nhanes_real,4,694,FACE,True,0.09088562498800457,1.0,1.0,1.796400547027588,-6.709689358809202
nhanes_real,4,694,GrowingSpheres,True,0.0002969999914057553,1.0,1.0,1.3135181889874374,-6.280677072082986
nhanes_real,4,694,REVISE,True,0.0006490839878097177,1.0,1.0,2.6157889366149902,-6.083442960362002
nhanes_real,4,695,DiCE,False,0.015159500006120652,,,,
nhanes_real,4,695,FACE,True,0.0908218749682419,1.0,1.0,4.716160297393799,-7.571486803353705
nhanes_real,4,695,GrowingSpheres,True,0.0009040420409291983,1.0,1.0,5.567156303509186,-10.120570473863102
nhanes_real,4,695,REVISE,True,0.003347333986312151,1.0,1.0,6.513804912567139,-7.0781487375948355
nhanes_real,4,696,DiCE,False,0.015248333045747131,,,,
nhanes_real,4,696,FACE,True,0.090590332983993,1.0,1.0,5.702919960021973,-7.704389620037803
nhanes_real,4,696,GrowingSpheres,True,0.0009498340077698231,1.0,1.0,2.753614548023088,-13.151666825236344
nhanes_real,4,696,REVISE,True,0.008019541972316802,1.0,1.0,5.924893379211426,-6.876271230239636
nhanes_real,4,700,DiCE,False,0.015094917034730315,,,,
nhanes_real,4,700,FACE,True,0.09034583397442475,1.0,1.0,6.9934306144714355,-8.52935159016147
nhanes_real,4,700,GrowingSpheres,True,0.0011282910127192736,1.0,1.0,7.1223779178126145,-10.251219993377148
nhanes_real,4,700,REVISE,True,0.008840542053803802,1.0,1.0,11.693708419799805,-8.097562760340589
nhanes_real,4,705,DiCE,False,0.014763250015676022,,,,
nhanes_real,4,705,FACE,True,0.09319491597125307,1.0,1.0,4.187053203582764,-6.476242227899966
nhanes_real,4,705,GrowingSpheres,True,0.000863625027704984,1.0,1.0,3.598126654752323,-8.43567115136977
nhanes_real,4,705,REVISE,True,0.007479333027731627,1.0,1.0,5.8929948806762695,-6.169366271647741
nhanes_real,4,706,DiCE,False,0.01507695799227804,,,,
nhanes_real,4,706,FACE,True,0.09049479098757729,1.0,1.0,8.350008010864258,-7.183221361775066
nhanes_real,4,706,GrowingSpheres,True,0.000921958009712398,1.0,1.0,3.4521720857963083,-16.085001885832433
nhanes_real,4,706,REVISE,False,0.04408787505235523,,,,
nhanes_real,4,708,DiCE,True,0.0005267090164124966,1.0,1.0,1.5112199783325195,-8.676254790540865
nhanes_real,4,708,FACE,True,0.09119845804525539,1.0,1.0,2.9226303100585938,-8.006231147952294
nhanes_real,4,708,GrowingSpheres,True,0.000256249972153455,1.0,1.0,1.5895975107418583,-9.576600034888491
nhanes_real,4,708,REVISE,True,0.004655957978684455,1.0,1.0,4.12666130065918,-6.924994092403479
nhanes_real,4,710,DiCE,True,0.0019042080384679139,1.0,1.0,2.6983256340026855,-7.597272595783988
nhanes_real,4,710,FACE,True,0.09028854203643277,1.0,1.0,5.006137371063232,-6.833283084680845
nhanes_real,4,710,GrowingSpheres,True,0.0005652079707942903,1.0,1.0,4.618843193074023,-7.834777492756373
nhanes_real,4,710,REVISE,True,0.0006139169563539326,1.0,1.0,4.0344343185424805,-6.869585715514809
nhanes_real,4,711,DiCE,False,0.015494958963245153,,,,
nhanes_real,4,711,FACE,True,0.09062433399958536,1.0,1.0,3.4961390495300293,-7.737215947145513
nhanes_real,4,711,GrowingSpheres,True,0.0006597500178031623,1.0,1.0,0.8476134861236897,-8.885459502181261
nhanes_real,4,711,REVISE,True,0.005799542006570846,1.0,1.0,6.286726474761963,-6.74479273643769
nhanes_real,4,712,DiCE,True,0.0008973749936558306,1.0,1.0,2.2407145500183105,-7.853052903679519
nhanes_real,4,712,FACE,True,0.09061904205009341,1.0,1.0,2.024531602859497,-7.253076471435148
nhanes_real,4,712,GrowingSpheres,True,0.0003053330001421273,1.0,1.0,0.5252436971524186,-7.886075171654346
nhanes_real,4,712,REVISE,True,0.0007107079727575183,1.0,1.0,3.5166690349578857,-6.326562120622946
nhanes_real,4,713,DiCE,True,0.002263000002130866,1.0,1.0,3.308499336242676,-10.43738933989064
nhanes_real,4,713,FACE,True,0.09081816696561873,1.0,1.0,7.919268608093262,-8.685055816335009
nhanes_real,4,713,GrowingSpheres,True,0.0007455410086549819,1.0,1.0,4.736652354275954,-10.441861191575992
nhanes_real,4,713,REVISE,True,0.007927041966468096,1.0,1.0,10.977195739746094,-8.942511548309481
nhanes_real,4,714,DiCE,True,0.0008793750312179327,1.0,1.0,2.0086326599121094,-7.677621486462559
nhanes_real,4,714,FACE,True,0.09054291696520522,1.0,1.0,2.9977951049804688,-6.679139189883544
nhanes_real,4,714,GrowingSpheres,True,0.00031762500293552876,1.0,1.0,1.2605820956624547,-7.759002227222325
nhanes_real,4,714,REVISE,True,0.006019207998178899,1.0,1.0,3.239549160003662,-7.148704198941802
nhanes_real,4,715,DiCE,False,0.015050583984702826,,,,
nhanes_real,4,715,FACE,True,0.0907563750515692,1.0,1.0,6.491411209106445,-8.152850759263973
nhanes_real,4,715,GrowingSpheres,True,0.0007893749861977994,1.0,1.0,3.1058683400437745,-9.931516634843398
nhanes_real,4,715,REVISE,True,0.004020250053144991,1.0,1.0,5.706058025360107,-7.344692343646488
nhanes_real,4,720,DiCE,True,0.0005405420088209212,1.0,1.0,1.3175029754638672,-8.565702402057362
nhanes_real,4,720,FACE,True,0.09007900004507974,1.0,1.0,2.2368204593658447,-8.512216510238682
nhanes_real,4,720,GrowingSpheres,True,0.0001937500201165676,1.0,1.0,0.5690683455233997,-8.490660804713766
nhanes_real,4,720,REVISE,True,0.001855082984548062,1.0,1.0,5.43580436706543,-6.553645843590579
nhanes_real,4,725,DiCE,False,0.014673458004835993,,,,
nhanes_real,4,725,FACE,True,0.09058370802085847,1.0,1.0,7.122226715087891,-7.390297544658141
nhanes_real,4,725,GrowingSpheres,True,0.0008028749725781381,1.0,1.0,4.932904264608718,-10.835159215607153
nhanes_real,4,725,REVISE,True,0.011943874997086823,1.0,1.0,5.228733062744141,-7.206464298384763
nhanes_real,4,726,DiCE,False,0.0169277919922024,,,,
nhanes_real,4,726,FACE,True,0.09441479097586125,1.0,1.0,4.015138149261475,-7.461192773007976
nhanes_real,4,726,GrowingSpheres,True,0.0008619590080343187,1.0,1.0,3.8585761589256853,-7.9520033895446804
nhanes_real,4,726,REVISE,True,0.008233541972003877,1.0,1.0,5.495059490203857,-6.580526659076214
nhanes_real,4,727,DiCE,True,0.002528207958675921,1.0,1.0,3.068018913269043,-11.515386942896482
nhanes_real,4,727,FACE,True,0.09079770901007578,1.0,1.0,3.109313488006592,-9.647466330064551
nhanes_real,4,727,GrowingSpheres,True,0.0006453339592553675,1.0,1.0,3.5255246642957703,-13.123100410996171
nhanes_real,4,727,REVISE,True,0.004516792017966509,1.0,1.0,8.372810363769531,-9.408661690469284
nhanes_real,4,728,DiCE,True,0.0011697500012814999,1.0,1.0,2.8762364387512207,-9.187167382766708
nhanes_real,4,728,FACE,True,0.09062274999450892,1.0,1.0,4.697920799255371,-6.810893132049456
nhanes_real,4,728,GrowingSpheres,True,0.0005223750486038625,1.0,1.0,3.02950595924351,-8.215394709505652
nhanes_real,4,728,REVISE,True,0.0033880419796332717,1.0,1.0,7.1191816329956055,-6.215970606297775
nhanes_real,4,730,DiCE,False,0.015412041044328362,,,,
nhanes_real,4,730,FACE,True,0.09105579101014882,1.0,1.0,5.684506893157959,-7.520406233738171
nhanes_real,4,730,GrowingSpheres,True,0.0009057080023922026,1.0,1.0,6.317606473466331,-11.373024556169312
nhanes_real,4,730,REVISE,False,0.044713124982081354,,,,
nhanes_real,4,731,DiCE,False,0.015255375008564442,,,,
nhanes_real,4,731,FACE,True,0.09091783297481015,1.0,1.0,5.665422439575195,-9.578620026184737
nhanes_real,4,731,GrowingSpheres,True,0.0006768340244889259,1.0,1.0,3.8519727896161386,-8.730872801790824
nhanes_real,4,731,REVISE,True,0.0047803749912418425,1.0,1.0,6.668361663818359,-6.7187485795427495
nhanes_real,4,732,DiCE,False,0.015167915960773826,,,,
nhanes_real,4,732,FACE,True,0.09074745903490111,1.0,1.0,8.19996452331543,-9.745817536414261
nhanes_real,4,732,GrowingSpheres,True,0.0008949170005507767,1.0,1.0,2.3850101449228243,-14.00231514540357
nhanes_real,4,732,REVISE,True,0.010027249983977526,1.0,1.0,20.804580688476562,-9.858878436734102
nhanes_real,4,733,DiCE,True,0.001029083039611578,1.0,1.0,2.395266056060791,-8.373324800164177
nhanes_real,4,733,FACE,True,0.08993316703708842,1.0,1.0,5.02408504486084,-7.183221361775066
nhanes_real,4,733,GrowingSpheres,True,0.00035212503280490637,1.0,1.0,1.7098865629636548,-8.939086357949765
nhanes_real,4,733,REVISE,True,0.003337250032927841,1.0,1.0,7.533238410949707,-6.239639138530411
nhanes_real,4,734,DiCE,True,0.0007295830291695893,1.0,1.0,1.4316089153289795,-6.903950041079494
nhanes_real,4,734,FACE,True,0.09047491702949628,1.0,1.0,1.9976394176483154,-6.662383645709587
nhanes_real,4,734,GrowingSpheres,True,0.0002715829759836197,1.0,1.0,0.8509301210660709,-7.136500942757619
nhanes_real,4,734,REVISE,True,0.005000374978408217,1.0,1.0,2.9661738872528076,-6.305173324655903
nhanes_real,4,735,DiCE,True,0.0016624170239083469,1.0,1.0,2.452404260635376,-8.565920402767105
nhanes_real,4,735,FACE,True,0.09051316598197445,1.0,1.0,5.552145957946777,-6.877452994456238
nhanes_real,4,735,GrowingSpheres,True,0.0004892919678241014,1.0,1.0,2.715722142106925,-9.188491076956304
nhanes_real,4,735,REVISE,True,0.005322374985553324,1.0,1.0,4.352728366851807,-6.451454532414668
nhanes_real,4,737,DiCE,True,0.0008329580305144191,1.0,1.0,2.377345561981201,-7.585829302372385
nhanes_real,4,737,FACE,True,0.09066687501035631,1.0,1.0,2.264991283416748,-7.990397402294085
nhanes_real,4,737,GrowingSpheres,True,0.0003267090069130063,1.0,1.0,1.900012445636305,-8.485061177134131
nhanes_real,4,737,REVISE,True,0.002687458007130772,1.0,1.0,4.041407108306885,-6.556680228186522
nhanes_real,4,738,DiCE,True,0.0008352920413017273,1.0,1.0,2.5553641319274902,-11.000767028452941
nhanes_real,4,738,FACE,True,0.09037454100325704,1.0,1.0,2.6529436111450195,-9.73712936937491
nhanes_real,4,738,GrowingSpheres,True,0.00038245797622948885,1.0,1.0,2.405922646992711,-12.619011921824107
nhanes_real,4,738,REVISE,True,0.0019398749573156238,1.0,1.0,9.737972259521484,-6.872556939618287
nhanes_real,4,740,DiCE,False,0.014855000015813857,,,,
nhanes_real,4,740,FACE,True,0.09053420805139467,1.0,1.0,6.281367778778076,-8.152850759263973
nhanes_real,4,740,GrowingSpheres,True,0.0008378330385312438,1.0,1.0,3.8457637306189354,-11.874752883374041
nhanes_real,4,740,REVISE,True,0.006018791988026351,1.0,1.0,7.01695442199707,-7.74490413421869
nhanes_real,4,741,DiCE,True,0.0008742089848965406,1.0,1.0,2.5116519927978516,-7.0977188373095945
nhanes_real,4,741,FACE,True,0.09001054201507941,1.0,1.0,3.493323802947998,-6.832754837232879
nhanes_real,4,741,GrowingSpheres,True,0.00029258400900289416,1.0,1.0,1.2082913310829755,-6.9340200741677585
nhanes_real,4,741,REVISE,True,0.004165999998804182,1.0,1.0,2.6896042823791504,-6.071102648482858
nhanes_real,4,742,DiCE,False,0.014900624984875321,,,,
nhanes_real,4,742,FACE,True,0.09143750002840534,1.0,1.0,4.230838775634766,-7.9350428120787395
nhanes_real,4,742,GrowingSpheres,True,0.0006857500411570072,1.0,1.0,3.310219073114123,-8.612448945851316
nhanes_real,4,742,REVISE,True,0.00881024997215718,1.0,1.0,5.795267581939697,-6.513085025045127
nhanes_real,4,743,DiCE,False,0.025141416990663856,,,,
nhanes_real,4,743,FACE,True,0.09345258300891146,1.0,1.0,3.861783504486084,-7.229522039885364
nhanes_real,4,743,GrowingSpheres,True,0.0008483340498059988,1.0,1.0,4.077152458206733,-8.365002419021602
nhanes_real,4,743,REVISE,True,0.005179958010558039,1.0,1.0,7.667181968688965,-6.172168134594067
nhanes_real,4,746,DiCE,False,0.015380416996777058,,,,
nhanes_real,4,746,FACE,True,0.09080245799850672,1.0,1.0,2.8407492637634277,-7.006503626179525
nhanes_real,4,746,GrowingSpheres,True,0.000936749973334372,1.0,1.0,5.697305834261492,-10.463739080204236
nhanes_real,4,746,REVISE,True,0.009161332971416414,1.0,1.0,6.180914402008057,-6.199031320889631
nhanes_real,4,747,DiCE,True,0.002046208013780415,1.0,1.0,3.331049919128418,-9.490762028629717
nhanes_real,4,747,FACE,True,0.09071112499805167,1.0,1.0,7.047268867492676,-6.987257423436755
nhanes_real,4,747,GrowingSpheres,True,0.0005747500108554959,1.0,1.0,2.3708485779986574,-11.794037732307476
nhanes_real,4,747,REVISE,True,0.006422083009965718,1.0,1.0,7.3583879470825195,-6.40549594477509
nhanes_real,4,749,DiCE,False,0.014560916984919459,,,,
nhanes_real,4,749,FACE,True,0.09114466700702906,1.0,1.0,5.849031925201416,-7.390297544658141
nhanes_real,4,749,GrowingSpheres,True,0.0008784169913269579,1.0,1.0,6.224728803332798,-11.406148531671947
nhanes_real,4,749,REVISE,False,0.04459075001068413,,,,
nhanes_real,4,752,DiCE,False,0.01494591700611636,,,,
nhanes_real,4,752,FACE,True,0.0904972089920193,1.0,1.0,6.9991254806518555,-6.9401249980547535
nhanes_real,4,752,GrowingSpheres,True,0.0008572079823352396,1.0,1.0,3.552144091507917,-9.281911945571657
nhanes_real,4,752,REVISE,True,0.008371333009563386,1.0,1.0,8.806482315063477,-6.430222852444493
nhanes_real,4,754,DiCE,False,0.015080499986652285,,,,
nhanes_real,4,754,FACE,True,0.09079399995971471,1.0,1.0,3.4043192863464355,-6.7706197824587075
nhanes_real,4,754,GrowingSpheres,True,0.0007850410183891654,1.0,1.0,4.415133805163359,-11.6217816211438
nhanes_real,4,754,REVISE,False,0.04340679099550471,,,,
nhanes_real,4,759,DiCE,True,0.0008847499848343432,1.0,1.0,2.389899253845215,-7.887817794048183
nhanes_real,4,759,FACE,True,0.0907405000180006,1.0,1.0,2.71740460395813,-7.016315584790631
nhanes_real,4,759,GrowingSpheres,True,0.00034245901042595506,1.0,1.0,1.8392335851266197,-7.571917135461023
nhanes_real,4,759,REVISE,True,0.004712458001449704,1.0,1.0,5.803956985473633,-6.181511751453435
nhanes_real,4,760,DiCE,True,0.0008929590112529695,1.0,1.0,2.1061670780181885,-6.924579751461674
nhanes_real,4,760,FACE,True,0.09099020902067423,1.0,1.0,1.5380135774612427,-6.877452994456238
nhanes_real,4,760,GrowingSpheres,True,0.0003089589881710708,1.0,1.0,1.350994453831125,-6.615625707531029
nhanes_real,4,760,REVISE,True,0.0014589159982278943,1.0,1.0,1.4857724905014038,-6.311937051580576
nhanes_real,4,763,DiCE,True,0.0005768329720012844,1.0,1.0,1.5459823608398438,-9.550091266967863
nhanes_real,4,763,FACE,True,0.09144083404680714,1.0,1.0,3.104001760482788,-8.324124692813054
nhanes_real,4,763,GrowingSpheres,True,0.00022250000620260835,1.0,1.0,1.059027750043193,-9.373152840475118
nhanes_real,4,763,REVISE,True,0.001929250021930784,1.0,1.0,8.237982749938965,-6.564247155070568
nhanes_real,4,764,DiCE,True,0.0007248750189319253,1.0,1.0,1.4988752603530884,-7.65321911450597
nhanes_real,4,764,FACE,True,0.09119583299616352,1.0,1.0,1.966630220413208,-7.317953604035409
nhanes_real,4,764,GrowingSpheres,True,0.00035087502328678966,1.0,1.0,1.422732769976778,-7.981254555880337
nhanes_real,4,764,REVISE,True,0.0006138750468380749,1.0,1.0,3.352282762527466,-6.571715863081723
nhanes_real,4,766,DiCE,True,0.0010748750064522028,1.0,1.0,1.7987756729125977,-8.588524174840439
nhanes_real,4,766,FACE,True,0.09082124999258667,1.0,1.0,5.482104778289795,-7.355523358808586
nhanes_real,4,766,GrowingSpheres,True,0.0003810829948633909,1.0,1.0,1.5382392169788495,-9.388195008963336
nhanes_real,4,766,REVISE,True,0.0005925000295974314,1.0,1.0,6.76271915435791,-6.623536014345284
nhanes_real,4,768,DiCE,True,0.002299749990925193,1.0,1.0,3.371905565261841,-8.270078240992039
nhanes_real,4,768,FACE,True,0.09062787500442937,1.0,1.0,4.124180793762207,-7.667818986925454
nhanes_real,4,768,GrowingSpheres,True,0.0005812500021420419,1.0,1.0,2.72705396897958,-8.806027783680175
nhanes_real,4,768,REVISE,True,0.0042381660314276814,1.0,1.0,4.254973411560059,-6.792724656642375
nhanes_real,4,769,DiCE,False,0.015112082997802645,,,,
nhanes_real,4,769,FACE,True,0.09086462500272319,1.0,1.0,3.9148800373077393,-8.152850759263973
nhanes_real,4,769,GrowingSpheres,True,0.0011200419976375997,1.0,1.0,6.100393452606027,-11.148845735640618
nhanes_real,4,769,REVISE,True,0.008598625019658357,1.0,1.0,5.893634796142578,-7.264305315255516
nhanes_real,4,773,DiCE,True,0.0005532919894903898,1.0,1.0,1.3803104162216187,-8.108438774768711
nhanes_real,4,773,FACE,True,0.09112279099645093,1.0,1.0,1.349916934967041,-8.292606789007367
nhanes_real,4,773,GrowingSpheres,True,0.000264250033069402,1.0,1.0,1.3436482933574725,-8.291061446207586
nhanes_real,4,773,REVISE,True,0.0005829170113429427,1.0,1.0,5.975388050079346,-6.617407963083254
nhanes_real,4,776,DiCE,False,0.014763583021704108,,,,
nhanes_real,4,776,FACE,True,0.0971655419562012,1.0,1.0,5.4897966384887695,-6.57471521526343
nhanes_real,4,776,GrowingSpheres,True,0.001084500050637871,1.0,1.0,4.711175081100449,-8.26404367300116
nhanes_real,4,776,REVISE,False,0.0468461670097895,,,,
nhanes_real,4,781,DiCE,False,0.016487124958075583,,,,
nhanes_real,4,781,FACE,True,0.09738108399324119,1.0,1.0,1.9831039905548096,-6.810893132049456
nhanes_real,4,781,GrowingSpheres,True,0.0007676659733988345,1.0,1.0,4.2495178378454534,-7.623586749406017
nhanes_real,4,781,REVISE,True,0.005468458984978497,1.0,1.0,4.635567665100098,-6.068945995710462
nhanes_real,4,785,DiCE,False,0.015231415978632867,,,,
nhanes_real,4,785,FACE,True,0.09122966701397672,1.0,1.0,6.3685832023620605,-6.724902495237915
nhanes_real,4,785,GrowingSpheres,True,0.0012357920059002936,1.0,1.0,7.6763043486327085,-7.7221790635247665
nhanes_real,4,785,REVISE,False,0.04445141600444913,,,,
nhanes_real,4,787,DiCE,False,0.015060459030792117,,,,
nhanes_real,4,787,FACE,True,0.0909929170156829,1.0,1.0,7.587984085083008,-7.679159736904239
nhanes_real,4,787,GrowingSpheres,True,0.0009051249944604933,1.0,1.0,6.402012074667717,-7.928122226125781
nhanes_real,4,787,REVISE,True,0.012681957974564284,1.0,1.0,8.223272323608398,-6.218403242782953
nhanes_real,4,788,DiCE,False,0.015200374997220933,,,,
nhanes_real,4,788,FACE,True,0.09084529196843505,1.0,1.0,6.834310054779053,-8.068486112590234
nhanes_real,4,788,GrowingSpheres,True,0.0008761659846641123,1.0,1.0,6.222225308687416,-9.615405579066723
nhanes_real,4,788,REVISE,False,0.044186166021972895,,,,
nhanes_real,4,791,DiCE,False,0.01480999996419996,,,,
nhanes_real,4,791,FACE,True,0.09164445899659768,1.0,1.0,4.795509338378906,-8.371611552743204
nhanes_real,4,791,GrowingSpheres,True,0.0008347500115633011,1.0,1.0,4.024393603793372,-14.22621220927407
nhanes_real,4,791,REVISE,True,0.005392750026658177,1.0,1.0,7.686469554901123,-6.491772442713003
nhanes_real,4,794,DiCE,True,0.0014281250187195837,1.0,1.0,2.8257312774658203,-7.250926087745409
nhanes_real,4,794,FACE,True,0.0914724170579575,1.0,1.0,1.7281709909439087,-7.489613008061509
nhanes_real,4,794,GrowingSpheres,True,0.0006215409957803786,1.0,1.0,3.5100831343588714,-7.3271820111297545
nhanes_real,4,794,REVISE,True,0.0036903750151395798,1.0,1.0,3.957519292831421,-6.156051115832776
nhanes_real,4,795,DiCE,False,0.014701167005114257,,,,
nhanes_real,4,795,FACE,True,0.09154599998146296,1.0,1.0,2.781522035598755,-6.589867964796874
nhanes_real,4,795,GrowingSpheres,True,0.0006497080321423709,1.0,1.0,3.1981597209088695,-8.097744520857415
nhanes_real,4,795,REVISE,True,0.006980750011280179,1.0,1.0,2.338773250579834,-6.562290300880545
nhanes_real,4,797,DiCE,True,0.00125345797277987,1.0,1.0,2.227018356323242,-6.8648694791494345
nhanes_real,4,797,FACE,True,0.092673666018527,1.0,1.0,4.543735980987549,-6.265033707644645
nhanes_real,4,797,GrowingSpheres,True,0.0005510830087587237,1.0,1.0,1.5449370337260793,-6.97787414459493
nhanes_real,4,797,REVISE,True,0.002182333031669259,1.0,1.0,3.429334878921509,-6.082603474119471
nhanes_real,4,801,DiCE,True,0.001583541976287961,1.0,1.0,3.6487317085266113,-9.106944795921283
nhanes_real,4,801,FACE,True,0.09423962503205985,1.0,1.0,5.796570777893066,-7.990397402294085
nhanes_real,4,801,GrowingSpheres,True,0.0006389580084942281,1.0,1.0,3.1212624137556295,-8.434895936797684
nhanes_real,4,801,REVISE,True,0.005569958011619747,1.0,1.0,6.675816059112549,-6.799474161778791
nhanes_real,4,802,DiCE,True,0.0014781249919906259,1.0,1.0,3.3853261470794678,-14.938759401664758
nhanes_real,4,802,FACE,True,0.0907545419759117,1.0,1.0,7.051449775695801,-9.766642930968478
nhanes_real,4,802,GrowingSpheres,True,0.0006076249992474914,1.0,1.0,1.9797272901332839,-11.774916542056552
nhanes_real,4,802,REVISE,True,0.007996792031917721,1.0,1.0,11.118511199951172,-9.623935729973779
nhanes_real,4,803,DiCE,False,0.015017166966572404,,,,
nhanes_real,4,803,FACE,True,0.08991445798892528,1.0,1.0,3.818204402923584,-9.099266172253653
nhanes_real,4,803,GrowingSpheres,True,0.0009622090146876872,1.0,1.0,3.849638426673927,-10.376045449826663
nhanes_real,4,803,REVISE,True,0.0065763749880716205,1.0,1.0,8.049883842468262,-6.316327783762871
nhanes_real,4,804,DiCE,False,0.01534683397039771,,,,
nhanes_real,4,804,FACE,True,0.09133883303729817,1.0,1.0,1.7886707782745361,-7.679159736904239
nhanes_real,4,804,GrowingSpheres,True,0.000707958999555558,1.0,1.0,3.4327821249807196,-10.531629458546426
nhanes_real,4,804,REVISE,False,0.04416595899965614,,,,
nhanes_real,4,805,DiCE,False,0.014499915996566415,,,,
nhanes_real,4,805,FACE,True,0.09206495800754055,1.0,1.0,4.4182634353637695,-9.549352276971694
nhanes_real,4,805,GrowingSpheres,True,0.0008843750110827386,1.0,1.0,3.399115859590812,-14.307637030312891
nhanes_real,4,805,REVISE,True,0.009812750038690865,1.0,1.0,16.48855209350586,-9.326213864006643
nhanes_real,4,807,DiCE,True,0.0007237499812617898,1.0,1.0,1.8721275329589844,-13.280418969241714
nhanes_real,4,807,FACE,True,0.09148537501459941,1.0,1.0,4.406329154968262,-9.67720995938139
nhanes_real,4,807,GrowingSpheres,True,0.00030562502797693014,1.0,1.0,1.498599842870048,-12.868410275849243
nhanes_real,4,807,REVISE,True,0.0010901250061579049,1.0,1.0,7.675475120544434,-10.946392889056355
nhanes_real,4,811,DiCE,True,0.0007449580007232726,1.0,1.0,1.513387680053711,-8.34173456404503
nhanes_real,4,811,FACE,True,0.09055916598299518,1.0,1.0,5.772482872009277,-7.866202560547368
nhanes_real,4,811,GrowingSpheres,True,0.0002579999854788184,1.0,1.0,0.6048103985861953,-8.761107196838708
nhanes_real,4,811,REVISE,True,0.0033305829856544733,1.0,1.0,4.192054748535156,-7.498425474591832
nhanes_real,4,815,DiCE,True,0.0017901670071296394,1.0,1.0,2.9198150634765625,-10.0485817794359
nhanes_real,4,815,FACE,True,0.09121354197850451,1.0,1.0,3.435859203338623,-7.990109133275117
nhanes_real,4,815,GrowingSpheres,True,0.0006290419842116535,1.0,1.0,2.1509458003974387,-9.027333576637139
nhanes_real,4,815,REVISE,True,0.005985374969895929,1.0,1.0,3.637782573699951,-8.833899743739153
nhanes_real,4,819,DiCE,True,0.0005622080061584711,1.0,1.0,1.3909001350402832,-9.457730754531783
nhanes_real,4,819,FACE,True,0.09060179104562849,1.0,1.0,4.623645782470703,-7.320704615208715
nhanes_real,4,819,GrowingSpheres,True,0.0002452500048093498,1.0,1.0,0.973264765610019,-9.929989891770964
nhanes_real,4,819,REVISE,True,0.0010544160031713545,1.0,1.0,5.374615669250488,-6.91847912526171
nhanes_real,4,820,DiCE,True,0.0022466250229626894,1.0,1.0,3.3597450256347656,-10.381425953244669
nhanes_real,4,820,FACE,True,0.09109187498688698,1.0,1.0,5.570513725280762,-8.701239059069286
nhanes_real,4,820,GrowingSpheres,True,0.0005760829662904143,1.0,1.0,2.802879055462621,-9.520551053624917
nhanes_real,4,820,REVISE,True,0.00862708396743983,1.0,1.0,4.484161376953125,-8.633354423965999
nhanes_real,4,821,DiCE,False,0.014931124984286726,,,,
nhanes_real,4,821,FACE,True,0.09127583296503872,1.0,1.0,16.813861846923828,-9.745817536414261
nhanes_real,4,821,GrowingSpheres,True,0.0006755419890396297,1.0,1.0,2.1666998361727616,-22.58932263469508
nhanes_real,4,821,REVISE,True,0.009264792024623603,1.0,1.0,16.62860870361328,-11.196599470160228
nhanes_real,4,825,DiCE,False,0.015305958047974855,,,,
nhanes_real,4,825,FACE,True,0.0930859160143882,1.0,1.0,9.371993064880371,-6.877452994456238
nhanes_real,4,825,GrowingSpheres,True,0.0009398330003023148,1.0,1.0,3.968855868584468,-11.568175069144996
nhanes_real,4,825,REVISE,False,0.04480495903408155,,,,
nhanes_real,4,828,DiCE,True,0.0012939170119352639,1.0,1.0,2.568289279937744,-9.11843896793954
nhanes_real,4,828,FACE,True,0.09094445803202689,1.0,1.0,3.478814125061035,-7.734516169348918
nhanes_real,4,828,GrowingSpheres,True,0.0005324590019881725,1.0,1.0,1.8618333675527023,-10.256430968896169
nhanes_real,4,828,REVISE,True,0.006250500038731843,1.0,1.0,5.756911754608154,-6.157841423878029
nhanes_real,4,832,DiCE,True,0.0014663750189356506,1.0,1.0,4.091599464416504,-11.302112460896529
nhanes_real,4,832,FACE,True,0.09143087500706315,1.0,1.0,6.614369869232178,-9.73712936937491
nhanes_real,4,832,GrowingSpheres,True,0.0005597079871222377,1.0,1.0,3.98813437456352,-11.68594009283916
nhanes_real,4,832,REVISE,True,0.000622207997366786,1.0,1.0,7.471908092498779,-7.76172701010818
nhanes_real,4,837,DiCE,True,0.0005659169983118773,1.0,1.0,1.3829727172851562,-6.558327200183907
nhanes_real,4,837,FACE,True,0.09082629199838266,1.0,1.0,1.6567211151123047,-6.709689358809202
nhanes_real,4,837,GrowingSpheres,True,0.00020637502893805504,1.0,1.0,0.6842877239015128,-6.728359886667503
nhanes_real,4,837,REVISE,True,0.0005965830059722066,1.0,1.0,2.9206089973449707,-6.008954768908598
nhanes_real,4,841,DiCE,False,0.0151962079689838,,,,
nhanes_real,4,841,FACE,True,0.09099158301251009,1.0,1.0,3.4344077110290527,-8.701239059069286
nhanes_real,4,841,GrowingSpheres,True,0.0005606249906122684,1.0,1.0,2.9959258188463678,-12.061401184515457
nhanes_real,4,841,REVISE,False,0.04276241600746289,,,,
nhanes_real,4,845,DiCE,True,0.0005527500179596245,1.0,1.0,1.461604356765747,-7.362483786736863
nhanes_real,4,845,FACE,True,0.09036750002996996,1.0,1.0,1.396817684173584,-6.800565974654207
nhanes_real,4,845,GrowingSpheres,True,0.00021112494869157672,1.0,1.0,1.1699625381526266,-7.649540853139603
nhanes_real,4,845,REVISE,True,0.005252207978628576,1.0,1.0,4.402490139007568,-6.061416590299123
nhanes_real,4,846,DiCE,False,0.014542624994646758,,,,
nhanes_real,4,846,FACE,True,0.09056116599822417,1.0,1.0,6.008822441101074,-7.390297544658141
nhanes_real,4,846,GrowingSpheres,True,0.000944624945987016,1.0,1.0,6.024514818070741,-8.215171900506691
nhanes_real,4,846,REVISE,True,0.011901416990440339,1.0,1.0,3.5147910118103027,-6.977812119283504
nhanes_real,4,848,DiCE,True,0.0013462500064633787,1.0,1.0,2.7563157081604004,-9.018638565052955
nhanes_real,4,848,FACE,True,0.09076887497212738,1.0,1.0,3.17880916595459,-9.394944183506793
nhanes_real,4,848,GrowingSpheres,True,0.00042100000428035855,1.0,1.0,2.5540398666475066,-8.749267777013118
nhanes_real,4,848,REVISE,True,0.000641042017377913,1.0,1.0,10.429441452026367,-6.26788426002623
nhanes_real,4,849,DiCE,False,0.015233792015351355,,,,
nhanes_real,4,849,FACE,True,0.09117137501016259,1.0,1.0,2.810197114944458,-6.8888688552041675
nhanes_real,4,849,GrowingSpheres,True,0.0008179160067811608,1.0,1.0,5.006009134689116,-7.6035978123202534
nhanes_real,4,849,REVISE,True,0.009063165984116495,1.0,1.0,4.619777679443359,-6.405969981586272
nhanes_real,4,850,DiCE,True,0.0017469170270487666,1.0,1.0,3.0991721153259277,-9.295644059922491
nhanes_real,4,850,FACE,True,0.09113379201153293,1.0,1.0,4.220256328582764,-7.866202560547368
nhanes_real,4,850,GrowingSpheres,True,0.0005650839884765446,1.0,1.0,1.7360735055012073,-9.853555779947145
nhanes_real,4,850,REVISE,True,0.0037629579892382026,1.0,1.0,5.390730381011963,-7.1638536689300745
nhanes_real,4,851,DiCE,True,0.000545124989002943,1.0,1.0,1.1670610904693604,-9.507437680738612
nhanes_real,4,851,FACE,True,0.0905455420142971,1.0,1.0,3.696256637573242,-8.824212302050853
nhanes_real,4,851,GrowingSpheres,True,0.00021841604029759765,1.0,1.0,1.035261082208593,-8.792322484510276
nhanes_real,4,851,REVISE,True,0.0006421249709092081,1.0,1.0,5.7075042724609375,-7.2130306043212755
nhanes_real,4,853,DiCE,True,0.0005786670371890068,1.0,1.0,1.2015058994293213,-6.620527326976491
nhanes_real,4,853,FACE,True,0.0899167499737814,1.0,1.0,2.7864389419555664,-6.2456669960621
nhanes_real,4,853,GrowingSpheres,True,0.00021050003124400973,1.0,1.0,1.1020132253825001,-6.540985599419743
nhanes_real,4,853,REVISE,True,0.0005878749652765691,1.0,1.0,2.945444107055664,-6.0583933356269615
nhanes_real,4,855,DiCE,False,0.014774665993172675,,,,
nhanes_real,4,855,FACE,True,0.0908967080176808,1.0,1.0,2.158928632736206,-6.877452994456238
nhanes_real,4,855,GrowingSpheres,True,0.0007462499779649079,1.0,1.0,4.4305767495248904,-8.115751927556595
nhanes_real,4,855,REVISE,True,0.01113983301911503,1.0,1.0,1.3395626544952393,-6.979118245073346
nhanes_real,4,856,DiCE,False,0.015183750016149133,,,,
nhanes_real,4,856,FACE,True,0.09018587501486763,1.0,1.0,5.585197925567627,-9.648924136538497
nhanes_real,4,856,GrowingSpheres,True,0.0008870000019669533,1.0,1.0,2.6829225555545557,-13.701835589328066
nhanes_real,4,856,REVISE,True,0.010720082966145128,1.0,1.0,10.099706649780273,-10.43687531539507
nhanes_real,4,857,DiCE,True,0.0010374999837949872,1.0,1.0,2.5786006450653076,-10.883522832076936
nhanes_real,4,857,FACE,True,0.0901303329737857,1.0,1.0,5.802116870880127,-7.983607201224129
nhanes_real,4,857,GrowingSpheres,True,0.00030641601188108325,1.0,1.0,1.1800625171923484,-9.695264110990957
nhanes_real,4,857,REVISE,True,0.004840874986257404,1.0,1.0,8.566482543945312,-6.493422639240915
nhanes_real,4,858,DiCE,False,0.014601207978557795,,,,
nhanes_real,4,858,FACE,True,0.09074304200476035,1.0,1.0,5.726135730743408,-7.133970335005526
nhanes_real,4,858,GrowingSpheres,True,0.0006972500123083591,1.0,1.0,3.2405956542068166,-9.377785263479568
nhanes_real,4,858,REVISE,True,0.007679249974898994,1.0,1.0,5.769446849822998,-7.2318256570714965
nhanes_real,4,859,DiCE,False,0.014891957980580628,,,,
nhanes_real,4,859,FACE,True,0.08998624997911975,1.0,1.0,3.489194393157959,-6.143404285870153
nhanes_real,4,859,GrowingSpheres,True,0.0006652079755440354,1.0,1.0,2.889859880821475,-7.289550726463658
nhanes_real,4,859,REVISE,True,0.006079166021663696,1.0,1.0,2.9986908435821533,-6.463163648027738
nhanes_real,4,863,DiCE,False,0.014967624971177429,,,,
nhanes_real,4,863,FACE,True,0.09120916703250259,1.0,1.0,4.895227909088135,-7.4133091551139465
nhanes_real,4,863,GrowingSpheres,True,0.0006943749613128603,1.0,1.0,2.6858131054774947,-8.030345893052607
nhanes_real,4,863,REVISE,True,0.008917333965655416,1.0,1.0,5.619939804077148,-7.0420444633246255
nhanes_real,4,866,DiCE,True,0.0008415000047534704,1.0,1.0,2.208682060241699,-7.766762248765069
nhanes_real,4,866,FACE,True,0.09183458396000788,1.0,1.0,2.84254789352417,-6.709689358809202
nhanes_real,4,866,GrowingSpheres,True,0.00032641697907820344,1.0,1.0,1.5549949771366829,-8.00760747774305
nhanes_real,4,866,REVISE,True,0.0006540840258821845,1.0,1.0,5.213670253753662,-6.128645211568436
nhanes_real,4,869,DiCE,False,0.015348624961916357,,,,
nhanes_real,4,869,FACE,True,0.09076279099099338,1.0,1.0,5.945348262786865,-8.580029539255868
nhanes_real,4,869,GrowingSpheres,True,0.0006947909714654088,1.0,1.0,3.4963052657395997,-10.647373008649016
nhanes_real,4,869,REVISE,True,0.009320167009718716,1.0,1.0,5.7830305099487305,-6.990109984909664
nhanes_real,4,870,DiCE,True,0.0023557079839520156,1.0,1.0,4.4823503494262695,-19.77270334521988
nhanes_real,4,870,FACE,True,0.0899370419792831,1.0,1.0,18.305950164794922,-9.777776512875437
nhanes_real,4,870,GrowingSpheres,True,0.0007173750200308859,1.0,1.0,4.999887867892298,-24.5551601426465
nhanes_real,4,870,REVISE,True,0.0020329999970272183,1.0,1.0,10.566468238830566,-9.206095961360305
nhanes_real,4,871,DiCE,True,0.0014125409652478993,1.0,1.0,2.6279349327087402,-10.818562569557105
nhanes_real,4,871,FACE,True,0.08995587500976399,1.0,1.0,4.580814838409424,-6.752760806103873
nhanes_real,4,871,GrowingSpheres,True,0.0005070000188425183,1.0,1.0,2.086026705990374,-11.816988130487202
nhanes_real,4,871,REVISE,False,0.04175420798128471,,,,
nhanes_real,4,873,DiCE,False,0.01439337502233684,,,,
nhanes_real,4,873,FACE,True,0.090168041002471,1.0,1.0,2.2812271118164062,-7.667818986925454
nhanes_real,4,873,GrowingSpheres,True,0.0005421669920906425,1.0,1.0,3.4192773036308,-8.31380232576355
nhanes_real,4,873,REVISE,True,0.004759292001836002,1.0,1.0,4.5980658531188965,-7.095447825127408
nhanes_real,4,877,DiCE,True,0.000568249961361289,1.0,1.0,1.486501693725586,-6.6602284839214425
nhanes_real,4,877,FACE,True,0.09069533296860754,1.0,1.0,1.4045222997665405,-6.830811509355371
nhanes_real,4,877,GrowingSpheres,True,0.00019633298506960273,1.0,1.0,0.47311251983711217,-6.793164094490821
nhanes_real,4,877,REVISE,True,0.002307041024323553,1.0,1.0,2.8664252758026123,-6.124754447602039
nhanes_real,4,882,DiCE,False,0.015219542023260146,,,,
nhanes_real,4,882,FACE,True,0.09022120904410258,1.0,1.0,5.39958381652832,-7.0509067621067825
nhanes_real,4,882,GrowingSpheres,True,0.0005804169923067093,1.0,1.0,2.256155972381232,-6.868421049136064
nhanes_real,4,882,REVISE,True,0.00480812496971339,1.0,1.0,1.628982424736023,-6.704413980262979
nhanes_real,4,884,DiCE,True,0.0016199580277316272,1.0,1.0,2.8680145740509033,-9.76307373714537
nhanes_real,4,884,FACE,True,0.09065466601168737,1.0,1.0,4.837711334228516,-7.873393789093381
nhanes_real,4,884,GrowingSpheres,True,0.0005861250101588666,1.0,1.0,2.9453680668880464,-11.707296132694967
nhanes_real,4,884,REVISE,True,0.008348042028956115,1.0,1.0,7.4532151222229,-7.8579121215827
nhanes_real,4,888,DiCE,True,0.001627792022190988,1.0,1.0,3.2841124534606934,-7.018406790360893
nhanes_real,4,888,FACE,True,0.09080704103689641,1.0,1.0,3.7127177715301514,-6.852770993621007
nhanes_real,4,888,GrowingSpheres,True,0.00046145805390551686,1.0,1.0,2.681351301489686,-6.796525319764881
nhanes_real,4,888,REVISE,True,0.006078791979234666,1.0,1.0,5.031326770782471,-6.3288218083989864
nhanes_real,4,892,DiCE,True,0.0018270830041728914,1.0,1.0,2.8756320476531982,-11.770591176489754
nhanes_real,4,892,FACE,True,0.09088662499561906,1.0,1.0,6.079583644866943,-9.461564239872002
nhanes_real,4,892,GrowingSpheres,True,0.0006484170444309711,1.0,1.0,4.293293750444866,-11.832237365175903
nhanes_real,4,892,REVISE,True,0.003388417011592537,1.0,1.0,9.844318389892578,-6.867602169109724
nhanes_real,4,893,DiCE,False,0.015002583037130535,,,,
nhanes_real,4,893,FACE,True,0.09087083296617493,1.0,1.0,3.9624900817871094,-8.950319531146517
nhanes_real,4,893,GrowingSpheres,True,0.0006760000251233578,1.0,1.0,2.5679943713335875,-9.244676907680383
nhanes_real,4,893,REVISE,True,0.006531374994665384,1.0,1.0,10.676227569580078,-6.200238307540171
nhanes_real,4,896,DiCE,False,0.0148356250138022,,,,
nhanes_real,4,896,FACE,True,0.0903022910351865,1.0,1.0,3.5807278156280518,-7.520406233738171
nhanes_real,4,896,GrowingSpheres,True,0.0012341249966993928,1.0,1.0,8.521212398261413,-10.860937915814938
nhanes_real,4,896,REVISE,False,0.04247379198204726,,,,
nhanes_real,4,898,DiCE,True,0.000568999967072159,1.0,1.0,1.2198898792266846,-8.510113496358729
nhanes_real,4,898,FACE,True,0.09084750001784414,0.0,1.0,4.216592788696289,-7.503287864476393
nhanes_real,4,898,GrowingSpheres,True,0.0002209590165875852,1.0,1.0,0.872028061813054,-8.74653223668377
nhanes_real,4,898,REVISE,True,0.001005917030852288,1.0,1.0,6.542985439300537,-6.214543615108524
nhanes_real,4,901,DiCE,True,0.0005504169967025518,1.0,1.0,1.0307354927062988,-7.166008616643068
nhanes_real,4,901,FACE,True,0.0905786250368692,1.0,1.0,1.0879071950912476,-6.800565974654207
nhanes_real,4,901,GrowingSpheres,True,0.0002542500151321292,1.0,1.0,1.178684141212735,-6.965043473063554
nhanes_real,4,901,REVISE,True,0.004186709003988653,1.0,1.0,4.2990827560424805,-6.059568273772252
nhanes_real,4,902,DiCE,False,0.014815749949775636,,,,
nhanes_real,4,902,FACE,True,0.09093454200774431,1.0,1.0,5.517088413238525,-7.130042611978688
nhanes_real,4,902,GrowingSpheres,True,0.0007866250234656036,1.0,1.0,0.8578757772933852,-9.775841423235404
nhanes_real,4,902,REVISE,True,0.006151042005512863,1.0,1.0,5.751150131225586,-6.267385119310946
nhanes_real,4,903,DiCE,False,0.01493433304131031,,,,
nhanes_real,4,903,FACE,True,0.090200292004738,1.0,1.0,1.516960859298706,-6.419619384248124
nhanes_real,4,903,GrowingSpheres,True,0.0005438340012915432,1.0,1.0,3.9038080447888293,-8.22457305376211
nhanes_real,4,903,REVISE,True,0.005639625014737248,1.0,1.0,3.916687250137329,-6.29274804128255
nhanes_real,4,906,DiCE,True,0.0012199169723317027,1.0,1.0,1.967120885848999,-7.5355420837244775
nhanes_real,4,906,FACE,True,0.09019754204200581,1.0,1.0,2.5265746116638184,-7.006647437767537
nhanes_real,4,906,GrowingSpheres,True,0.00046166597167029977,1.0,1.0,3.400843592771623,-8.39497147974335
nhanes_real,4,906,REVISE,True,0.0005865420098416507,1.0,1.0,5.6971940994262695,-6.074433210928982
