dataset,seed,decoder,cell,tau_level,patient_idx,prune_mode,verify_mode,metric,repair_enabled,n_edges_pruned,n_edges_total,prune_seconds,graph_build_seconds,decode_seconds,success,abstained,abstain_stage,repair_status,latency_sec,repair_trigger_immutable,repair_trigger_non_decreasing,repair_trigger_age_horizon,repair_trigger_directional,n_steps_repaired,n_repair_attempts,repair_failure_reason,path,path_len,path_cost,decoded_cvr_hop,decoded_cvr_endpoint,viol_immutable,viol_non_decreasing,viol_age_horizon,viol_directional,kde,effort
nhanes_real,0,v3,dsr_full_euclidean,0.05,1,decoded_naive,decoded_banded,euclidean,True,237582,246880,0.008766917046159506,1.1681325000245124,0.0008159169228747487,False,True,search,,0.017411167034879327,,,,,,,,,,,,,,,,,,
nhanes_real,0,v3,dsr_full_euclidean,0.05,2,decoded_naive,decoded_banded,euclidean,True,237582,246880,0.008766917046159506,1.1681325000245124,0.0008159169228747487,True,False,,clean,0.01656537503004074,,,,,0.0,0.0,,"[3086, 964]",2.0,0.8250091671943665,False,False,False,False,False,False,-6.577526668402063,2.205540180206299
nhanes_real,0,v3,dsr_full_euclidean,0.05,5,decoded_naive,decoded_banded,euclidean,True,237582,246880,0.008766917046159506,1.1681325000245124,0.0008159169228747487,False,True,search,,0.013924333034083247,,,,,,,,,,,,,,,,,,
nhanes_real,0,v3,dsr_full_euclidean,0.05,6,decoded_naive,decoded_banded,euclidean,True,237582,246880,0.008766917046159506,1.1681325000245124,0.0008159169228747487,True,False,,clean,0.011096291011199355,,,,,0.0,0.0,,"[3086, 964]",2.0,1.3207616806030273,False,False,False,False,False,False,-6.595461540065515,3.594938278198242
nhanes_real,0,v3,dsr_full_euclidean,0.05,7,decoded_naive,decoded_banded,euclidean,True,237582,246880,0.008766917046159506,1.1681325000245124,0.0008159169228747487,False,True,search,,0.017382416990585625,,,,,,,,,,,,,,,,,,
nhanes_real,0,v3,dsr_full_euclidean,0.05,8,decoded_naive,decoded_banded,euclidean,True,237582,246880,0.008766917046159506,1.1681325000245124,0.0008159169228747487,True,False,,clean,0.016731458017602563,,,,,0.0,0.0,,"[3086, 1443]",2.0,1.457480788230896,False,False,False,False,False,False,-6.7284015341694,4.1358962059021
nhanes_real,0,v3,dsr_full_euclidean,0.05,9,decoded_naive,decoded_banded,euclidean,True,237582,246880,0.008766917046159506,1.1681325000245124,0.0008159169228747487,False,True,search,,0.01574858301319182,,,,,,,,,,,,,,,,,,
nhanes_real,0,v3,dsr_full_euclidean,0.05,11,decoded_naive,decoded_banded,euclidean,True,237582,246880,0.008766917046159506,1.1681325000245124,0.0008159169228747487,False,True,search,,0.016964792041108012,,,,,,,,,,,,,,,,,,
nhanes_real,0,v3,dsr_full_euclidean,0.05,12,decoded_naive,decoded_banded,euclidean,True,237582,246880,0.008766917046159506,1.1681325000245124,0.0008159169228747487,False,True,search,,0.015958750038407743,,,,,,,,,,,,,,,,,,
nhanes_real,0,v3,dsr_full_euclidean,0.05,13,decoded_naive,decoded_banded,euclidean,True,237582,246880,0.008766917046159506,1.1681325000245124,0.0008159169228747487,False,True,repair,failed,0.014438583049923182,False,False,False,True,0.0,3.0,"step 1 still violates after 3 repair iterations (triggered by {'immutable': False, 'non_decreasing': False, 'age_horizon': False, 'directional': True})",,,,,,,,,,,
nhanes_real,0,v3,dsr_full_euclidean,0.05,14,decoded_naive,decoded_banded,euclidean,True,237582,246880,0.008766917046159506,1.1681325000245124,0.0008159169228747487,False,True,repair,failed,0.019800167065113783,False,False,False,True,0.0,3.0,"step 1 still violates after 3 repair iterations (triggered by {'immutable': False, 'non_decreasing': False, 'age_horizon': False, 'directional': True})",,,,,,,,,,,
nhanes_real,0,v3,dsr_full_euclidean,0.05,17,decoded_naive,decoded_banded,euclidean,True,237582,246880,0.008766917046159506,1.1681325000245124,0.0008159169228747487,False,True,search,,0.018492417060770094,,,,,,,,,,,,,,,,,,
nhanes_real,0,v3,dsr_full_euclidean,0.05,21,decoded_naive,decoded_banded,euclidean,True,237582,246880,0.008766917046159506,1.1681325000245124,0.0008159169228747487,False,True,search,,0.018843708909116685,,,,,,,,,,,,,,,,,,
nhanes_real,0,v3,dsr_full_euclidean,0.05,22,decoded_naive,decoded_banded,euclidean,True,237582,246880,0.008766917046159506,1.1681325000245124,0.0008159169228747487,False,True,repair,failed,0.018612582935020328,False,False,True,True,0.0,3.0,"step 1 still violates after 3 repair iterations (triggered by {'immutable': False, 'non_decreasing': False, 'age_horizon': True, 'directional': True})",,,,,,,,,,,
nhanes_real,0,v3,dsr_full_euclidean,0.05,23,decoded_naive,decoded_banded,euclidean,True,237582,246880,0.008766917046159506,1.1681325000245124,0.0008159169228747487,False,True,search,,0.022690334008075297,,,,,,,,,,,,,,,,,,
nhanes_real,0,v3,dsr_full_euclidean,0.05,26,decoded_naive,decoded_banded,euclidean,True,237582,246880,0.008766917046159506,1.1681325000245124,0.0008159169228747487,False,True,repair,failed,0.014350792043842375,False,False,False,True,0.0,3.0,"step 1 still violates after 3 repair iterations (triggered by {'immutable': False, 'non_decreasing': False, 'age_horizon': False, 'directional': True})",,,,,,,,,,,
nhanes_real,0,v3,dsr_full_euclidean,0.05,30,decoded_naive,decoded_banded,euclidean,True,237582,246880,0.008766917046159506,1.1681325000245124,0.0008159169228747487,False,True,search,,0.01666275004390627,,,,,,,,,,,,,,,,,,
nhanes_real,0,v3,dsr_full_euclidean,0.05,31,decoded_naive,decoded_banded,euclidean,True,237582,246880,0.008766917046159506,1.1681325000245124,0.0008159169228747487,False,True,repair,failed,0.01685224997345358,False,False,False,True,0.0,3.0,"step 1 still violates after 3 repair iterations (triggered by {'immutable': False, 'non_decreasing': False, 'age_horizon': False, 'directional': True})",,,,,,,,,,,
nhanes_real,0,v3,dsr_full_euclidean,0.05,38,decoded_naive,decoded_banded,euclidean,True,237582,246880,0.008766917046159506,1.1681325000245124,0.0008159169228747487,False,True,search,,0.015631790971383452,,,,,,,,,,,,,,,,,,
nhanes_real,0,v3,dsr_full_euclidean,0.05,39,decoded_naive,decoded_banded,euclidean,True,237582,246880,0.008766917046159506,1.1681325000245124,0.0008159169228747487,True,False,,clean,0.015856542042456567,,,,,0.0,0.0,,"[3086, 2246]",2.0,0.1427496373653412,False,False,False,False,False,False,-6.055622831267848,0.34802380204200745
nhanes_real,0,v3,dsr_full_euclidean,0.05,41,decoded_naive,decoded_banded,euclidean,True,237582,246880,0.008766917046159506,1.1681325000245124,0.0008159169228747487,False,True,repair,failed,0.014458540943451226,False,True,False,False,0.0,3.0,"step 1 still violates after 3 repair iterations (triggered by {'immutable': False, 'non_decreasing': True, 'age_horizon': False, 'directional': False})",,,,,,,,,,,
nhanes_real,0,v3,dsr_full_euclidean,0.05,42,decoded_naive,decoded_banded,euclidean,True,237582,246880,0.008766917046159506,1.1681325000245124,0.0008159169228747487,False,True,search,,0.010252582957036793,,,,,,,,,,,,,,,,,,
nhanes_real,0,v3,dsr_full_euclidean,0.05,45,decoded_naive,decoded_banded,euclidean,True,237582,246880,0.008766917046159506,1.1681325000245124,0.0008159169228747487,False,True,search,,0.009649917017668486,,,,,,,,,,,,,,,,,,
nhanes_real,0,v3,dsr_full_euclidean,0.05,47,decoded_naive,decoded_banded,euclidean,True,237582,246880,0.008766917046159506,1.1681325000245124,0.0008159169228747487,False,True,search,,0.010089166928082705,,,,,,,,,,,,,,,,,,
nhanes_real,0,v3,dsr_full_euclidean,0.05,51,decoded_naive,decoded_banded,euclidean,True,237582,246880,0.008766917046159506,1.1681325000245124,0.0008159169228747487,False,True,search,,0.013759499997831881,,,,,,,,,,,,,,,,,,
nhanes_real,0,v3,dsr_full_euclidean,0.05,53,decoded_naive,decoded_banded,euclidean,True,237582,246880,0.008766917046159506,1.1681325000245124,0.0008159169228747487,False,True,repair,failed,0.01696904096752405,False,False,False,True,0.0,3.0,"step 1 still violates after 3 repair iterations (triggered by {'immutable': False, 'non_decreasing': False, 'age_horizon': False, 'directional': True})",,,,,,,,,,,
nhanes_real,0,v3,dsr_full_euclidean,0.05,54,decoded_naive,decoded_banded,euclidean,True,237582,246880,0.008766917046159506,1.1681325000245124,0.0008159169228747487,True,False,,clean,0.016421374981291592,,,,,0.0,0.0,,"[3086, 1443]",2.0,1.6017189025878906,False,False,False,False,False,False,-6.760394233157651,4.610986709594727
nhanes_real,0,v3,dsr_full_euclidean,0.05,56,decoded_naive,decoded_banded,euclidean,True,237582,246880,0.008766917046159506,1.1681325000245124,0.0008159169228747487,False,True,search,,0.0163568330463022,,,,,,,,,,,,,,,,,,
nhanes_real,0,v3,dsr_full_euclidean,0.05,60,decoded_naive,decoded_banded,euclidean,True,237582,246880,0.008766917046159506,1.1681325000245124,0.0008159169228747487,True,False,,clean,0.0189744170056656,,,,,0.0,0.0,,"[3086, 846]",2.0,0.8436978459358215,False,False,False,False,False,False,-6.97418564041521,2.3706729412078857
nhanes_real,0,v3,dsr_full_euclidean,0.05,61,decoded_naive,decoded_banded,euclidean,True,237582,246880,0.008766917046159506,1.1681325000245124,0.0008159169228747487,False,True,search,,0.012033459031954408,,,,,,,,,,,,,,,,,,
nhanes_real,0,v3,dsr_full_euclidean,0.05,62,decoded_naive,decoded_banded,euclidean,True,237582,246880,0.008766917046159506,1.1681325000245124,0.0008159169228747487,False,True,search,,0.012366333976387978,,,,,,,,,,,,,,,,,,
nhanes_real,0,v3,dsr_full_euclidean,0.05,63,decoded_naive,decoded_banded,euclidean,True,237582,246880,0.008766917046159506,1.1681325000245124,0.0008159169228747487,False,True,repair,failed,0.01693583303131163,False,False,False,True,0.0,3.0,"step 1 still violates after 3 repair iterations (triggered by {'immutable': False, 'non_decreasing': False, 'age_horizon': False, 'directional': True})",,,,,,,,,,,
nhanes_real,0,v3,dsr_full_euclidean,0.05,64,decoded_naive,decoded_banded,euclidean,True,237582,246880,0.008766917046159506,1.1681325000245124,0.0008159169228747487,False,True,search,,0.01739191694650799,,,,,,,,,,,,,,,,,,
nhanes_real,0,v3,dsr_full_euclidean,0.05,65,decoded_naive,decoded_banded,euclidean,True,237582,246880,0.008766917046159506,1.1681325000245124,0.0008159169228747487,True,False,,clean,0.01681216701399535,,,,,0.0,0.0,,"[3086, 1452]",2.0,0.4451124966144562,False,False,False,False,False,False,-6.883039653992234,1.2096019983291626
nhanes_real,0,v3,dsr_full_euclidean,0.05,67,decoded_naive,decoded_banded,euclidean,True,237582,246880,0.008766917046159506,1.1681325000245124,0.0008159169228747487,False,True,search,,0.016531750094145536,,,,,,,,,,,,,,,,,,
nhanes_real,0,v3,dsr_full_euclidean,0.05,68,decoded_naive,decoded_banded,euclidean,True,237582,246880,0.008766917046159506,1.1681325000245124,0.0008159169228747487,False,True,repair,failed,0.012123125023208559,False,False,False,True,0.0,3.0,"step 1 still violates after 3 repair iterations (triggered by {'immutable': False, 'non_decreasing': False, 'age_horizon': False, 'directional': True})",,,,,,,,,,,
nhanes_real,0,v3,dsr_full_euclidean,0.05,70,decoded_naive,decoded_banded,euclidean,True,237582,246880,0.008766917046159506,1.1681325000245124,0.0008159169228747487,False,True,repair,failed,0.010403749998658895,False,True,False,False,0.0,3.0,"step 1 still violates after 3 repair iterations (triggered by {'immutable': False, 'non_decreasing': True, 'age_horizon': False, 'directional': False})",,,,,,,,,,,
nhanes_real,0,v3,dsr_full_euclidean,0.05,72,decoded_naive,decoded_banded,euclidean,True,237582,246880,0.008766917046159506,1.1681325000245124,0.0008159169228747487,False,True,search,,0.009911583038046956,,,,,,,,,,,,,,,,,,
nhanes_real,0,v3,dsr_full_euclidean,0.05,74,decoded_naive,decoded_banded,euclidean,True,237582,246880,0.008766917046159506,1.1681325000245124,0.0008159169228747487,False,True,repair,failed,0.010990791022777557,False,False,False,True,0.0,3.0,"step 1 still violates after 3 repair iterations (triggered by {'immutable': False, 'non_decreasing': False, 'age_horizon': False, 'directional': True})",,,,,,,,,,,
nhanes_real,0,v3,dsr_full_euclidean,0.05,76,decoded_naive,decoded_banded,euclidean,True,237582,246880,0.008766917046159506,1.1681325000245124,0.0008159169228747487,False,True,search,,0.010704124928452075,,,,,,,,,,,,,,,,,,
nhanes_real,0,v3,dsr_full_euclidean,0.05,78,decoded_naive,decoded_banded,euclidean,True,237582,246880,0.008766917046159506,1.1681325000245124,0.0008159169228747487,True,False,,clean,0.010532542015425861,,,,,0.0,0.0,,"[3086, 291]",2.0,2.6257050037384033,False,False,False,False,False,False,-8.533921214628062,16.25875473022461
nhanes_real,0,v3,dsr_full_euclidean,0.05,79,decoded_naive,decoded_banded,euclidean,True,237582,246880,0.008766917046159506,1.1681325000245124,0.0008159169228747487,False,True,repair,failed,0.011325458064675331,False,False,False,True,0.0,3.0,"step 1 still violates after 3 repair iterations (triggered by {'immutable': False, 'non_decreasing': False, 'age_horizon': False, 'directional': True})",,,,,,,,,,,
nhanes_real,0,v3,dsr_full_euclidean,0.05,80,decoded_naive,decoded_banded,euclidean,True,237582,246880,0.008766917046159506,1.1681325000245124,0.0008159169228747487,True,False,,clean,0.010276459041051567,,,,,0.0,0.0,,"[3086, 1509]",2.0,4.379861354827881,False,False,False,False,False,False,-10.338423872732237,18.495580673217773
nhanes_real,0,v3,dsr_full_euclidean,0.05,83,decoded_naive,decoded_banded,euclidean,True,237582,246880,0.008766917046159506,1.1681325000245124,0.0008159169228747487,False,True,repair,failed,0.01146041601896286,False,False,False,True,0.0,3.0,"step 1 still violates after 3 repair iterations (triggered by {'immutable': False, 'non_decreasing': False, 'age_horizon': False, 'directional': True})",,,,,,,,,,,
nhanes_real,0,v3,dsr_full_euclidean,0.05,85,decoded_naive,decoded_banded,euclidean,True,237582,246880,0.008766917046159506,1.1681325000245124,0.0008159169228747487,True,False,,clean,0.011353167006745934,,,,,0.0,0.0,,"[3086, 846]",2.0,0.7526301145553589,False,False,False,False,False,False,-7.435913216613338,3.243464469909668
nhanes_real,0,v3,dsr_full_euclidean,0.05,87,decoded_naive,decoded_banded,euclidean,True,237582,246880,0.008766917046159506,1.1681325000245124,0.0008159169228747487,False,True,search,,0.014946374925784767,,,,,,,,,,,,,,,,,,
nhanes_real,0,v3,dsr_full_euclidean,0.05,88,decoded_naive,decoded_banded,euclidean,True,237582,246880,0.008766917046159506,1.1681325000245124,0.0008159169228747487,False,True,repair,failed,0.012916415929794312,False,False,False,True,1.0,1.0,repair broke monotone risk reduction along the path,,,,,,,,,,,
nhanes_real,0,v3,dsr_full_euclidean,0.05,90,decoded_naive,decoded_banded,euclidean,True,237582,246880,0.008766917046159506,1.1681325000245124,0.0008159169228747487,False,True,search,,0.011706458986736834,,,,,,,,,,,,,,,,,,
nhanes_real,0,v3,dsr_full_euclidean,0.05,97,decoded_naive,decoded_banded,euclidean,True,237582,246880,0.008766917046159506,1.1681325000245124,0.0008159169228747487,False,True,repair,failed,0.011463374947197735,False,False,False,True,0.0,3.0,"step 1 still violates after 3 repair iterations (triggered by {'immutable': False, 'non_decreasing': False, 'age_horizon': False, 'directional': True})",,,,,,,,,,,
nhanes_real,0,v3,dsr_full_euclidean,0.05,99,decoded_naive,decoded_banded,euclidean,True,237582,246880,0.008766917046159506,1.1681325000245124,0.0008159169228747487,False,True,repair,failed,0.011783958063460886,False,False,False,True,0.0,3.0,"step 1 still violates after 3 repair iterations (triggered by {'immutable': False, 'non_decreasing': False, 'age_horizon': False, 'directional': True})",,,,,,,,,,,
nhanes_real,0,v3,dsr_full_euclidean,0.05,100,decoded_naive,decoded_banded,euclidean,True,237582,246880,0.008766917046159506,1.1681325000245124,0.0008159169228747487,True,False,,clean,0.010662666987627745,,,,,0.0,0.0,,"[3086, 1509]",2.0,3.2708539962768555,False,False,False,False,False,False,-7.979922378941149,11.3247709274292
nhanes_real,0,v3,dsr_full_euclidean,0.05,105,decoded_naive,decoded_banded,euclidean,True,237582,246880,0.008766917046159506,1.1681325000245124,0.0008159169228747487,True,False,,clean,0.011121834046207368,,,,,0.0,0.0,,"[3086, 1443]",2.0,3.7902274131774902,False,False,False,False,False,False,-7.875383653999231,11.222763061523438
nhanes_real,0,v3,dsr_full_euclidean,0.05,106,decoded_naive,decoded_banded,euclidean,True,237582,246880,0.008766917046159506,1.1681325000245124,0.0008159169228747487,False,True,repair,failed,0.011322666076011956,False,False,True,False,0.0,3.0,"step 1 still violates after 3 repair iterations (triggered by {'immutable': False, 'non_decreasing': False, 'age_horizon': True, 'directional': False})",,,,,,,,,,,
nhanes_real,0,v3,dsr_full_euclidean,0.05,107,decoded_naive,decoded_banded,euclidean,True,237582,246880,0.008766917046159506,1.1681325000245124,0.0008159169228747487,False,True,repair,failed,0.011012000031769276,False,True,False,True,0.0,3.0,"step 1 still violates after 3 repair iterations (triggered by {'immutable': False, 'non_decreasing': True, 'age_horizon': False, 'directional': True})",,,,,,,,,,,
nhanes_real,0,v3,dsr_full_euclidean,0.05,109,decoded_naive,decoded_banded,euclidean,True,237582,246880,0.008766917046159506,1.1681325000245124,0.0008159169228747487,False,True,search,,0.014762999955564737,,,,,,,,,,,,,,,,,,
nhanes_real,0,v3,dsr_full_euclidean,0.05,113,decoded_naive,decoded_banded,euclidean,True,237582,246880,0.008766917046159506,1.1681325000245124,0.0008159169228747487,False,True,search,,0.018670707941055298,,,,,,,,,,,,,,,,,,
nhanes_real,0,v3,dsr_full_euclidean,0.05,115,decoded_naive,decoded_banded,euclidean,True,237582,246880,0.008766917046159506,1.1681325000245124,0.0008159169228747487,True,False,,clean,0.01572074997238815,,,,,0.0,0.0,,"[3086, 274]",2.0,0.9447516202926636,False,False,False,False,False,False,-6.282626740762096,2.4990756511688232
nhanes_real,0,v3,dsr_full_euclidean,0.05,118,decoded_naive,decoded_banded,euclidean,True,237582,246880,0.008766917046159506,1.1681325000245124,0.0008159169228747487,True,False,,clean,0.011646333034150302,,,,,0.0,0.0,,"[3086, 2758]",2.0,0.5482496023178101,False,False,False,False,False,False,-7.337573726415492,2.1566827297210693
nhanes_real,0,v3,dsr_full_euclidean,0.05,120,decoded_naive,decoded_banded,euclidean,True,237582,246880,0.008766917046159506,1.1681325000245124,0.0008159169228747487,False,True,search,,0.01126004196703434,,,,,,,,,,,,,,,,,,
nhanes_real,0,v3,dsr_full_euclidean,0.05,122,decoded_naive,decoded_banded,euclidean,True,237582,246880,0.008766917046159506,1.1681325000245124,0.0008159169228747487,False,True,search,,0.01146791607607156,,,,,,,,,,,,,,,,,,
nhanes_real,0,v3,dsr_full_euclidean,0.05,123,decoded_naive,decoded_banded,euclidean,True,237582,246880,0.008766917046159506,1.1681325000245124,0.0008159169228747487,False,True,repair,failed,0.010987792047671974,False,True,False,True,0.0,3.0,"step 1 still violates after 3 repair iterations (triggered by {'immutable': False, 'non_decreasing': True, 'age_horizon': False, 'directional': True})",,,,,,,,,,,
nhanes_real,0,v3,dsr_full_euclidean,0.05,124,decoded_naive,decoded_banded,euclidean,True,237582,246880,0.008766917046159506,1.1681325000245124,0.0008159169228747487,False,True,repair,failed,0.013424500008113682,False,False,True,False,0.0,3.0,"step 1 still violates after 3 repair iterations (triggered by {'immutable': False, 'non_decreasing': False, 'age_horizon': True, 'directional': False})",,,,,,,,,,,
nhanes_real,0,v3,dsr_full_euclidean,0.05,126,decoded_naive,decoded_banded,euclidean,True,237582,246880,0.008766917046159506,1.1681325000245124,0.0008159169228747487,True,False,,clean,0.016308999969623983,,,,,0.0,0.0,,"[3086, 61]",2.0,1.5354490280151367,False,False,False,False,False,False,-6.472148569934031,4.11269998550415
nhanes_real,0,v3,dsr_full_euclidean,0.05,127,decoded_naive,decoded_banded,euclidean,True,237582,246880,0.008766917046159506,1.1681325000245124,0.0008159169228747487,False,True,repair,failed,0.016370750032365322,False,True,False,False,0.0,3.0,"step 1 still violates after 3 repair iterations (triggered by {'immutable': False, 'non_decreasing': True, 'age_horizon': False, 'directional': False})",,,,,,,,,,,
nhanes_real,0,v3,dsr_full_euclidean,0.05,129,decoded_naive,decoded_banded,euclidean,True,237582,246880,0.008766917046159506,1.1681325000245124,0.0008159169228747487,False,True,repair,failed,0.017816375009715557,False,False,False,True,0.0,3.0,"step 1 still violates after 3 repair iterations (triggered by {'immutable': False, 'non_decreasing': False, 'age_horizon': False, 'directional': True})",,,,,,,,,,,
nhanes_real,0,v3,dsr_full_euclidean,0.05,133,decoded_naive,decoded_banded,euclidean,True,237582,246880,0.008766917046159506,1.1681325000245124,0.0008159169228747487,False,True,repair,failed,0.01674191700294614,False,False,False,True,0.0,3.0,"step 1 still violates after 3 repair iterations (triggered by {'immutable': False, 'non_decreasing': False, 'age_horizon': False, 'directional': True})",,,,,,,,,,,
nhanes_real,0,v3,dsr_full_euclidean,0.05,134,decoded_naive,decoded_banded,euclidean,True,237582,246880,0.008766917046159506,1.1681325000245124,0.0008159169228747487,True,False,,clean,0.016207000007852912,,,,,0.0,0.0,,"[3086, 1443]",2.0,1.9203097820281982,False,False,False,False,False,False,-6.879723652059333,5.822789192199707
nhanes_real,0,v3,dsr_full_euclidean,0.05,139,decoded_naive,decoded_banded,euclidean,True,237582,246880,0.008766917046159506,1.1681325000245124,0.0008159169228747487,True,False,,clean,0.012671791948378086,,,,,0.0,0.0,,"[3086, 1413]",2.0,0.7910007238388062,False,False,False,False,False,False,-6.4171943795842985,2.1232657432556152
nhanes_real,0,v3,dsr_full_euclidean,0.05,140,decoded_naive,decoded_banded,euclidean,True,237582,246880,0.008766917046159506,1.1681325000245124,0.0008159169228747487,False,True,search,,0.01296258403453976,,,,,,,,,,,,,,,,,,
nhanes_real,0,v3,dsr_full_euclidean,0.05,143,decoded_naive,decoded_banded,euclidean,True,237582,246880,0.008766917046159506,1.1681325000245124,0.0008159169228747487,True,False,,clean,0.016815457958728075,,,,,0.0,0.0,,"[3086, 1509]",2.0,2.8138909339904785,False,False,False,False,False,False,-9.017494575230288,13.99524974822998
nhanes_real,0,v3,dsr_full_euclidean,0.05,144,decoded_naive,decoded_banded,euclidean,True,237582,246880,0.008766917046159506,1.1681325000245124,0.0008159169228747487,False,True,repair,failed,0.016787166008725762,False,False,False,True,0.0,3.0,"step 1 still violates after 3 repair iterations (triggered by {'immutable': False, 'non_decreasing': False, 'age_horizon': False, 'directional': True})",,,,,,,,,,,
nhanes_real,0,v3,dsr_full_euclidean,0.05,145,decoded_naive,decoded_banded,euclidean,True,237582,246880,0.008766917046159506,1.1681325000245124,0.0008159169228747487,False,True,repair,failed,0.01796966593246907,False,True,False,False,0.0,3.0,"step 1 still violates after 3 repair iterations (triggered by {'immutable': False, 'non_decreasing': True, 'age_horizon': False, 'directional': False})",,,,,,,,,,,
nhanes_real,0,v3,dsr_full_euclidean,0.05,147,decoded_naive,decoded_banded,euclidean,True,237582,246880,0.008766917046159506,1.1681325000245124,0.0008159169228747487,False,True,repair,failed,0.01713125000242144,False,False,False,True,0.0,3.0,"step 1 still violates after 3 repair iterations (triggered by {'immutable': False, 'non_decreasing': False, 'age_horizon': False, 'directional': True})",,,,,,,,,,,
nhanes_real,0,v3,dsr_full_euclidean,0.05,148,decoded_naive,decoded_banded,euclidean,True,237582,246880,0.008766917046159506,1.1681325000245124,0.0008159169228747487,True,False,,clean,0.013768915901891887,,,,,0.0,0.0,,"[3086, 3011]",2.0,1.8577152490615845,False,False,False,False,False,False,-8.326000380091992,9.266698837280273
nhanes_real,0,v3,dsr_full_euclidean,0.05,149,decoded_naive,decoded_banded,euclidean,True,237582,246880,0.008766917046159506,1.1681325000245124,0.0008159169228747487,False,True,search,,0.01170899998396635,,,,,,,,,,,,,,,,,,
nhanes_real,0,v3,dsr_full_euclidean,0.05,150,decoded_naive,decoded_banded,euclidean,True,237582,246880,0.008766917046159506,1.1681325000245124,0.0008159169228747487,True,False,,clean,0.01565750001464039,,,,,0.0,0.0,,"[3086, 2970]",2.0,0.5459818243980408,False,False,False,False,False,False,-6.28042842696171,1.306686282157898
nhanes_real,0,v3,dsr_full_euclidean,0.05,155,decoded_naive,decoded_banded,euclidean,True,237582,246880,0.008766917046159506,1.1681325000245124,0.0008159169228747487,True,False,,clean,0.01741754193790257,,,,,0.0,0.0,,"[3086, 964]",2.0,0.43995577096939087,False,False,False,False,False,False,-6.650998835903623,1.1395931243896484
nhanes_real,0,v3,dsr_full_euclidean,0.05,156,decoded_naive,decoded_banded,euclidean,True,237582,246880,0.008766917046159506,1.1681325000245124,0.0008159169228747487,True,False,,repaired,0.015759125002659857,False,False,False,True,1.0,1.0,,"[3086, 264]",2.0,0.4050091505050659,False,False,False,False,False,False,-8.492770542088222,3.299494743347168
nhanes_real,0,v3,dsr_full_euclidean,0.05,160,decoded_naive,decoded_banded,euclidean,True,237582,246880,0.008766917046159506,1.1681325000245124,0.0008159169228747487,False,True,search,,0.01694695802871138,,,,,,,,,,,,,,,,,,
nhanes_real,0,v3,dsr_full_euclidean,0.05,162,decoded_naive,decoded_banded,euclidean,True,237582,246880,0.008766917046159506,1.1681325000245124,0.0008159169228747487,False,True,search,,0.01983012503478676,,,,,,,,,,,,,,,,,,
nhanes_real,0,v3,dsr_full_euclidean,0.05,163,decoded_naive,decoded_banded,euclidean,True,237582,246880,0.008766917046159506,1.1681325000245124,0.0008159169228747487,True,False,,clean,0.012154500000178814,,,,,0.0,0.0,,"[3086, 2397]",2.0,0.9740147590637207,False,False,False,False,False,False,-6.875811340228839,3.8381905555725098
nhanes_real,0,v3,dsr_full_euclidean,0.05,164,decoded_naive,decoded_banded,euclidean,True,237582,246880,0.008766917046159506,1.1681325000245124,0.0008159169228747487,False,True,repair,failed,0.015556083992123604,False,False,False,True,0.0,3.0,"step 1 still violates after 3 repair iterations (triggered by {'immutable': False, 'non_decreasing': False, 'age_horizon': False, 'directional': True})",,,,,,,,,,,
nhanes_real,0,v3,dsr_full_euclidean,0.05,166,decoded_naive,decoded_banded,euclidean,True,237582,246880,0.008766917046159506,1.1681325000245124,0.0008159169228747487,False,True,search,,0.016549166990444064,,,,,,,,,,,,,,,,,,
nhanes_real,0,v3,dsr_full_euclidean,0.05,167,decoded_naive,decoded_banded,euclidean,True,237582,246880,0.008766917046159506,1.1681325000245124,0.0008159169228747487,True,False,,clean,0.015662624966353178,,,,,0.0,0.0,,"[3086, 1587]",2.0,1.939972996711731,False,False,False,False,False,False,-8.137999372402575,10.416003227233887
nhanes_real,0,v3,dsr_full_euclidean,0.05,168,decoded_naive,decoded_banded,euclidean,True,237582,246880,0.008766917046159506,1.1681325000245124,0.0008159169228747487,True,False,,clean,0.016214082948863506,,,,,0.0,0.0,,"[3086, 964]",2.0,2.6741750240325928,False,False,False,False,False,False,-7.08800596227789,7.882555961608887
nhanes_real,0,v3,dsr_full_euclidean,0.05,171,decoded_naive,decoded_banded,euclidean,True,237582,246880,0.008766917046159506,1.1681325000245124,0.0008159169228747487,True,False,,clean,0.014293291023932397,,,,,0.0,0.0,,"[3086, 964]",2.0,1.8385359048843384,False,False,False,False,False,False,-6.743788765064659,5.255800724029541
nhanes_real,0,v3,dsr_full_euclidean,0.05,173,decoded_naive,decoded_banded,euclidean,True,237582,246880,0.008766917046159506,1.1681325000245124,0.0008159169228747487,False,True,repair,failed,0.01085929200053215,False,False,False,True,0.0,3.0,"step 1 still violates after 3 repair iterations (triggered by {'immutable': False, 'non_decreasing': False, 'age_horizon': False, 'directional': True})",,,,,,,,,,,
nhanes_real,0,v3,dsr_full_euclidean,0.05,179,decoded_naive,decoded_banded,euclidean,True,237582,246880,0.008766917046159506,1.1681325000245124,0.0008159169228747487,False,True,search,,0.011531583033502102,,,,,,,,,,,,,,,,,,
nhanes_real,0,v3,dsr_full_euclidean,0.05,180,decoded_naive,decoded_banded,euclidean,True,237582,246880,0.008766917046159506,1.1681325000245124,0.0008159169228747487,True,False,,clean,0.015521708992309868,,,,,0.0,0.0,,"[3086, 1509]",2.0,1.5682343244552612,False,False,False,False,False,False,-7.181490445173769,4.419709205627441
nhanes_real,0,v3,dsr_full_euclidean,0.05,187,decoded_naive,decoded_banded,euclidean,True,237582,246880,0.008766917046159506,1.1681325000245124,0.0008159169228747487,False,True,search,,0.017333708005025983,,,,,,,,,,,,,,,,,,
nhanes_real,0,v3,dsr_full_euclidean,0.05,188,decoded_naive,decoded_banded,euclidean,True,237582,246880,0.008766917046159506,1.1681325000245124,0.0008159169228747487,False,True,repair,failed,0.015947416075505316,False,True,False,False,0.0,3.0,"step 1 still violates after 3 repair iterations (triggered by {'immutable': False, 'non_decreasing': True, 'age_horizon': False, 'directional': False})",,,,,,,,,,,
nhanes_real,0,v3,dsr_full_euclidean,0.05,189,decoded_naive,decoded_banded,euclidean,True,237582,246880,0.008766917046159506,1.1681325000245124,0.0008159169228747487,False,True,repair,failed,0.01738041709177196,False,False,False,True,0.0,3.0,"step 1 still violates after 3 repair iterations (triggered by {'immutable': False, 'non_decreasing': False, 'age_horizon': False, 'directional': True})",,,,,,,,,,,
nhanes_real,0,v3,dsr_full_euclidean,0.05,190,decoded_naive,decoded_banded,euclidean,True,237582,246880,0.008766917046159506,1.1681325000245124,0.0008159169228747487,False,True,repair,failed,0.017948874970898032,False,False,True,False,0.0,3.0,"step 1 still violates after 3 repair iterations (triggered by {'immutable': False, 'non_decreasing': False, 'age_horizon': True, 'directional': False})",,,,,,,,,,,
nhanes_real,0,v3,dsr_full_euclidean,0.05,191,decoded_naive,decoded_banded,euclidean,True,237582,246880,0.008766917046159506,1.1681325000245124,0.0008159169228747487,False,True,search,,0.01110083400271833,,,,,,,,,,,,,,,,,,
nhanes_real,0,v3,dsr_full_euclidean,0.05,194,decoded_naive,decoded_banded,euclidean,True,237582,246880,0.008766917046159506,1.1681325000245124,0.0008159169228747487,False,True,search,,0.013019250007346272,,,,,,,,,,,,,,,,,,
nhanes_real,0,v3,dsr_full_euclidean,0.05,195,decoded_naive,decoded_banded,euclidean,True,237582,246880,0.008766917046159506,1.1681325000245124,0.0008159169228747487,False,True,search,,0.01576979097444564,,,,,,,,,,,,,,,,,,
nhanes_real,0,v3,dsr_full_euclidean,0.05,196,decoded_naive,decoded_banded,euclidean,True,237582,246880,0.008766917046159506,1.1681325000245124,0.0008159169228747487,False,True,repair,failed,0.01605149998795241,False,False,True,False,1.0,1.0,repair broke monotone risk reduction along the path,,,,,,,,,,,
nhanes_real,0,v3,dsr_full_euclidean,0.05,197,decoded_naive,decoded_banded,euclidean,True,237582,246880,0.008766917046159506,1.1681325000245124,0.0008159169228747487,False,True,search,,0.015404250007122755,,,,,,,,,,,,,,,,,,
nhanes_real,0,v3,dsr_full_euclidean,0.05,198,decoded_naive,decoded_banded,euclidean,True,237582,246880,0.008766917046159506,1.1681325000245124,0.0008159169228747487,False,True,search,,0.017062457976862788,,,,,,,,,,,,,,,,,,
nhanes_real,0,v3,dsr_full_euclidean,0.05,199,decoded_naive,decoded_banded,euclidean,True,237582,246880,0.008766917046159506,1.1681325000245124,0.0008159169228747487,False,True,search,,0.012435917044058442,,,,,,,,,,,,,,,,,,
nhanes_real,0,v3,dsr_full_euclidean,0.05,200,decoded_naive,decoded_banded,euclidean,True,237582,246880,0.008766917046159506,1.1681325000245124,0.0008159169228747487,True,False,,clean,0.014604541938751936,,,,,0.0,0.0,,"[3086, 964]",2.0,1.5824894905090332,False,False,False,False,False,False,-6.623574132679504,4.447455883026123
nhanes_real,0,v3,dsr_full_euclidean,0.05,201,decoded_naive,decoded_banded,euclidean,True,237582,246880,0.008766917046159506,1.1681325000245124,0.0008159169228747487,False,True,search,,0.017510749981738627,,,,,,,,,,,,,,,,,,
nhanes_real,0,v3,dsr_full_euclidean,0.05,204,decoded_naive,decoded_banded,euclidean,True,237582,246880,0.008766917046159506,1.1681325000245124,0.0008159169228747487,True,False,,clean,0.010311582940630615,,,,,0.0,0.0,,"[3086, 964]",2.0,1.119009017944336,False,False,False,False,False,False,-6.567031754907891,3.104487180709839
nhanes_real,0,v3,dsr_full_euclidean,0.05,208,decoded_naive,decoded_banded,euclidean,True,237582,246880,0.008766917046159506,1.1681325000245124,0.0008159169228747487,False,True,repair,failed,0.009928749990649521,False,False,False,True,0.0,3.0,"step 1 still violates after 3 repair iterations (triggered by {'immutable': False, 'non_decreasing': False, 'age_horizon': False, 'directional': True})",,,,,,,,,,,
nhanes_real,0,v3,dsr_full_euclidean,0.05,212,decoded_naive,decoded_banded,euclidean,True,237582,246880,0.008766917046159506,1.1681325000245124,0.0008159169228747487,False,True,search,,0.014362665941007435,,,,,,,,,,,,,,,,,,
nhanes_real,0,v3,dsr_full_euclidean,0.05,214,decoded_naive,decoded_banded,euclidean,True,237582,246880,0.008766917046159506,1.1681325000245124,0.0008159169228747487,True,False,,clean,0.0152947090100497,,,,,0.0,0.0,,"[3086, 1509]",2.0,1.9041489362716675,False,False,False,False,False,False,-7.208186679887324,5.509149551391602
nhanes_real,0,v3,dsr_full_euclidean,0.05,215,decoded_naive,decoded_banded,euclidean,True,237582,246880,0.008766917046159506,1.1681325000245124,0.0008159169228747487,True,False,,clean,0.016632250044494867,,,,,0.0,0.0,,"[3086, 2178]",2.0,0.607376754283905,False,False,False,False,False,False,-6.540153385781391,1.8270490169525146
nhanes_real,0,v3,dsr_full_euclidean,0.05,219,decoded_naive,decoded_banded,euclidean,True,237582,246880,0.008766917046159506,1.1681325000245124,0.0008159169228747487,False,True,search,,0.017892542062327266,,,,,,,,,,,,,,,,,,
nhanes_real,0,v3,dsr_full_euclidean,0.05,220,decoded_naive,decoded_banded,euclidean,True,237582,246880,0.008766917046159506,1.1681325000245124,0.0008159169228747487,False,True,repair,failed,0.016783458995632827,False,False,False,True,0.0,3.0,"step 1 still violates after 3 repair iterations (triggered by {'immutable': False, 'non_decreasing': False, 'age_horizon': False, 'directional': True})",,,,,,,,,,,
nhanes_real,0,v3,dsr_full_euclidean,0.05,223,decoded_naive,decoded_banded,euclidean,True,237582,246880,0.008766917046159506,1.1681325000245124,0.0008159169228747487,False,True,repair,failed,0.0169096669415012,False,False,False,True,1.0,1.0,repaired terminal state is no longer low-risk,,,,,,,,,,,
nhanes_real,0,v3,dsr_full_euclidean,0.05,226,decoded_naive,decoded_banded,euclidean,True,237582,246880,0.008766917046159506,1.1681325000245124,0.0008159169228747487,True,False,,clean,0.013261042069643736,,,,,0.0,0.0,,"[3086, 27]",2.0,0.6225403547286987,False,False,False,False,False,False,-6.996106374643491,2.248026132583618
nhanes_real,0,v3,dsr_full_euclidean,0.05,229,decoded_naive,decoded_banded,euclidean,True,237582,246880,0.008766917046159506,1.1681325000245124,0.0008159169228747487,True,False,,clean,0.0112963339779526,,,,,0.0,0.0,,"[3086, 1509]",2.0,2.1405911445617676,False,False,False,False,False,False,-7.215609876952546,6.057415008544922
nhanes_real,0,v3,dsr_full_euclidean,0.05,234,decoded_naive,decoded_banded,euclidean,True,237582,246880,0.008766917046159506,1.1681325000245124,0.0008159169228747487,False,True,search,,0.01645083399489522,,,,,,,,,,,,,,,,,,
nhanes_real,0,v3,dsr_full_euclidean,0.05,235,decoded_naive,decoded_banded,euclidean,True,237582,246880,0.008766917046159506,1.1681325000245124,0.0008159169228747487,False,True,search,,0.016887584002688527,,,,,,,,,,,,,,,,,,
nhanes_real,0,v3,dsr_full_euclidean,0.05,236,decoded_naive,decoded_banded,euclidean,True,237582,246880,0.008766917046159506,1.1681325000245124,0.0008159169228747487,False,True,search,,0.018880041083320975,,,,,,,,,,,,,,,,,,
nhanes_real,0,v3,dsr_full_euclidean,0.05,238,decoded_naive,decoded_banded,euclidean,True,237582,246880,0.008766917046159506,1.1681325000245124,0.0008159169228747487,False,True,search,,0.017680207965895534,,,,,,,,,,,,,,,,,,
nhanes_real,0,v3,dsr_full_euclidean,0.05,239,decoded_naive,decoded_banded,euclidean,True,237582,246880,0.008766917046159506,1.1681325000245124,0.0008159169228747487,True,False,,clean,0.012361250002868474,,,,,0.0,0.0,,"[3086, 964]",2.0,1.6502079963684082,False,False,False,False,False,False,-6.6105622218391815,4.664330959320068
nhanes_real,0,v3,dsr_full_euclidean,0.05,241,decoded_naive,decoded_banded,euclidean,True,237582,246880,0.008766917046159506,1.1681325000245124,0.0008159169228747487,False,True,repair,failed,0.011351083987392485,False,True,False,False,0.0,3.0,"step 1 still violates after 3 repair iterations (triggered by {'immutable': False, 'non_decreasing': True, 'age_horizon': False, 'directional': False})",,,,,,,,,,,
nhanes_real,0,v3,dsr_full_euclidean,0.05,242,decoded_naive,decoded_banded,euclidean,True,237582,246880,0.008766917046159506,1.1681325000245124,0.0008159169228747487,False,True,repair,failed,0.011014916002750397,False,False,False,True,0.0,3.0,"step 1 still violates after 3 repair iterations (triggered by {'immutable': False, 'non_decreasing': False, 'age_horizon': False, 'directional': True})",,,,,,,,,,,
nhanes_real,0,v3,dsr_full_euclidean,0.05,245,decoded_naive,decoded_banded,euclidean,True,237582,246880,0.008766917046159506,1.1681325000245124,0.0008159169228747487,True,False,,clean,0.01075879205018282,,,,,0.0,0.0,,"[3086, 701]",2.0,0.733687698841095,False,False,False,False,False,False,-6.261400412093884,1.9098775386810303
nhanes_real,0,v3,dsr_full_euclidean,0.05,246,decoded_naive,decoded_banded,euclidean,True,237582,246880,0.008766917046159506,1.1681325000245124,0.0008159169228747487,True,False,,clean,0.010308375000022352,,,,,0.0,0.0,,"[3086, 1465]",2.0,1.0880560874938965,False,False,False,False,False,False,-6.3120058703026904,2.982524871826172
nhanes_real,0,v3,dsr_full_euclidean,0.05,247,decoded_naive,decoded_banded,euclidean,True,237582,246880,0.008766917046159506,1.1681325000245124,0.0008159169228747487,False,True,search,,0.011104542063549161,,,,,,,,,,,,,,,,,,
nhanes_real,0,v3,dsr_full_euclidean,0.05,249,decoded_naive,decoded_banded,euclidean,True,237582,246880,0.008766917046159506,1.1681325000245124,0.0008159169228747487,False,True,search,,0.010899250046350062,,,,,,,,,,,,,,,,,,
nhanes_real,0,v3,dsr_full_euclidean,0.05,250,decoded_naive,decoded_banded,euclidean,True,237582,246880,0.008766917046159506,1.1681325000245124,0.0008159169228747487,False,True,search,,0.010591916972771287,,,,,,,,,,,,,,,,,,
nhanes_real,0,v3,dsr_full_euclidean,0.05,254,decoded_naive,decoded_banded,euclidean,True,237582,246880,0.008766917046159506,1.1681325000245124,0.0008159169228747487,False,True,repair,failed,0.012131999945268035,False,False,False,True,1.0,1.0,repair broke monotone risk reduction along the path,,,,,,,,,,,
nhanes_real,0,v3,dsr_full_euclidean,0.05,255,decoded_naive,decoded_banded,euclidean,True,237582,246880,0.008766917046159506,1.1681325000245124,0.0008159169228747487,True,False,,clean,0.01095129200257361,,,,,0.0,0.0,,"[3086, 515]",2.0,1.7549678087234497,False,False,False,False,False,False,-8.259553266004698,9.631237030029297
nhanes_real,0,v3,dsr_full_euclidean,0.05,256,decoded_naive,decoded_banded,euclidean,True,237582,246880,0.008766917046159506,1.1681325000245124,0.0008159169228747487,False,True,search,,0.01056795904878527,,,,,,,,,,,,,,,,,,
nhanes_real,0,v3,dsr_full_euclidean,0.05,257,decoded_naive,decoded_banded,euclidean,True,237582,246880,0.008766917046159506,1.1681325000245124,0.0008159169228747487,True,False,,clean,0.010908458032645285,,,,,0.0,0.0,,"[3086, 964]",2.0,0.9029706120491028,False,False,False,False,False,False,-6.5673105685880815,2.4558217525482178
nhanes_real,0,v3,dsr_full_euclidean,0.05,264,decoded_naive,decoded_banded,euclidean,True,237582,246880,0.008766917046159506,1.1681325000245124,0.0008159169228747487,True,False,,clean,0.010889041004702449,,,,,0.0,0.0,,"[3086, 274]",2.0,0.5410568714141846,False,False,False,False,False,False,-6.233426545686707,1.314239501953125
nhanes_real,0,v3,dsr_full_euclidean,0.05,265,decoded_naive,decoded_banded,euclidean,True,237582,246880,0.008766917046159506,1.1681325000245124,0.0008159169228747487,False,True,repair,failed,0.01111441699322313,False,False,True,False,0.0,3.0,"step 1 still violates after 3 repair iterations (triggered by {'immutable': False, 'non_decreasing': False, 'age_horizon': True, 'directional': False})",,,,,,,,,,,
nhanes_real,0,v3,dsr_full_euclidean,0.05,267,decoded_naive,decoded_banded,euclidean,True,237582,246880,0.008766917046159506,1.1681325000245124,0.0008159169228747487,False,True,repair,failed,0.010785166989080608,False,False,False,True,0.0,3.0,"step 1 still violates after 3 repair iterations (triggered by {'immutable': False, 'non_decreasing': False, 'age_horizon': False, 'directional': True})",,,,,,,,,,,
nhanes_real,0,v3,dsr_full_euclidean,0.05,270,decoded_naive,decoded_banded,euclidean,True,237582,246880,0.008766917046159506,1.1681325000245124,0.0008159169228747487,False,True,repair,failed,0.01117820804938674,False,False,True,False,0.0,3.0,"step 1 still violates after 3 repair iterations (triggered by {'immutable': False, 'non_decreasing': False, 'age_horizon': True, 'directional': False})",,,,,,,,,,,
nhanes_real,0,v3,dsr_full_euclidean,0.05,273,decoded_naive,decoded_banded,euclidean,True,237582,246880,0.008766917046159506,1.1681325000245124,0.0008159169228747487,False,True,search,,0.010945208021439612,,,,,,,,,,,,,,,,,,
nhanes_real,0,v3,dsr_full_euclidean,0.05,278,decoded_naive,decoded_banded,euclidean,True,237582,246880,0.008766917046159506,1.1681325000245124,0.0008159169228747487,False,True,search,,0.010559625108726323,,,,,,,,,,,,,,,,,,
nhanes_real,0,v3,dsr_full_euclidean,0.05,281,decoded_naive,decoded_banded,euclidean,True,237582,246880,0.008766917046159506,1.1681325000245124,0.0008159169228747487,True,False,,clean,0.014957375009544194,,,,,0.0,0.0,,"[3086, 1509]",2.0,3.0778448581695557,False,False,False,False,False,False,-7.643399657476584,9.13392162322998
nhanes_real,0,v3,dsr_full_euclidean,0.05,282,decoded_naive,decoded_banded,euclidean,True,237582,246880,0.008766917046159506,1.1681325000245124,0.0008159169228747487,False,True,search,,0.017180041992105544,,,,,,,,,,,,,,,,,,
nhanes_real,0,v3,dsr_full_euclidean,0.05,286,decoded_naive,decoded_banded,euclidean,True,237582,246880,0.008766917046159506,1.1681325000245124,0.0008159169228747487,False,True,repair,failed,0.017137457965873182,False,False,False,True,0.0,3.0,"step 1 still violates after 3 repair iterations (triggered by {'immutable': False, 'non_decreasing': False, 'age_horizon': False, 'directional': True})",,,,,,,,,,,
nhanes_real,0,v3,dsr_full_euclidean,0.05,288,decoded_naive,decoded_banded,euclidean,True,237582,246880,0.008766917046159506,1.1681325000245124,0.0008159169228747487,False,True,repair,failed,0.011785084032453597,False,False,True,False,0.0,3.0,"step 1 still violates after 3 repair iterations (triggered by {'immutable': False, 'non_decreasing': False, 'age_horizon': True, 'directional': False})",,,,,,,,,,,
nhanes_real,0,v3,dsr_full_euclidean,0.05,291,decoded_naive,decoded_banded,euclidean,True,237582,246880,0.008766917046159506,1.1681325000245124,0.0008159169228747487,True,False,,clean,0.011548540904186666,,,,,0.0,0.0,,"[3086, 964]",2.0,1.2612546682357788,False,False,False,False,False,False,-6.5859170259964275,3.526104688644409
nhanes_real,0,v3,dsr_full_euclidean,0.05,292,decoded_naive,decoded_banded,euclidean,True,237582,246880,0.008766917046159506,1.1681325000245124,0.0008159169228747487,False,True,search,,0.01131795800756663,,,,,,,,,,,,,,,,,,
nhanes_real,0,v3,dsr_full_euclidean,0.05,293,decoded_naive,decoded_banded,euclidean,True,237582,246880,0.008766917046159506,1.1681325000245124,0.0008159169228747487,True,False,,clean,0.011339792050421238,,,,,0.0,0.0,,"[3086, 1576]",2.0,1.5182865858078003,False,False,False,False,False,False,-6.912008765301467,4.770797252655029
nhanes_real,0,v3,dsr_full_euclidean,0.05,296,decoded_naive,decoded_banded,euclidean,True,237582,246880,0.008766917046159506,1.1681325000245124,0.0008159169228747487,False,True,search,,0.011330042034387589,,,,,,,,,,,,,,,,,,
nhanes_real,0,v3,dsr_full_euclidean,0.05,297,decoded_naive,decoded_banded,euclidean,True,237582,246880,0.008766917046159506,1.1681325000245124,0.0008159169228747487,True,False,,clean,0.01125675009097904,,,,,0.0,0.0,,"[3086, 1509]",2.0,2.393507957458496,False,False,False,False,False,False,-7.765171837504329,8.92293930053711
nhanes_real,0,v3,dsr_full_euclidean,0.05,298,decoded_naive,decoded_banded,euclidean,True,237582,246880,0.008766917046159506,1.1681325000245124,0.0008159169228747487,False,True,repair,failed,0.011754208942875266,False,False,False,True,0.0,3.0,"step 1 still violates after 3 repair iterations (triggered by {'immutable': False, 'non_decreasing': False, 'age_horizon': False, 'directional': True})",,,,,,,,,,,
nhanes_real,0,v3,dsr_full_euclidean,0.05,300,decoded_naive,decoded_banded,euclidean,True,237582,246880,0.008766917046159506,1.1681325000245124,0.0008159169228747487,False,True,search,,0.013203791924752295,,,,,,,,,,,,,,,,,,
nhanes_real,0,v3,dsr_full_euclidean,0.05,303,decoded_naive,decoded_banded,euclidean,True,237582,246880,0.008766917046159506,1.1681325000245124,0.0008159169228747487,False,True,repair,failed,0.017439834075048566,False,False,False,True,0.0,3.0,"step 1 still violates after 3 repair iterations (triggered by {'immutable': False, 'non_decreasing': False, 'age_horizon': False, 'directional': True})",,,,,,,,,,,
nhanes_real,0,v3,dsr_full_euclidean,0.05,304,decoded_naive,decoded_banded,euclidean,True,237582,246880,0.008766917046159506,1.1681325000245124,0.0008159169228747487,False,True,search,,0.01832079200539738,,,,,,,,,,,,,,,,,,
nhanes_real,0,v3,dsr_full_euclidean,0.05,306,decoded_naive,decoded_banded,euclidean,True,237582,246880,0.008766917046159506,1.1681325000245124,0.0008159169228747487,False,True,repair,failed,0.019349458045326173,False,False,False,True,0.0,3.0,"step 1 still violates after 3 repair iterations (triggered by {'immutable': False, 'non_decreasing': False, 'age_horizon': False, 'directional': True})",,,,,,,,,,,
nhanes_real,0,v3,dsr_full_euclidean,0.05,308,decoded_naive,decoded_banded,euclidean,True,237582,246880,0.008766917046159506,1.1681325000245124,0.0008159169228747487,True,False,,clean,0.01964287494774908,,,,,0.0,0.0,,"[3086, 2647]",2.0,0.7469697594642639,False,False,False,False,False,False,-6.832704000377989,1.9041833877563477
nhanes_real,0,v3,dsr_full_euclidean,0.05,312,decoded_naive,decoded_banded,euclidean,True,237582,246880,0.008766917046159506,1.1681325000245124,0.0008159169228747487,False,True,search,,0.018963999929837883,,,,,,,,,,,,,,,,,,
nhanes_real,0,v3,dsr_full_euclidean,0.05,313,decoded_naive,decoded_banded,euclidean,True,237582,246880,0.008766917046159506,1.1681325000245124,0.0008159169228747487,False,True,repair,failed,0.019289542105980217,False,False,False,True,0.0,3.0,"step 1 still violates after 3 repair iterations (triggered by {'immutable': False, 'non_decreasing': False, 'age_horizon': False, 'directional': True})",,,,,,,,,,,
nhanes_real,0,v3,dsr_full_euclidean,0.05,314,decoded_naive,decoded_banded,euclidean,True,237582,246880,0.008766917046159506,1.1681325000245124,0.0008159169228747487,False,True,repair,failed,0.0271476669004187,False,False,True,False,0.0,3.0,"step 1 still violates after 3 repair iterations (triggered by {'immutable': False, 'non_decreasing': False, 'age_horizon': True, 'directional': False})",,,,,,,,,,,
nhanes_real,0,v3,dsr_full_euclidean,0.05,317,decoded_naive,decoded_banded,euclidean,True,237582,246880,0.008766917046159506,1.1681325000245124,0.0008159169228747487,True,False,,clean,0.03425858402624726,,,,,0.0,0.0,,"[3086, 2397]",2.0,1.889303207397461,False,False,False,False,False,False,-7.311579856446379,6.5546875
nhanes_real,0,v3,dsr_full_euclidean,0.05,318,decoded_naive,decoded_banded,euclidean,True,237582,246880,0.008766917046159506,1.1681325000245124,0.0008159169228747487,False,True,repair,failed,0.03204166702926159,False,False,True,True,0.0,3.0,"step 1 still violates after 3 repair iterations (triggered by {'immutable': False, 'non_decreasing': False, 'age_horizon': True, 'directional': True})",,,,,,,,,,,
nhanes_real,0,v3,dsr_full_euclidean,0.05,320,decoded_naive,decoded_banded,euclidean,True,237582,246880,0.008766917046159506,1.1681325000245124,0.0008159169228747487,True,False,,clean,0.02563512499909848,,,,,0.0,0.0,,"[3086, 1499]",2.0,0.47927650809288025,False,False,False,False,False,False,-6.181656216174163,1.300032377243042
nhanes_real,0,v3,dsr_full_euclidean,0.05,323,decoded_naive,decoded_banded,euclidean,True,237582,246880,0.008766917046159506,1.1681325000245124,0.0008159169228747487,False,True,search,,0.012595374952070415,,,,,,,,,,,,,,,,,,
nhanes_real,0,v3,dsr_full_euclidean,0.05,325,decoded_naive,decoded_banded,euclidean,True,237582,246880,0.008766917046159506,1.1681325000245124,0.0008159169228747487,False,True,search,,0.013977249967865646,,,,,,,,,,,,,,,,,,
nhanes_real,0,v3,dsr_full_euclidean,0.05,327,decoded_naive,decoded_banded,euclidean,True,237582,246880,0.008766917046159506,1.1681325000245124,0.0008159169228747487,False,True,repair,failed,0.01356970809865743,False,False,False,True,0.0,3.0,"step 1 still violates after 3 repair iterations (triggered by {'immutable': False, 'non_decreasing': False, 'age_horizon': False, 'directional': True})",,,,,,,,,,,
nhanes_real,0,v3,dsr_full_euclidean,0.05,328,decoded_naive,decoded_banded,euclidean,True,237582,246880,0.008766917046159506,1.1681325000245124,0.0008159169228747487,False,True,repair,failed,0.013034083065576851,False,False,False,True,0.0,3.0,"step 1 still violates after 3 repair iterations (triggered by {'immutable': False, 'non_decreasing': False, 'age_horizon': False, 'directional': True})",,,,,,,,,,,
nhanes_real,0,v3,dsr_full_euclidean,0.05,330,decoded_naive,decoded_banded,euclidean,True,237582,246880,0.008766917046159506,1.1681325000245124,0.0008159169228747487,False,True,repair,failed,0.013726291013881564,False,False,False,True,0.0,3.0,"step 1 still violates after 3 repair iterations (triggered by {'immutable': False, 'non_decreasing': False, 'age_horizon': False, 'directional': True})",,,,,,,,,,,
nhanes_real,0,v3,dsr_full_euclidean,0.05,331,decoded_naive,decoded_banded,euclidean,True,237582,246880,0.008766917046159506,1.1681325000245124,0.0008159169228747487,False,True,search,,0.01905233401339501,,,,,,,,,,,,,,,,,,
nhanes_real,0,v3,dsr_full_euclidean,0.05,332,decoded_naive,decoded_banded,euclidean,True,237582,246880,0.008766917046159506,1.1681325000245124,0.0008159169228747487,True,False,,clean,0.01977049990091473,,,,,0.0,0.0,,"[3086, 964]",2.0,1.7992504835128784,False,False,False,False,False,False,-6.673617607991055,5.155432224273682
nhanes_real,0,v3,dsr_full_euclidean,0.05,338,decoded_naive,decoded_banded,euclidean,True,237582,246880,0.008766917046159506,1.1681325000245124,0.0008159169228747487,False,True,search,,0.01861945795826614,,,,,,,,,,,,,,,,,,
nhanes_real,0,v3,dsr_full_euclidean,0.05,339,decoded_naive,decoded_banded,euclidean,True,237582,246880,0.008766917046159506,1.1681325000245124,0.0008159169228747487,False,True,repair,failed,0.018860290991142392,False,False,True,False,0.0,3.0,"step 1 still violates after 3 repair iterations (triggered by {'immutable': False, 'non_decreasing': False, 'age_horizon': True, 'directional': False})",,,,,,,,,,,
nhanes_real,0,v3,dsr_full_euclidean,0.05,344,decoded_naive,decoded_banded,euclidean,True,237582,246880,0.008766917046159506,1.1681325000245124,0.0008159169228747487,False,True,search,,0.021561583038419485,,,,,,,,,,,,,,,,,,
nhanes_real,0,v3,dsr_full_euclidean,0.05,348,decoded_naive,decoded_banded,euclidean,True,237582,246880,0.008766917046159506,1.1681325000245124,0.0008159169228747487,True,False,,clean,0.012819583993405104,,,,,0.0,0.0,,"[3086, 515]",2.0,1.662752628326416,False,False,False,False,False,False,-8.188848785045789,9.345968246459961
nhanes_real,0,v3,dsr_full_euclidean,0.05,349,decoded_naive,decoded_banded,euclidean,True,237582,246880,0.008766917046159506,1.1681325000245124,0.0008159169228747487,True,False,,clean,0.015178208006545901,,,,,0.0,0.0,,"[3086, 1443]",2.0,1.5092750787734985,False,False,False,False,False,False,-6.75991761227475,4.4569196701049805
nhanes_real,0,v3,dsr_full_euclidean,0.05,351,decoded_naive,decoded_banded,euclidean,True,237582,246880,0.008766917046159506,1.1681325000245124,0.0008159169228747487,False,True,search,,0.020163375069387257,,,,,,,,,,,,,,,,,,
nhanes_real,0,v3,dsr_full_euclidean,0.05,353,decoded_naive,decoded_banded,euclidean,True,237582,246880,0.008766917046159506,1.1681325000245124,0.0008159169228747487,False,True,search,,0.01845904195215553,,,,,,,,,,,,,,,,,,
nhanes_real,0,v3,dsr_full_euclidean,0.05,356,decoded_naive,decoded_banded,euclidean,True,237582,246880,0.008766917046159506,1.1681325000245124,0.0008159169228747487,True,False,,clean,0.017279749969020486,,,,,0.0,0.0,,"[3086, 1509]",2.0,2.3892548084259033,False,False,False,False,False,False,-7.710533911456372,8.690160751342773
nhanes_real,0,v3,dsr_full_euclidean,0.05,358,decoded_naive,decoded_banded,euclidean,True,237582,246880,0.008766917046159506,1.1681325000245124,0.0008159169228747487,True,False,,clean,0.019392834044992924,,,,,0.0,0.0,,"[3086, 1181]",2.0,2.906172513961792,False,False,False,False,False,False,-10.394948210287614,15.57421875
nhanes_real,0,v3,dsr_full_euclidean,0.05,360,decoded_naive,decoded_banded,euclidean,True,237582,246880,0.008766917046159506,1.1681325000245124,0.0008159169228747487,False,True,search,,0.013077417039312422,,,,,,,,,,,,,,,,,,
nhanes_real,0,v3,dsr_full_euclidean,0.05,361,decoded_naive,decoded_banded,euclidean,True,237582,246880,0.008766917046159506,1.1681325000245124,0.0008159169228747487,True,False,,clean,0.015481000067666173,,,,,0.0,0.0,,"[3086, 18]",2.0,1.6804815530776978,False,False,False,False,False,False,-9.546548022509523,10.0777587890625
nhanes_real,0,v3,dsr_full_euclidean,0.05,362,decoded_naive,decoded_banded,euclidean,True,237582,246880,0.008766917046159506,1.1681325000245124,0.0008159169228747487,True,False,,clean,0.02004945802036673,,,,,0.0,0.0,,"[3086, 515]",2.0,1.4578317403793335,False,False,False,False,False,False,-8.301866191690099,8.213950157165527
nhanes_real,0,v3,dsr_full_euclidean,0.05,363,decoded_naive,decoded_banded,euclidean,True,237582,246880,0.008766917046159506,1.1681325000245124,0.0008159169228747487,False,True,search,,0.017094000009819865,,,,,,,,,,,,,,,,,,
nhanes_real,0,v3,dsr_full_euclidean,0.05,368,decoded_naive,decoded_banded,euclidean,True,237582,246880,0.008766917046159506,1.1681325000245124,0.0008159169228747487,False,True,repair,failed,0.01728433300741017,False,False,False,True,0.0,3.0,"step 1 still violates after 3 repair iterations (triggered by {'immutable': False, 'non_decreasing': False, 'age_horizon': False, 'directional': True})",,,,,,,,,,,
nhanes_real,0,v3,dsr_full_euclidean,0.05,371,decoded_naive,decoded_banded,euclidean,True,237582,246880,0.008766917046159506,1.1681325000245124,0.0008159169228747487,False,True,repair,failed,0.020271459012292325,False,False,False,True,0.0,3.0,"step 1 still violates after 3 repair iterations (triggered by {'immutable': False, 'non_decreasing': False, 'age_horizon': False, 'directional': True})",,,,,,,,,,,
nhanes_real,0,v3,dsr_full_euclidean,0.05,374,decoded_naive,decoded_banded,euclidean,True,237582,246880,0.008766917046159506,1.1681325000245124,0.0008159169228747487,False,True,repair,failed,0.013591332943178713,False,False,False,True,0.0,3.0,"step 1 still violates after 3 repair iterations (triggered by {'immutable': False, 'non_decreasing': False, 'age_horizon': False, 'directional': True})",,,,,,,,,,,
nhanes_real,0,v3,dsr_full_euclidean,0.05,375,decoded_naive,decoded_banded,euclidean,True,237582,246880,0.008766917046159506,1.1681325000245124,0.0008159169228747487,False,True,repair,failed,0.013687082915566862,False,False,False,True,1.0,1.0,repaired terminal state is no longer low-risk,,,,,,,,,,,
nhanes_real,0,v3,dsr_full_euclidean,0.05,386,decoded_naive,decoded_banded,euclidean,True,237582,246880,0.008766917046159506,1.1681325000245124,0.0008159169228747487,False,True,search,,0.018969833035953343,,,,,,,,,,,,,,,,,,
nhanes_real,0,v3,dsr_full_euclidean,0.05,392,decoded_naive,decoded_banded,euclidean,True,237582,246880,0.008766917046159506,1.1681325000245124,0.0008159169228747487,True,False,,clean,0.017226292053237557,,,,,0.0,0.0,,"[3086, 2397]",2.0,1.1888494491577148,False,False,False,False,False,False,-6.817411523675284,3.7064127922058105
nhanes_real,0,v3,dsr_full_euclidean,0.05,398,decoded_naive,decoded_banded,euclidean,True,237582,246880,0.008766917046159506,1.1681325000245124,0.0008159169228747487,False,True,search,,0.017758000059984624,,,,,,,,,,,,,,,,,,
nhanes_real,0,v3,dsr_full_euclidean,0.05,400,decoded_naive,decoded_banded,euclidean,True,237582,246880,0.008766917046159506,1.1681325000245124,0.0008159169228747487,True,False,,clean,0.016455042059533298,,,,,0.0,0.0,,"[3086, 933]",2.0,0.8405035138130188,False,False,False,False,False,False,-7.00584155174816,2.444606304168701
nhanes_real,0,v3,dsr_full_euclidean,0.05,401,decoded_naive,decoded_banded,euclidean,True,237582,246880,0.008766917046159506,1.1681325000245124,0.0008159169228747487,True,False,,clean,0.015761208022013307,,,,,0.0,0.0,,"[3086, 61]",2.0,1.5827020406723022,False,False,False,False,False,False,-6.45854359535807,4.353474140167236
nhanes_real,0,v3,dsr_full_euclidean,0.05,402,decoded_naive,decoded_banded,euclidean,True,237582,246880,0.008766917046159506,1.1681325000245124,0.0008159169228747487,False,True,search,,0.011259624967351556,,,,,,,,,,,,,,,,,,
nhanes_real,0,v3,dsr_full_euclidean,0.05,403,decoded_naive,decoded_banded,euclidean,True,237582,246880,0.008766917046159506,1.1681325000245124,0.0008159169228747487,False,True,search,,0.011303250095807016,,,,,,,,,,,,,,,,,,
nhanes_real,0,v3,dsr_full_euclidean,0.05,410,decoded_naive,decoded_banded,euclidean,True,237582,246880,0.008766917046159506,1.1681325000245124,0.0008159169228747487,True,False,,clean,0.014360000030137599,,,,,0.0,0.0,,"[3086, 2241]",2.0,0.17988617718219757,False,False,False,False,False,False,-6.576151126768149,0.5480517148971558
nhanes_real,0,v3,dsr_full_euclidean,0.05,411,decoded_naive,decoded_banded,euclidean,True,237582,246880,0.008766917046159506,1.1681325000245124,0.0008159169228747487,False,True,search,,0.021908291964791715,,,,,,,,,,,,,,,,,,
nhanes_real,0,v3,dsr_full_euclidean,0.05,412,decoded_naive,decoded_banded,euclidean,True,237582,246880,0.008766917046159506,1.1681325000245124,0.0008159169228747487,True,False,,clean,0.01850112492684275,,,,,0.0,0.0,,"[3086, 1609]",2.0,0.3239773213863373,False,False,False,False,False,False,-6.112650544304608,0.6733033657073975
nhanes_real,0,v3,dsr_full_euclidean,0.05,416,decoded_naive,decoded_banded,euclidean,True,237582,246880,0.008766917046159506,1.1681325000245124,0.0008159169228747487,False,True,repair,failed,0.017544333008117974,False,False,False,True,0.0,3.0,"step 1 still violates after 3 repair iterations (triggered by {'immutable': False, 'non_decreasing': False, 'age_horizon': False, 'directional': True})",,,,,,,,,,,
nhanes_real,0,v3,dsr_full_euclidean,0.05,417,decoded_naive,decoded_banded,euclidean,True,237582,246880,0.008766917046159506,1.1681325000245124,0.0008159169228747487,True,False,,clean,0.0183252920396626,,,,,0.0,0.0,,"[3086, 2397]",2.0,0.645052969455719,False,False,False,False,False,False,-6.623011747830695,2.17844295501709
nhanes_real,0,v3,dsr_full_euclidean,0.05,418,decoded_naive,decoded_banded,euclidean,True,237582,246880,0.008766917046159506,1.1681325000245124,0.0008159169228747487,False,True,search,,0.014749958994798362,,,,,,,,,,,,,,,,,,
nhanes_real,0,v3,dsr_full_euclidean,0.05,419,decoded_naive,decoded_banded,euclidean,True,237582,246880,0.008766917046159506,1.1681325000245124,0.0008159169228747487,False,True,search,,0.011799292056821287,,,,,,,,,,,,,,,,,,
nhanes_real,0,v3,dsr_full_euclidean,0.05,420,decoded_naive,decoded_banded,euclidean,True,237582,246880,0.008766917046159506,1.1681325000245124,0.0008159169228747487,False,True,repair,failed,0.016831208020448685,False,False,True,False,0.0,3.0,"step 1 still violates after 3 repair iterations (triggered by {'immutable': False, 'non_decreasing': False, 'age_horizon': True, 'directional': False})",,,,,,,,,,,
nhanes_real,0,v3,dsr_full_euclidean,0.05,421,decoded_naive,decoded_banded,euclidean,True,237582,246880,0.008766917046159506,1.1681325000245124,0.0008159169228747487,False,True,search,,0.01863399997819215,,,,,,,,,,,,,,,,,,
nhanes_real,0,v3,dsr_full_euclidean,0.05,422,decoded_naive,decoded_banded,euclidean,True,237582,246880,0.008766917046159506,1.1681325000245124,0.0008159169228747487,True,False,,clean,0.016540750046260655,,,,,0.0,0.0,,"[3086, 2066]",2.0,0.4243110120296478,False,False,False,False,False,False,-6.319308708232848,1.3001298904418945
nhanes_real,0,v3,dsr_full_euclidean,0.05,424,decoded_naive,decoded_banded,euclidean,True,237582,246880,0.008766917046159506,1.1681325000245124,0.0008159169228747487,True,False,,clean,0.019287958974018693,,,,,0.0,0.0,,"[3086, 1630]",2.0,0.6457861661911011,False,False,False,False,False,False,-6.374782420165221,1.3580094575881958
nhanes_real,0,v3,dsr_full_euclidean,0.05,426,decoded_naive,decoded_banded,euclidean,True,237582,246880,0.008766917046159506,1.1681325000245124,0.0008159169228747487,True,False,,clean,0.016993750003166497,,,,,0.0,0.0,,"[3086, 1204]",2.0,0.2568240165710449,False,False,False,False,False,False,-6.15582176965609,0.6253068447113037
nhanes_real,0,v3,dsr_full_euclidean,0.05,427,decoded_naive,decoded_banded,euclidean,True,237582,246880,0.008766917046159506,1.1681325000245124,0.0008159169228747487,True,False,,clean,0.01127116591669619,,,,,0.0,0.0,,"[3086, 964]",2.0,0.8607024550437927,False,False,False,False,False,False,-6.589763106740174,2.319697141647339
nhanes_real,0,v3,dsr_full_euclidean,0.05,428,decoded_naive,decoded_banded,euclidean,True,237582,246880,0.008766917046159506,1.1681325000245124,0.0008159169228747487,True,False,,clean,0.010198500007390976,,,,,0.0,0.0,,"[3086, 1413]",2.0,0.6140342354774475,False,False,False,False,False,False,-6.27380785053875,1.2239999771118164
nhanes_real,0,v3,dsr_full_euclidean,0.05,429,decoded_naive,decoded_banded,euclidean,True,237582,246880,0.008766917046159506,1.1681325000245124,0.0008159169228747487,True,False,,clean,0.01234454195946455,,,,,0.0,0.0,,"[3086, 1922]",2.0,0.26004090905189514,False,False,False,False,False,False,-6.165289230129342,0.8096475601196289
nhanes_real,0,v3,dsr_full_euclidean,0.05,430,decoded_naive,decoded_banded,euclidean,True,237582,246880,0.008766917046159506,1.1681325000245124,0.0008159169228747487,False,True,repair,failed,0.015981707954779267,False,False,False,True,0.0,3.0,"step 1 still violates after 3 repair iterations (triggered by {'immutable': False, 'non_decreasing': False, 'age_horizon': False, 'directional': True})",,,,,,,,,,,
nhanes_real,0,v3,dsr_full_euclidean,0.05,431,decoded_naive,decoded_banded,euclidean,True,237582,246880,0.008766917046159506,1.1681325000245124,0.0008159169228747487,True,False,,clean,0.017043791944161057,,,,,0.0,0.0,,"[3086, 1170]",2.0,0.5416918992996216,False,False,False,False,False,False,-6.6103835025488396,1.4354790449142456
nhanes_real,0,v3,dsr_full_euclidean,0.05,433,decoded_naive,decoded_banded,euclidean,True,237582,246880,0.008766917046159506,1.1681325000245124,0.0008159169228747487,False,True,repair,failed,0.015848667011596262,False,False,False,True,0.0,3.0,"step 1 still violates after 3 repair iterations (triggered by {'immutable': False, 'non_decreasing': False, 'age_horizon': False, 'directional': True})",,,,,,,,,,,
nhanes_real,0,v3,dsr_full_euclidean,0.05,434,decoded_naive,decoded_banded,euclidean,True,237582,246880,0.008766917046159506,1.1681325000245124,0.0008159169228747487,True,False,,clean,0.017891749972477555,,,,,0.0,0.0,,"[3086, 27]",2.0,0.7037013173103333,False,False,False,False,False,False,-7.042612449580709,2.311387538909912
nhanes_real,0,v3,dsr_full_euclidean,0.05,436,decoded_naive,decoded_banded,euclidean,True,237582,246880,0.008766917046159506,1.1681325000245124,0.0008159169228747487,False,True,search,,0.017386459046974778,,,,,,,,,,,,,,,,,,
nhanes_real,0,v3,dsr_full_euclidean,0.05,437,decoded_naive,decoded_banded,euclidean,True,237582,246880,0.008766917046159506,1.1681325000245124,0.0008159169228747487,False,True,search,,0.011617916985414922,,,,,,,,,,,,,,,,,,
nhanes_real,0,v3,dsr_full_euclidean,0.05,444,decoded_naive,decoded_banded,euclidean,True,237582,246880,0.008766917046159506,1.1681325000245124,0.0008159169228747487,False,True,repair,failed,0.015007958048954606,False,False,False,True,0.0,3.0,"step 1 still violates after 3 repair iterations (triggered by {'immutable': False, 'non_decreasing': False, 'age_horizon': False, 'directional': True})",,,,,,,,,,,
nhanes_real,0,v3,dsr_full_euclidean,0.05,446,decoded_naive,decoded_banded,euclidean,True,237582,246880,0.008766917046159506,1.1681325000245124,0.0008159169228747487,True,False,,clean,0.016310333041474223,,,,,0.0,0.0,,"[3086, 1509]",2.0,2.7027952671051025,False,False,False,False,False,False,-7.418826493028101,7.823613166809082
nhanes_real,0,v3,dsr_full_euclidean,0.05,448,decoded_naive,decoded_banded,euclidean,True,237582,246880,0.008766917046159506,1.1681325000245124,0.0008159169228747487,False,True,repair,failed,0.01578266592696309,False,False,False,True,0.0,3.0,"step 1 still violates after 3 repair iterations (triggered by {'immutable': False, 'non_decreasing': False, 'age_horizon': False, 'directional': True})",,,,,,,,,,,
nhanes_real,0,v3,dsr_full_euclidean,0.05,449,decoded_naive,decoded_banded,euclidean,True,237582,246880,0.008766917046159506,1.1681325000245124,0.0008159169228747487,False,True,repair,failed,0.015726250014267862,False,False,False,True,1.0,1.0,repaired terminal state is no longer low-risk,,,,,,,,,,,
nhanes_real,0,v3,dsr_full_euclidean,0.05,452,decoded_naive,decoded_banded,euclidean,True,237582,246880,0.008766917046159506,1.1681325000245124,0.0008159169228747487,False,True,repair,failed,0.01906866696663201,False,False,True,False,0.0,3.0,"step 1 still violates after 3 repair iterations (triggered by {'immutable': False, 'non_decreasing': False, 'age_horizon': True, 'directional': False})",,,,,,,,,,,
nhanes_real,0,v3,dsr_full_euclidean,0.05,454,decoded_naive,decoded_banded,euclidean,True,237582,246880,0.008766917046159506,1.1681325000245124,0.0008159169228747487,False,True,search,,0.012153874966315925,,,,,,,,,,,,,,,,,,
nhanes_real,0,v3,dsr_full_euclidean,0.05,458,decoded_naive,decoded_banded,euclidean,True,237582,246880,0.008766917046159506,1.1681325000245124,0.0008159169228747487,True,False,,clean,0.009863291983492672,,,,,0.0,0.0,,"[3086, 1518]",2.0,0.5881497859954834,False,False,False,False,False,False,-7.200431454783391,1.6073359251022339
nhanes_real,0,v3,dsr_full_euclidean,0.05,459,decoded_naive,decoded_banded,euclidean,True,237582,246880,0.008766917046159506,1.1681325000245124,0.0008159169228747487,False,True,search,,0.013381332973949611,,,,,,,,,,,,,,,,,,
nhanes_real,0,v3,dsr_full_euclidean,0.05,460,decoded_naive,decoded_banded,euclidean,True,237582,246880,0.008766917046159506,1.1681325000245124,0.0008159169228747487,False,True,search,,0.01668916700873524,,,,,,,,,,,,,,,,,,
nhanes_real,0,v3,dsr_full_euclidean,0.05,461,decoded_naive,decoded_banded,euclidean,True,237582,246880,0.008766917046159506,1.1681325000245124,0.0008159169228747487,False,True,search,,0.01688766700681299,,,,,,,,,,,,,,,,,,
nhanes_real,0,v3,dsr_full_euclidean,0.05,463,decoded_naive,decoded_banded,euclidean,True,237582,246880,0.008766917046159506,1.1681325000245124,0.0008159169228747487,False,True,repair,failed,0.01815983303822577,False,False,True,False,0.0,3.0,"step 1 still violates after 3 repair iterations (triggered by {'immutable': False, 'non_decreasing': False, 'age_horizon': True, 'directional': False})",,,,,,,,,,,
nhanes_real,0,v3,dsr_full_euclidean,0.05,464,decoded_naive,decoded_banded,euclidean,True,237582,246880,0.008766917046159506,1.1681325000245124,0.0008159169228747487,False,True,repair,failed,0.016965916962362826,False,True,False,False,0.0,3.0,"step 1 still violates after 3 repair iterations (triggered by {'immutable': False, 'non_decreasing': True, 'age_horizon': False, 'directional': False})",,,,,,,,,,,
nhanes_real,0,v3,dsr_full_euclidean,0.05,466,decoded_naive,decoded_banded,euclidean,True,237582,246880,0.008766917046159506,1.1681325000245124,0.0008159169228747487,True,False,,clean,0.014524124911986291,,,,,0.0,0.0,,"[3086, 61]",2.0,0.6758489012718201,False,False,False,False,False,False,-6.341826458335849,1.708284616470337
nhanes_real,0,v3,dsr_full_euclidean,0.05,468,decoded_naive,decoded_banded,euclidean,True,237582,246880,0.008766917046159506,1.1681325000245124,0.0008159169228747487,False,True,repair,failed,0.012409540941007435,False,False,True,False,0.0,3.0,"step 1 still violates after 3 repair iterations (triggered by {'immutable': False, 'non_decreasing': False, 'age_horizon': True, 'directional': False})",,,,,,,,,,,
nhanes_real,0,v3,dsr_full_euclidean,0.05,469,decoded_naive,decoded_banded,euclidean,True,237582,246880,0.008766917046159506,1.1681325000245124,0.0008159169228747487,False,True,search,,0.01544579106848687,,,,,,,,,,,,,,,,,,
nhanes_real,0,v3,dsr_full_euclidean,0.05,475,decoded_naive,decoded_banded,euclidean,True,237582,246880,0.008766917046159506,1.1681325000245124,0.0008159169228747487,False,True,search,,0.016264874953776598,,,,,,,,,,,,,,,,,,
nhanes_real,0,v3,dsr_full_euclidean,0.05,476,decoded_naive,decoded_banded,euclidean,True,237582,246880,0.008766917046159506,1.1681325000245124,0.0008159169228747487,False,True,search,,0.016653166967444122,,,,,,,,,,,,,,,,,,
nhanes_real,0,v3,dsr_full_euclidean,0.05,477,decoded_naive,decoded_banded,euclidean,True,237582,246880,0.008766917046159506,1.1681325000245124,0.0008159169228747487,False,True,search,,0.019126290921121836,,,,,,,,,,,,,,,,,,
nhanes_real,0,v3,dsr_full_euclidean,0.05,482,decoded_naive,decoded_banded,euclidean,True,237582,246880,0.008766917046159506,1.1681325000245124,0.0008159169228747487,False,True,repair,failed,0.017778332927264273,False,False,False,True,0.0,3.0,"step 1 still violates after 3 repair iterations (triggered by {'immutable': False, 'non_decreasing': False, 'age_horizon': False, 'directional': True})",,,,,,,,,,,
nhanes_real,0,v3,dsr_full_euclidean,0.05,483,decoded_naive,decoded_banded,euclidean,True,237582,246880,0.008766917046159506,1.1681325000245124,0.0008159169228747487,False,True,search,,0.010904041933827102,,,,,,,,,,,,,,,,,,
nhanes_real,0,v3,dsr_full_euclidean,0.05,484,decoded_naive,decoded_banded,euclidean,True,237582,246880,0.008766917046159506,1.1681325000245124,0.0008159169228747487,True,False,,clean,0.014474792056716979,,,,,0.0,0.0,,"[3086, 1509]",2.0,1.203490138053894,False,False,False,False,False,False,-7.297816277358213,3.362243890762329
nhanes_real,0,v3,dsr_full_euclidean,0.05,489,decoded_naive,decoded_banded,euclidean,True,237582,246880,0.008766917046159506,1.1681325000245124,0.0008159169228747487,False,True,search,,0.01661391695961356,,,,,,,,,,,,,,,,,,
nhanes_real,0,v3,dsr_full_euclidean,0.05,490,decoded_naive,decoded_banded,euclidean,True,237582,246880,0.008766917046159506,1.1681325000245124,0.0008159169228747487,False,True,repair,failed,0.016767750028520823,False,False,False,True,0.0,3.0,"step 1 still violates after 3 repair iterations (triggered by {'immutable': False, 'non_decreasing': False, 'age_horizon': False, 'directional': True})",,,,,,,,,,,
nhanes_real,0,v3,dsr_full_euclidean,0.05,491,decoded_naive,decoded_banded,euclidean,True,237582,246880,0.008766917046159506,1.1681325000245124,0.0008159169228747487,False,True,repair,failed,0.017129666986875236,False,False,True,True,0.0,3.0,"step 1 still violates after 3 repair iterations (triggered by {'immutable': False, 'non_decreasing': False, 'age_horizon': True, 'directional': True})",,,,,,,,,,,
nhanes_real,0,v3,dsr_full_euclidean,0.05,497,decoded_naive,decoded_banded,euclidean,True,237582,246880,0.008766917046159506,1.1681325000245124,0.0008159169228747487,True,False,,clean,0.016753167030401528,,,,,0.0,0.0,,"[3086, 1509]",2.0,2.734090566635132,False,False,False,False,False,False,-7.511098100274413,8.261236190795898
nhanes_real,0,v3,dsr_full_euclidean,0.05,502,decoded_naive,decoded_banded,euclidean,True,237582,246880,0.008766917046159506,1.1681325000245124,0.0008159169228747487,False,True,search,,0.013602750026620924,,,,,,,,,,,,,,,,,,
nhanes_real,0,v3,dsr_full_euclidean,0.05,516,decoded_naive,decoded_banded,euclidean,True,237582,246880,0.008766917046159506,1.1681325000245124,0.0008159169228747487,False,True,search,,0.011078541981987655,,,,,,,,,,,,,,,,,,
nhanes_real,0,v3,dsr_full_euclidean,0.05,518,decoded_naive,decoded_banded,euclidean,True,237582,246880,0.008766917046159506,1.1681325000245124,0.0008159169228747487,True,False,,clean,0.015396333998069167,,,,,0.0,0.0,,"[3086, 61]",2.0,3.733670234680176,False,False,False,False,False,False,-7.639464319439542,10.017983436584473
nhanes_real,0,v3,dsr_full_euclidean,0.05,521,decoded_naive,decoded_banded,euclidean,True,237582,246880,0.008766917046159506,1.1681325000245124,0.0008159169228747487,True,False,,clean,0.01597225002478808,,,,,0.0,0.0,,"[3086, 1587]",2.0,0.7866194248199463,False,False,False,False,False,False,-6.790729537879432,3.384165048599243
nhanes_real,0,v3,dsr_full_euclidean,0.05,524,decoded_naive,decoded_banded,euclidean,True,237582,246880,0.008766917046159506,1.1681325000245124,0.0008159169228747487,False,True,search,,0.015288708033040166,,,,,,,,,,,,,,,,,,
nhanes_real,0,v3,dsr_full_euclidean,0.05,527,decoded_naive,decoded_banded,euclidean,True,237582,246880,0.008766917046159506,1.1681325000245124,0.0008159169228747487,True,False,,clean,0.015945125021971762,,,,,0.0,0.0,,"[3086, 1443]",2.0,2.051144599914551,False,False,False,False,False,False,-6.780148969204555,4.688948154449463
nhanes_real,0,v3,dsr_full_euclidean,0.05,529,decoded_naive,decoded_banded,euclidean,True,237582,246880,0.008766917046159506,1.1681325000245124,0.0008159169228747487,True,False,,clean,0.017226124997250736,,,,,0.0,0.0,,"[3086, 846]",2.0,1.1597708463668823,False,False,False,False,False,False,-7.058468181028905,3.5451698303222656
nhanes_real,0,v3,dsr_full_euclidean,0.05,530,decoded_naive,decoded_banded,euclidean,True,237582,246880,0.008766917046159506,1.1681325000245124,0.0008159169228747487,True,False,,clean,0.010948791983537376,,,,,0.0,0.0,,"[3086, 964]",2.0,1.3514381647109985,False,False,False,False,False,False,-6.57123751151378,3.7968101501464844
nhanes_real,0,v3,dsr_full_euclidean,0.05,531,decoded_naive,decoded_banded,euclidean,True,237582,246880,0.008766917046159506,1.1681325000245124,0.0008159169228747487,False,True,repair,failed,0.01539941702503711,False,False,False,True,0.0,3.0,"step 1 still violates after 3 repair iterations (triggered by {'immutable': False, 'non_decreasing': False, 'age_horizon': False, 'directional': True})",,,,,,,,,,,
nhanes_real,0,v3,dsr_full_euclidean,0.05,535,decoded_naive,decoded_banded,euclidean,True,237582,246880,0.008766917046159506,1.1681325000245124,0.0008159169228747487,False,True,search,,0.01562662492506206,,,,,,,,,,,,,,,,,,
nhanes_real,0,v3,dsr_full_euclidean,0.05,536,decoded_naive,decoded_banded,euclidean,True,237582,246880,0.008766917046159506,1.1681325000245124,0.0008159169228747487,False,True,repair,failed,0.015239833039231598,False,False,False,True,0.0,3.0,"step 1 still violates after 3 repair iterations (triggered by {'immutable': False, 'non_decreasing': False, 'age_horizon': False, 'directional': True})",,,,,,,,,,,
nhanes_real,0,v3,dsr_full_euclidean,0.05,537,decoded_naive,decoded_banded,euclidean,True,237582,246880,0.008766917046159506,1.1681325000245124,0.0008159169228747487,False,True,repair,failed,0.01736179192084819,False,False,False,True,0.0,3.0,"step 1 still violates after 3 repair iterations (triggered by {'immutable': False, 'non_decreasing': False, 'age_horizon': False, 'directional': True})",,,,,,,,,,,
nhanes_real,0,v3,dsr_full_euclidean,0.05,544,decoded_naive,decoded_banded,euclidean,True,237582,246880,0.008766917046159506,1.1681325000245124,0.0008159169228747487,True,False,,clean,0.01798416709061712,,,,,0.0,0.0,,"[3086, 1443]",2.0,0.706641674041748,False,False,False,False,False,False,-6.796019679679572,1.9053642749786377
nhanes_real,0,v3,dsr_full_euclidean,0.05,549,decoded_naive,decoded_banded,euclidean,True,237582,246880,0.008766917046159506,1.1681325000245124,0.0008159169228747487,False,True,repair,failed,0.012362416950054467,False,False,True,False,1.0,1.0,repaired terminal state is no longer low-risk,,,,,,,,,,,
nhanes_real,0,v3,dsr_full_euclidean,0.05,550,decoded_naive,decoded_banded,euclidean,True,237582,246880,0.008766917046159506,1.1681325000245124,0.0008159169228747487,False,True,search,,0.011539874947629869,,,,,,,,,,,,,,,,,,
nhanes_real,0,v3,dsr_full_euclidean,0.05,555,decoded_naive,decoded_banded,euclidean,True,237582,246880,0.008766917046159506,1.1681325000245124,0.0008159169228747487,False,True,search,,0.01568616705480963,,,,,,,,,,,,,,,,,,
nhanes_real,0,v3,dsr_full_euclidean,0.05,556,decoded_naive,decoded_banded,euclidean,True,237582,246880,0.008766917046159506,1.1681325000245124,0.0008159169228747487,True,False,,clean,0.01713504095096141,,,,,0.0,0.0,,"[3086, 1509]",2.0,2.737224578857422,False,False,False,False,False,False,-8.199924459417929,11.388944625854492
nhanes_real,0,v3,dsr_full_euclidean,0.05,557,decoded_naive,decoded_banded,euclidean,True,237582,246880,0.008766917046159506,1.1681325000245124,0.0008159169228747487,False,True,repair,failed,0.017538374988362193,False,False,True,True,0.0,3.0,"step 1 still violates after 3 repair iterations (triggered by {'immutable': False, 'non_decreasing': False, 'age_horizon': True, 'directional': True})",,,,,,,,,,,
nhanes_real,0,v3,dsr_full_euclidean,0.05,558,decoded_naive,decoded_banded,euclidean,True,237582,246880,0.008766917046159506,1.1681325000245124,0.0008159169228747487,False,True,search,,0.01702712499536574,,,,,,,,,,,,,,,,,,
nhanes_real,0,v3,dsr_full_euclidean,0.05,562,decoded_naive,decoded_banded,euclidean,True,237582,246880,0.008766917046159506,1.1681325000245124,0.0008159169228747487,True,False,,clean,0.01619491702876985,,,,,0.0,0.0,,"[3086, 1509]",2.0,1.8040099143981934,False,False,False,False,False,False,-7.192195606389548,5.224312782287598
nhanes_real,0,v3,dsr_full_euclidean,0.05,564,decoded_naive,decoded_banded,euclidean,True,237582,246880,0.008766917046159506,1.1681325000245124,0.0008159169228747487,True,False,,clean,0.00977237499319017,,,,,0.0,0.0,,"[3086, 1443]",2.0,2.5247275829315186,False,False,False,False,False,False,-7.1262163046032025,7.73037052154541
nhanes_real,0,v3,dsr_full_euclidean,0.05,567,decoded_naive,decoded_banded,euclidean,True,237582,246880,0.008766917046159506,1.1681325000245124,0.0008159169228747487,True,False,,clean,0.009633917012251914,,,,,0.0,0.0,,"[3086, 964]",2.0,2.184328556060791,False,False,False,False,False,False,-6.7867301858742755,6.102267265319824
nhanes_real,0,v3,dsr_full_euclidean,0.05,568,decoded_naive,decoded_banded,euclidean,True,237582,246880,0.008766917046159506,1.1681325000245124,0.0008159169228747487,True,False,,clean,0.010759374941699207,,,,,0.0,0.0,,"[3086, 1443]",2.0,1.7733752727508545,False,False,False,False,False,False,-6.843979222754369,5.113482475280762
nhanes_real,0,v3,dsr_full_euclidean,0.05,569,decoded_naive,decoded_banded,euclidean,True,237582,246880,0.008766917046159506,1.1681325000245124,0.0008159169228747487,False,True,search,,0.010595832951366901,,,,,,,,,,,,,,,,,,
nhanes_real,0,v3,dsr_full_euclidean,0.05,579,decoded_naive,decoded_banded,euclidean,True,237582,246880,0.008766917046159506,1.1681325000245124,0.0008159169228747487,True,False,,clean,0.010319040971808136,,,,,0.0,0.0,,"[3086, 964]",2.0,1.9096084833145142,False,False,False,False,False,False,-6.737832896657874,5.297226905822754
nhanes_real,0,v3,dsr_full_euclidean,0.05,580,decoded_naive,decoded_banded,euclidean,True,237582,246880,0.008766917046159506,1.1681325000245124,0.0008159169228747487,False,True,repair,failed,0.011137832887470722,False,False,False,True,0.0,3.0,"step 1 still violates after 3 repair iterations (triggered by {'immutable': False, 'non_decreasing': False, 'age_horizon': False, 'directional': True})",,,,,,,,,,,
nhanes_real,0,v3,dsr_full_euclidean,0.05,582,decoded_naive,decoded_banded,euclidean,True,237582,246880,0.008766917046159506,1.1681325000245124,0.0008159169228747487,False,True,search,,0.010493583977222443,,,,,,,,,,,,,,,,,,
nhanes_real,0,v3,dsr_full_euclidean,0.05,585,decoded_naive,decoded_banded,euclidean,True,237582,246880,0.008766917046159506,1.1681325000245124,0.0008159169228747487,True,False,,clean,0.011394333094358444,,,,,0.0,0.0,,"[3086, 274]",2.0,1.999510645866394,False,False,False,False,False,False,-6.69763002555039,5.740396022796631
nhanes_real,0,v3,dsr_full_euclidean,0.05,586,decoded_naive,decoded_banded,euclidean,True,237582,246880,0.008766917046159506,1.1681325000245124,0.0008159169228747487,True,False,,clean,0.011002332903444767,,,,,0.0,0.0,,"[3086, 1630]",2.0,0.4773072600364685,False,False,False,False,False,False,-6.319200015168996,1.167599081993103
nhanes_real,0,v3,dsr_full_euclidean,0.05,587,decoded_naive,decoded_banded,euclidean,True,237582,246880,0.008766917046159506,1.1681325000245124,0.0008159169228747487,True,False,,clean,0.012684083892963827,,,,,0.0,0.0,,"[3086, 1443]",2.0,1.2973692417144775,False,False,False,False,False,False,-6.715433767459192,3.504995822906494
nhanes_real,0,v3,dsr_full_euclidean,0.05,590,decoded_naive,decoded_banded,euclidean,True,237582,246880,0.008766917046159506,1.1681325000245124,0.0008159169228747487,False,True,search,,0.011036416050046682,,,,,,,,,,,,,,,,,,
nhanes_real,0,v3,dsr_full_euclidean,0.05,594,decoded_naive,decoded_banded,euclidean,True,237582,246880,0.008766917046159506,1.1681325000245124,0.0008159169228747487,False,True,search,,0.010210999986156821,,,,,,,,,,,,,,,,,,
nhanes_real,0,v3,dsr_full_euclidean,0.05,599,decoded_naive,decoded_banded,euclidean,True,237582,246880,0.008766917046159506,1.1681325000245124,0.0008159169228747487,False,True,search,,0.010232207947410643,,,,,,,,,,,,,,,,,,
nhanes_real,0,v3,dsr_full_euclidean,0.05,600,decoded_naive,decoded_banded,euclidean,True,237582,246880,0.008766917046159506,1.1681325000245124,0.0008159169228747487,True,False,,clean,0.010323041933588684,,,,,0.0,0.0,,"[3086, 1587]",2.0,2.5317928791046143,False,False,False,False,False,False,-8.61044835327091,14.712480545043945
nhanes_real,0,v3,dsr_full_euclidean,0.05,601,decoded_naive,decoded_banded,euclidean,True,237582,246880,0.008766917046159506,1.1681325000245124,0.0008159169228747487,False,True,search,,0.010249832994304597,,,,,,,,,,,,,,,,,,
nhanes_real,0,v3,dsr_full_euclidean,0.05,602,decoded_naive,decoded_banded,euclidean,True,237582,246880,0.008766917046159506,1.1681325000245124,0.0008159169228747487,False,True,search,,0.010434958036057651,,,,,,,,,,,,,,,,,,
nhanes_real,0,v3,dsr_full_euclidean,0.05,605,decoded_naive,decoded_banded,euclidean,True,237582,246880,0.008766917046159506,1.1681325000245124,0.0008159169228747487,False,True,repair,failed,0.011149000027216971,False,False,False,True,0.0,3.0,"step 1 still violates after 3 repair iterations (triggered by {'immutable': False, 'non_decreasing': False, 'age_horizon': False, 'directional': True})",,,,,,,,,,,
nhanes_real,0,v3,dsr_full_euclidean,0.05,607,decoded_naive,decoded_banded,euclidean,True,237582,246880,0.008766917046159506,1.1681325000245124,0.0008159169228747487,False,True,repair,failed,0.010776292067021132,False,False,False,True,0.0,3.0,"step 1 still violates after 3 repair iterations (triggered by {'immutable': False, 'non_decreasing': False, 'age_horizon': False, 'directional': True})",,,,,,,,,,,
nhanes_real,0,v3,dsr_full_euclidean,0.05,613,decoded_naive,decoded_banded,euclidean,True,237582,246880,0.008766917046159506,1.1681325000245124,0.0008159169228747487,True,False,,clean,0.010371999931521714,,,,,0.0,0.0,,"[3086, 964]",2.0,2.1688387393951416,False,False,False,False,False,False,-6.827514536060316,6.225505828857422
nhanes_real,0,v3,dsr_full_euclidean,0.05,614,decoded_naive,decoded_banded,euclidean,True,237582,246880,0.008766917046159506,1.1681325000245124,0.0008159169228747487,False,True,search,,0.01172233303077519,,,,,,,,,,,,,,,,,,
nhanes_real,0,v3,dsr_full_euclidean,0.05,616,decoded_naive,decoded_banded,euclidean,True,237582,246880,0.008766917046159506,1.1681325000245124,0.0008159169228747487,False,True,repair,failed,0.01724941609427333,False,False,True,False,0.0,3.0,"step 1 still violates after 3 repair iterations (triggered by {'immutable': False, 'non_decreasing': False, 'age_horizon': True, 'directional': False})",,,,,,,,,,,
nhanes_real,0,v3,dsr_full_euclidean,0.05,618,decoded_naive,decoded_banded,euclidean,True,237582,246880,0.008766917046159506,1.1681325000245124,0.0008159169228747487,False,True,repair,failed,0.016092499950900674,False,False,False,True,0.0,3.0,"step 1 still violates after 3 repair iterations (triggered by {'immutable': False, 'non_decreasing': False, 'age_horizon': False, 'directional': True})",,,,,,,,,,,
nhanes_real,0,v3,dsr_full_euclidean,0.05,620,decoded_naive,decoded_banded,euclidean,True,237582,246880,0.008766917046159506,1.1681325000245124,0.0008159169228747487,True,False,,clean,0.013881790917366743,,,,,0.0,0.0,,"[3086, 2497]",2.0,0.7937535047531128,False,False,False,False,False,False,-8.935324114931632,4.0292277336120605
nhanes_real,0,v3,dsr_full_euclidean,0.05,621,decoded_naive,decoded_banded,euclidean,True,237582,246880,0.008766917046159506,1.1681325000245124,0.0008159169228747487,True,False,,clean,0.01124604104552418,,,,,0.0,0.0,,"[3086, 933]",2.0,1.0364264249801636,False,False,False,False,False,False,-7.027493673916023,3.0571749210357666
nhanes_real,0,v3,dsr_full_euclidean,0.05,624,decoded_naive,decoded_banded,euclidean,True,237582,246880,0.008766917046159506,1.1681325000245124,0.0008159169228747487,True,False,,clean,0.011124667013064027,,,,,0.0,0.0,,"[3086, 1576]",2.0,0.9127228856086731,False,False,False,False,False,False,-6.579677283223573,2.7604286670684814
nhanes_real,0,v3,dsr_full_euclidean,0.05,627,decoded_naive,decoded_banded,euclidean,True,237582,246880,0.008766917046159506,1.1681325000245124,0.0008159169228747487,True,False,,clean,0.011065500089898705,,,,,0.0,0.0,,"[3086, 986]",2.0,0.4318488538265228,False,False,False,False,False,False,-6.062350927367069,0.8846731781959534
nhanes_real,0,v3,dsr_full_euclidean,0.05,628,decoded_naive,decoded_banded,euclidean,True,237582,246880,0.008766917046159506,1.1681325000245124,0.0008159169228747487,False,True,search,,0.011415709042921662,,,,,,,,,,,,,,,,,,
nhanes_real,0,v3,dsr_full_euclidean,0.05,629,decoded_naive,decoded_banded,euclidean,True,237582,246880,0.008766917046159506,1.1681325000245124,0.0008159169228747487,True,False,,clean,0.011486083036288619,,,,,0.0,0.0,,"[3086, 1890]",2.0,0.21601468324661255,False,False,False,False,False,False,-6.16967551441412,0.6250611543655396
nhanes_real,0,v3,dsr_full_euclidean,0.05,630,decoded_naive,decoded_banded,euclidean,True,237582,246880,0.008766917046159506,1.1681325000245124,0.0008159169228747487,False,True,search,,0.009675625013187528,,,,,,,,,,,,,,,,,,
nhanes_real,0,v3,dsr_full_euclidean,0.05,631,decoded_naive,decoded_banded,euclidean,True,237582,246880,0.008766917046159506,1.1681325000245124,0.0008159169228747487,True,False,,clean,0.009416916989721358,,,,,0.0,0.0,,"[3086, 2647]",2.0,0.45338889956474304,False,False,False,False,False,False,-7.081128565418134,2.245652914047241
nhanes_real,0,v3,dsr_full_euclidean,0.05,633,decoded_naive,decoded_banded,euclidean,True,237582,246880,0.008766917046159506,1.1681325000245124,0.0008159169228747487,False,True,search,,0.012246124912053347,,,,,,,,,,,,,,,,,,
nhanes_real,0,v3,dsr_full_euclidean,0.05,634,decoded_naive,decoded_banded,euclidean,True,237582,246880,0.008766917046159506,1.1681325000245124,0.0008159169228747487,True,False,,clean,0.016530665918253362,,,,,0.0,0.0,,"[3086, 161]",2.0,0.6891390085220337,False,False,False,False,False,False,-6.772230835632101,2.9253101348876953
nhanes_real,0,v3,dsr_full_euclidean,0.05,635,decoded_naive,decoded_banded,euclidean,True,237582,246880,0.008766917046159506,1.1681325000245124,0.0008159169228747487,False,True,repair,failed,0.015815500053577125,False,False,True,True,0.0,3.0,"step 1 still violates after 3 repair iterations (triggered by {'immutable': False, 'non_decreasing': False, 'age_horizon': True, 'directional': True})",,,,,,,,,,,
nhanes_real,0,v3,dsr_full_euclidean,0.05,637,decoded_naive,decoded_banded,euclidean,True,237582,246880,0.008766917046159506,1.1681325000245124,0.0008159169228747487,False,True,repair,failed,0.017207334050908685,False,False,True,False,0.0,3.0,"step 1 still violates after 3 repair iterations (triggered by {'immutable': False, 'non_decreasing': False, 'age_horizon': True, 'directional': False})",,,,,,,,,,,
nhanes_real,0,v3,dsr_full_euclidean,0.05,642,decoded_naive,decoded_banded,euclidean,True,237582,246880,0.008766917046159506,1.1681325000245124,0.0008159169228747487,False,True,search,,0.01784595800563693,,,,,,,,,,,,,,,,,,
nhanes_real,0,v3,dsr_full_euclidean,0.05,643,decoded_naive,decoded_banded,euclidean,True,237582,246880,0.008766917046159506,1.1681325000245124,0.0008159169228747487,False,True,search,,0.016522624995559454,,,,,,,,,,,,,,,,,,
nhanes_real,0,v3,dsr_full_euclidean,0.05,644,decoded_naive,decoded_banded,euclidean,True,237582,246880,0.008766917046159506,1.1681325000245124,0.0008159169228747487,False,True,repair,failed,0.013307917048223317,False,False,True,False,1.0,1.0,repaired terminal state is no longer low-risk,,,,,,,,,,,
nhanes_real,0,v3,dsr_full_euclidean,0.05,647,decoded_naive,decoded_banded,euclidean,True,237582,246880,0.008766917046159506,1.1681325000245124,0.0008159169228747487,False,True,repair,failed,0.016308207996189594,False,False,True,False,0.0,3.0,"step 1 still violates after 3 repair iterations (triggered by {'immutable': False, 'non_decreasing': False, 'age_horizon': True, 'directional': False})",,,,,,,,,,,
nhanes_real,0,v3,dsr_full_euclidean,0.05,655,decoded_naive,decoded_banded,euclidean,True,237582,246880,0.008766917046159506,1.1681325000245124,0.0008159169228747487,False,True,search,,0.015955874929204583,,,,,,,,,,,,,,,,,,
nhanes_real,0,v3,dsr_full_euclidean,0.05,660,decoded_naive,decoded_banded,euclidean,True,237582,246880,0.008766917046159506,1.1681325000245124,0.0008159169228747487,True,False,,clean,0.016125082969665527,,,,,0.0,0.0,,"[3086, 1576]",2.0,0.26115646958351135,False,False,False,False,False,False,-6.379894593271164,0.8524433374404907
nhanes_real,0,v3,dsr_full_euclidean,0.05,662,decoded_naive,decoded_banded,euclidean,True,237582,246880,0.008766917046159506,1.1681325000245124,0.0008159169228747487,False,True,repair,failed,0.014707333059050143,False,False,True,True,0.0,3.0,"step 1 still violates after 3 repair iterations (triggered by {'immutable': False, 'non_decreasing': False, 'age_horizon': True, 'directional': True})",,,,,,,,,,,
nhanes_real,0,v3,dsr_full_euclidean,0.05,664,decoded_naive,decoded_banded,euclidean,True,237582,246880,0.008766917046159506,1.1681325000245124,0.0008159169228747487,True,False,,clean,0.01024129195138812,,,,,0.0,0.0,,"[3086, 2938]",2.0,2.4203615188598633,False,False,False,False,False,False,-8.528062126023917,13.461189270019531
nhanes_real,0,v3,dsr_full_euclidean,0.05,665,decoded_naive,decoded_banded,euclidean,True,237582,246880,0.008766917046159506,1.1681325000245124,0.0008159169228747487,True,False,,clean,0.012389999930746853,,,,,0.0,0.0,,"[3086, 1509]",2.0,2.3136022090911865,False,False,False,False,False,False,-7.232892228069936,6.431374549865723
nhanes_real,0,v3,dsr_full_euclidean,0.05,668,decoded_naive,decoded_banded,euclidean,True,237582,246880,0.008766917046159506,1.1681325000245124,0.0008159169228747487,False,True,search,,0.01765754190273583,,,,,,,,,,,,,,,,,,
nhanes_real,0,v3,dsr_full_euclidean,0.05,671,decoded_naive,decoded_banded,euclidean,True,237582,246880,0.008766917046159506,1.1681325000245124,0.0008159169228747487,False,True,repair,failed,0.017615374992601573,False,False,False,True,0.0,3.0,"step 1 still violates after 3 repair iterations (triggered by {'immutable': False, 'non_decreasing': False, 'age_horizon': False, 'directional': True})",,,,,,,,,,,
nhanes_real,0,v3,dsr_full_euclidean,0.05,679,decoded_naive,decoded_banded,euclidean,True,237582,246880,0.008766917046159506,1.1681325000245124,0.0008159169228747487,False,True,search,,0.01446441700682044,,,,,,,,,,,,,,,,,,
nhanes_real,0,v3,dsr_full_euclidean,0.05,684,decoded_naive,decoded_banded,euclidean,True,237582,246880,0.008766917046159506,1.1681325000245124,0.0008159169228747487,True,False,,clean,0.0172927500680089,,,,,0.0,0.0,,"[3086, 1509]",2.0,1.9493173360824585,False,False,False,False,False,False,-7.214354743427431,5.761131763458252
nhanes_real,0,v3,dsr_full_euclidean,0.05,687,decoded_naive,decoded_banded,euclidean,True,237582,246880,0.008766917046159506,1.1681325000245124,0.0008159169228747487,False,True,repair,failed,0.017358875018544495,False,False,False,True,0.0,3.0,"step 1 still violates after 3 repair iterations (triggered by {'immutable': False, 'non_decreasing': False, 'age_horizon': False, 'directional': True})",,,,,,,,,,,
nhanes_real,0,v3,dsr_full_euclidean,0.05,690,decoded_naive,decoded_banded,euclidean,True,237582,246880,0.008766917046159506,1.1681325000245124,0.0008159169228747487,True,False,,clean,0.011276165954768658,,,,,0.0,0.0,,"[3086, 964]",2.0,1.2520461082458496,False,False,False,False,False,False,-6.559706832782262,3.5447137355804443
nhanes_real,0,v3,dsr_full_euclidean,0.05,694,decoded_naive,decoded_banded,euclidean,True,237582,246880,0.008766917046159506,1.1681325000245124,0.0008159169228747487,False,True,search,,0.015958874952048063,,,,,,,,,,,,,,,,,,
nhanes_real,0,v3,dsr_full_euclidean,0.05,695,decoded_naive,decoded_banded,euclidean,True,237582,246880,0.008766917046159506,1.1681325000245124,0.0008159169228747487,False,True,repair,failed,0.017360624973662198,False,False,False,True,0.0,3.0,"step 1 still violates after 3 repair iterations (triggered by {'immutable': False, 'non_decreasing': False, 'age_horizon': False, 'directional': True})",,,,,,,,,,,
nhanes_real,0,v3,dsr_full_euclidean,0.05,698,decoded_naive,decoded_banded,euclidean,True,237582,246880,0.008766917046159506,1.1681325000245124,0.0008159169228747487,False,True,search,,0.01586108305491507,,,,,,,,,,,,,,,,,,
nhanes_real,0,v3,dsr_full_euclidean,0.05,699,decoded_naive,decoded_banded,euclidean,True,237582,246880,0.008766917046159506,1.1681325000245124,0.0008159169228747487,False,True,search,,0.012059833970852196,,,,,,,,,,,,,,,,,,
nhanes_real,0,v3,dsr_full_euclidean,0.05,700,decoded_naive,decoded_banded,euclidean,True,237582,246880,0.008766917046159506,1.1681325000245124,0.0008159169228747487,False,True,repair,failed,0.010491917026229203,False,False,False,True,0.0,3.0,"step 1 still violates after 3 repair iterations (triggered by {'immutable': False, 'non_decreasing': False, 'age_horizon': False, 'directional': True})",,,,,,,,,,,
nhanes_real,0,v3,dsr_full_euclidean,0.05,703,decoded_naive,decoded_banded,euclidean,True,237582,246880,0.008766917046159506,1.1681325000245124,0.0008159169228747487,False,True,search,,0.009266459033824503,,,,,,,,,,,,,,,,,,
nhanes_real,0,v3,dsr_full_euclidean,0.05,705,decoded_naive,decoded_banded,euclidean,True,237582,246880,0.008766917046159506,1.1681325000245124,0.0008159169228747487,False,True,search,,0.009671542095020413,,,,,,,,,,,,,,,,,,
nhanes_real,0,v3,dsr_full_euclidean,0.05,707,decoded_naive,decoded_banded,euclidean,True,237582,246880,0.008766917046159506,1.1681325000245124,0.0008159169228747487,False,True,search,,0.0098998750327155,,,,,,,,,,,,,,,,,,
nhanes_real,0,v3,dsr_full_euclidean,0.05,708,decoded_naive,decoded_banded,euclidean,True,237582,246880,0.008766917046159506,1.1681325000245124,0.0008159169228747487,True,False,,clean,0.009286792017519474,,,,,0.0,0.0,,"[3086, 1509]",2.0,2.9052741527557373,False,False,False,False,False,False,-8.934021487799425,13.897714614868164
nhanes_real,0,v3,dsr_full_euclidean,0.05,709,decoded_naive,decoded_banded,euclidean,True,237582,246880,0.008766917046159506,1.1681325000245124,0.0008159169228747487,False,True,repair,failed,0.012503666919656098,False,False,False,True,0.0,3.0,"step 1 still violates after 3 repair iterations (triggered by {'immutable': False, 'non_decreasing': False, 'age_horizon': False, 'directional': True})",,,,,,,,,,,
nhanes_real,0,v3,dsr_full_euclidean,0.05,710,decoded_naive,decoded_banded,euclidean,True,237582,246880,0.008766917046159506,1.1681325000245124,0.0008159169228747487,False,True,search,,0.0157442920608446,,,,,,,,,,,,,,,,,,
nhanes_real,0,v3,dsr_full_euclidean,0.05,711,decoded_naive,decoded_banded,euclidean,True,237582,246880,0.008766917046159506,1.1681325000245124,0.0008159169228747487,False,True,repair,failed,0.017040374921634793,False,False,False,True,0.0,3.0,"step 1 still violates after 3 repair iterations (triggered by {'immutable': False, 'non_decreasing': False, 'age_horizon': False, 'directional': True})",,,,,,,,,,,
nhanes_real,0,v3,dsr_full_euclidean,0.05,712,decoded_naive,decoded_banded,euclidean,True,237582,246880,0.008766917046159506,1.1681325000245124,0.0008159169228747487,False,True,search,,0.015470958896912634,,,,,,,,,,,,,,,,,,
nhanes_real,0,v3,dsr_full_euclidean,0.05,713,decoded_naive,decoded_banded,euclidean,True,237582,246880,0.008766917046159506,1.1681325000245124,0.0008159169228747487,False,True,repair,failed,0.01700620900373906,False,False,False,True,1.0,1.0,repaired terminal state is no longer low-risk,,,,,,,,,,,
nhanes_real,0,v3,dsr_full_euclidean,0.05,716,decoded_naive,decoded_banded,euclidean,True,237582,246880,0.008766917046159506,1.1681325000245124,0.0008159169228747487,False,True,repair,failed,0.01713887497317046,False,False,False,True,0.0,3.0,"step 1 still violates after 3 repair iterations (triggered by {'immutable': False, 'non_decreasing': False, 'age_horizon': False, 'directional': True})",,,,,,,,,,,
nhanes_real,0,v3,dsr_full_euclidean,0.05,718,decoded_naive,decoded_banded,euclidean,True,237582,246880,0.008766917046159506,1.1681325000245124,0.0008159169228747487,False,True,repair,failed,0.011678249924443662,False,True,False,False,0.0,3.0,"step 1 still violates after 3 repair iterations (triggered by {'immutable': False, 'non_decreasing': True, 'age_horizon': False, 'directional': False})",,,,,,,,,,,
nhanes_real,0,v3,dsr_full_euclidean,0.05,719,decoded_naive,decoded_banded,euclidean,True,237582,246880,0.008766917046159506,1.1681325000245124,0.0008159169228747487,True,False,,clean,0.014810250024311244,,,,,0.0,0.0,,"[3086, 3011]",2.0,0.8001368045806885,False,False,False,False,False,False,-7.159174878524025,3.196704387664795
nhanes_real,0,v3,dsr_full_euclidean,0.05,720,decoded_naive,decoded_banded,euclidean,True,237582,246880,0.008766917046159506,1.1681325000245124,0.0008159169228747487,False,True,search,,0.01577512500807643,,,,,,,,,,,,,,,,,,
nhanes_real,0,v3,dsr_full_euclidean,0.05,721,decoded_naive,decoded_banded,euclidean,True,237582,246880,0.008766917046159506,1.1681325000245124,0.0008159169228747487,False,True,search,,0.015746625023894012,,,,,,,,,,,,,,,,,,
nhanes_real,0,v3,dsr_full_euclidean,0.05,722,decoded_naive,decoded_banded,euclidean,True,237582,246880,0.008766917046159506,1.1681325000245124,0.0008159169228747487,False,True,search,,0.015010082977823913,,,,,,,,,,,,,,,,,,
nhanes_real,0,v3,dsr_full_euclidean,0.05,723,decoded_naive,decoded_banded,euclidean,True,237582,246880,0.008766917046159506,1.1681325000245124,0.0008159169228747487,True,False,,clean,0.01054454199038446,,,,,0.0,0.0,,"[3086, 1443]",2.0,0.39152124524116516,False,False,False,False,False,False,-6.911682009265203,0.7925034761428833
nhanes_real,0,v3,dsr_full_euclidean,0.05,724,decoded_naive,decoded_banded,euclidean,True,237582,246880,0.008766917046159506,1.1681325000245124,0.0008159169228747487,False,True,repair,failed,0.010379042010754347,False,False,True,False,0.0,3.0,"step 1 still violates after 3 repair iterations (triggered by {'immutable': False, 'non_decreasing': False, 'age_horizon': True, 'directional': False})",,,,,,,,,,,
nhanes_real,0,v3,dsr_full_euclidean,0.05,725,decoded_naive,decoded_banded,euclidean,True,237582,246880,0.008766917046159506,1.1681325000245124,0.0008159169228747487,False,True,search,,0.010073999990709126,,,,,,,,,,,,,,,,,,
nhanes_real,0,v3,dsr_full_euclidean,0.05,726,decoded_naive,decoded_banded,euclidean,True,237582,246880,0.008766917046159506,1.1681325000245124,0.0008159169228747487,False,True,repair,failed,0.010499000083655119,False,False,False,True,0.0,3.0,"step 1 still violates after 3 repair iterations (triggered by {'immutable': False, 'non_decreasing': False, 'age_horizon': False, 'directional': True})",,,,,,,,,,,
nhanes_real,0,v3,dsr_full_euclidean,0.05,728,decoded_naive,decoded_banded,euclidean,True,237582,246880,0.008766917046159506,1.1681325000245124,0.0008159169228747487,True,False,,clean,0.009718040935695171,,,,,0.0,0.0,,"[3086, 846]",2.0,1.102726936340332,False,False,False,False,False,False,-7.069665508824704,3.15615177154541
nhanes_real,0,v3,dsr_full_euclidean,0.05,729,decoded_naive,decoded_banded,euclidean,True,237582,246880,0.008766917046159506,1.1681325000245124,0.0008159169228747487,False,True,search,,0.010146416025236249,,,,,,,,,,,,,,,,,,
nhanes_real,0,v3,dsr_full_euclidean,0.05,730,decoded_naive,decoded_banded,euclidean,True,237582,246880,0.008766917046159506,1.1681325000245124,0.0008159169228747487,True,False,,clean,0.010353707941249013,,,,,0.0,0.0,,"[3086, 61]",2.0,2.388817548751831,False,False,False,False,False,False,-6.825631510162678,6.583250999450684
nhanes_real,0,v3,dsr_full_euclidean,0.05,734,decoded_naive,decoded_banded,euclidean,True,237582,246880,0.008766917046159506,1.1681325000245124,0.0008159169228747487,False,True,search,,0.010771374916657805,,,,,,,,,,,,,,,,,,
nhanes_real,0,v3,dsr_full_euclidean,0.05,735,decoded_naive,decoded_banded,euclidean,True,237582,246880,0.008766917046159506,1.1681325000245124,0.0008159169228747487,True,False,,clean,0.010867625009268522,,,,,0.0,0.0,,"[3086, 2970]",2.0,0.8752769827842712,False,False,False,False,False,False,-6.363715015148791,2.0624802112579346
nhanes_real,0,v3,dsr_full_euclidean,0.05,739,decoded_naive,decoded_banded,euclidean,True,237582,246880,0.008766917046159506,1.1681325000245124,0.0008159169228747487,False,True,search,,0.010620791930705309,,,,,,,,,,,,,,,,,,
nhanes_real,0,v3,dsr_full_euclidean,0.05,742,decoded_naive,decoded_banded,euclidean,True,237582,246880,0.008766917046159506,1.1681325000245124,0.0008159169228747487,False,True,search,,0.01077704201452434,,,,,,,,,,,,,,,,,,
nhanes_real,0,v3,dsr_full_euclidean,0.05,744,decoded_naive,decoded_banded,euclidean,True,237582,246880,0.008766917046159506,1.1681325000245124,0.0008159169228747487,True,False,,clean,0.010450667003169656,,,,,0.0,0.0,,"[3086, 1509]",2.0,2.1705715656280518,False,False,False,False,False,False,-7.136623484886793,5.949153423309326
nhanes_real,0,v3,dsr_full_euclidean,0.05,746,decoded_naive,decoded_banded,euclidean,True,237582,246880,0.008766917046159506,1.1681325000245124,0.0008159169228747487,False,True,repair,failed,0.012489207903854549,False,False,False,True,0.0,3.0,"step 1 still violates after 3 repair iterations (triggered by {'immutable': False, 'non_decreasing': False, 'age_horizon': False, 'directional': True})",,,,,,,,,,,
nhanes_real,0,v3,dsr_full_euclidean,0.05,747,decoded_naive,decoded_banded,euclidean,True,237582,246880,0.008766917046159506,1.1681325000245124,0.0008159169228747487,False,True,search,,0.0108644999563694,,,,,,,,,,,,,,,,,,
nhanes_real,0,v3,dsr_full_euclidean,0.05,750,decoded_naive,decoded_banded,euclidean,True,237582,246880,0.008766917046159506,1.1681325000245124,0.0008159169228747487,True,False,,clean,0.010878375032916665,,,,,0.0,0.0,,"[3086, 964]",2.0,2.524757146835327,False,False,False,False,False,False,-6.980643835468429,7.173060417175293
nhanes_real,0,v3,dsr_full_euclidean,0.05,751,decoded_naive,decoded_banded,euclidean,True,237582,246880,0.008766917046159506,1.1681325000245124,0.0008159169228747487,False,True,repair,failed,0.010895583080127835,False,False,False,True,0.0,3.0,"step 1 still violates after 3 repair iterations (triggered by {'immutable': False, 'non_decreasing': False, 'age_horizon': False, 'directional': True})",,,,,,,,,,,
nhanes_real,0,v3,dsr_full_euclidean,0.05,752,decoded_naive,decoded_banded,euclidean,True,237582,246880,0.008766917046159506,1.1681325000245124,0.0008159169228747487,False,True,search,,0.011037666932679713,,,,,,,,,,,,,,,,,,
nhanes_real,0,v3,dsr_full_euclidean,0.05,753,decoded_naive,decoded_banded,euclidean,True,237582,246880,0.008766917046159506,1.1681325000245124,0.0008159169228747487,False,True,search,,0.01061612507328391,,,,,,,,,,,,,,,,,,
nhanes_real,0,v3,dsr_full_euclidean,0.05,755,decoded_naive,decoded_banded,euclidean,True,237582,246880,0.008766917046159506,1.1681325000245124,0.0008159169228747487,False,True,repair,failed,0.011415542103350163,False,False,False,True,0.0,3.0,"step 1 still violates after 3 repair iterations (triggered by {'immutable': False, 'non_decreasing': False, 'age_horizon': False, 'directional': True})",,,,,,,,,,,
nhanes_real,0,v3,dsr_full_euclidean,0.05,759,decoded_naive,decoded_banded,euclidean,True,237582,246880,0.008766917046159506,1.1681325000245124,0.0008159169228747487,True,False,,clean,0.01126716600265354,,,,,0.0,0.0,,"[3086, 1443]",2.0,3.6666347980499268,False,False,False,False,False,False,-9.351040170887533,19.788619995117188
nhanes_real,0,v3,dsr_full_euclidean,0.05,760,decoded_naive,decoded_banded,euclidean,True,237582,246880,0.008766917046159506,1.1681325000245124,0.0008159169228747487,False,True,search,,0.010813499917276204,,,,,,,,,,,,,,,,,,
nhanes_real,0,v3,dsr_full_euclidean,0.05,764,decoded_naive,decoded_banded,euclidean,True,237582,246880,0.008766917046159506,1.1681325000245124,0.0008159169228747487,False,True,search,,0.010460915975272655,,,,,,,,,,,,,,,,,,
nhanes_real,0,v3,dsr_full_euclidean,0.05,765,decoded_naive,decoded_banded,euclidean,True,237582,246880,0.008766917046159506,1.1681325000245124,0.0008159169228747487,False,True,search,,0.016459290985949337,,,,,,,,,,,,,,,,,,
nhanes_real,0,v3,dsr_full_euclidean,0.05,767,decoded_naive,decoded_banded,euclidean,True,237582,246880,0.008766917046159506,1.1681325000245124,0.0008159169228747487,True,False,,clean,0.015093542053364217,,,,,0.0,0.0,,"[3086, 2698]",2.0,0.47402065992355347,False,False,False,False,False,False,-6.187731144667072,1.5074543952941895
nhanes_real,0,v3,dsr_full_euclidean,0.05,769,decoded_naive,decoded_banded,euclidean,True,237582,246880,0.008766917046159506,1.1681325000245124,0.0008159169228747487,False,True,search,,0.013772667036391795,,,,,,,,,,,,,,,,,,
nhanes_real,0,v3,dsr_full_euclidean,0.05,774,decoded_naive,decoded_banded,euclidean,True,237582,246880,0.008766917046159506,1.1681325000245124,0.0008159169228747487,False,True,repair,failed,0.01227241603191942,False,False,False,True,0.0,3.0,"step 1 still violates after 3 repair iterations (triggered by {'immutable': False, 'non_decreasing': False, 'age_horizon': False, 'directional': True})",,,,,,,,,,,
nhanes_real,0,v3,dsr_full_euclidean,0.05,775,decoded_naive,decoded_banded,euclidean,True,237582,246880,0.008766917046159506,1.1681325000245124,0.0008159169228747487,False,True,repair,failed,0.01156920799985528,False,True,False,False,0.0,3.0,"step 1 still violates after 3 repair iterations (triggered by {'immutable': False, 'non_decreasing': True, 'age_horizon': False, 'directional': False})",,,,,,,,,,,
nhanes_real,0,v3,dsr_full_euclidean,0.05,777,decoded_naive,decoded_banded,euclidean,True,237582,246880,0.008766917046159506,1.1681325000245124,0.0008159169228747487,True,False,,clean,0.012012333958409727,,,,,0.0,0.0,,"[3086, 1443]",2.0,1.2113995552062988,False,False,False,False,False,False,-6.7139799462705465,3.422736644744873
nhanes_real,0,v3,dsr_full_euclidean,0.05,782,decoded_naive,decoded_banded,euclidean,True,237582,246880,0.008766917046159506,1.1681325000245124,0.0008159169228747487,False,True,search,,0.011133249965496361,,,,,,,,,,,,,,,,,,
nhanes_real,0,v3,dsr_full_euclidean,0.05,783,decoded_naive,decoded_banded,euclidean,True,237582,246880,0.008766917046159506,1.1681325000245124,0.0008159169228747487,False,True,search,,0.011421207920648158,,,,,,,,,,,,,,,,,,
nhanes_real,0,v3,dsr_full_euclidean,0.05,786,decoded_naive,decoded_banded,euclidean,True,237582,246880,0.008766917046159506,1.1681325000245124,0.0008159169228747487,False,True,repair,failed,0.011147625045850873,False,False,False,True,0.0,3.0,"step 1 still violates after 3 repair iterations (triggered by {'immutable': False, 'non_decreasing': False, 'age_horizon': False, 'directional': True})",,,,,,,,,,,
nhanes_real,0,v3,dsr_full_euclidean,0.05,788,decoded_naive,decoded_banded,euclidean,True,237582,246880,0.008766917046159506,1.1681325000245124,0.0008159169228747487,False,True,repair,failed,0.011781124980188906,False,False,True,True,0.0,3.0,"step 1 still violates after 3 repair iterations (triggered by {'immutable': False, 'non_decreasing': False, 'age_horizon': True, 'directional': True})",,,,,,,,,,,
nhanes_real,0,v3,dsr_full_euclidean,0.05,790,decoded_naive,decoded_banded,euclidean,True,237582,246880,0.008766917046159506,1.1681325000245124,0.0008159169228747487,False,True,search,,0.011898249969817698,,,,,,,,,,,,,,,,,,
nhanes_real,0,v3,dsr_full_euclidean,0.05,792,decoded_naive,decoded_banded,euclidean,True,237582,246880,0.008766917046159506,1.1681325000245124,0.0008159169228747487,False,True,search,,0.0158920829417184,,,,,,,,,,,,,,,,,,
nhanes_real,0,v3,dsr_full_euclidean,0.05,794,decoded_naive,decoded_banded,euclidean,True,237582,246880,0.008766917046159506,1.1681325000245124,0.0008159169228747487,False,True,repair,failed,0.017218749970197678,False,False,False,True,0.0,3.0,"step 1 still violates after 3 repair iterations (triggered by {'immutable': False, 'non_decreasing': False, 'age_horizon': False, 'directional': True})",,,,,,,,,,,
nhanes_real,0,v3,dsr_full_euclidean,0.05,796,decoded_naive,decoded_banded,euclidean,True,237582,246880,0.008766917046159506,1.1681325000245124,0.0008159169228747487,True,False,,clean,0.015090832952409983,,,,,0.0,0.0,,"[3086, 1587]",2.0,0.7927619814872742,False,False,False,False,False,False,-6.7912023514430935,3.4131059646606445
nhanes_real,0,v3,dsr_full_euclidean,0.05,801,decoded_naive,decoded_banded,euclidean,True,237582,246880,0.008766917046159506,1.1681325000245124,0.0008159169228747487,True,False,,clean,0.01796087494585663,,,,,0.0,0.0,,"[3086, 274]",2.0,0.750041663646698,False,False,False,False,False,False,-6.278313691359211,2.073922634124756
nhanes_real,0,v3,dsr_full_euclidean,0.05,803,decoded_naive,decoded_banded,euclidean,True,237582,246880,0.008766917046159506,1.1681325000245124,0.0008159169228747487,True,False,,clean,0.017824166920036077,,,,,0.0,0.0,,"[3086, 2773]",2.0,2.1354880332946777,False,False,False,False,False,False,-6.65797757126589,5.360968589782715
nhanes_real,0,v3,dsr_full_euclidean,0.05,805,decoded_naive,decoded_banded,euclidean,True,237582,246880,0.008766917046159506,1.1681325000245124,0.0008159169228747487,True,False,,clean,0.01177520805504173,,,,,0.0,0.0,,"[3086, 1357]",2.0,0.2843329906463623,False,False,False,False,False,False,-6.115857890602541,0.8077188730239868
nhanes_real,0,v3,dsr_full_euclidean,0.05,808,decoded_naive,decoded_banded,euclidean,True,237582,246880,0.008766917046159506,1.1681325000245124,0.0008159169228747487,False,True,repair,failed,0.016445999965071678,False,False,True,False,0.0,3.0,"step 1 still violates after 3 repair iterations (triggered by {'immutable': False, 'non_decreasing': False, 'age_horizon': True, 'directional': False})",,,,,,,,,,,
nhanes_real,0,v3,dsr_full_euclidean,0.05,809,decoded_naive,decoded_banded,euclidean,True,237582,246880,0.008766917046159506,1.1681325000245124,0.0008159169228747487,True,False,,clean,0.01517954096198082,,,,,0.0,0.0,,"[3086, 1001]",2.0,0.3597111701965332,False,False,False,False,False,False,-6.299900849222857,0.9430387020111084
nhanes_real,0,v3,dsr_full_euclidean,0.05,811,decoded_naive,decoded_banded,euclidean,True,237582,246880,0.008766917046159506,1.1681325000245124,0.0008159169228747487,False,True,search,,0.015314582968130708,,,,,,,,,,,,,,,,,,
nhanes_real,0,v3,dsr_full_euclidean,0.05,813,decoded_naive,decoded_banded,euclidean,True,237582,246880,0.008766917046159506,1.1681325000245124,0.0008159169228747487,True,False,,clean,0.012292125029489398,,,,,0.0,0.0,,"[3086, 1587]",2.0,1.5288817882537842,False,False,False,False,False,False,-7.645050426749826,8.66493034362793
nhanes_real,0,v3,dsr_full_euclidean,0.05,814,decoded_naive,decoded_banded,euclidean,True,237582,246880,0.008766917046159506,1.1681325000245124,0.0008159169228747487,True,False,,clean,0.011493792058899999,,,,,0.0,0.0,,"[3086, 3048]",2.0,1.202506184577942,False,False,False,False,False,False,-6.386867701602369,3.3330862522125244
nhanes_real,0,v3,dsr_full_euclidean,0.05,815,decoded_naive,decoded_banded,euclidean,True,237582,246880,0.008766917046159506,1.1681325000245124,0.0008159169228747487,False,True,search,,0.015876917052082717,,,,,,,,,,,,,,,,,,
nhanes_real,0,v3,dsr_full_euclidean,0.05,816,decoded_naive,decoded_banded,euclidean,True,237582,246880,0.008766917046159506,1.1681325000245124,0.0008159169228747487,False,True,repair,failed,0.017575958045199513,False,False,False,True,0.0,3.0,"step 1 still violates after 3 repair iterations (triggered by {'immutable': False, 'non_decreasing': False, 'age_horizon': False, 'directional': True})",,,,,,,,,,,
nhanes_real,0,v3,dsr_full_euclidean,0.05,817,decoded_naive,decoded_banded,euclidean,True,237582,246880,0.008766917046159506,1.1681325000245124,0.0008159169228747487,False,True,repair,failed,0.016882500029169023,False,False,False,True,0.0,3.0,"step 1 still violates after 3 repair iterations (triggered by {'immutable': False, 'non_decreasing': False, 'age_horizon': False, 'directional': True})",,,,,,,,,,,
nhanes_real,0,v3,dsr_full_euclidean,0.05,820,decoded_naive,decoded_banded,euclidean,True,237582,246880,0.008766917046159506,1.1681325000245124,0.0008159169228747487,False,True,search,,0.017596165998838842,,,,,,,,,,,,,,,,,,
nhanes_real,0,v3,dsr_full_euclidean,0.05,821,decoded_naive,decoded_banded,euclidean,True,237582,246880,0.008766917046159506,1.1681325000245124,0.0008159169228747487,False,True,repair,failed,0.016904582967981696,False,False,False,True,0.0,3.0,"step 1 still violates after 3 repair iterations (triggered by {'immutable': False, 'non_decreasing': False, 'age_horizon': False, 'directional': True})",,,,,,,,,,,
nhanes_real,0,v3,dsr_full_euclidean,0.05,822,decoded_naive,decoded_banded,euclidean,True,237582,246880,0.008766917046159506,1.1681325000245124,0.0008159169228747487,False,True,search,,0.011038625030778348,,,,,,,,,,,,,,,,,,
nhanes_real,0,v3,dsr_full_euclidean,0.05,823,decoded_naive,decoded_banded,euclidean,True,237582,246880,0.008766917046159506,1.1681325000245124,0.0008159169228747487,True,False,,clean,0.014437792007811368,,,,,0.0,0.0,,"[3086, 1339]",2.0,3.165743827819824,False,False,False,False,False,False,-8.77710893755135,18.392433166503906
nhanes_real,0,v3,dsr_full_euclidean,0.05,828,decoded_naive,decoded_banded,euclidean,True,237582,246880,0.008766917046159506,1.1681325000245124,0.0008159169228747487,False,True,search,,0.015600041951984167,,,,,,,,,,,,,,,,,,
nhanes_real,0,v3,dsr_full_euclidean,0.05,830,decoded_naive,decoded_banded,euclidean,True,237582,246880,0.008766917046159506,1.1681325000245124,0.0008159169228747487,False,True,repair,failed,0.014575665933080018,False,False,True,False,0.0,3.0,"step 1 still violates after 3 repair iterations (triggered by {'immutable': False, 'non_decreasing': False, 'age_horizon': True, 'directional': False})",,,,,,,,,,,
nhanes_real,0,v3,dsr_full_euclidean,0.05,831,decoded_naive,decoded_banded,euclidean,True,237582,246880,0.008766917046159506,1.1681325000245124,0.0008159169228747487,False,True,search,,0.013930083019658923,,,,,,,,,,,,,,,,,,
nhanes_real,0,v3,dsr_full_euclidean,0.05,838,decoded_naive,decoded_banded,euclidean,True,237582,246880,0.008766917046159506,1.1681325000245124,0.0008159169228747487,False,True,repair,failed,0.012583542033098638,False,False,False,True,0.0,3.0,"step 1 still violates after 3 repair iterations (triggered by {'immutable': False, 'non_decreasing': False, 'age_horizon': False, 'directional': True})",,,,,,,,,,,
nhanes_real,0,v3,dsr_full_euclidean,0.05,839,decoded_naive,decoded_banded,euclidean,True,237582,246880,0.008766917046159506,1.1681325000245124,0.0008159169228747487,False,True,search,,0.014312249957583845,,,,,,,,,,,,,,,,,,
nhanes_real,0,v3,dsr_full_euclidean,0.05,841,decoded_naive,decoded_banded,euclidean,True,237582,246880,0.008766917046159506,1.1681325000245124,0.0008159169228747487,False,True,repair,failed,0.015086041996255517,False,False,False,True,0.0,3.0,"step 1 still violates after 3 repair iterations (triggered by {'immutable': False, 'non_decreasing': False, 'age_horizon': False, 'directional': True})",,,,,,,,,,,
nhanes_real,0,v3,dsr_full_euclidean,0.05,846,decoded_naive,decoded_banded,euclidean,True,237582,246880,0.008766917046159506,1.1681325000245124,0.0008159169228747487,False,True,search,,0.018254791968502104,,,,,,,,,,,,,,,,,,
nhanes_real,0,v3,dsr_full_euclidean,0.05,847,decoded_naive,decoded_banded,euclidean,True,237582,246880,0.008766917046159506,1.1681325000245124,0.0008159169228747487,False,True,repair,failed,0.016430290997959673,False,False,False,True,0.0,3.0,"step 1 still violates after 3 repair iterations (triggered by {'immutable': False, 'non_decreasing': False, 'age_horizon': False, 'directional': True})",,,,,,,,,,,
nhanes_real,0,v3,dsr_full_euclidean,0.05,848,decoded_naive,decoded_banded,euclidean,True,237582,246880,0.008766917046159506,1.1681325000245124,0.0008159169228747487,False,True,repair,failed,0.01827629201579839,False,False,False,True,0.0,3.0,"step 1 still violates after 3 repair iterations (triggered by {'immutable': False, 'non_decreasing': False, 'age_horizon': False, 'directional': True})",,,,,,,,,,,
nhanes_real,0,v3,dsr_full_euclidean,0.05,849,decoded_naive,decoded_banded,euclidean,True,237582,246880,0.008766917046159506,1.1681325000245124,0.0008159169228747487,False,True,search,,0.01235258299857378,,,,,,,,,,,,,,,,,,
nhanes_real,0,v3,dsr_full_euclidean,0.05,852,decoded_naive,decoded_banded,euclidean,True,237582,246880,0.008766917046159506,1.1681325000245124,0.0008159169228747487,False,True,search,,0.01243487501051277,,,,,,,,,,,,,,,,,,
nhanes_real,0,v3,dsr_full_euclidean,0.05,854,decoded_naive,decoded_banded,euclidean,True,237582,246880,0.008766917046159506,1.1681325000245124,0.0008159169228747487,True,False,,clean,0.01684995903633535,,,,,0.0,0.0,,"[3086, 630]",2.0,0.28830069303512573,False,False,False,False,False,False,-7.616021387731034,1.5110383033752441
nhanes_real,0,v3,dsr_full_euclidean,0.05,855,decoded_naive,decoded_banded,euclidean,True,237582,246880,0.008766917046159506,1.1681325000245124,0.0008159169228747487,False,True,repair,failed,0.01580012496560812,False,False,False,True,1.0,4.0,"step 2 still violates after 3 repair iterations (triggered by {'immutable': False, 'non_decreasing': False, 'age_horizon': False, 'directional': True})",,,,,,,,,,,
nhanes_real,0,v3,dsr_full_euclidean,0.05,856,decoded_naive,decoded_banded,euclidean,True,237582,246880,0.008766917046159506,1.1681325000245124,0.0008159169228747487,False,True,search,,0.015444374992512167,,,,,,,,,,,,,,,,,,
nhanes_real,0,v3,dsr_full_euclidean,0.05,858,decoded_naive,decoded_banded,euclidean,True,237582,246880,0.008766917046159506,1.1681325000245124,0.0008159169228747487,False,True,search,,0.010655249934643507,,,,,,,,,,,,,,,,,,
nhanes_real,0,v3,dsr_full_euclidean,0.05,859,decoded_naive,decoded_banded,euclidean,True,237582,246880,0.008766917046159506,1.1681325000245124,0.0008159169228747487,False,True,repair,failed,0.009864167077466846,False,False,False,True,0.0,3.0,"step 1 still violates after 3 repair iterations (triggered by {'immutable': False, 'non_decreasing': False, 'age_horizon': False, 'directional': True})",,,,,,,,,,,
nhanes_real,0,v3,dsr_full_euclidean,0.05,861,decoded_naive,decoded_banded,euclidean,True,237582,246880,0.008766917046159506,1.1681325000245124,0.0008159169228747487,False,True,search,,0.009862208971753716,,,,,,,,,,,,,,,,,,
nhanes_real,0,v3,dsr_full_euclidean,0.05,862,decoded_naive,decoded_banded,euclidean,True,237582,246880,0.008766917046159506,1.1681325000245124,0.0008159169228747487,False,True,search,,0.009815500001423061,,,,,,,,,,,,,,,,,,
nhanes_real,0,v3,dsr_full_euclidean,0.05,863,decoded_naive,decoded_banded,euclidean,True,237582,246880,0.008766917046159506,1.1681325000245124,0.0008159169228747487,False,True,repair,failed,0.01215412502642721,False,False,False,True,0.0,3.0,"step 1 still violates after 3 repair iterations (triggered by {'immutable': False, 'non_decreasing': False, 'age_horizon': False, 'directional': True})",,,,,,,,,,,
nhanes_real,0,v3,dsr_full_euclidean,0.05,864,decoded_naive,decoded_banded,euclidean,True,237582,246880,0.008766917046159506,1.1681325000245124,0.0008159169228747487,False,True,repair,failed,0.01565287495031953,False,False,False,True,0.0,3.0,"step 1 still violates after 3 repair iterations (triggered by {'immutable': False, 'non_decreasing': False, 'age_horizon': False, 'directional': True})",,,,,,,,,,,
nhanes_real,0,v3,dsr_full_euclidean,0.05,866,decoded_naive,decoded_banded,euclidean,True,237582,246880,0.008766917046159506,1.1681325000245124,0.0008159169228747487,False,True,search,,0.017645000014454126,,,,,,,,,,,,,,,,,,
nhanes_real,0,v3,dsr_full_euclidean,0.05,875,decoded_naive,decoded_banded,euclidean,True,237582,246880,0.008766917046159506,1.1681325000245124,0.0008159169228747487,False,True,search,,0.01595941698178649,,,,,,,,,,,,,,,,,,
nhanes_real,0,v3,dsr_full_euclidean,0.05,876,decoded_naive,decoded_banded,euclidean,True,237582,246880,0.008766917046159506,1.1681325000245124,0.0008159169228747487,True,False,,clean,0.016586374957114458,,,,,0.0,0.0,,"[3086, 546]",2.0,1.266340732574463,False,False,False,False,False,False,-8.351155089710234,8.396252632141113
nhanes_real,0,v3,dsr_full_euclidean,0.05,878,decoded_naive,decoded_banded,euclidean,True,237582,246880,0.008766917046159506,1.1681325000245124,0.0008159169228747487,False,True,search,,0.01697516697458923,,,,,,,,,,,,,,,,,,
nhanes_real,0,v3,dsr_full_euclidean,0.05,879,decoded_naive,decoded_banded,euclidean,True,237582,246880,0.008766917046159506,1.1681325000245124,0.0008159169228747487,False,True,search,,0.011709416983649135,,,,,,,,,,,,,,,,,,
nhanes_real,0,v3,dsr_full_euclidean,0.05,881,decoded_naive,decoded_banded,euclidean,True,237582,246880,0.008766917046159506,1.1681325000245124,0.0008159169228747487,False,True,search,,0.014785832958295941,,,,,,,,,,,,,,,,,,
nhanes_real,0,v3,dsr_full_euclidean,0.05,883,decoded_naive,decoded_banded,euclidean,True,237582,246880,0.008766917046159506,1.1681325000245124,0.0008159169228747487,False,True,repair,failed,0.01713808299973607,False,False,False,True,1.0,1.0,repaired terminal state is no longer low-risk,,,,,,,,,,,
nhanes_real,0,v3,dsr_full_euclidean,0.05,884,decoded_naive,decoded_banded,euclidean,True,237582,246880,0.008766917046159506,1.1681325000245124,0.0008159169228747487,False,True,search,,0.01700491609517485,,,,,,,,,,,,,,,,,,
nhanes_real,0,v3,dsr_full_euclidean,0.05,888,decoded_naive,decoded_banded,euclidean,True,237582,246880,0.008766917046159506,1.1681325000245124,0.0008159169228747487,False,True,search,,0.013052458059974015,,,,,,,,,,,,,,,,,,
nhanes_real,0,v3,dsr_full_euclidean,0.05,891,decoded_naive,decoded_banded,euclidean,True,237582,246880,0.008766917046159506,1.1681325000245124,0.0008159169228747487,False,True,search,,0.01033166702836752,,,,,,,,,,,,,,,,,,
nhanes_real,0,v3,dsr_full_euclidean,0.05,892,decoded_naive,decoded_banded,euclidean,True,237582,246880,0.008766917046159506,1.1681325000245124,0.0008159169228747487,False,True,repair,failed,0.010227249935269356,False,False,False,True,0.0,3.0,"step 1 still violates after 3 repair iterations (triggered by {'immutable': False, 'non_decreasing': False, 'age_horizon': False, 'directional': True})",,,,,,,,,,,
nhanes_real,0,v3,dsr_full_euclidean,0.05,895,decoded_naive,decoded_banded,euclidean,True,237582,246880,0.008766917046159506,1.1681325000245124,0.0008159169228747487,False,True,repair,failed,0.012259457958862185,False,False,False,True,0.0,3.0,"step 1 still violates after 3 repair iterations (triggered by {'immutable': False, 'non_decreasing': False, 'age_horizon': False, 'directional': True})",,,,,,,,,,,
nhanes_real,0,v3,dsr_full_euclidean,0.05,896,decoded_naive,decoded_banded,euclidean,True,237582,246880,0.008766917046159506,1.1681325000245124,0.0008159169228747487,True,False,,clean,0.015771250007674098,,,,,0.0,0.0,,"[3086, 1576]",2.0,0.7777577638626099,False,False,False,False,False,False,-6.53787334109647,2.521576404571533
nhanes_real,0,v3,dsr_full_euclidean,0.05,897,decoded_naive,decoded_banded,euclidean,True,237582,246880,0.008766917046159506,1.1681325000245124,0.0008159169228747487,False,True,search,,0.0165351249743253,,,,,,,,,,,,,,,,,,
nhanes_real,0,v3,dsr_full_euclidean,0.05,898,decoded_naive,decoded_banded,euclidean,True,237582,246880,0.008766917046159506,1.1681325000245124,0.0008159169228747487,True,False,,clean,0.01760450005531311,,,,,0.0,0.0,,"[3086, 964]",2.0,1.931038737297058,False,False,False,False,False,False,-6.774806728667611,5.440335750579834
nhanes_real,0,v3,dsr_full_euclidean,0.05,901,decoded_naive,decoded_banded,euclidean,True,237582,246880,0.008766917046159506,1.1681325000245124,0.0008159169228747487,False,True,search,,0.015326249995268881,,,,,,,,,,,,,,,,,,
nhanes_real,0,v3,dsr_full_euclidean,0.05,902,decoded_naive,decoded_banded,euclidean,True,237582,246880,0.008766917046159506,1.1681325000245124,0.0008159169228747487,False,True,search,,0.016961083048954606,,,,,,,,,,,,,,,,,,
nhanes_real,0,v3,dsr_full_euclidean,0.05,904,decoded_naive,decoded_banded,euclidean,True,237582,246880,0.008766917046159506,1.1681325000245124,0.0008159169228747487,True,False,,clean,0.011602208949625492,,,,,0.0,0.0,,"[3086, 964]",2.0,1.7188390493392944,False,False,False,False,False,False,-6.679679891678691,4.7990031242370605
nhanes_real,1,v3,dsr_full_euclidean,0.05,0,decoded_naive,decoded_banded,euclidean,True,233726,246880,0.008485708036459982,1.0964014580240473,0.0010070840362459421,False,True,repair,failed,0.014475291944108903,False,False,False,True,0.0,3.0,"step 1 still violates after 3 repair iterations (triggered by {'immutable': False, 'non_decreasing': False, 'age_horizon': False, 'directional': True})",,,,,,,,,,,
nhanes_real,1,v3,dsr_full_euclidean,0.05,4,decoded_naive,decoded_banded,euclidean,True,233726,246880,0.008485708036459982,1.0964014580240473,0.0010070840362459421,False,True,search,,0.01846170797944069,,,,,,,,,,,,,,,,,,
nhanes_real,1,v3,dsr_full_euclidean,0.05,7,decoded_naive,decoded_banded,euclidean,True,233726,246880,0.008485708036459982,1.0964014580240473,0.0010070840362459421,False,True,repair,failed,0.018329208018258214,False,False,False,True,0.0,3.0,"step 1 still violates after 3 repair iterations (triggered by {'immutable': False, 'non_decreasing': False, 'age_horizon': False, 'directional': True})",,,,,,,,,,,
nhanes_real,1,v3,dsr_full_euclidean,0.05,8,decoded_naive,decoded_banded,euclidean,True,233726,246880,0.008485708036459982,1.0964014580240473,0.0010070840362459421,False,True,search,,0.018868249957449734,,,,,,,,,,,,,,,,,,
nhanes_real,1,v3,dsr_full_euclidean,0.05,9,decoded_naive,decoded_banded,euclidean,True,233726,246880,0.008485708036459982,1.0964014580240473,0.0010070840362459421,False,True,search,,0.017019832972437143,,,,,,,,,,,,,,,,,,
nhanes_real,1,v3,dsr_full_euclidean,0.05,11,decoded_naive,decoded_banded,euclidean,True,233726,246880,0.008485708036459982,1.0964014580240473,0.0010070840362459421,False,True,repair,failed,0.01616008300334215,False,False,False,True,0.0,3.0,"step 1 still violates after 3 repair iterations (triggered by {'immutable': False, 'non_decreasing': False, 'age_horizon': False, 'directional': True})",,,,,,,,,,,
nhanes_real,1,v3,dsr_full_euclidean,0.05,12,decoded_naive,decoded_banded,euclidean,True,233726,246880,0.008485708036459982,1.0964014580240473,0.0010070840362459421,False,True,repair,failed,0.016737084020860493,False,False,False,True,0.0,3.0,"step 1 still violates after 3 repair iterations (triggered by {'immutable': False, 'non_decreasing': False, 'age_horizon': False, 'directional': True})",,,,,,,,,,,
nhanes_real,1,v3,dsr_full_euclidean,0.05,13,decoded_naive,decoded_banded,euclidean,True,233726,246880,0.008485708036459982,1.0964014580240473,0.0010070840362459421,False,True,search,,0.016736374935135245,,,,,,,,,,,,,,,,,,
nhanes_real,1,v3,dsr_full_euclidean,0.05,14,decoded_naive,decoded_banded,euclidean,True,233726,246880,0.008485708036459982,1.0964014580240473,0.0010070840362459421,False,True,search,,0.01624000002630055,,,,,,,,,,,,,,,,,,
nhanes_real,1,v3,dsr_full_euclidean,0.05,16,decoded_naive,decoded_banded,euclidean,True,233726,246880,0.008485708036459982,1.0964014580240473,0.0010070840362459421,True,False,,clean,0.014045083080418408,,,,,0.0,0.0,,"[3086, 1508]",2.0,0.7514850497245789,False,False,False,False,False,False,-7.85121102786751,4.060551166534424
nhanes_real,1,v3,dsr_full_euclidean,0.05,17,decoded_naive,decoded_banded,euclidean,True,233726,246880,0.008485708036459982,1.0964014580240473,0.0010070840362459421,False,True,repair,failed,0.016722916974686086,False,False,False,True,1.0,1.0,repaired terminal state is no longer low-risk,,,,,,,,,,,
nhanes_real,1,v3,dsr_full_euclidean,0.05,19,decoded_naive,decoded_banded,euclidean,True,233726,246880,0.008485708036459982,1.0964014580240473,0.0010070840362459421,False,True,repair,failed,0.016350666992366314,False,False,True,True,0.0,3.0,"step 1 still violates after 3 repair iterations (triggered by {'immutable': False, 'non_decreasing': False, 'age_horizon': True, 'directional': True})",,,,,,,,,,,
nhanes_real,1,v3,dsr_full_euclidean,0.05,20,decoded_naive,decoded_banded,euclidean,True,233726,246880,0.008485708036459982,1.0964014580240473,0.0010070840362459421,False,True,search,,0.017960040946491063,,,,,,,,,,,,,,,,,,
nhanes_real,1,v3,dsr_full_euclidean,0.05,21,decoded_naive,decoded_banded,euclidean,True,233726,246880,0.008485708036459982,1.0964014580240473,0.0010070840362459421,False,True,search,,0.015845708083361387,,,,,,,,,,,,,,,,,,
nhanes_real,1,v3,dsr_full_euclidean,0.05,22,decoded_naive,decoded_banded,euclidean,True,233726,246880,0.008485708036459982,1.0964014580240473,0.0010070840362459421,False,True,search,,0.015375541057437658,,,,,,,,,,,,,,,,,,
nhanes_real,1,v3,dsr_full_euclidean,0.05,23,decoded_naive,decoded_banded,euclidean,True,233726,246880,0.008485708036459982,1.0964014580240473,0.0010070840362459421,False,True,search,,0.011143250041641295,,,,,,,,,,,,,,,,,,
nhanes_real,1,v3,dsr_full_euclidean,0.05,26,decoded_naive,decoded_banded,euclidean,True,233726,246880,0.008485708036459982,1.0964014580240473,0.0010070840362459421,False,True,search,,0.011365875019691885,,,,,,,,,,,,,,,,,,
nhanes_real,1,v3,dsr_full_euclidean,0.05,30,decoded_naive,decoded_banded,euclidean,True,233726,246880,0.008485708036459982,1.0964014580240473,0.0010070840362459421,False,True,repair,failed,0.014259082963690162,False,False,False,True,0.0,3.0,"step 1 still violates after 3 repair iterations (triggered by {'immutable': False, 'non_decreasing': False, 'age_horizon': False, 'directional': True})",,,,,,,,,,,
nhanes_real,1,v3,dsr_full_euclidean,0.05,31,decoded_naive,decoded_banded,euclidean,True,233726,246880,0.008485708036459982,1.0964014580240473,0.0010070840362459421,False,True,search,,0.015353624941781163,,,,,,,,,,,,,,,,,,
nhanes_real,1,v3,dsr_full_euclidean,0.05,33,decoded_naive,decoded_banded,euclidean,True,233726,246880,0.008485708036459982,1.0964014580240473,0.0010070840362459421,False,True,search,,0.013611625065095723,,,,,,,,,,,,,,,,,,
nhanes_real,1,v3,dsr_full_euclidean,0.05,35,decoded_naive,decoded_banded,euclidean,True,233726,246880,0.008485708036459982,1.0964014580240473,0.0010070840362459421,False,True,repair,failed,0.014062915928661823,False,True,False,True,0.0,3.0,"step 1 still violates after 3 repair iterations (triggered by {'immutable': False, 'non_decreasing': True, 'age_horizon': False, 'directional': True})",,,,,,,,,,,
nhanes_real,1,v3,dsr_full_euclidean,0.05,39,decoded_naive,decoded_banded,euclidean,True,233726,246880,0.008485708036459982,1.0964014580240473,0.0010070840362459421,False,True,search,,0.013220917084254324,,,,,,,,,,,,,,,,,,
nhanes_real,1,v3,dsr_full_euclidean,0.05,40,decoded_naive,decoded_banded,euclidean,True,233726,246880,0.008485708036459982,1.0964014580240473,0.0010070840362459421,False,True,search,,0.015297457925044,,,,,,,,,,,,,,,,,,
nhanes_real,1,v3,dsr_full_euclidean,0.05,41,decoded_naive,decoded_banded,euclidean,True,233726,246880,0.008485708036459982,1.0964014580240473,0.0010070840362459421,True,False,,clean,0.013026124914176762,,,,,0.0,0.0,,"[3086, 2626]",2.0,1.7317875623703003,False,False,False,False,False,False,-8.44777273249119,6.879539489746094
nhanes_real,1,v3,dsr_full_euclidean,0.05,42,decoded_naive,decoded_banded,euclidean,True,233726,246880,0.008485708036459982,1.0964014580240473,0.0010070840362459421,False,True,search,,0.013573542004451156,,,,,,,,,,,,,,,,,,
nhanes_real,1,v3,dsr_full_euclidean,0.05,44,decoded_naive,decoded_banded,euclidean,True,233726,246880,0.008485708036459982,1.0964014580240473,0.0010070840362459421,False,True,search,,0.015466999961063266,,,,,,,,,,,,,,,,,,
nhanes_real,1,v3,dsr_full_euclidean,0.05,45,decoded_naive,decoded_banded,euclidean,True,233726,246880,0.008485708036459982,1.0964014580240473,0.0010070840362459421,True,False,,clean,0.014356291969306767,,,,,0.0,0.0,,"[3086, 2326]",2.0,1.4085361957550049,False,False,False,False,False,False,-6.689852657112829,3.2358438968658447
nhanes_real,1,v3,dsr_full_euclidean,0.05,50,decoded_naive,decoded_banded,euclidean,True,233726,246880,0.008485708036459982,1.0964014580240473,0.0010070840362459421,False,True,repair,failed,0.013655583024956286,False,False,False,True,1.0,1.0,repaired terminal state is no longer low-risk,,,,,,,,,,,
nhanes_real,1,v3,dsr_full_euclidean,0.05,51,decoded_naive,decoded_banded,euclidean,True,233726,246880,0.008485708036459982,1.0964014580240473,0.0010070840362459421,False,True,search,,0.013793249963782728,,,,,,,,,,,,,,,,,,
nhanes_real,1,v3,dsr_full_euclidean,0.05,53,decoded_naive,decoded_banded,euclidean,True,233726,246880,0.008485708036459982,1.0964014580240473,0.0010070840362459421,False,True,repair,failed,0.013699833070859313,False,False,False,True,0.0,3.0,"step 1 still violates after 3 repair iterations (triggered by {'immutable': False, 'non_decreasing': False, 'age_horizon': False, 'directional': True})",,,,,,,,,,,
nhanes_real,1,v3,dsr_full_euclidean,0.05,55,decoded_naive,decoded_banded,euclidean,True,233726,246880,0.008485708036459982,1.0964014580240473,0.0010070840362459421,False,True,repair,failed,0.01381070795468986,False,False,False,True,0.0,3.0,"step 1 still violates after 3 repair iterations (triggered by {'immutable': False, 'non_decreasing': False, 'age_horizon': False, 'directional': True})",,,,,,,,,,,
nhanes_real,1,v3,dsr_full_euclidean,0.05,59,decoded_naive,decoded_banded,euclidean,True,233726,246880,0.008485708036459982,1.0964014580240473,0.0010070840362459421,False,True,search,,0.01376925001386553,,,,,,,,,,,,,,,,,,
nhanes_real,1,v3,dsr_full_euclidean,0.05,61,decoded_naive,decoded_banded,euclidean,True,233726,246880,0.008485708036459982,1.0964014580240473,0.0010070840362459421,False,True,search,,0.015306083019822836,,,,,,,,,,,,,,,,,,
nhanes_real,1,v3,dsr_full_euclidean,0.05,62,decoded_naive,decoded_banded,euclidean,True,233726,246880,0.008485708036459982,1.0964014580240473,0.0010070840362459421,False,True,search,,0.014119124971330166,,,,,,,,,,,,,,,,,,
nhanes_real,1,v3,dsr_full_euclidean,0.05,66,decoded_naive,decoded_banded,euclidean,True,233726,246880,0.008485708036459982,1.0964014580240473,0.0010070840362459421,False,True,search,,0.013189499964937568,,,,,,,,,,,,,,,,,,
nhanes_real,1,v3,dsr_full_euclidean,0.05,67,decoded_naive,decoded_banded,euclidean,True,233726,246880,0.008485708036459982,1.0964014580240473,0.0010070840362459421,True,False,,clean,0.013050540932454169,,,,,0.0,0.0,,"[3086, 846]",2.0,1.0537511110305786,False,False,False,False,False,False,-6.601561714155104,3.18580961227417
nhanes_real,1,v3,dsr_full_euclidean,0.05,69,decoded_naive,decoded_banded,euclidean,True,233726,246880,0.008485708036459982,1.0964014580240473,0.0010070840362459421,True,False,,repaired,0.013585958047769964,False,False,False,True,1.0,2.0,,"[3086, 2128]",2.0,0.24785886704921722,False,False,False,False,False,False,-6.961723937390266,2.782242774963379
nhanes_real,1,v3,dsr_full_euclidean,0.05,70,decoded_naive,decoded_banded,euclidean,True,233726,246880,0.008485708036459982,1.0964014580240473,0.0010070840362459421,True,False,,clean,0.014323666924610734,,,,,0.0,0.0,,"[3086, 733]",2.0,1.6016895771026611,False,False,False,False,False,False,-7.076699137118102,5.0500078201293945
nhanes_real,1,v3,dsr_full_euclidean,0.05,72,decoded_naive,decoded_banded,euclidean,True,233726,246880,0.008485708036459982,1.0964014580240473,0.0010070840362459421,False,True,repair,failed,0.014400959014892578,False,False,False,True,0.0,3.0,"step 1 still violates after 3 repair iterations (triggered by {'immutable': False, 'non_decreasing': False, 'age_horizon': False, 'directional': True})",,,,,,,,,,,
nhanes_real,1,v3,dsr_full_euclidean,0.05,73,decoded_naive,decoded_banded,euclidean,True,233726,246880,0.008485708036459982,1.0964014580240473,0.0010070840362459421,False,True,search,,0.013670084066689014,,,,,,,,,,,,,,,,,,
nhanes_real,1,v3,dsr_full_euclidean,0.05,74,decoded_naive,decoded_banded,euclidean,True,233726,246880,0.008485708036459982,1.0964014580240473,0.0010070840362459421,False,True,repair,failed,0.014027333934791386,False,False,False,True,0.0,3.0,"step 1 still violates after 3 repair iterations (triggered by {'immutable': False, 'non_decreasing': False, 'age_horizon': False, 'directional': True})",,,,,,,,,,,
nhanes_real,1,v3,dsr_full_euclidean,0.05,75,decoded_naive,decoded_banded,euclidean,True,233726,246880,0.008485708036459982,1.0964014580240473,0.0010070840362459421,True,False,,clean,0.013382624951191247,,,,,0.0,0.0,,"[3086, 25]",2.0,1.8050426244735718,False,False,False,False,False,False,-6.987019788077365,3.6638054847717285
nhanes_real,1,v3,dsr_full_euclidean,0.05,76,decoded_naive,decoded_banded,euclidean,True,233726,246880,0.008485708036459982,1.0964014580240473,0.0010070840362459421,False,True,repair,failed,0.017564167035743594,False,False,False,True,0.0,3.0,"step 1 still violates after 3 repair iterations (triggered by {'immutable': False, 'non_decreasing': False, 'age_horizon': False, 'directional': True})",,,,,,,,,,,
nhanes_real,1,v3,dsr_full_euclidean,0.05,78,decoded_naive,decoded_banded,euclidean,True,233726,246880,0.008485708036459982,1.0964014580240473,0.0010070840362459421,True,False,,clean,0.013761374983005226,,,,,0.0,0.0,,"[3086, 486]",2.0,0.5589285492897034,False,False,False,False,False,False,-7.758352229494569,1.7223095893859863
nhanes_real,1,v3,dsr_full_euclidean,0.05,82,decoded_naive,decoded_banded,euclidean,True,233726,246880,0.008485708036459982,1.0964014580240473,0.0010070840362459421,False,True,search,,0.013692375039681792,,,,,,,,,,,,,,,,,,
nhanes_real,1,v3,dsr_full_euclidean,0.05,85,decoded_naive,decoded_banded,euclidean,True,233726,246880,0.008485708036459982,1.0964014580240473,0.0010070840362459421,False,True,search,,0.013910625013522804,,,,,,,,,,,,,,,,,,
nhanes_real,1,v3,dsr_full_euclidean,0.05,88,decoded_naive,decoded_banded,euclidean,True,233726,246880,0.008485708036459982,1.0964014580240473,0.0010070840362459421,True,False,,clean,0.013643749989569187,,,,,0.0,0.0,,"[3086, 1410]",2.0,2.1284680366516113,False,False,False,False,False,False,-6.896849672795302,5.980137825012207
nhanes_real,1,v3,dsr_full_euclidean,0.05,89,decoded_naive,decoded_banded,euclidean,True,233726,246880,0.008485708036459982,1.0964014580240473,0.0010070840362459421,False,True,repair,failed,0.014159958926029503,False,False,False,True,0.0,3.0,"step 1 still violates after 3 repair iterations (triggered by {'immutable': False, 'non_decreasing': False, 'age_horizon': False, 'directional': True})",,,,,,,,,,,
nhanes_real,1,v3,dsr_full_euclidean,0.05,93,decoded_naive,decoded_banded,euclidean,True,233726,246880,0.008485708036459982,1.0964014580240473,0.0010070840362459421,False,True,repair,failed,0.013746249955147505,False,False,False,True,1.0,1.0,repair broke monotone risk reduction along the path,,,,,,,,,,,
nhanes_real,1,v3,dsr_full_euclidean,0.05,94,decoded_naive,decoded_banded,euclidean,True,233726,246880,0.008485708036459982,1.0964014580240473,0.0010070840362459421,False,True,search,,0.013934541959315538,,,,,,,,,,,,,,,,,,
nhanes_real,1,v3,dsr_full_euclidean,0.05,97,decoded_naive,decoded_banded,euclidean,True,233726,246880,0.008485708036459982,1.0964014580240473,0.0010070840362459421,True,False,,clean,0.014008208061568439,,,,,0.0,0.0,,"[3086, 2128]",2.0,0.42015957832336426,False,False,False,False,False,False,-7.426065182404093,1.4725168943405151
nhanes_real,1,v3,dsr_full_euclidean,0.05,98,decoded_naive,decoded_banded,euclidean,True,233726,246880,0.008485708036459982,1.0964014580240473,0.0010070840362459421,False,True,search,,0.013328541070222855,,,,,,,,,,,,,,,,,,
nhanes_real,1,v3,dsr_full_euclidean,0.05,99,decoded_naive,decoded_banded,euclidean,True,233726,246880,0.008485708036459982,1.0964014580240473,0.0010070840362459421,False,True,search,,0.016818583011627197,,,,,,,,,,,,,,,,,,
nhanes_real,1,v3,dsr_full_euclidean,0.05,101,decoded_naive,decoded_banded,euclidean,True,233726,246880,0.008485708036459982,1.0964014580240473,0.0010070840362459421,False,True,repair,failed,0.02408920892048627,False,False,False,True,1.0,1.0,repaired terminal state is no longer low-risk,,,,,,,,,,,
nhanes_real,1,v3,dsr_full_euclidean,0.05,102,decoded_naive,decoded_banded,euclidean,True,233726,246880,0.008485708036459982,1.0964014580240473,0.0010070840362459421,False,True,search,,0.020064499927684665,,,,,,,,,,,,,,,,,,
nhanes_real,1,v3,dsr_full_euclidean,0.05,103,decoded_naive,decoded_banded,euclidean,True,233726,246880,0.008485708036459982,1.0964014580240473,0.0010070840362459421,False,True,repair,failed,0.020476290956139565,False,False,False,True,0.0,3.0,"step 1 still violates after 3 repair iterations (triggered by {'immutable': False, 'non_decreasing': False, 'age_horizon': False, 'directional': True})",,,,,,,,,,,
nhanes_real,1,v3,dsr_full_euclidean,0.05,104,decoded_naive,decoded_banded,euclidean,True,233726,246880,0.008485708036459982,1.0964014580240473,0.0010070840362459421,False,True,repair,failed,0.01814412500243634,False,False,False,True,0.0,3.0,"step 1 still violates after 3 repair iterations (triggered by {'immutable': False, 'non_decreasing': False, 'age_horizon': False, 'directional': True})",,,,,,,,,,,
nhanes_real,1,v3,dsr_full_euclidean,0.05,106,decoded_naive,decoded_banded,euclidean,True,233726,246880,0.008485708036459982,1.0964014580240473,0.0010070840362459421,False,True,search,,0.014940416906028986,,,,,,,,,,,,,,,,,,
nhanes_real,1,v3,dsr_full_euclidean,0.05,107,decoded_naive,decoded_banded,euclidean,True,233726,246880,0.008485708036459982,1.0964014580240473,0.0010070840362459421,False,True,repair,failed,0.014102666988037527,False,False,True,True,0.0,3.0,"step 1 still violates after 3 repair iterations (triggered by {'immutable': False, 'non_decreasing': False, 'age_horizon': True, 'directional': True})",,,,,,,,,,,
nhanes_real,1,v3,dsr_full_euclidean,0.05,108,decoded_naive,decoded_banded,euclidean,True,233726,246880,0.008485708036459982,1.0964014580240473,0.0010070840362459421,False,True,search,,0.02454999997280538,,,,,,,,,,,,,,,,,,
nhanes_real,1,v3,dsr_full_euclidean,0.05,110,decoded_naive,decoded_banded,euclidean,True,233726,246880,0.008485708036459982,1.0964014580240473,0.0010070840362459421,True,False,,repaired,0.02072962501551956,False,False,False,True,1.0,1.0,,"[3086, 1468]",2.0,0.9460713267326355,False,False,False,False,False,False,-8.82962086834938,4.989971160888672
nhanes_real,1,v3,dsr_full_euclidean,0.05,111,decoded_naive,decoded_banded,euclidean,True,233726,246880,0.008485708036459982,1.0964014580240473,0.0010070840362459421,False,True,search,,0.014574499917216599,,,,,,,,,,,,,,,,,,
nhanes_real,1,v3,dsr_full_euclidean,0.05,113,decoded_naive,decoded_banded,euclidean,True,233726,246880,0.008485708036459982,1.0964014580240473,0.0010070840362459421,False,True,search,,0.013469291967339814,,,,,,,,,,,,,,,,,,
nhanes_real,1,v3,dsr_full_euclidean,0.05,116,decoded_naive,decoded_banded,euclidean,True,233726,246880,0.008485708036459982,1.0964014580240473,0.0010070840362459421,False,True,repair,failed,0.013760042027570307,False,False,False,True,0.0,3.0,"step 1 still violates after 3 repair iterations (triggered by {'immutable': False, 'non_decreasing': False, 'age_horizon': False, 'directional': True})",,,,,,,,,,,
nhanes_real,1,v3,dsr_full_euclidean,0.05,117,decoded_naive,decoded_banded,euclidean,True,233726,246880,0.008485708036459982,1.0964014580240473,0.0010070840362459421,False,True,search,,0.016176500008441508,,,,,,,,,,,,,,,,,,
nhanes_real,1,v3,dsr_full_euclidean,0.05,120,decoded_naive,decoded_banded,euclidean,True,233726,246880,0.008485708036459982,1.0964014580240473,0.0010070840362459421,False,True,repair,failed,0.01521212502848357,False,False,False,True,0.0,3.0,"step 1 still violates after 3 repair iterations (triggered by {'immutable': False, 'non_decreasing': False, 'age_horizon': False, 'directional': True})",,,,,,,,,,,
nhanes_real,1,v3,dsr_full_euclidean,0.05,122,decoded_naive,decoded_banded,euclidean,True,233726,246880,0.008485708036459982,1.0964014580240473,0.0010070840362459421,False,True,search,,0.014143166947178543,,,,,,,,,,,,,,,,,,
nhanes_real,1,v3,dsr_full_euclidean,0.05,123,decoded_naive,decoded_banded,euclidean,True,233726,246880,0.008485708036459982,1.0964014580240473,0.0010070840362459421,False,True,repair,failed,0.015897249919362366,False,False,False,True,0.0,3.0,"step 1 still violates after 3 repair iterations (triggered by {'immutable': False, 'non_decreasing': False, 'age_horizon': False, 'directional': True})",,,,,,,,,,,
nhanes_real,1,v3,dsr_full_euclidean,0.05,127,decoded_naive,decoded_banded,euclidean,True,233726,246880,0.008485708036459982,1.0964014580240473,0.0010070840362459421,False,True,search,,0.013836667058058083,,,,,,,,,,,,,,,,,,
nhanes_real,1,v3,dsr_full_euclidean,0.05,128,decoded_naive,decoded_banded,euclidean,True,233726,246880,0.008485708036459982,1.0964014580240473,0.0010070840362459421,False,True,repair,failed,0.014153249911032617,False,False,False,True,0.0,3.0,"step 1 still violates after 3 repair iterations (triggered by {'immutable': False, 'non_decreasing': False, 'age_horizon': False, 'directional': True})",,,,,,,,,,,
nhanes_real,1,v3,dsr_full_euclidean,0.05,131,decoded_naive,decoded_banded,euclidean,True,233726,246880,0.008485708036459982,1.0964014580240473,0.0010070840362459421,False,True,search,,0.014775666990317404,,,,,,,,,,,,,,,,,,
nhanes_real,1,v3,dsr_full_euclidean,0.05,132,decoded_naive,decoded_banded,euclidean,True,233726,246880,0.008485708036459982,1.0964014580240473,0.0010070840362459421,True,False,,clean,0.013462250004522502,,,,,0.0,0.0,,"[3086, 471]",2.0,2.2429306507110596,False,False,False,False,False,False,-7.928839172719392,8.445240020751953
nhanes_real,1,v3,dsr_full_euclidean,0.05,133,decoded_naive,decoded_banded,euclidean,True,233726,246880,0.008485708036459982,1.0964014580240473,0.0010070840362459421,False,True,repair,failed,0.014751875074580312,False,False,False,True,0.0,3.0,"step 1 still violates after 3 repair iterations (triggered by {'immutable': False, 'non_decreasing': False, 'age_horizon': False, 'directional': True})",,,,,,,,,,,
nhanes_real,1,v3,dsr_full_euclidean,0.05,135,decoded_naive,decoded_banded,euclidean,True,233726,246880,0.008485708036459982,1.0964014580240473,0.0010070840362459421,False,True,repair,failed,0.013033165945671499,False,False,False,True,0.0,3.0,"step 1 still violates after 3 repair iterations (triggered by {'immutable': False, 'non_decreasing': False, 'age_horizon': False, 'directional': True})",,,,,,,,,,,
nhanes_real,1,v3,dsr_full_euclidean,0.05,137,decoded_naive,decoded_banded,euclidean,True,233726,246880,0.008485708036459982,1.0964014580240473,0.0010070840362459421,True,False,,clean,0.013073457987047732,,,,,0.0,0.0,,"[3086, 2276]",2.0,2.0286788940429688,False,False,False,False,False,False,-6.849896586411958,5.12453031539917
nhanes_real,1,v3,dsr_full_euclidean,0.05,138,decoded_naive,decoded_banded,euclidean,True,233726,246880,0.008485708036459982,1.0964014580240473,0.0010070840362459421,False,True,repair,failed,0.014203374972566962,False,True,False,True,0.0,3.0,"step 1 still violates after 3 repair iterations (triggered by {'immutable': False, 'non_decreasing': True, 'age_horizon': False, 'directional': True})",,,,,,,,,,,
nhanes_real,1,v3,dsr_full_euclidean,0.05,142,decoded_naive,decoded_banded,euclidean,True,233726,246880,0.008485708036459982,1.0964014580240473,0.0010070840362459421,False,True,repair,failed,0.018541500088758767,False,False,False,True,1.0,1.0,repaired terminal state is no longer low-risk,,,,,,,,,,,
nhanes_real,1,v3,dsr_full_euclidean,0.05,146,decoded_naive,decoded_banded,euclidean,True,233726,246880,0.008485708036459982,1.0964014580240473,0.0010070840362459421,False,True,repair,failed,0.017698541982099414,False,False,False,True,0.0,3.0,"step 1 still violates after 3 repair iterations (triggered by {'immutable': False, 'non_decreasing': False, 'age_horizon': False, 'directional': True})",,,,,,,,,,,
nhanes_real,1,v3,dsr_full_euclidean,0.05,147,decoded_naive,decoded_banded,euclidean,True,233726,246880,0.008485708036459982,1.0964014580240473,0.0010070840362459421,False,True,repair,failed,0.016169207985512912,False,False,False,True,1.0,2.0,repaired terminal state is no longer low-risk,,,,,,,,,,,
nhanes_real,1,v3,dsr_full_euclidean,0.05,150,decoded_naive,decoded_banded,euclidean,True,233726,246880,0.008485708036459982,1.0964014580240473,0.0010070840362459421,False,True,repair,failed,0.019100583042018116,False,False,True,True,0.0,3.0,"step 1 still violates after 3 repair iterations (triggered by {'immutable': False, 'non_decreasing': False, 'age_horizon': True, 'directional': True})",,,,,,,,,,,
nhanes_real,1,v3,dsr_full_euclidean,0.05,153,decoded_naive,decoded_banded,euclidean,True,233726,246880,0.008485708036459982,1.0964014580240473,0.0010070840362459421,False,True,repair,failed,0.0295639579417184,False,False,False,True,0.0,3.0,"step 1 still violates after 3 repair iterations (triggered by {'immutable': False, 'non_decreasing': False, 'age_horizon': False, 'directional': True})",,,,,,,,,,,
nhanes_real,1,v3,dsr_full_euclidean,0.05,156,decoded_naive,decoded_banded,euclidean,True,233726,246880,0.008485708036459982,1.0964014580240473,0.0010070840362459421,False,True,search,,0.01861149992328137,,,,,,,,,,,,,,,,,,
nhanes_real,1,v3,dsr_full_euclidean,0.05,158,decoded_naive,decoded_banded,euclidean,True,233726,246880,0.008485708036459982,1.0964014580240473,0.0010070840362459421,False,True,repair,failed,0.023535332991741598,False,False,False,True,0.0,3.0,"step 1 still violates after 3 repair iterations (triggered by {'immutable': False, 'non_decreasing': False, 'age_horizon': False, 'directional': True})",,,,,,,,,,,
nhanes_real,1,v3,dsr_full_euclidean,0.05,159,decoded_naive,decoded_banded,euclidean,True,233726,246880,0.008485708036459982,1.0964014580240473,0.0010070840362459421,True,False,,clean,0.021614749915897846,,,,,0.0,0.0,,"[3086, 625]",2.0,2.6620328426361084,False,False,False,False,False,False,-7.0039951931475315,6.677377223968506
nhanes_real,1,v3,dsr_full_euclidean,0.05,160,decoded_naive,decoded_banded,euclidean,True,233726,246880,0.008485708036459982,1.0964014580240473,0.0010070840362459421,False,True,search,,0.018380415975116193,,,,,,,,,,,,,,,,,,
nhanes_real,1,v3,dsr_full_euclidean,0.05,162,decoded_naive,decoded_banded,euclidean,True,233726,246880,0.008485708036459982,1.0964014580240473,0.0010070840362459421,False,True,search,,0.017827042029239237,,,,,,,,,,,,,,,,,,
nhanes_real,1,v3,dsr_full_euclidean,0.05,165,decoded_naive,decoded_banded,euclidean,True,233726,246880,0.008485708036459982,1.0964014580240473,0.0010070840362459421,False,True,search,,0.018240500008687377,,,,,,,,,,,,,,,,,,
nhanes_real,1,v3,dsr_full_euclidean,0.05,167,decoded_naive,decoded_banded,euclidean,True,233726,246880,0.008485708036459982,1.0964014580240473,0.0010070840362459421,False,True,search,,0.020704291993752122,,,,,,,,,,,,,,,,,,
nhanes_real,1,v3,dsr_full_euclidean,0.05,168,decoded_naive,decoded_banded,euclidean,True,233726,246880,0.008485708036459982,1.0964014580240473,0.0010070840362459421,True,False,,clean,0.019470041035674512,,,,,0.0,0.0,,"[3086, 2276]",2.0,2.1254608631134033,False,False,False,False,False,False,-6.835705651132381,4.748319625854492
nhanes_real,1,v3,dsr_full_euclidean,0.05,170,decoded_naive,decoded_banded,euclidean,True,233726,246880,0.008485708036459982,1.0964014580240473,0.0010070840362459421,True,False,,clean,0.019203832955099642,,,,,0.0,0.0,,"[3086, 2655]",2.0,0.8663316965103149,False,False,False,False,False,False,-6.287940253582267,2.2982401847839355
nhanes_real,1,v3,dsr_full_euclidean,0.05,175,decoded_naive,decoded_banded,euclidean,True,233726,246880,0.008485708036459982,1.0964014580240473,0.0010070840362459421,False,True,search,,0.025995541946031153,,,,,,,,,,,,,,,,,,
nhanes_real,1,v3,dsr_full_euclidean,0.05,177,decoded_naive,decoded_banded,euclidean,True,233726,246880,0.008485708036459982,1.0964014580240473,0.0010070840362459421,False,True,repair,failed,0.021917083067819476,False,False,False,True,0.0,3.0,"step 1 still violates after 3 repair iterations (triggered by {'immutable': False, 'non_decreasing': False, 'age_horizon': False, 'directional': True})",,,,,,,,,,,
nhanes_real,1,v3,dsr_full_euclidean,0.05,180,decoded_naive,decoded_banded,euclidean,True,233726,246880,0.008485708036459982,1.0964014580240473,0.0010070840362459421,True,False,,clean,0.018028374994173646,,,,,0.0,0.0,,"[3086, 2144]",2.0,0.33128318190574646,False,False,False,False,False,False,-6.311592434167925,0.9992727041244507
nhanes_real,1,v3,dsr_full_euclidean,0.05,185,decoded_naive,decoded_banded,euclidean,True,233726,246880,0.008485708036459982,1.0964014580240473,0.0010070840362459421,False,True,search,,0.016291874926537275,,,,,,,,,,,,,,,,,,
nhanes_real,1,v3,dsr_full_euclidean,0.05,190,decoded_naive,decoded_banded,euclidean,True,233726,246880,0.008485708036459982,1.0964014580240473,0.0010070840362459421,False,True,search,,0.019996582996100187,,,,,,,,,,,,,,,,,,
nhanes_real,1,v3,dsr_full_euclidean,0.05,191,decoded_naive,decoded_banded,euclidean,True,233726,246880,0.008485708036459982,1.0964014580240473,0.0010070840362459421,False,True,repair,failed,0.01806562498677522,False,True,False,False,0.0,3.0,"step 1 still violates after 3 repair iterations (triggered by {'immutable': False, 'non_decreasing': True, 'age_horizon': False, 'directional': False})",,,,,,,,,,,
nhanes_real,1,v3,dsr_full_euclidean,0.05,194,decoded_naive,decoded_banded,euclidean,True,233726,246880,0.008485708036459982,1.0964014580240473,0.0010070840362459421,False,True,repair,failed,0.022576999966986477,False,False,False,True,0.0,3.0,"step 1 still violates after 3 repair iterations (triggered by {'immutable': False, 'non_decreasing': False, 'age_horizon': False, 'directional': True})",,,,,,,,,,,
nhanes_real,1,v3,dsr_full_euclidean,0.05,198,decoded_naive,decoded_banded,euclidean,True,233726,246880,0.008485708036459982,1.0964014580240473,0.0010070840362459421,False,True,search,,0.021484249969944358,,,,,,,,,,,,,,,,,,
nhanes_real,1,v3,dsr_full_euclidean,0.05,200,decoded_naive,decoded_banded,euclidean,True,233726,246880,0.008485708036459982,1.0964014580240473,0.0010070840362459421,True,False,,clean,0.026366167003288865,,,,,0.0,0.0,,"[3086, 1492]",2.0,0.3148636221885681,False,False,False,False,False,False,-6.186182095170896,0.7869004011154175
nhanes_real,1,v3,dsr_full_euclidean,0.05,203,decoded_naive,decoded_banded,euclidean,True,233726,246880,0.008485708036459982,1.0964014580240473,0.0010070840362459421,False,True,search,,0.01684541709255427,,,,,,,,,,,,,,,,,,
nhanes_real,1,v3,dsr_full_euclidean,0.05,204,decoded_naive,decoded_banded,euclidean,True,233726,246880,0.008485708036459982,1.0964014580240473,0.0010070840362459421,False,True,search,,0.017893332988023758,,,,,,,,,,,,,,,,,,
nhanes_real,1,v3,dsr_full_euclidean,0.05,205,decoded_naive,decoded_banded,euclidean,True,233726,246880,0.008485708036459982,1.0964014580240473,0.0010070840362459421,True,False,,repaired,0.017958792042918503,False,False,True,False,1.0,2.0,,"[3086, 2128]",2.0,0.49553385376930237,False,False,False,False,False,False,-7.0008919594514225,3.2024524211883545
nhanes_real,1,v3,dsr_full_euclidean,0.05,206,decoded_naive,decoded_banded,euclidean,True,233726,246880,0.008485708036459982,1.0964014580240473,0.0010070840362459421,False,True,search,,0.018690875032916665,,,,,,,,,,,,,,,,,,
nhanes_real,1,v3,dsr_full_euclidean,0.05,207,decoded_naive,decoded_banded,euclidean,True,233726,246880,0.008485708036459982,1.0964014580240473,0.0010070840362459421,True,False,,clean,0.015959625015966594,,,,,0.0,0.0,,"[3086, 733]",2.0,1.3701783418655396,False,False,False,False,False,False,-6.913755709094728,4.530848503112793
nhanes_real,1,v3,dsr_full_euclidean,0.05,208,decoded_naive,decoded_banded,euclidean,True,233726,246880,0.008485708036459982,1.0964014580240473,0.0010070840362459421,False,True,repair,failed,0.02049124997574836,False,False,False,True,0.0,3.0,"step 1 still violates after 3 repair iterations (triggered by {'immutable': False, 'non_decreasing': False, 'age_horizon': False, 'directional': True})",,,,,,,,,,,
nhanes_real,1,v3,dsr_full_euclidean,0.05,211,decoded_naive,decoded_banded,euclidean,True,233726,246880,0.008485708036459982,1.0964014580240473,0.0010070840362459421,False,True,repair,failed,0.020076625049114227,False,False,True,True,0.0,3.0,"step 1 still violates after 3 repair iterations (triggered by {'immutable': False, 'non_decreasing': False, 'age_horizon': True, 'directional': True})",,,,,,,,,,,
nhanes_real,1,v3,dsr_full_euclidean,0.05,215,decoded_naive,decoded_banded,euclidean,True,233726,246880,0.008485708036459982,1.0964014580240473,0.0010070840362459421,False,True,repair,failed,0.028752791928127408,False,False,True,False,0.0,3.0,"step 1 still violates after 3 repair iterations (triggered by {'immutable': False, 'non_decreasing': False, 'age_horizon': True, 'directional': False})",,,,,,,,,,,
nhanes_real,1,v3,dsr_full_euclidean,0.05,223,decoded_naive,decoded_banded,euclidean,True,233726,246880,0.008485708036459982,1.0964014580240473,0.0010070840362459421,False,True,repair,failed,0.021100084064528346,False,False,False,True,0.0,3.0,"step 1 still violates after 3 repair iterations (triggered by {'immutable': False, 'non_decreasing': False, 'age_horizon': False, 'directional': True})",,,,,,,,,,,
nhanes_real,1,v3,dsr_full_euclidean,0.05,224,decoded_naive,decoded_banded,euclidean,True,233726,246880,0.008485708036459982,1.0964014580240473,0.0010070840362459421,False,True,repair,failed,0.03571783297229558,False,False,False,True,0.0,3.0,"step 1 still violates after 3 repair iterations (triggered by {'immutable': False, 'non_decreasing': False, 'age_horizon': False, 'directional': True})",,,,,,,,,,,
nhanes_real,1,v3,dsr_full_euclidean,0.05,225,decoded_naive,decoded_banded,euclidean,True,233726,246880,0.008485708036459982,1.0964014580240473,0.0010070840362459421,True,False,,clean,0.023150666034780443,,,,,0.0,0.0,,"[3086, 1580]",2.0,0.4048689603805542,False,False,False,False,False,False,-6.426955929928724,0.6890212893486023
nhanes_real,1,v3,dsr_full_euclidean,0.05,227,decoded_naive,decoded_banded,euclidean,True,233726,246880,0.008485708036459982,1.0964014580240473,0.0010070840362459421,False,True,repair,failed,0.01906700001563877,False,False,False,True,0.0,3.0,"step 1 still violates after 3 repair iterations (triggered by {'immutable': False, 'non_decreasing': False, 'age_horizon': False, 'directional': True})",,,,,,,,,,,
nhanes_real,1,v3,dsr_full_euclidean,0.05,228,decoded_naive,decoded_banded,euclidean,True,233726,246880,0.008485708036459982,1.0964014580240473,0.0010070840362459421,False,True,repair,failed,0.018466333975084126,False,False,True,False,0.0,3.0,"step 1 still violates after 3 repair iterations (triggered by {'immutable': False, 'non_decreasing': False, 'age_horizon': True, 'directional': False})",,,,,,,,,,,
nhanes_real,1,v3,dsr_full_euclidean,0.05,231,decoded_naive,decoded_banded,euclidean,True,233726,246880,0.008485708036459982,1.0964014580240473,0.0010070840362459421,False,True,repair,failed,0.025371958035975695,False,False,False,True,0.0,3.0,"step 1 still violates after 3 repair iterations (triggered by {'immutable': False, 'non_decreasing': False, 'age_horizon': False, 'directional': True})",,,,,,,,,,,
nhanes_real,1,v3,dsr_full_euclidean,0.05,236,decoded_naive,decoded_banded,euclidean,True,233726,246880,0.008485708036459982,1.0964014580240473,0.0010070840362459421,False,True,search,,0.017714417073875666,,,,,,,,,,,,,,,,,,
nhanes_real,1,v3,dsr_full_euclidean,0.05,237,decoded_naive,decoded_banded,euclidean,True,233726,246880,0.008485708036459982,1.0964014580240473,0.0010070840362459421,False,True,repair,failed,0.016520500066690147,False,True,False,True,0.0,3.0,"step 1 still violates after 3 repair iterations (triggered by {'immutable': False, 'non_decreasing': True, 'age_horizon': False, 'directional': True})",,,,,,,,,,,
nhanes_real,1,v3,dsr_full_euclidean,0.05,238,decoded_naive,decoded_banded,euclidean,True,233726,246880,0.008485708036459982,1.0964014580240473,0.0010070840362459421,False,True,repair,failed,0.019681458012200892,False,False,True,True,0.0,3.0,"step 1 still violates after 3 repair iterations (triggered by {'immutable': False, 'non_decreasing': False, 'age_horizon': True, 'directional': True})",,,,,,,,,,,
nhanes_real,1,v3,dsr_full_euclidean,0.05,242,decoded_naive,decoded_banded,euclidean,True,233726,246880,0.008485708036459982,1.0964014580240473,0.0010070840362459421,False,True,search,,0.018626292003318667,,,,,,,,,,,,,,,,,,
nhanes_real,1,v3,dsr_full_euclidean,0.05,243,decoded_naive,decoded_banded,euclidean,True,233726,246880,0.008485708036459982,1.0964014580240473,0.0010070840362459421,False,True,repair,failed,0.023104832973331213,False,False,False,True,0.0,3.0,"step 1 still violates after 3 repair iterations (triggered by {'immutable': False, 'non_decreasing': False, 'age_horizon': False, 'directional': True})",,,,,,,,,,,
nhanes_real,1,v3,dsr_full_euclidean,0.05,245,decoded_naive,decoded_banded,euclidean,True,233726,246880,0.008485708036459982,1.0964014580240473,0.0010070840362459421,False,True,repair,failed,0.02475750003941357,False,False,False,True,0.0,3.0,"step 1 still violates after 3 repair iterations (triggered by {'immutable': False, 'non_decreasing': False, 'age_horizon': False, 'directional': True})",,,,,,,,,,,
nhanes_real,1,v3,dsr_full_euclidean,0.05,246,decoded_naive,decoded_banded,euclidean,True,233726,246880,0.008485708036459982,1.0964014580240473,0.0010070840362459421,False,True,repair,failed,0.028843707987107337,False,False,False,True,0.0,3.0,"step 1 still violates after 3 repair iterations (triggered by {'immutable': False, 'non_decreasing': False, 'age_horizon': False, 'directional': True})",,,,,,,,,,,
nhanes_real,1,v3,dsr_full_euclidean,0.05,247,decoded_naive,decoded_banded,euclidean,True,233726,246880,0.008485708036459982,1.0964014580240473,0.0010070840362459421,True,False,,clean,0.024027167004533112,,,,,0.0,0.0,,"[3086, 846]",2.0,0.5740969181060791,False,False,False,False,False,False,-6.387341511682091,1.984481930732727
nhanes_real,1,v3,dsr_full_euclidean,0.05,248,decoded_naive,decoded_banded,euclidean,True,233726,246880,0.008485708036459982,1.0964014580240473,0.0010070840362459421,False,True,search,,0.018016957910731435,,,,,,,,,,,,,,,,,,
nhanes_real,1,v3,dsr_full_euclidean,0.05,249,decoded_naive,decoded_banded,euclidean,True,233726,246880,0.008485708036459982,1.0964014580240473,0.0010070840362459421,False,True,search,,0.023438708041794598,,,,,,,,,,,,,,,,,,
nhanes_real,1,v3,dsr_full_euclidean,0.05,252,decoded_naive,decoded_banded,euclidean,True,233726,246880,0.008485708036459982,1.0964014580240473,0.0010070840362459421,False,True,search,,0.021423625061288476,,,,,,,,,,,,,,,,,,
nhanes_real,1,v3,dsr_full_euclidean,0.05,254,decoded_naive,decoded_banded,euclidean,True,233726,246880,0.008485708036459982,1.0964014580240473,0.0010070840362459421,False,True,search,,0.020463625085540116,,,,,,,,,,,,,,,,,,
nhanes_real,1,v3,dsr_full_euclidean,0.05,255,decoded_naive,decoded_banded,euclidean,True,233726,246880,0.008485708036459982,1.0964014580240473,0.0010070840362459421,False,True,search,,0.016638541943393648,,,,,,,,,,,,,,,,,,
nhanes_real,1,v3,dsr_full_euclidean,0.05,256,decoded_naive,decoded_banded,euclidean,True,233726,246880,0.008485708036459982,1.0964014580240473,0.0010070840362459421,False,True,search,,0.016795583069324493,,,,,,,,,,,,,,,,,,
nhanes_real,1,v3,dsr_full_euclidean,0.05,259,decoded_naive,decoded_banded,euclidean,True,233726,246880,0.008485708036459982,1.0964014580240473,0.0010070840362459421,True,False,,clean,0.01528162497561425,,,,,0.0,0.0,,"[3086, 1640]",2.0,0.5525014996528625,False,False,False,False,False,False,-7.685365506755215,2.4623332023620605
nhanes_real,1,v3,dsr_full_euclidean,0.05,260,decoded_naive,decoded_banded,euclidean,True,233726,246880,0.008485708036459982,1.0964014580240473,0.0010070840362459421,False,True,search,,0.017495666979812086,,,,,,,,,,,,,,,,,,
nhanes_real,1,v3,dsr_full_euclidean,0.05,261,decoded_naive,decoded_banded,euclidean,True,233726,246880,0.008485708036459982,1.0964014580240473,0.0010070840362459421,False,True,search,,0.017129417043179274,,,,,,,,,,,,,,,,,,
nhanes_real,1,v3,dsr_full_euclidean,0.05,267,decoded_naive,decoded_banded,euclidean,True,233726,246880,0.008485708036459982,1.0964014580240473,0.0010070840362459421,False,True,repair,failed,0.014972166973166168,False,False,False,True,0.0,3.0,"step 1 still violates after 3 repair iterations (triggered by {'immutable': False, 'non_decreasing': False, 'age_horizon': False, 'directional': True})",,,,,,,,,,,
nhanes_real,1,v3,dsr_full_euclidean,0.05,268,decoded_naive,decoded_banded,euclidean,True,233726,246880,0.008485708036459982,1.0964014580240473,0.0010070840362459421,True,False,,repaired,0.016790666966699064,False,False,False,True,1.0,1.0,,"[3086, 849]",2.0,1.2332762479782104,False,False,False,False,False,False,-7.157408691705085,4.884174823760986
nhanes_real,1,v3,dsr_full_euclidean,0.05,270,decoded_naive,decoded_banded,euclidean,True,233726,246880,0.008485708036459982,1.0964014580240473,0.0010070840362459421,False,True,repair,failed,0.020351000013761222,False,False,False,True,0.0,3.0,"step 1 still violates after 3 repair iterations (triggered by {'immutable': False, 'non_decreasing': False, 'age_horizon': False, 'directional': True})",,,,,,,,,,,
nhanes_real,1,v3,dsr_full_euclidean,0.05,273,decoded_naive,decoded_banded,euclidean,True,233726,246880,0.008485708036459982,1.0964014580240473,0.0010070840362459421,False,True,search,,0.015639625024050474,,,,,,,,,,,,,,,,,,
nhanes_real,1,v3,dsr_full_euclidean,0.05,274,decoded_naive,decoded_banded,euclidean,True,233726,246880,0.008485708036459982,1.0964014580240473,0.0010070840362459421,False,True,repair,failed,0.018524874933063984,False,False,False,True,0.0,3.0,"step 1 still violates after 3 repair iterations (triggered by {'immutable': False, 'non_decreasing': False, 'age_horizon': False, 'directional': True})",,,,,,,,,,,
nhanes_real,1,v3,dsr_full_euclidean,0.05,275,decoded_naive,decoded_banded,euclidean,True,233726,246880,0.008485708036459982,1.0964014580240473,0.0010070840362459421,False,True,search,,0.018046083976514637,,,,,,,,,,,,,,,,,,
nhanes_real,1,v3,dsr_full_euclidean,0.05,277,decoded_naive,decoded_banded,euclidean,True,233726,246880,0.008485708036459982,1.0964014580240473,0.0010070840362459421,False,True,search,,0.016870083985850215,,,,,,,,,,,,,,,,,,
nhanes_real,1,v3,dsr_full_euclidean,0.05,278,decoded_naive,decoded_banded,euclidean,True,233726,246880,0.008485708036459982,1.0964014580240473,0.0010070840362459421,False,True,search,,0.017146458034403622,,,,,,,,,,,,,,,,,,
nhanes_real,1,v3,dsr_full_euclidean,0.05,280,decoded_naive,decoded_banded,euclidean,True,233726,246880,0.008485708036459982,1.0964014580240473,0.0010070840362459421,False,True,repair,failed,0.020865583908744156,False,False,False,True,0.0,3.0,"step 1 still violates after 3 repair iterations (triggered by {'immutable': False, 'non_decreasing': False, 'age_horizon': False, 'directional': True})",,,,,,,,,,,
nhanes_real,1,v3,dsr_full_euclidean,0.05,281,decoded_naive,decoded_banded,euclidean,True,233726,246880,0.008485708036459982,1.0964014580240473,0.0010070840362459421,False,True,search,,0.03198729094583541,,,,,,,,,,,,,,,,,,
nhanes_real,1,v3,dsr_full_euclidean,0.05,283,decoded_naive,decoded_banded,euclidean,True,233726,246880,0.008485708036459982,1.0964014580240473,0.0010070840362459421,True,False,,clean,0.027641916065476835,,,,,0.0,0.0,,"[3086, 2963]",2.0,0.3847425878047943,False,False,False,False,False,False,-7.507475438354799,0.8427729606628418
nhanes_real,1,v3,dsr_full_euclidean,0.05,285,decoded_naive,decoded_banded,euclidean,True,233726,246880,0.008485708036459982,1.0964014580240473,0.0010070840362459421,False,True,search,,0.01744808303192258,,,,,,,,,,,,,,,,,,
nhanes_real,1,v3,dsr_full_euclidean,0.05,287,decoded_naive,decoded_banded,euclidean,True,233726,246880,0.008485708036459982,1.0964014580240473,0.0010070840362459421,False,True,search,,0.02065724995918572,,,,,,,,,,,,,,,,,,
nhanes_real,1,v3,dsr_full_euclidean,0.05,291,decoded_naive,decoded_banded,euclidean,True,233726,246880,0.008485708036459982,1.0964014580240473,0.0010070840362459421,False,True,search,,0.015912250033579767,,,,,,,,,,,,,,,,,,
nhanes_real,1,v3,dsr_full_euclidean,0.05,292,decoded_naive,decoded_banded,euclidean,True,233726,246880,0.008485708036459982,1.0964014580240473,0.0010070840362459421,False,True,repair,failed,0.015713708009570837,False,False,False,True,0.0,3.0,"step 1 still violates after 3 repair iterations (triggered by {'immutable': False, 'non_decreasing': False, 'age_horizon': False, 'directional': True})",,,,,,,,,,,
nhanes_real,1,v3,dsr_full_euclidean,0.05,293,decoded_naive,decoded_banded,euclidean,True,233726,246880,0.008485708036459982,1.0964014580240473,0.0010070840362459421,False,True,search,,0.015416459063999355,,,,,,,,,,,,,,,,,,
nhanes_real,1,v3,dsr_full_euclidean,0.05,294,decoded_naive,decoded_banded,euclidean,True,233726,246880,0.008485708036459982,1.0964014580240473,0.0010070840362459421,True,False,,clean,0.016674250015057623,,,,,0.0,0.0,,"[3086, 840]",2.0,0.8832421898841858,False,False,False,False,False,False,-6.902780818235986,3.1604433059692383
nhanes_real,1,v3,dsr_full_euclidean,0.05,296,decoded_naive,decoded_banded,euclidean,True,233726,246880,0.008485708036459982,1.0964014580240473,0.0010070840362459421,False,True,repair,failed,0.017709875013679266,False,False,False,True,0.0,3.0,"step 1 still violates after 3 repair iterations (triggered by {'immutable': False, 'non_decreasing': False, 'age_horizon': False, 'directional': True})",,,,,,,,,,,
nhanes_real,1,v3,dsr_full_euclidean,0.05,299,decoded_naive,decoded_banded,euclidean,True,233726,246880,0.008485708036459982,1.0964014580240473,0.0010070840362459421,False,True,search,,0.01624079095199704,,,,,,,,,,,,,,,,,,
nhanes_real,1,v3,dsr_full_euclidean,0.05,300,decoded_naive,decoded_banded,euclidean,True,233726,246880,0.008485708036459982,1.0964014580240473,0.0010070840362459421,False,True,repair,failed,0.01474254101049155,False,False,False,True,0.0,3.0,"step 1 still violates after 3 repair iterations (triggered by {'immutable': False, 'non_decreasing': False, 'age_horizon': False, 'directional': True})",,,,,,,,,,,
nhanes_real,1,v3,dsr_full_euclidean,0.05,301,decoded_naive,decoded_banded,euclidean,True,233726,246880,0.008485708036459982,1.0964014580240473,0.0010070840362459421,True,False,,clean,0.018825958017259836,,,,,0.0,0.0,,"[3086, 471]",2.0,0.8955678939819336,False,False,False,False,False,False,-6.769885775160032,3.475088357925415
nhanes_real,1,v3,dsr_full_euclidean,0.05,303,decoded_naive,decoded_banded,euclidean,True,233726,246880,0.008485708036459982,1.0964014580240473,0.0010070840362459421,False,True,repair,failed,0.016143749933689833,False,False,False,True,0.0,3.0,"step 1 still violates after 3 repair iterations (triggered by {'immutable': False, 'non_decreasing': False, 'age_horizon': False, 'directional': True})",,,,,,,,,,,
nhanes_real,1,v3,dsr_full_euclidean,0.05,304,decoded_naive,decoded_banded,euclidean,True,233726,246880,0.008485708036459982,1.0964014580240473,0.0010070840362459421,False,True,repair,failed,0.0158546669408679,False,False,False,True,0.0,3.0,"step 1 still violates after 3 repair iterations (triggered by {'immutable': False, 'non_decreasing': False, 'age_horizon': False, 'directional': True})",,,,,,,,,,,
nhanes_real,1,v3,dsr_full_euclidean,0.05,307,decoded_naive,decoded_banded,euclidean,True,233726,246880,0.008485708036459982,1.0964014580240473,0.0010070840362459421,False,True,search,,0.015594958909787238,,,,,,,,,,,,,,,,,,
nhanes_real,1,v3,dsr_full_euclidean,0.05,308,decoded_naive,decoded_banded,euclidean,True,233726,246880,0.008485708036459982,1.0964014580240473,0.0010070840362459421,True,False,,repaired,0.019813999999314547,False,False,False,True,1.0,1.0,,"[3086, 849]",2.0,1.1156367063522339,False,False,False,False,False,False,-7.027755204276433,4.39866304397583
nhanes_real,1,v3,dsr_full_euclidean,0.05,309,decoded_naive,decoded_banded,euclidean,True,233726,246880,0.008485708036459982,1.0964014580240473,0.0010070840362459421,False,True,search,,0.016266582999378443,,,,,,,,,,,,,,,,,,
nhanes_real,1,v3,dsr_full_euclidean,0.05,314,decoded_naive,decoded_banded,euclidean,True,233726,246880,0.008485708036459982,1.0964014580240473,0.0010070840362459421,False,True,search,,0.02220124995801598,,,,,,,,,,,,,,,,,,
nhanes_real,1,v3,dsr_full_euclidean,0.05,316,decoded_naive,decoded_banded,euclidean,True,233726,246880,0.008485708036459982,1.0964014580240473,0.0010070840362459421,False,True,repair,failed,0.023381000035442412,False,False,False,True,0.0,3.0,"step 1 still violates after 3 repair iterations (triggered by {'immutable': False, 'non_decreasing': False, 'age_horizon': False, 'directional': True})",,,,,,,,,,,
nhanes_real,1,v3,dsr_full_euclidean,0.05,317,decoded_naive,decoded_banded,euclidean,True,233726,246880,0.008485708036459982,1.0964014580240473,0.0010070840362459421,False,True,repair,failed,0.022689874982461333,False,False,True,True,0.0,3.0,"step 1 still violates after 3 repair iterations (triggered by {'immutable': False, 'non_decreasing': False, 'age_horizon': True, 'directional': True})",,,,,,,,,,,
nhanes_real,1,v3,dsr_full_euclidean,0.05,318,decoded_naive,decoded_banded,euclidean,True,233726,246880,0.008485708036459982,1.0964014580240473,0.0010070840362459421,False,True,search,,0.028501707944087684,,,,,,,,,,,,,,,,,,
nhanes_real,1,v3,dsr_full_euclidean,0.05,319,decoded_naive,decoded_banded,euclidean,True,233726,246880,0.008485708036459982,1.0964014580240473,0.0010070840362459421,False,True,repair,failed,0.015934582916088402,False,False,False,True,0.0,3.0,"step 1 still violates after 3 repair iterations (triggered by {'immutable': False, 'non_decreasing': False, 'age_horizon': False, 'directional': True})",,,,,,,,,,,
nhanes_real,1,v3,dsr_full_euclidean,0.05,321,decoded_naive,decoded_banded,euclidean,True,233726,246880,0.008485708036459982,1.0964014580240473,0.0010070840362459421,True,False,,repaired,0.01518570794723928,False,False,False,True,1.0,2.0,,"[3086, 357]",2.0,0.5217104554176331,False,False,False,False,False,False,-6.913805564771106,3.3571317195892334
nhanes_real,1,v3,dsr_full_euclidean,0.05,322,decoded_naive,decoded_banded,euclidean,True,233726,246880,0.008485708036459982,1.0964014580240473,0.0010070840362459421,True,False,,clean,0.013829208095557988,,,,,0.0,0.0,,"[3086, 2326]",2.0,2.2629289627075195,False,False,False,False,False,False,-6.978221254433108,6.320106029510498
nhanes_real,1,v3,dsr_full_euclidean,0.05,324,decoded_naive,decoded_banded,euclidean,True,233726,246880,0.008485708036459982,1.0964014580240473,0.0010070840362459421,False,True,search,,0.014797625015489757,,,,,,,,,,,,,,,,,,
nhanes_real,1,v3,dsr_full_euclidean,0.05,325,decoded_naive,decoded_banded,euclidean,True,233726,246880,0.008485708036459982,1.0964014580240473,0.0010070840362459421,False,True,search,,0.014024458010680974,,,,,,,,,,,,,,,,,,
nhanes_real,1,v3,dsr_full_euclidean,0.05,332,decoded_naive,decoded_banded,euclidean,True,233726,246880,0.008485708036459982,1.0964014580240473,0.0010070840362459421,False,True,search,,0.012984207947738469,,,,,,,,,,,,,,,,,,
nhanes_real,1,v3,dsr_full_euclidean,0.05,333,decoded_naive,decoded_banded,euclidean,True,233726,246880,0.008485708036459982,1.0964014580240473,0.0010070840362459421,False,True,repair,failed,0.014853542088530958,False,False,False,True,0.0,3.0,"step 1 still violates after 3 repair iterations (triggered by {'immutable': False, 'non_decreasing': False, 'age_horizon': False, 'directional': True})",,,,,,,,,,,
nhanes_real,1,v3,dsr_full_euclidean,0.05,335,decoded_naive,decoded_banded,euclidean,True,233726,246880,0.008485708036459982,1.0964014580240473,0.0010070840362459421,False,True,search,,0.0141802909784019,,,,,,,,,,,,,,,,,,
nhanes_real,1,v3,dsr_full_euclidean,0.05,336,decoded_naive,decoded_banded,euclidean,True,233726,246880,0.008485708036459982,1.0964014580240473,0.0010070840362459421,False,True,repair,failed,0.014588459045626223,False,False,False,True,0.0,3.0,"step 1 still violates after 3 repair iterations (triggered by {'immutable': False, 'non_decreasing': False, 'age_horizon': False, 'directional': True})",,,,,,,,,,,
nhanes_real,1,v3,dsr_full_euclidean,0.05,337,decoded_naive,decoded_banded,euclidean,True,233726,246880,0.008485708036459982,1.0964014580240473,0.0010070840362459421,False,True,search,,0.014710666029714048,,,,,,,,,,,,,,,,,,
nhanes_real,1,v3,dsr_full_euclidean,0.05,338,decoded_naive,decoded_banded,euclidean,True,233726,246880,0.008485708036459982,1.0964014580240473,0.0010070840362459421,False,True,search,,0.013742791954427958,,,,,,,,,,,,,,,,,,
nhanes_real,1,v3,dsr_full_euclidean,0.05,339,decoded_naive,decoded_banded,euclidean,True,233726,246880,0.008485708036459982,1.0964014580240473,0.0010070840362459421,False,True,repair,failed,0.014743875013664365,False,False,True,True,1.0,1.0,repair broke monotone risk reduction along the path,,,,,,,,,,,
nhanes_real,1,v3,dsr_full_euclidean,0.05,343,decoded_naive,decoded_banded,euclidean,True,233726,246880,0.008485708036459982,1.0964014580240473,0.0010070840362459421,False,True,search,,0.014149457914754748,,,,,,,,,,,,,,,,,,
nhanes_real,1,v3,dsr_full_euclidean,0.05,344,decoded_naive,decoded_banded,euclidean,True,233726,246880,0.008485708036459982,1.0964014580240473,0.0010070840362459421,True,False,,clean,0.015636041993275285,,,,,0.0,0.0,,"[3086, 2510]",2.0,0.5652326345443726,False,False,False,False,False,False,-7.499966134962847,2.3829774856567383
nhanes_real,1,v3,dsr_full_euclidean,0.05,352,decoded_naive,decoded_banded,euclidean,True,233726,246880,0.008485708036459982,1.0964014580240473,0.0010070840362459421,False,True,search,,0.014011417049914598,,,,,,,,,,,,,,,,,,
nhanes_real,1,v3,dsr_full_euclidean,0.05,357,decoded_naive,decoded_banded,euclidean,True,233726,246880,0.008485708036459982,1.0964014580240473,0.0010070840362459421,True,False,,clean,0.014220291981473565,,,,,0.0,0.0,,"[3086, 2326]",2.0,2.9634182453155518,False,False,False,False,False,False,-7.324487211393894,9.014068603515625
nhanes_real,1,v3,dsr_full_euclidean,0.05,359,decoded_naive,decoded_banded,euclidean,True,233726,246880,0.008485708036459982,1.0964014580240473,0.0010070840362459421,False,True,repair,failed,0.015281250001862645,False,False,False,True,0.0,3.0,"step 1 still violates after 3 repair iterations (triggered by {'immutable': False, 'non_decreasing': False, 'age_horizon': False, 'directional': True})",,,,,,,,,,,
nhanes_real,1,v3,dsr_full_euclidean,0.05,363,decoded_naive,decoded_banded,euclidean,True,233726,246880,0.008485708036459982,1.0964014580240473,0.0010070840362459421,True,False,,clean,0.013284167042002082,,,,,0.0,0.0,,"[3086, 2276]",2.0,1.757528305053711,False,False,False,False,False,False,-6.734668554215256,4.212972164154053
nhanes_real,1,v3,dsr_full_euclidean,0.05,364,decoded_naive,decoded_banded,euclidean,True,233726,246880,0.008485708036459982,1.0964014580240473,0.0010070840362459421,False,True,repair,failed,0.019320167019031942,False,False,False,True,0.0,3.0,"step 1 still violates after 3 repair iterations (triggered by {'immutable': False, 'non_decreasing': False, 'age_horizon': False, 'directional': True})",,,,,,,,,,,
nhanes_real,1,v3,dsr_full_euclidean,0.05,365,decoded_naive,decoded_banded,euclidean,True,233726,246880,0.008485708036459982,1.0964014580240473,0.0010070840362459421,True,False,,clean,0.013433458050712943,,,,,0.0,0.0,,"[3086, 2491]",2.0,0.6532508730888367,False,False,False,False,False,False,-7.684223868814225,3.0390548706054688
nhanes_real,1,v3,dsr_full_euclidean,0.05,366,decoded_naive,decoded_banded,euclidean,True,233726,246880,0.008485708036459982,1.0964014580240473,0.0010070840362459421,False,True,search,,0.013658916926942766,,,,,,,,,,,,,,,,,,
nhanes_real,1,v3,dsr_full_euclidean,0.05,368,decoded_naive,decoded_banded,euclidean,True,233726,246880,0.008485708036459982,1.0964014580240473,0.0010070840362459421,True,False,,clean,0.01333133305888623,,,,,0.0,0.0,,"[3086, 846]",2.0,0.910053551197052,False,False,False,False,False,False,-6.593726712297955,3.0205676555633545
nhanes_real,1,v3,dsr_full_euclidean,0.05,371,decoded_naive,decoded_banded,euclidean,True,233726,246880,0.008485708036459982,1.0964014580240473,0.0010070840362459421,True,False,,clean,0.014276458998210728,,,,,0.0,0.0,,"[3086, 191]",2.0,1.2895783185958862,False,False,False,False,False,False,-7.014128565359011,4.508291721343994
nhanes_real,1,v3,dsr_full_euclidean,0.05,377,decoded_naive,decoded_banded,euclidean,True,233726,246880,0.008485708036459982,1.0964014580240473,0.0010070840362459421,False,True,repair,failed,0.014114374993368983,False,False,False,True,0.0,3.0,"step 1 still violates after 3 repair iterations (triggered by {'immutable': False, 'non_decreasing': False, 'age_horizon': False, 'directional': True})",,,,,,,,,,,
nhanes_real,1,v3,dsr_full_euclidean,0.05,380,decoded_naive,decoded_banded,euclidean,True,233726,246880,0.008485708036459982,1.0964014580240473,0.0010070840362459421,False,True,repair,failed,0.013647124986164272,False,False,False,True,0.0,3.0,"step 1 still violates after 3 repair iterations (triggered by {'immutable': False, 'non_decreasing': False, 'age_horizon': False, 'directional': True})",,,,,,,,,,,
nhanes_real,1,v3,dsr_full_euclidean,0.05,381,decoded_naive,decoded_banded,euclidean,True,233726,246880,0.008485708036459982,1.0964014580240473,0.0010070840362459421,False,True,search,,0.013161291019059718,,,,,,,,,,,,,,,,,,
nhanes_real,1,v3,dsr_full_euclidean,0.05,383,decoded_naive,decoded_banded,euclidean,True,233726,246880,0.008485708036459982,1.0964014580240473,0.0010070840362459421,False,True,repair,failed,0.013391833985224366,False,False,True,False,0.0,3.0,"step 1 still violates after 3 repair iterations (triggered by {'immutable': False, 'non_decreasing': False, 'age_horizon': True, 'directional': False})",,,,,,,,,,,
nhanes_real,1,v3,dsr_full_euclidean,0.05,385,decoded_naive,decoded_banded,euclidean,True,233726,246880,0.008485708036459982,1.0964014580240473,0.0010070840362459421,False,True,search,,0.013390707899816334,,,,,,,,,,,,,,,,,,
nhanes_real,1,v3,dsr_full_euclidean,0.05,386,decoded_naive,decoded_banded,euclidean,True,233726,246880,0.008485708036459982,1.0964014580240473,0.0010070840362459421,False,True,repair,failed,0.014209375018253922,False,False,False,True,0.0,3.0,"step 1 still violates after 3 repair iterations (triggered by {'immutable': False, 'non_decreasing': False, 'age_horizon': False, 'directional': True})",,,,,,,,,,,
nhanes_real,1,v3,dsr_full_euclidean,0.05,387,decoded_naive,decoded_banded,euclidean,True,233726,246880,0.008485708036459982,1.0964014580240473,0.0010070840362459421,False,True,search,,0.012929874937981367,,,,,,,,,,,,,,,,,,
nhanes_real,1,v3,dsr_full_euclidean,0.05,392,decoded_naive,decoded_banded,euclidean,True,233726,246880,0.008485708036459982,1.0964014580240473,0.0010070840362459421,False,True,search,,0.013689749990589917,,,,,,,,,,,,,,,,,,
nhanes_real,1,v3,dsr_full_euclidean,0.05,393,decoded_naive,decoded_banded,euclidean,True,233726,246880,0.008485708036459982,1.0964014580240473,0.0010070840362459421,False,True,search,,0.013637625030241907,,,,,,,,,,,,,,,,,,
nhanes_real,1,v3,dsr_full_euclidean,0.05,394,decoded_naive,decoded_banded,euclidean,True,233726,246880,0.008485708036459982,1.0964014580240473,0.0010070840362459421,False,True,repair,failed,0.01397466694470495,False,True,False,True,0.0,3.0,"step 1 still violates after 3 repair iterations (triggered by {'immutable': False, 'non_decreasing': True, 'age_horizon': False, 'directional': True})",,,,,,,,,,,
nhanes_real,1,v3,dsr_full_euclidean,0.05,395,decoded_naive,decoded_banded,euclidean,True,233726,246880,0.008485708036459982,1.0964014580240473,0.0010070840362459421,False,True,search,,0.013072250061668456,,,,,,,,,,,,,,,,,,
nhanes_real,1,v3,dsr_full_euclidean,0.05,398,decoded_naive,decoded_banded,euclidean,True,233726,246880,0.008485708036459982,1.0964014580240473,0.0010070840362459421,True,False,,clean,0.013987583108246326,,,,,0.0,0.0,,"[3086, 128]",2.0,0.7787525653839111,False,False,False,False,False,False,-6.952060169123264,3.4173574447631836
nhanes_real,1,v3,dsr_full_euclidean,0.05,401,decoded_naive,decoded_banded,euclidean,True,233726,246880,0.008485708036459982,1.0964014580240473,0.0010070840362459421,False,True,repair,failed,0.014374874997884035,False,False,True,False,0.0,3.0,"step 1 still violates after 3 repair iterations (triggered by {'immutable': False, 'non_decreasing': False, 'age_horizon': True, 'directional': False})",,,,,,,,,,,
nhanes_real,1,v3,dsr_full_euclidean,0.05,404,decoded_naive,decoded_banded,euclidean,True,233726,246880,0.008485708036459982,1.0964014580240473,0.0010070840362459421,True,False,,clean,0.013423459022305906,,,,,0.0,0.0,,"[3086, 1167]",2.0,1.1475170850753784,False,False,False,False,False,False,-6.418001928576658,1.803776502609253
nhanes_real,1,v3,dsr_full_euclidean,0.05,405,decoded_naive,decoded_banded,euclidean,True,233726,246880,0.008485708036459982,1.0964014580240473,0.0010070840362459421,True,False,,clean,0.013810417032800615,,,,,0.0,0.0,,"[3086, 490]",2.0,1.9818016290664673,False,False,False,False,False,False,-9.540038211053478,9.536466598510742
nhanes_real,1,v3,dsr_full_euclidean,0.05,407,decoded_naive,decoded_banded,euclidean,True,233726,246880,0.008485708036459982,1.0964014580240473,0.0010070840362459421,False,True,repair,failed,0.013712499989196658,False,False,False,True,0.0,3.0,"step 1 still violates after 3 repair iterations (triggered by {'immutable': False, 'non_decreasing': False, 'age_horizon': False, 'directional': True})",,,,,,,,,,,
nhanes_real,1,v3,dsr_full_euclidean,0.05,409,decoded_naive,decoded_banded,euclidean,True,233726,246880,0.008485708036459982,1.0964014580240473,0.0010070840362459421,False,True,repair,failed,0.013885790947824717,False,False,False,True,0.0,3.0,"step 1 still violates after 3 repair iterations (triggered by {'immutable': False, 'non_decreasing': False, 'age_horizon': False, 'directional': True})",,,,,,,,,,,
nhanes_real,1,v3,dsr_full_euclidean,0.05,410,decoded_naive,decoded_banded,euclidean,True,233726,246880,0.008485708036459982,1.0964014580240473,0.0010070840362459421,False,True,repair,failed,0.01529770903289318,False,False,False,True,0.0,3.0,"step 1 still violates after 3 repair iterations (triggered by {'immutable': False, 'non_decreasing': False, 'age_horizon': False, 'directional': True})",,,,,,,,,,,
nhanes_real,1,v3,dsr_full_euclidean,0.05,411,decoded_naive,decoded_banded,euclidean,True,233726,246880,0.008485708036459982,1.0964014580240473,0.0010070840362459421,False,True,repair,failed,0.013112541986629367,False,False,True,True,0.0,3.0,"step 1 still violates after 3 repair iterations (triggered by {'immutable': False, 'non_decreasing': False, 'age_horizon': True, 'directional': True})",,,,,,,,,,,
nhanes_real,1,v3,dsr_full_euclidean,0.05,412,decoded_naive,decoded_banded,euclidean,True,233726,246880,0.008485708036459982,1.0964014580240473,0.0010070840362459421,True,False,,clean,0.015239750035107136,,,,,0.0,0.0,,"[3086, 2624]",2.0,2.0817184448242188,False,False,False,False,False,False,-7.453018326051776,7.511699199676514
nhanes_real,1,v3,dsr_full_euclidean,0.05,415,decoded_naive,decoded_banded,euclidean,True,233726,246880,0.008485708036459982,1.0964014580240473,0.0010070840362459421,False,True,search,,0.01416695793159306,,,,,,,,,,,,,,,,,,
nhanes_real,1,v3,dsr_full_euclidean,0.05,417,decoded_naive,decoded_banded,euclidean,True,233726,246880,0.008485708036459982,1.0964014580240473,0.0010070840362459421,False,True,repair,failed,0.013662499957717955,False,False,False,True,0.0,3.0,"step 1 still violates after 3 repair iterations (triggered by {'immutable': False, 'non_decreasing': False, 'age_horizon': False, 'directional': True})",,,,,,,,,,,
nhanes_real,1,v3,dsr_full_euclidean,0.05,418,decoded_naive,decoded_banded,euclidean,True,233726,246880,0.008485708036459982,1.0964014580240473,0.0010070840362459421,False,True,search,,0.013406667043454945,,,,,,,,,,,,,,,,,,
nhanes_real,1,v3,dsr_full_euclidean,0.05,419,decoded_naive,decoded_banded,euclidean,True,233726,246880,0.008485708036459982,1.0964014580240473,0.0010070840362459421,False,True,repair,failed,0.02463658305350691,False,False,False,True,0.0,3.0,"step 1 still violates after 3 repair iterations (triggered by {'immutable': False, 'non_decreasing': False, 'age_horizon': False, 'directional': True})",,,,,,,,,,,
nhanes_real,1,v3,dsr_full_euclidean,0.05,420,decoded_naive,decoded_banded,euclidean,True,233726,246880,0.008485708036459982,1.0964014580240473,0.0010070840362459421,False,True,repair,failed,0.019118042080663145,False,False,False,True,0.0,3.0,"step 1 still violates after 3 repair iterations (triggered by {'immutable': False, 'non_decreasing': False, 'age_horizon': False, 'directional': True})",,,,,,,,,,,
nhanes_real,1,v3,dsr_full_euclidean,0.05,421,decoded_naive,decoded_banded,euclidean,True,233726,246880,0.008485708036459982,1.0964014580240473,0.0010070840362459421,False,True,search,,0.015634791925549507,,,,,,,,,,,,,,,,,,
nhanes_real,1,v3,dsr_full_euclidean,0.05,422,decoded_naive,decoded_banded,euclidean,True,233726,246880,0.008485708036459982,1.0964014580240473,0.0010070840362459421,False,True,search,,0.015599249978549778,,,,,,,,,,,,,,,,,,
nhanes_real,1,v3,dsr_full_euclidean,0.05,423,decoded_naive,decoded_banded,euclidean,True,233726,246880,0.008485708036459982,1.0964014580240473,0.0010070840362459421,False,True,search,,0.014462832943536341,,,,,,,,,,,,,,,,,,
nhanes_real,1,v3,dsr_full_euclidean,0.05,427,decoded_naive,decoded_banded,euclidean,True,233726,246880,0.008485708036459982,1.0964014580240473,0.0010070840362459421,True,False,,clean,0.01432854204904288,,,,,0.0,0.0,,"[3086, 2655]",2.0,1.9193170070648193,False,False,False,False,False,False,-6.89160586951496,5.674516201019287
nhanes_real,1,v3,dsr_full_euclidean,0.05,430,decoded_naive,decoded_banded,euclidean,True,233726,246880,0.008485708036459982,1.0964014580240473,0.0010070840362459421,True,False,,clean,0.013812791090458632,,,,,0.0,0.0,,"[3086, 1492]",2.0,0.7033249735832214,False,False,False,False,False,False,-6.186906925930681,1.6643123626708984
nhanes_real,1,v3,dsr_full_euclidean,0.05,431,decoded_naive,decoded_banded,euclidean,True,233726,246880,0.008485708036459982,1.0964014580240473,0.0010070840362459421,False,True,search,,0.014076207997277379,,,,,,,,,,,,,,,,,,
nhanes_real,1,v3,dsr_full_euclidean,0.05,433,decoded_naive,decoded_banded,euclidean,True,233726,246880,0.008485708036459982,1.0964014580240473,0.0010070840362459421,True,False,,clean,0.012542832992039621,,,,,0.0,0.0,,"[3086, 1410]",2.0,0.5378360748291016,False,False,False,False,False,False,-6.369947639233883,0.6267167329788208
nhanes_real,1,v3,dsr_full_euclidean,0.05,436,decoded_naive,decoded_banded,euclidean,True,233726,246880,0.008485708036459982,1.0964014580240473,0.0010070840362459421,False,True,search,,0.014488082961179316,,,,,,,,,,,,,,,,,,
nhanes_real,1,v3,dsr_full_euclidean,0.05,437,decoded_naive,decoded_banded,euclidean,True,233726,246880,0.008485708036459982,1.0964014580240473,0.0010070840362459421,False,True,repair,failed,0.01478141697589308,False,False,False,True,1.0,1.0,repaired terminal state is no longer low-risk,,,,,,,,,,,
nhanes_real,1,v3,dsr_full_euclidean,0.05,438,decoded_naive,decoded_banded,euclidean,True,233726,246880,0.008485708036459982,1.0964014580240473,0.0010070840362459421,False,True,search,,0.013405333971604705,,,,,,,,,,,,,,,,,,
nhanes_real,1,v3,dsr_full_euclidean,0.05,446,decoded_naive,decoded_banded,euclidean,True,233726,246880,0.008485708036459982,1.0964014580240473,0.0010070840362459421,True,False,,clean,0.015780540998093784,,,,,0.0,0.0,,"[3086, 1410]",2.0,0.5020952820777893,False,False,False,False,False,False,-6.31112256707028,1.172523021697998
nhanes_real,1,v3,dsr_full_euclidean,0.05,454,decoded_naive,decoded_banded,euclidean,True,233726,246880,0.008485708036459982,1.0964014580240473,0.0010070840362459421,False,True,search,,0.012750708032399416,,,,,,,,,,,,,,,,,,
nhanes_real,1,v3,dsr_full_euclidean,0.05,459,decoded_naive,decoded_banded,euclidean,True,233726,246880,0.008485708036459982,1.0964014580240473,0.0010070840362459421,False,True,repair,failed,0.013917375006712973,False,False,False,True,1.0,1.0,repaired terminal state is no longer low-risk,,,,,,,,,,,
nhanes_real,1,v3,dsr_full_euclidean,0.05,461,decoded_naive,decoded_banded,euclidean,True,233726,246880,0.008485708036459982,1.0964014580240473,0.0010070840362459421,True,False,,clean,0.014001708012074232,,,,,0.0,0.0,,"[3086, 1089]",2.0,0.36319291591644287,False,False,False,False,False,False,-6.342690463245773,0.7616400122642517
nhanes_real,1,v3,dsr_full_euclidean,0.05,462,decoded_naive,decoded_banded,euclidean,True,233726,246880,0.008485708036459982,1.0964014580240473,0.0010070840362459421,False,True,repair,failed,0.014798333984799683,False,False,False,True,0.0,3.0,"step 1 still violates after 3 repair iterations (triggered by {'immutable': False, 'non_decreasing': False, 'age_horizon': False, 'directional': True})",,,,,,,,,,,
nhanes_real,1,v3,dsr_full_euclidean,0.05,465,decoded_naive,decoded_banded,euclidean,True,233726,246880,0.008485708036459982,1.0964014580240473,0.0010070840362459421,False,True,search,,0.013463499955832958,,,,,,,,,,,,,,,,,,
nhanes_real,1,v3,dsr_full_euclidean,0.05,466,decoded_naive,decoded_banded,euclidean,True,233726,246880,0.008485708036459982,1.0964014580240473,0.0010070840362459421,False,True,repair,failed,0.015231249970383942,False,False,False,True,0.0,3.0,"step 1 still violates after 3 repair iterations (triggered by {'immutable': False, 'non_decreasing': False, 'age_horizon': False, 'directional': True})",,,,,,,,,,,
nhanes_real,1,v3,dsr_full_euclidean,0.05,472,decoded_naive,decoded_banded,euclidean,True,233726,246880,0.008485708036459982,1.0964014580240473,0.0010070840362459421,False,True,search,,0.016480625024996698,,,,,,,,,,,,,,,,,,
nhanes_real,1,v3,dsr_full_euclidean,0.05,473,decoded_naive,decoded_banded,euclidean,True,233726,246880,0.008485708036459982,1.0964014580240473,0.0010070840362459421,False,True,search,,0.013945291051641107,,,,,,,,,,,,,,,,,,
nhanes_real,1,v3,dsr_full_euclidean,0.05,479,decoded_naive,decoded_banded,euclidean,True,233726,246880,0.008485708036459982,1.0964014580240473,0.0010070840362459421,False,True,search,,0.014061541995033622,,,,,,,,,,,,,,,,,,
nhanes_real,1,v3,dsr_full_euclidean,0.05,481,decoded_naive,decoded_banded,euclidean,True,233726,246880,0.008485708036459982,1.0964014580240473,0.0010070840362459421,False,True,repair,failed,0.014026749995537102,False,False,False,True,0.0,3.0,"step 1 still violates after 3 repair iterations (triggered by {'immutable': False, 'non_decreasing': False, 'age_horizon': False, 'directional': True})",,,,,,,,,,,
nhanes_real,1,v3,dsr_full_euclidean,0.05,484,decoded_naive,decoded_banded,euclidean,True,233726,246880,0.008485708036459982,1.0964014580240473,0.0010070840362459421,False,True,repair,failed,0.013735624961555004,False,False,False,True,0.0,3.0,"step 1 still violates after 3 repair iterations (triggered by {'immutable': False, 'non_decreasing': False, 'age_horizon': False, 'directional': True})",,,,,,,,,,,
nhanes_real,1,v3,dsr_full_euclidean,0.05,488,decoded_naive,decoded_banded,euclidean,True,233726,246880,0.008485708036459982,1.0964014580240473,0.0010070840362459421,False,True,search,,0.012957624974660575,,,,,,,,,,,,,,,,,,
nhanes_real,1,v3,dsr_full_euclidean,0.05,489,decoded_naive,decoded_banded,euclidean,True,233726,246880,0.008485708036459982,1.0964014580240473,0.0010070840362459421,False,True,repair,failed,0.014238166972063482,False,False,False,True,0.0,3.0,"step 1 still violates after 3 repair iterations (triggered by {'immutable': False, 'non_decreasing': False, 'age_horizon': False, 'directional': True})",,,,,,,,,,,
nhanes_real,1,v3,dsr_full_euclidean,0.05,490,decoded_naive,decoded_banded,euclidean,True,233726,246880,0.008485708036459982,1.0964014580240473,0.0010070840362459421,True,False,,clean,0.013525041984394193,,,,,0.0,0.0,,"[3086, 2626]",2.0,0.23968586325645447,False,False,False,False,False,False,-6.943256975230433,0.7448221445083618
nhanes_real,1,v3,dsr_full_euclidean,0.05,491,decoded_naive,decoded_banded,euclidean,True,233726,246880,0.008485708036459982,1.0964014580240473,0.0010070840362459421,True,False,,clean,0.013383875018917024,,,,,0.0,0.0,,"[3086, 846]",2.0,0.8156488537788391,False,False,False,False,False,False,-6.534780839160538,2.818114757537842
nhanes_real,1,v3,dsr_full_euclidean,0.05,492,decoded_naive,decoded_banded,euclidean,True,233726,246880,0.008485708036459982,1.0964014580240473,0.0010070840362459421,False,True,search,,0.01417666592169553,,,,,,,,,,,,,,,,,,
nhanes_real,1,v3,dsr_full_euclidean,0.05,493,decoded_naive,decoded_banded,euclidean,True,233726,246880,0.008485708036459982,1.0964014580240473,0.0010070840362459421,True,False,,repaired,0.015394082991406322,False,False,False,True,1.0,1.0,,"[3086, 357]",2.0,0.2445279061794281,False,False,False,False,False,False,-6.796599119945218,1.516397476196289
nhanes_real,1,v3,dsr_full_euclidean,0.05,496,decoded_naive,decoded_banded,euclidean,True,233726,246880,0.008485708036459982,1.0964014580240473,0.0010070840362459421,False,True,search,,0.01435033290181309,,,,,,,,,,,,,,,,,,
nhanes_real,1,v3,dsr_full_euclidean,0.05,497,decoded_naive,decoded_banded,euclidean,True,233726,246880,0.008485708036459982,1.0964014580240473,0.0010070840362459421,False,True,search,,0.014559415983967483,,,,,,,,,,,,,,,,,,
nhanes_real,1,v3,dsr_full_euclidean,0.05,498,decoded_naive,decoded_banded,euclidean,True,233726,246880,0.008485708036459982,1.0964014580240473,0.0010070840362459421,True,False,,clean,0.013746540993452072,,,,,0.0,0.0,,"[3086, 2862]",2.0,0.37427520751953125,False,False,False,False,False,False,-6.5174444961051305,1.0082850456237793
nhanes_real,1,v3,dsr_full_euclidean,0.05,499,decoded_naive,decoded_banded,euclidean,True,233726,246880,0.008485708036459982,1.0964014580240473,0.0010070840362459421,False,True,repair,failed,0.014060375047847629,False,False,False,True,0.0,3.0,"step 1 still violates after 3 repair iterations (triggered by {'immutable': False, 'non_decreasing': False, 'age_horizon': False, 'directional': True})",,,,,,,,,,,
nhanes_real,1,v3,dsr_full_euclidean,0.05,502,decoded_naive,decoded_banded,euclidean,True,233726,246880,0.008485708036459982,1.0964014580240473,0.0010070840362459421,False,True,repair,failed,0.014520625001750886,False,False,True,False,1.0,1.0,repair broke monotone risk reduction along the path,,,,,,,,,,,
nhanes_real,1,v3,dsr_full_euclidean,0.05,504,decoded_naive,decoded_banded,euclidean,True,233726,246880,0.008485708036459982,1.0964014580240473,0.0010070840362459421,False,True,repair,failed,0.013740708003751934,False,False,False,True,0.0,3.0,"step 1 still violates after 3 repair iterations (triggered by {'immutable': False, 'non_decreasing': False, 'age_horizon': False, 'directional': True})",,,,,,,,,,,
nhanes_real,1,v3,dsr_full_euclidean,0.05,505,decoded_naive,decoded_banded,euclidean,True,233726,246880,0.008485708036459982,1.0964014580240473,0.0010070840362459421,False,True,repair,failed,0.013889166992157698,False,False,False,True,0.0,3.0,"step 1 still violates after 3 repair iterations (triggered by {'immutable': False, 'non_decreasing': False, 'age_horizon': False, 'directional': True})",,,,,,,,,,,
nhanes_real,1,v3,dsr_full_euclidean,0.05,506,decoded_naive,decoded_banded,euclidean,True,233726,246880,0.008485708036459982,1.0964014580240473,0.0010070840362459421,False,True,search,,0.013747166027314961,,,,,,,,,,,,,,,,,,
nhanes_real,1,v3,dsr_full_euclidean,0.05,507,decoded_naive,decoded_banded,euclidean,True,233726,246880,0.008485708036459982,1.0964014580240473,0.0010070840362459421,False,True,search,,0.014185125008225441,,,,,,,,,,,,,,,,,,
nhanes_real,1,v3,dsr_full_euclidean,0.05,509,decoded_naive,decoded_banded,euclidean,True,233726,246880,0.008485708036459982,1.0964014580240473,0.0010070840362459421,False,True,repair,failed,0.014198750024661422,False,False,False,True,0.0,3.0,"step 1 still violates after 3 repair iterations (triggered by {'immutable': False, 'non_decreasing': False, 'age_horizon': False, 'directional': True})",,,,,,,,,,,
nhanes_real,1,v3,dsr_full_euclidean,0.05,513,decoded_naive,decoded_banded,euclidean,True,233726,246880,0.008485708036459982,1.0964014580240473,0.0010070840362459421,False,True,search,,0.01670533395372331,,,,,,,,,,,,,,,,,,
nhanes_real,1,v3,dsr_full_euclidean,0.05,517,decoded_naive,decoded_banded,euclidean,True,233726,246880,0.008485708036459982,1.0964014580240473,0.0010070840362459421,False,True,search,,0.012762791942805052,,,,,,,,,,,,,,,,,,
nhanes_real,1,v3,dsr_full_euclidean,0.05,521,decoded_naive,decoded_banded,euclidean,True,233726,246880,0.008485708036459982,1.0964014580240473,0.0010070840362459421,False,True,search,,0.012790124979801476,,,,,,,,,,,,,,,,,,
nhanes_real,1,v3,dsr_full_euclidean,0.05,523,decoded_naive,decoded_banded,euclidean,True,233726,246880,0.008485708036459982,1.0964014580240473,0.0010070840362459421,False,True,repair,failed,0.014129541930742562,False,False,False,True,0.0,3.0,"step 1 still violates after 3 repair iterations (triggered by {'immutable': False, 'non_decreasing': False, 'age_horizon': False, 'directional': True})",,,,,,,,,,,
nhanes_real,1,v3,dsr_full_euclidean,0.05,524,decoded_naive,decoded_banded,euclidean,True,233726,246880,0.008485708036459982,1.0964014580240473,0.0010070840362459421,False,True,repair,failed,0.01699700008612126,False,False,False,True,0.0,3.0,"step 1 still violates after 3 repair iterations (triggered by {'immutable': False, 'non_decreasing': False, 'age_horizon': False, 'directional': True})",,,,,,,,,,,
nhanes_real,1,v3,dsr_full_euclidean,0.05,525,decoded_naive,decoded_banded,euclidean,True,233726,246880,0.008485708036459982,1.0964014580240473,0.0010070840362459421,False,True,search,,0.013420250033959746,,,,,,,,,,,,,,,,,,
nhanes_real,1,v3,dsr_full_euclidean,0.05,526,decoded_naive,decoded_banded,euclidean,True,233726,246880,0.008485708036459982,1.0964014580240473,0.0010070840362459421,False,True,search,,0.01339487498626113,,,,,,,,,,,,,,,,,,
nhanes_real,1,v3,dsr_full_euclidean,0.05,527,decoded_naive,decoded_banded,euclidean,True,233726,246880,0.008485708036459982,1.0964014580240473,0.0010070840362459421,False,True,search,,0.012517915922217071,,,,,,,,,,,,,,,,,,
nhanes_real,1,v3,dsr_full_euclidean,0.05,528,decoded_naive,decoded_banded,euclidean,True,233726,246880,0.008485708036459982,1.0964014580240473,0.0010070840362459421,False,True,search,,0.01440687500871718,,,,,,,,,,,,,,,,,,
nhanes_real,1,v3,dsr_full_euclidean,0.05,529,decoded_naive,decoded_banded,euclidean,True,233726,246880,0.008485708036459982,1.0964014580240473,0.0010070840362459421,False,True,search,,0.0123978330520913,,,,,,,,,,,,,,,,,,
nhanes_real,1,v3,dsr_full_euclidean,0.05,531,decoded_naive,decoded_banded,euclidean,True,233726,246880,0.008485708036459982,1.0964014580240473,0.0010070840362459421,False,True,repair,failed,0.014877834008075297,False,False,False,True,0.0,3.0,"step 1 still violates after 3 repair iterations (triggered by {'immutable': False, 'non_decreasing': False, 'age_horizon': False, 'directional': True})",,,,,,,,,,,
nhanes_real,1,v3,dsr_full_euclidean,0.05,532,decoded_naive,decoded_banded,euclidean,True,233726,246880,0.008485708036459982,1.0964014580240473,0.0010070840362459421,False,True,search,,0.013548083021305501,,,,,,,,,,,,,,,,,,
nhanes_real,1,v3,dsr_full_euclidean,0.05,534,decoded_naive,decoded_banded,euclidean,True,233726,246880,0.008485708036459982,1.0964014580240473,0.0010070840362459421,False,True,search,,0.013878750032745302,,,,,,,,,,,,,,,,,,
nhanes_real,1,v3,dsr_full_euclidean,0.05,535,decoded_naive,decoded_banded,euclidean,True,233726,246880,0.008485708036459982,1.0964014580240473,0.0010070840362459421,False,True,search,,0.018446624977514148,,,,,,,,,,,,,,,,,,
nhanes_real,1,v3,dsr_full_euclidean,0.05,537,decoded_naive,decoded_banded,euclidean,True,233726,246880,0.008485708036459982,1.0964014580240473,0.0010070840362459421,True,False,,clean,0.014887750032357872,,,,,0.0,0.0,,"[3086, 425]",2.0,3.2816240787506104,False,False,False,False,False,False,-7.588863714607086,9.326109886169434
nhanes_real,1,v3,dsr_full_euclidean,0.05,540,decoded_naive,decoded_banded,euclidean,True,233726,246880,0.008485708036459982,1.0964014580240473,0.0010070840362459421,False,True,search,,0.014205583953298628,,,,,,,,,,,,,,,,,,
nhanes_real,1,v3,dsr_full_euclidean,0.05,541,decoded_naive,decoded_banded,euclidean,True,233726,246880,0.008485708036459982,1.0964014580240473,0.0010070840362459421,False,True,search,,0.013670249958522618,,,,,,,,,,,,,,,,,,
nhanes_real,1,v3,dsr_full_euclidean,0.05,543,decoded_naive,decoded_banded,euclidean,True,233726,246880,0.008485708036459982,1.0964014580240473,0.0010070840362459421,False,True,search,,0.015892624971456826,,,,,,,,,,,,,,,,,,
nhanes_real,1,v3,dsr_full_euclidean,0.05,544,decoded_naive,decoded_banded,euclidean,True,233726,246880,0.008485708036459982,1.0964014580240473,0.0010070840362459421,False,True,search,,0.01312937494367361,,,,,,,,,,,,,,,,,,
nhanes_real,1,v3,dsr_full_euclidean,0.05,546,decoded_naive,decoded_banded,euclidean,True,233726,246880,0.008485708036459982,1.0964014580240473,0.0010070840362459421,False,True,repair,failed,0.01369841699488461,False,False,False,True,0.0,3.0,"step 1 still violates after 3 repair iterations (triggered by {'immutable': False, 'non_decreasing': False, 'age_horizon': False, 'directional': True})",,,,,,,,,,,
nhanes_real,1,v3,dsr_full_euclidean,0.05,554,decoded_naive,decoded_banded,euclidean,True,233726,246880,0.008485708036459982,1.0964014580240473,0.0010070840362459421,False,True,repair,failed,0.013836667058058083,False,False,False,True,0.0,3.0,"step 1 still violates after 3 repair iterations (triggered by {'immutable': False, 'non_decreasing': False, 'age_horizon': False, 'directional': True})",,,,,,,,,,,
nhanes_real,1,v3,dsr_full_euclidean,0.05,555,decoded_naive,decoded_banded,euclidean,True,233726,246880,0.008485708036459982,1.0964014580240473,0.0010070840362459421,False,True,repair,failed,0.013185042073018849,False,False,False,True,0.0,3.0,"step 1 still violates after 3 repair iterations (triggered by {'immutable': False, 'non_decreasing': False, 'age_horizon': False, 'directional': True})",,,,,,,,,,,
nhanes_real,1,v3,dsr_full_euclidean,0.05,556,decoded_naive,decoded_banded,euclidean,True,233726,246880,0.008485708036459982,1.0964014580240473,0.0010070840362459421,False,True,repair,failed,0.015897874953225255,False,False,False,True,0.0,3.0,"step 1 still violates after 3 repair iterations (triggered by {'immutable': False, 'non_decreasing': False, 'age_horizon': False, 'directional': True})",,,,,,,,,,,
nhanes_real,1,v3,dsr_full_euclidean,0.05,557,decoded_naive,decoded_banded,euclidean,True,233726,246880,0.008485708036459982,1.0964014580240473,0.0010070840362459421,False,True,repair,failed,0.013159166905097663,False,False,False,True,0.0,3.0,"step 1 still violates after 3 repair iterations (triggered by {'immutable': False, 'non_decreasing': False, 'age_horizon': False, 'directional': True})",,,,,,,,,,,
nhanes_real,1,v3,dsr_full_euclidean,0.05,559,decoded_naive,decoded_banded,euclidean,True,233726,246880,0.008485708036459982,1.0964014580240473,0.0010070840362459421,False,True,repair,failed,0.014586208970285952,False,False,True,False,0.0,3.0,"step 1 still violates after 3 repair iterations (triggered by {'immutable': False, 'non_decreasing': False, 'age_horizon': True, 'directional': False})",,,,,,,,,,,
nhanes_real,1,v3,dsr_full_euclidean,0.05,561,decoded_naive,decoded_banded,euclidean,True,233726,246880,0.008485708036459982,1.0964014580240473,0.0010070840362459421,False,True,repair,failed,0.013769582961685956,False,True,False,True,1.0,1.0,repaired terminal state is no longer low-risk,,,,,,,,,,,
nhanes_real,1,v3,dsr_full_euclidean,0.05,562,decoded_naive,decoded_banded,euclidean,True,233726,246880,0.008485708036459982,1.0964014580240473,0.0010070840362459421,False,True,repair,failed,0.014709416893310845,False,False,False,True,0.0,3.0,"step 1 still violates after 3 repair iterations (triggered by {'immutable': False, 'non_decreasing': False, 'age_horizon': False, 'directional': True})",,,,,,,,,,,
nhanes_real,1,v3,dsr_full_euclidean,0.05,563,decoded_naive,decoded_banded,euclidean,True,233726,246880,0.008485708036459982,1.0964014580240473,0.0010070840362459421,False,True,repair,failed,0.014162042061798275,False,False,False,True,0.0,3.0,"step 1 still violates after 3 repair iterations (triggered by {'immutable': False, 'non_decreasing': False, 'age_horizon': False, 'directional': True})",,,,,,,,,,,
nhanes_real,1,v3,dsr_full_euclidean,0.05,564,decoded_naive,decoded_banded,euclidean,True,233726,246880,0.008485708036459982,1.0964014580240473,0.0010070840362459421,False,True,search,,0.012981583015061915,,,,,,,,,,,,,,,,,,
nhanes_real,1,v3,dsr_full_euclidean,0.05,566,decoded_naive,decoded_banded,euclidean,True,233726,246880,0.008485708036459982,1.0964014580240473,0.0010070840362459421,False,True,search,,0.013291292008943856,,,,,,,,,,,,,,,,,,
nhanes_real,1,v3,dsr_full_euclidean,0.05,567,decoded_naive,decoded_banded,euclidean,True,233726,246880,0.008485708036459982,1.0964014580240473,0.0010070840362459421,True,False,,clean,0.01300133392214775,,,,,0.0,0.0,,"[3086, 310]",2.0,0.5158290863037109,False,False,False,False,False,False,-6.213649672410114,1.5929367542266846
nhanes_real,1,v3,dsr_full_euclidean,0.05,568,decoded_naive,decoded_banded,euclidean,True,233726,246880,0.008485708036459982,1.0964014580240473,0.0010070840362459421,False,True,search,,0.013703749980777502,,,,,,,,,,,,,,,,,,
nhanes_real,1,v3,dsr_full_euclidean,0.05,569,decoded_naive,decoded_banded,euclidean,True,233726,246880,0.008485708036459982,1.0964014580240473,0.0010070840362459421,False,True,search,,0.01293466694187373,,,,,,,,,,,,,,,,,,
nhanes_real,1,v3,dsr_full_euclidean,0.05,574,decoded_naive,decoded_banded,euclidean,True,233726,246880,0.008485708036459982,1.0964014580240473,0.0010070840362459421,False,True,repair,failed,0.013200542074628174,False,False,False,True,0.0,3.0,"step 1 still violates after 3 repair iterations (triggered by {'immutable': False, 'non_decreasing': False, 'age_horizon': False, 'directional': True})",,,,,,,,,,,
nhanes_real,1,v3,dsr_full_euclidean,0.05,575,decoded_naive,decoded_banded,euclidean,True,233726,246880,0.008485708036459982,1.0964014580240473,0.0010070840362459421,True,False,,clean,0.01328458299394697,,,,,0.0,0.0,,"[3086, 625]",2.0,2.5774800777435303,False,False,False,False,False,False,-6.950602217310228,6.487873554229736
nhanes_real,1,v3,dsr_full_euclidean,0.05,577,decoded_naive,decoded_banded,euclidean,True,233726,246880,0.008485708036459982,1.0964014580240473,0.0010070840362459421,True,False,,clean,0.01353150000795722,,,,,0.0,0.0,,"[3086, 876]",2.0,0.6393916010856628,False,False,False,False,False,False,-8.626479313583427,2.8132429122924805
nhanes_real,1,v3,dsr_full_euclidean,0.05,578,decoded_naive,decoded_banded,euclidean,True,233726,246880,0.008485708036459982,1.0964014580240473,0.0010070840362459421,False,True,search,,0.013698749942705035,,,,,,,,,,,,,,,,,,
nhanes_real,1,v3,dsr_full_euclidean,0.05,583,decoded_naive,decoded_banded,euclidean,True,233726,246880,0.008485708036459982,1.0964014580240473,0.0010070840362459421,False,True,search,,0.01658437494188547,,,,,,,,,,,,,,,,,,
nhanes_real,1,v3,dsr_full_euclidean,0.05,584,decoded_naive,decoded_banded,euclidean,True,233726,246880,0.008485708036459982,1.0964014580240473,0.0010070840362459421,False,True,repair,failed,0.013574291951954365,False,True,False,True,0.0,3.0,"step 1 still violates after 3 repair iterations (triggered by {'immutable': False, 'non_decreasing': True, 'age_horizon': False, 'directional': True})",,,,,,,,,,,
nhanes_real,1,v3,dsr_full_euclidean,0.05,586,decoded_naive,decoded_banded,euclidean,True,233726,246880,0.008485708036459982,1.0964014580240473,0.0010070840362459421,False,True,search,,0.013353209011256695,,,,,,,,,,,,,,,,,,
nhanes_real,1,v3,dsr_full_euclidean,0.05,590,decoded_naive,decoded_banded,euclidean,True,233726,246880,0.008485708036459982,1.0964014580240473,0.0010070840362459421,False,True,repair,failed,0.015916000003926456,False,False,True,False,0.0,3.0,"step 1 still violates after 3 repair iterations (triggered by {'immutable': False, 'non_decreasing': False, 'age_horizon': True, 'directional': False})",,,,,,,,,,,
nhanes_real,1,v3,dsr_full_euclidean,0.05,592,decoded_naive,decoded_banded,euclidean,True,233726,246880,0.008485708036459982,1.0964014580240473,0.0010070840362459421,False,True,search,,0.013692916953004897,,,,,,,,,,,,,,,,,,
nhanes_real,1,v3,dsr_full_euclidean,0.05,595,decoded_naive,decoded_banded,euclidean,True,233726,246880,0.008485708036459982,1.0964014580240473,0.0010070840362459421,False,True,repair,failed,0.015500165987759829,False,False,False,True,0.0,3.0,"step 1 still violates after 3 repair iterations (triggered by {'immutable': False, 'non_decreasing': False, 'age_horizon': False, 'directional': True})",,,,,,,,,,,
nhanes_real,1,v3,dsr_full_euclidean,0.05,596,decoded_naive,decoded_banded,euclidean,True,233726,246880,0.008485708036459982,1.0964014580240473,0.0010070840362459421,False,True,repair,failed,0.01405229209922254,False,False,False,True,0.0,3.0,"step 1 still violates after 3 repair iterations (triggered by {'immutable': False, 'non_decreasing': False, 'age_horizon': False, 'directional': True})",,,,,,,,,,,
nhanes_real,1,v3,dsr_full_euclidean,0.05,598,decoded_naive,decoded_banded,euclidean,True,233726,246880,0.008485708036459982,1.0964014580240473,0.0010070840362459421,False,True,repair,failed,0.014148790971376002,False,True,False,True,0.0,3.0,"step 1 still violates after 3 repair iterations (triggered by {'immutable': False, 'non_decreasing': True, 'age_horizon': False, 'directional': True})",,,,,,,,,,,
nhanes_real,1,v3,dsr_full_euclidean,0.05,602,decoded_naive,decoded_banded,euclidean,True,233726,246880,0.008485708036459982,1.0964014580240473,0.0010070840362459421,False,True,search,,0.013405374949797988,,,,,,,,,,,,,,,,,,
nhanes_real,1,v3,dsr_full_euclidean,0.05,605,decoded_naive,decoded_banded,euclidean,True,233726,246880,0.008485708036459982,1.0964014580240473,0.0010070840362459421,False,True,search,,0.013819374958984554,,,,,,,,,,,,,,,,,,
nhanes_real,1,v3,dsr_full_euclidean,0.05,606,decoded_naive,decoded_banded,euclidean,True,233726,246880,0.008485708036459982,1.0964014580240473,0.0010070840362459421,False,True,search,,0.01348866696935147,,,,,,,,,,,,,,,,,,
nhanes_real,1,v3,dsr_full_euclidean,0.05,607,decoded_naive,decoded_banded,euclidean,True,233726,246880,0.008485708036459982,1.0964014580240473,0.0010070840362459421,False,True,search,,0.013489999924786389,,,,,,,,,,,,,,,,,,
nhanes_real,1,v3,dsr_full_euclidean,0.05,609,decoded_naive,decoded_banded,euclidean,True,233726,246880,0.008485708036459982,1.0964014580240473,0.0010070840362459421,False,True,search,,0.01379616605117917,,,,,,,,,,,,,,,,,,
nhanes_real,1,v3,dsr_full_euclidean,0.05,610,decoded_naive,decoded_banded,euclidean,True,233726,246880,0.008485708036459982,1.0964014580240473,0.0010070840362459421,False,True,repair,failed,0.014370791963301599,False,False,False,True,0.0,3.0,"step 1 still violates after 3 repair iterations (triggered by {'immutable': False, 'non_decreasing': False, 'age_horizon': False, 'directional': True})",,,,,,,,,,,
nhanes_real,1,v3,dsr_full_euclidean,0.05,612,decoded_naive,decoded_banded,euclidean,True,233726,246880,0.008485708036459982,1.0964014580240473,0.0010070840362459421,False,True,repair,failed,0.013100916985422373,False,False,False,True,0.0,3.0,"step 1 still violates after 3 repair iterations (triggered by {'immutable': False, 'non_decreasing': False, 'age_horizon': False, 'directional': True})",,,,,,,,,,,
nhanes_real,1,v3,dsr_full_euclidean,0.05,614,decoded_naive,decoded_banded,euclidean,True,233726,246880,0.008485708036459982,1.0964014580240473,0.0010070840362459421,False,True,search,,0.013320624944753945,,,,,,,,,,,,,,,,,,
nhanes_real,1,v3,dsr_full_euclidean,0.05,615,decoded_naive,decoded_banded,euclidean,True,233726,246880,0.008485708036459982,1.0964014580240473,0.0010070840362459421,False,True,search,,0.012779540964402258,,,,,,,,,,,,,,,,,,
nhanes_real,1,v3,dsr_full_euclidean,0.05,616,decoded_naive,decoded_banded,euclidean,True,233726,246880,0.008485708036459982,1.0964014580240473,0.0010070840362459421,True,False,,clean,0.01367883407510817,,,,,0.0,0.0,,"[3086, 2655]",2.0,2.4989752769470215,False,False,False,False,False,False,-7.806652146209063,10.128480911254883
nhanes_real,1,v3,dsr_full_euclidean,0.05,617,decoded_naive,decoded_banded,euclidean,True,233726,246880,0.008485708036459982,1.0964014580240473,0.0010070840362459421,False,True,search,,0.014015708002261817,,,,,,,,,,,,,,,,,,
nhanes_real,1,v3,dsr_full_euclidean,0.05,619,decoded_naive,decoded_banded,euclidean,True,233726,246880,0.008485708036459982,1.0964014580240473,0.0010070840362459421,False,True,repair,failed,0.015096290968358517,False,False,True,True,0.0,3.0,"step 1 still violates after 3 repair iterations (triggered by {'immutable': False, 'non_decreasing': False, 'age_horizon': True, 'directional': True})",,,,,,,,,,,
nhanes_real,1,v3,dsr_full_euclidean,0.05,620,decoded_naive,decoded_banded,euclidean,True,233726,246880,0.008485708036459982,1.0964014580240473,0.0010070840362459421,False,True,repair,failed,0.014573499909602106,False,False,False,True,0.0,3.0,"step 1 still violates after 3 repair iterations (triggered by {'immutable': False, 'non_decreasing': False, 'age_horizon': False, 'directional': True})",,,,,,,,,,,
nhanes_real,1,v3,dsr_full_euclidean,0.05,622,decoded_naive,decoded_banded,euclidean,True,233726,246880,0.008485708036459982,1.0964014580240473,0.0010070840362459421,True,False,,clean,0.013595917029306293,,,,,0.0,0.0,,"[3086, 191]",2.0,0.5190449953079224,False,False,False,False,False,False,-6.4042098398945795,2.116640567779541
nhanes_real,1,v3,dsr_full_euclidean,0.05,624,decoded_naive,decoded_banded,euclidean,True,233726,246880,0.008485708036459982,1.0964014580240473,0.0010070840362459421,False,True,repair,failed,0.015027499990537763,False,False,False,True,0.0,3.0,"step 1 still violates after 3 repair iterations (triggered by {'immutable': False, 'non_decreasing': False, 'age_horizon': False, 'directional': True})",,,,,,,,,,,
nhanes_real,1,v3,dsr_full_euclidean,0.05,626,decoded_naive,decoded_banded,euclidean,True,233726,246880,0.008485708036459982,1.0964014580240473,0.0010070840362459421,False,True,search,,0.014359249966219068,,,,,,,,,,,,,,,,,,
nhanes_real,1,v3,dsr_full_euclidean,0.05,627,decoded_naive,decoded_banded,euclidean,True,233726,246880,0.008485708036459982,1.0964014580240473,0.0010070840362459421,False,True,search,,0.013114625005982816,,,,,,,,,,,,,,,,,,
nhanes_real,1,v3,dsr_full_euclidean,0.05,628,decoded_naive,decoded_banded,euclidean,True,233726,246880,0.008485708036459982,1.0964014580240473,0.0010070840362459421,False,True,search,,0.014631250058300793,,,,,,,,,,,,,,,,,,
nhanes_real,1,v3,dsr_full_euclidean,0.05,629,decoded_naive,decoded_banded,euclidean,True,233726,246880,0.008485708036459982,1.0964014580240473,0.0010070840362459421,False,True,repair,failed,0.014261584030464292,False,False,True,True,0.0,3.0,"step 1 still violates after 3 repair iterations (triggered by {'immutable': False, 'non_decreasing': False, 'age_horizon': True, 'directional': True})",,,,,,,,,,,
nhanes_real,1,v3,dsr_full_euclidean,0.05,630,decoded_naive,decoded_banded,euclidean,True,233726,246880,0.008485708036459982,1.0964014580240473,0.0010070840362459421,True,False,,clean,0.013421582989394665,,,,,0.0,0.0,,"[3086, 1553]",2.0,0.6116415858268738,False,False,False,False,False,False,-7.0304164211399875,1.6432654857635498
nhanes_real,1,v3,dsr_full_euclidean,0.05,631,decoded_naive,decoded_banded,euclidean,True,233726,246880,0.008485708036459982,1.0964014580240473,0.0010070840362459421,False,True,repair,failed,0.014014790998771787,False,False,False,True,0.0,3.0,"step 1 still violates after 3 repair iterations (triggered by {'immutable': False, 'non_decreasing': False, 'age_horizon': False, 'directional': True})",,,,,,,,,,,
nhanes_real,1,v3,dsr_full_euclidean,0.05,632,decoded_naive,decoded_banded,euclidean,True,233726,246880,0.008485708036459982,1.0964014580240473,0.0010070840362459421,False,True,repair,failed,0.014175666961818933,False,False,False,True,0.0,3.0,"step 1 still violates after 3 repair iterations (triggered by {'immutable': False, 'non_decreasing': False, 'age_horizon': False, 'directional': True})",,,,,,,,,,,
nhanes_real,1,v3,dsr_full_euclidean,0.05,634,decoded_naive,decoded_banded,euclidean,True,233726,246880,0.008485708036459982,1.0964014580240473,0.0010070840362459421,False,True,search,,0.01488758297637105,,,,,,,,,,,,,,,,,,
nhanes_real,1,v3,dsr_full_euclidean,0.05,637,decoded_naive,decoded_banded,euclidean,True,233726,246880,0.008485708036459982,1.0964014580240473,0.0010070840362459421,False,True,search,,0.013129625003784895,,,,,,,,,,,,,,,,,,
nhanes_real,1,v3,dsr_full_euclidean,0.05,640,decoded_naive,decoded_banded,euclidean,True,233726,246880,0.008485708036459982,1.0964014580240473,0.0010070840362459421,False,True,repair,failed,0.01334829197730869,False,False,False,True,0.0,3.0,"step 1 still violates after 3 repair iterations (triggered by {'immutable': False, 'non_decreasing': False, 'age_horizon': False, 'directional': True})",,,,,,,,,,,
nhanes_real,1,v3,dsr_full_euclidean,0.05,642,decoded_naive,decoded_banded,euclidean,True,233726,246880,0.008485708036459982,1.0964014580240473,0.0010070840362459421,False,True,repair,failed,0.013748000026680529,False,False,False,True,0.0,3.0,"step 1 still violates after 3 repair iterations (triggered by {'immutable': False, 'non_decreasing': False, 'age_horizon': False, 'directional': True})",,,,,,,,,,,
nhanes_real,1,v3,dsr_full_euclidean,0.05,644,decoded_naive,decoded_banded,euclidean,True,233726,246880,0.008485708036459982,1.0964014580240473,0.0010070840362459421,False,True,search,,0.013109833002090454,,,,,,,,,,,,,,,,,,
nhanes_real,1,v3,dsr_full_euclidean,0.05,645,decoded_naive,decoded_banded,euclidean,True,233726,246880,0.008485708036459982,1.0964014580240473,0.0010070840362459421,False,True,search,,0.013497207895852625,,,,,,,,,,,,,,,,,,
nhanes_real,1,v3,dsr_full_euclidean,0.05,646,decoded_naive,decoded_banded,euclidean,True,233726,246880,0.008485708036459982,1.0964014580240473,0.0010070840362459421,False,True,repair,failed,0.015144041972234845,False,True,False,False,0.0,3.0,"step 1 still violates after 3 repair iterations (triggered by {'immutable': False, 'non_decreasing': True, 'age_horizon': False, 'directional': False})",,,,,,,,,,,
nhanes_real,1,v3,dsr_full_euclidean,0.05,647,decoded_naive,decoded_banded,euclidean,True,233726,246880,0.008485708036459982,1.0964014580240473,0.0010070840362459421,False,True,search,,0.012952416087500751,,,,,,,,,,,,,,,,,,
nhanes_real,1,v3,dsr_full_euclidean,0.05,649,decoded_naive,decoded_banded,euclidean,True,233726,246880,0.008485708036459982,1.0964014580240473,0.0010070840362459421,True,False,,clean,0.01382491597905755,,,,,0.0,0.0,,"[3086, 345]",2.0,1.4459943771362305,False,False,False,False,False,False,-7.480501398857117,6.040466785430908
nhanes_real,1,v3,dsr_full_euclidean,0.05,652,decoded_naive,decoded_banded,euclidean,True,233726,246880,0.008485708036459982,1.0964014580240473,0.0010070840362459421,False,True,search,,0.014355708030052483,,,,,,,,,,,,,,,,,,
nhanes_real,1,v3,dsr_full_euclidean,0.05,653,decoded_naive,decoded_banded,euclidean,True,233726,246880,0.008485708036459982,1.0964014580240473,0.0010070840362459421,False,True,repair,failed,0.016464749933220446,False,False,False,True,0.0,3.0,"step 1 still violates after 3 repair iterations (triggered by {'immutable': False, 'non_decreasing': False, 'age_horizon': False, 'directional': True})",,,,,,,,,,,
nhanes_real,1,v3,dsr_full_euclidean,0.05,654,decoded_naive,decoded_banded,euclidean,True,233726,246880,0.008485708036459982,1.0964014580240473,0.0010070840362459421,True,False,,clean,0.014299958012998104,,,,,0.0,0.0,,"[3086, 1579]",2.0,0.26516836881637573,False,False,False,False,False,False,-6.0645918119133135,0.7031290531158447
nhanes_real,1,v3,dsr_full_euclidean,0.05,655,decoded_naive,decoded_banded,euclidean,True,233726,246880,0.008485708036459982,1.0964014580240473,0.0010070840362459421,True,False,,repaired,0.014350167009979486,False,False,False,True,1.0,2.0,,"[3086, 1790]",2.0,0.9451056122779846,False,False,False,False,False,False,-6.874167694282188,4.2979841232299805
nhanes_real,1,v3,dsr_full_euclidean,0.05,657,decoded_naive,decoded_banded,euclidean,True,233726,246880,0.008485708036459982,1.0964014580240473,0.0010070840362459421,True,False,,repaired,0.01401283300947398,False,False,False,True,1.0,1.0,,"[3086, 2185]",2.0,0.46334853768348694,False,False,False,False,False,False,-6.940689079035979,3.3875091075897217
nhanes_real,1,v3,dsr_full_euclidean,0.05,658,decoded_naive,decoded_banded,euclidean,True,233726,246880,0.008485708036459982,1.0964014580240473,0.0010070840362459421,False,True,repair,failed,0.01350554102100432,False,False,True,True,0.0,3.0,"step 1 still violates after 3 repair iterations (triggered by {'immutable': False, 'non_decreasing': False, 'age_horizon': True, 'directional': True})",,,,,,,,,,,
nhanes_real,1,v3,dsr_full_euclidean,0.05,660,decoded_naive,decoded_banded,euclidean,True,233726,246880,0.008485708036459982,1.0964014580240473,0.0010070840362459421,False,True,search,,0.01315958402119577,,,,,,,,,,,,,,,,,,
nhanes_real,1,v3,dsr_full_euclidean,0.05,664,decoded_naive,decoded_banded,euclidean,True,233726,246880,0.008485708036459982,1.0964014580240473,0.0010070840362459421,False,True,repair,failed,0.013701291987672448,False,True,False,True,0.0,3.0,"step 1 still violates after 3 repair iterations (triggered by {'immutable': False, 'non_decreasing': True, 'age_horizon': False, 'directional': True})",,,,,,,,,,,
nhanes_real,1,v3,dsr_full_euclidean,0.05,666,decoded_naive,decoded_banded,euclidean,True,233726,246880,0.008485708036459982,1.0964014580240473,0.0010070840362459421,False,True,search,,0.01356083294376731,,,,,,,,,,,,,,,,,,
nhanes_real,1,v3,dsr_full_euclidean,0.05,668,decoded_naive,decoded_banded,euclidean,True,233726,246880,0.008485708036459982,1.0964014580240473,0.0010070840362459421,False,True,search,,0.013609832967631519,,,,,,,,,,,,,,,,,,
nhanes_real,1,v3,dsr_full_euclidean,0.05,671,decoded_naive,decoded_banded,euclidean,True,233726,246880,0.008485708036459982,1.0964014580240473,0.0010070840362459421,False,True,search,,0.012812917004339397,,,,,,,,,,,,,,,,,,
nhanes_real,1,v3,dsr_full_euclidean,0.05,672,decoded_naive,decoded_banded,euclidean,True,233726,246880,0.008485708036459982,1.0964014580240473,0.0010070840362459421,False,True,repair,failed,0.014048459008336067,False,False,False,True,0.0,3.0,"step 1 still violates after 3 repair iterations (triggered by {'immutable': False, 'non_decreasing': False, 'age_horizon': False, 'directional': True})",,,,,,,,,,,
nhanes_real,1,v3,dsr_full_euclidean,0.05,681,decoded_naive,decoded_banded,euclidean,True,233726,246880,0.008485708036459982,1.0964014580240473,0.0010070840362459421,False,True,repair,failed,0.014198124990798533,False,True,False,True,0.0,3.0,"step 1 still violates after 3 repair iterations (triggered by {'immutable': False, 'non_decreasing': True, 'age_horizon': False, 'directional': True})",,,,,,,,,,,
nhanes_real,1,v3,dsr_full_euclidean,0.05,683,decoded_naive,decoded_banded,euclidean,True,233726,246880,0.008485708036459982,1.0964014580240473,0.0010070840362459421,False,True,search,,0.012886208016425371,,,,,,,,,,,,,,,,,,
nhanes_real,1,v3,dsr_full_euclidean,0.05,684,decoded_naive,decoded_banded,euclidean,True,233726,246880,0.008485708036459982,1.0964014580240473,0.0010070840362459421,True,False,,clean,0.013011583010666072,,,,,0.0,0.0,,"[3086, 1608]",2.0,1.4869096279144287,False,False,False,False,False,False,-7.262429596688155,5.109647750854492
nhanes_real,1,v3,dsr_full_euclidean,0.05,685,decoded_naive,decoded_banded,euclidean,True,233726,246880,0.008485708036459982,1.0964014580240473,0.0010070840362459421,False,True,search,,0.013923584017902613,,,,,,,,,,,,,,,,,,
nhanes_real,1,v3,dsr_full_euclidean,0.05,686,decoded_naive,decoded_banded,euclidean,True,233726,246880,0.008485708036459982,1.0964014580240473,0.0010070840362459421,False,True,search,,0.013146915938705206,,,,,,,,,,,,,,,,,,
nhanes_real,1,v3,dsr_full_euclidean,0.05,687,decoded_naive,decoded_banded,euclidean,True,233726,246880,0.008485708036459982,1.0964014580240473,0.0010070840362459421,False,True,search,,0.014418416074477136,,,,,,,,,,,,,,,,,,
nhanes_real,1,v3,dsr_full_euclidean,0.05,689,decoded_naive,decoded_banded,euclidean,True,233726,246880,0.008485708036459982,1.0964014580240473,0.0010070840362459421,False,True,repair,failed,0.014941208995878696,False,False,False,True,0.0,3.0,"step 1 still violates after 3 repair iterations (triggered by {'immutable': False, 'non_decreasing': False, 'age_horizon': False, 'directional': True})",,,,,,,,,,,
nhanes_real,1,v3,dsr_full_euclidean,0.05,692,decoded_naive,decoded_banded,euclidean,True,233726,246880,0.008485708036459982,1.0964014580240473,0.0010070840362459421,False,True,search,,0.013701291987672448,,,,,,,,,,,,,,,,,,
nhanes_real,1,v3,dsr_full_euclidean,0.05,694,decoded_naive,decoded_banded,euclidean,True,233726,246880,0.008485708036459982,1.0964014580240473,0.0010070840362459421,False,True,repair,failed,0.013646291918121278,False,False,False,True,0.0,3.0,"step 1 still violates after 3 repair iterations (triggered by {'immutable': False, 'non_decreasing': False, 'age_horizon': False, 'directional': True})",,,,,,,,,,,
nhanes_real,1,v3,dsr_full_euclidean,0.05,696,decoded_naive,decoded_banded,euclidean,True,233726,246880,0.008485708036459982,1.0964014580240473,0.0010070840362459421,False,True,repair,failed,0.014463957981206477,False,False,False,True,0.0,3.0,"step 1 still violates after 3 repair iterations (triggered by {'immutable': False, 'non_decreasing': False, 'age_horizon': False, 'directional': True})",,,,,,,,,,,
nhanes_real,1,v3,dsr_full_euclidean,0.05,698,decoded_naive,decoded_banded,euclidean,True,233726,246880,0.008485708036459982,1.0964014580240473,0.0010070840362459421,False,True,search,,0.014391375007107854,,,,,,,,,,,,,,,,,,
nhanes_real,1,v3,dsr_full_euclidean,0.05,699,decoded_naive,decoded_banded,euclidean,True,233726,246880,0.008485708036459982,1.0964014580240473,0.0010070840362459421,False,True,repair,failed,0.01433229201938957,False,False,False,True,0.0,3.0,"step 1 still violates after 3 repair iterations (triggered by {'immutable': False, 'non_decreasing': False, 'age_horizon': False, 'directional': True})",,,,,,,,,,,
nhanes_real,1,v3,dsr_full_euclidean,0.05,706,decoded_naive,decoded_banded,euclidean,True,233726,246880,0.008485708036459982,1.0964014580240473,0.0010070840362459421,False,True,search,,0.013981083990074694,,,,,,,,,,,,,,,,,,
nhanes_real,1,v3,dsr_full_euclidean,0.05,708,decoded_naive,decoded_banded,euclidean,True,233726,246880,0.008485708036459982,1.0964014580240473,0.0010070840362459421,False,True,search,,0.013825749978423119,,,,,,,,,,,,,,,,,,
nhanes_real,1,v3,dsr_full_euclidean,0.05,709,decoded_naive,decoded_banded,euclidean,True,233726,246880,0.008485708036459982,1.0964014580240473,0.0010070840362459421,False,True,search,,0.014425082947127521,,,,,,,,,,,,,,,,,,
nhanes_real,1,v3,dsr_full_euclidean,0.05,713,decoded_naive,decoded_banded,euclidean,True,233726,246880,0.008485708036459982,1.0964014580240473,0.0010070840362459421,False,True,repair,failed,0.014205417013727129,False,False,False,True,0.0,3.0,"step 1 still violates after 3 repair iterations (triggered by {'immutable': False, 'non_decreasing': False, 'age_horizon': False, 'directional': True})",,,,,,,,,,,
nhanes_real,1,v3,dsr_full_euclidean,0.05,714,decoded_naive,decoded_banded,euclidean,True,233726,246880,0.008485708036459982,1.0964014580240473,0.0010070840362459421,False,True,repair,failed,0.014491916983388364,False,True,False,False,0.0,3.0,"step 1 still violates after 3 repair iterations (triggered by {'immutable': False, 'non_decreasing': True, 'age_horizon': False, 'directional': False})",,,,,,,,,,,
nhanes_real,1,v3,dsr_full_euclidean,0.05,715,decoded_naive,decoded_banded,euclidean,True,233726,246880,0.008485708036459982,1.0964014580240473,0.0010070840362459421,False,True,search,,0.013273958000354469,,,,,,,,,,,,,,,,,,
nhanes_real,1,v3,dsr_full_euclidean,0.05,717,decoded_naive,decoded_banded,euclidean,True,233726,246880,0.008485708036459982,1.0964014580240473,0.0010070840362459421,False,True,repair,failed,0.01512383297085762,False,False,False,True,0.0,3.0,"step 1 still violates after 3 repair iterations (triggered by {'immutable': False, 'non_decreasing': False, 'age_horizon': False, 'directional': True})",,,,,,,,,,,
nhanes_real,1,v3,dsr_full_euclidean,0.05,718,decoded_naive,decoded_banded,euclidean,True,233726,246880,0.008485708036459982,1.0964014580240473,0.0010070840362459421,False,True,repair,failed,0.013484374969266355,False,False,False,True,0.0,3.0,"step 1 still violates after 3 repair iterations (triggered by {'immutable': False, 'non_decreasing': False, 'age_horizon': False, 'directional': True})",,,,,,,,,,,
nhanes_real,1,v3,dsr_full_euclidean,0.05,723,decoded_naive,decoded_banded,euclidean,True,233726,246880,0.008485708036459982,1.0964014580240473,0.0010070840362459421,False,True,search,,0.013120208051986992,,,,,,,,,,,,,,,,,,
nhanes_real,1,v3,dsr_full_euclidean,0.05,724,decoded_naive,decoded_banded,euclidean,True,233726,246880,0.008485708036459982,1.0964014580240473,0.0010070840362459421,False,True,repair,failed,0.013507167110219598,False,False,False,True,0.0,3.0,"step 1 still violates after 3 repair iterations (triggered by {'immutable': False, 'non_decreasing': False, 'age_horizon': False, 'directional': True})",,,,,,,,,,,
nhanes_real,1,v3,dsr_full_euclidean,0.05,725,decoded_naive,decoded_banded,euclidean,True,233726,246880,0.008485708036459982,1.0964014580240473,0.0010070840362459421,False,True,search,,0.014559542061761022,,,,,,,,,,,,,,,,,,
nhanes_real,1,v3,dsr_full_euclidean,0.05,728,decoded_naive,decoded_banded,euclidean,True,233726,246880,0.008485708036459982,1.0964014580240473,0.0010070840362459421,False,True,search,,0.013676250004209578,,,,,,,,,,,,,,,,,,
nhanes_real,1,v3,dsr_full_euclidean,0.05,732,decoded_naive,decoded_banded,euclidean,True,233726,246880,0.008485708036459982,1.0964014580240473,0.0010070840362459421,False,True,search,,0.013561333995312452,,,,,,,,,,,,,,,,,,
nhanes_real,1,v3,dsr_full_euclidean,0.05,737,decoded_naive,decoded_banded,euclidean,True,233726,246880,0.008485708036459982,1.0964014580240473,0.0010070840362459421,False,True,repair,failed,0.014145791996270418,False,False,False,True,0.0,3.0,"step 1 still violates after 3 repair iterations (triggered by {'immutable': False, 'non_decreasing': False, 'age_horizon': False, 'directional': True})",,,,,,,,,,,
nhanes_real,1,v3,dsr_full_euclidean,0.05,738,decoded_naive,decoded_banded,euclidean,True,233726,246880,0.008485708036459982,1.0964014580240473,0.0010070840362459421,False,True,repair,failed,0.01465437503065914,False,False,False,True,0.0,3.0,"step 1 still violates after 3 repair iterations (triggered by {'immutable': False, 'non_decreasing': False, 'age_horizon': False, 'directional': True})",,,,,,,,,,,
nhanes_real,1,v3,dsr_full_euclidean,0.05,741,decoded_naive,decoded_banded,euclidean,True,233726,246880,0.008485708036459982,1.0964014580240473,0.0010070840362459421,False,True,search,,0.013593624928034842,,,,,,,,,,,,,,,,,,
nhanes_real,1,v3,dsr_full_euclidean,0.05,742,decoded_naive,decoded_banded,euclidean,True,233726,246880,0.008485708036459982,1.0964014580240473,0.0010070840362459421,False,True,repair,failed,0.013817582977935672,False,False,False,True,0.0,3.0,"step 1 still violates after 3 repair iterations (triggered by {'immutable': False, 'non_decreasing': False, 'age_horizon': False, 'directional': True})",,,,,,,,,,,
nhanes_real,1,v3,dsr_full_euclidean,0.05,743,decoded_naive,decoded_banded,euclidean,True,233726,246880,0.008485708036459982,1.0964014580240473,0.0010070840362459421,False,True,repair,failed,0.014449708047322929,False,False,False,True,0.0,3.0,"step 1 still violates after 3 repair iterations (triggered by {'immutable': False, 'non_decreasing': False, 'age_horizon': False, 'directional': True})",,,,,,,,,,,
nhanes_real,1,v3,dsr_full_euclidean,0.05,744,decoded_naive,decoded_banded,euclidean,True,233726,246880,0.008485708036459982,1.0964014580240473,0.0010070840362459421,False,True,search,,0.01411879202350974,,,,,,,,,,,,,,,,,,
nhanes_real,1,v3,dsr_full_euclidean,0.05,745,decoded_naive,decoded_banded,euclidean,True,233726,246880,0.008485708036459982,1.0964014580240473,0.0010070840362459421,False,True,repair,failed,0.014108540955930948,False,False,False,True,0.0,3.0,"step 1 still violates after 3 repair iterations (triggered by {'immutable': False, 'non_decreasing': False, 'age_horizon': False, 'directional': True})",,,,,,,,,,,
nhanes_real,1,v3,dsr_full_euclidean,0.05,746,decoded_naive,decoded_banded,euclidean,True,233726,246880,0.008485708036459982,1.0964014580240473,0.0010070840362459421,False,True,search,,0.013664916041307151,,,,,,,,,,,,,,,,,,
nhanes_real,1,v3,dsr_full_euclidean,0.05,747,decoded_naive,decoded_banded,euclidean,True,233726,246880,0.008485708036459982,1.0964014580240473,0.0010070840362459421,True,False,,clean,0.013771458994597197,,,,,0.0,0.0,,"[3086, 656]",2.0,1.7717078924179077,False,False,False,False,False,False,-7.928154717460899,7.23648738861084
nhanes_real,1,v3,dsr_full_euclidean,0.05,748,decoded_naive,decoded_banded,euclidean,True,233726,246880,0.008485708036459982,1.0964014580240473,0.0010070840362459421,True,False,,clean,0.013340207980945706,,,,,0.0,0.0,,"[3086, 846]",2.0,1.7553702592849731,False,False,False,False,False,False,-7.132847252714814,5.560773849487305
nhanes_real,1,v3,dsr_full_euclidean,0.05,752,decoded_naive,decoded_banded,euclidean,True,233726,246880,0.008485708036459982,1.0964014580240473,0.0010070840362459421,False,True,search,,0.012451249989680946,,,,,,,,,,,,,,,,,,
nhanes_real,1,v3,dsr_full_euclidean,0.05,754,decoded_naive,decoded_banded,euclidean,True,233726,246880,0.008485708036459982,1.0964014580240473,0.0010070840362459421,False,True,repair,failed,0.013648084015585482,False,False,False,True,1.0,1.0,repair broke monotone risk reduction along the path,,,,,,,,,,,
nhanes_real,1,v3,dsr_full_euclidean,0.05,755,decoded_naive,decoded_banded,euclidean,True,233726,246880,0.008485708036459982,1.0964014580240473,0.0010070840362459421,False,True,repair,failed,0.014269541017711163,False,False,False,True,0.0,3.0,"step 1 still violates after 3 repair iterations (triggered by {'immutable': False, 'non_decreasing': False, 'age_horizon': False, 'directional': True})",,,,,,,,,,,
nhanes_real,1,v3,dsr_full_euclidean,0.05,758,decoded_naive,decoded_banded,euclidean,True,233726,246880,0.008485708036459982,1.0964014580240473,0.0010070840362459421,True,False,,clean,0.01341825001873076,,,,,0.0,0.0,,"[3086, 345]",2.0,1.2702791690826416,False,False,False,False,False,False,-7.188497039936882,4.309327125549316
nhanes_real,1,v3,dsr_full_euclidean,0.05,759,decoded_naive,decoded_banded,euclidean,True,233726,246880,0.008485708036459982,1.0964014580240473,0.0010070840362459421,False,True,search,,0.013794667087495327,,,,,,,,,,,,,,,,,,
nhanes_real,1,v3,dsr_full_euclidean,0.05,760,decoded_naive,decoded_banded,euclidean,True,233726,246880,0.008485708036459982,1.0964014580240473,0.0010070840362459421,True,False,,clean,0.013132624910213053,,,,,0.0,0.0,,"[3086, 621]",2.0,0.43925681710243225,False,False,False,False,False,False,-8.959582894966768,1.3421192169189453
nhanes_real,1,v3,dsr_full_euclidean,0.05,761,decoded_naive,decoded_banded,euclidean,True,233726,246880,0.008485708036459982,1.0964014580240473,0.0010070840362459421,True,False,,clean,0.013700291980057955,,,,,0.0,0.0,,"[3086, 473]",2.0,0.449067085981369,False,False,False,False,False,False,-6.498261792356444,0.5427665114402771
nhanes_real,1,v3,dsr_full_euclidean,0.05,763,decoded_naive,decoded_banded,euclidean,True,233726,246880,0.008485708036459982,1.0964014580240473,0.0010070840362459421,False,True,repair,failed,0.014847334008663893,False,True,False,True,0.0,3.0,"step 1 still violates after 3 repair iterations (triggered by {'immutable': False, 'non_decreasing': True, 'age_horizon': False, 'directional': True})",,,,,,,,,,,
nhanes_real,1,v3,dsr_full_euclidean,0.05,765,decoded_naive,decoded_banded,euclidean,True,233726,246880,0.008485708036459982,1.0964014580240473,0.0010070840362459421,False,True,search,,0.01748829090502113,,,,,,,,,,,,,,,,,,
nhanes_real,1,v3,dsr_full_euclidean,0.05,772,decoded_naive,decoded_banded,euclidean,True,233726,246880,0.008485708036459982,1.0964014580240473,0.0010070840362459421,False,True,search,,0.01833720796275884,,,,,,,,,,,,,,,,,,
nhanes_real,1,v3,dsr_full_euclidean,0.05,781,decoded_naive,decoded_banded,euclidean,True,233726,246880,0.008485708036459982,1.0964014580240473,0.0010070840362459421,False,True,search,,0.015881875064224005,,,,,,,,,,,,,,,,,,
nhanes_real,1,v3,dsr_full_euclidean,0.05,782,decoded_naive,decoded_banded,euclidean,True,233726,246880,0.008485708036459982,1.0964014580240473,0.0010070840362459421,False,True,search,,0.017186625045724213,,,,,,,,,,,,,,,,,,
nhanes_real,1,v3,dsr_full_euclidean,0.05,785,decoded_naive,decoded_banded,euclidean,True,233726,246880,0.008485708036459982,1.0964014580240473,0.0010070840362459421,False,True,search,,0.016439917031675577,,,,,,,,,,,,,,,,,,
nhanes_real,1,v3,dsr_full_euclidean,0.05,787,decoded_naive,decoded_banded,euclidean,True,233726,246880,0.008485708036459982,1.0964014580240473,0.0010070840362459421,False,True,search,,0.015799082932062447,,,,,,,,,,,,,,,,,,
nhanes_real,1,v3,dsr_full_euclidean,0.05,793,decoded_naive,decoded_banded,euclidean,True,233726,246880,0.008485708036459982,1.0964014580240473,0.0010070840362459421,False,True,search,,0.015985292033292353,,,,,,,,,,,,,,,,,,
nhanes_real,1,v3,dsr_full_euclidean,0.05,795,decoded_naive,decoded_banded,euclidean,True,233726,246880,0.008485708036459982,1.0964014580240473,0.0010070840362459421,False,True,search,,0.013592333067208529,,,,,,,,,,,,,,,,,,
nhanes_real,1,v3,dsr_full_euclidean,0.05,797,decoded_naive,decoded_banded,euclidean,True,233726,246880,0.008485708036459982,1.0964014580240473,0.0010070840362459421,False,True,search,,0.01660375006031245,,,,,,,,,,,,,,,,,,
nhanes_real,1,v3,dsr_full_euclidean,0.05,798,decoded_naive,decoded_banded,euclidean,True,233726,246880,0.008485708036459982,1.0964014580240473,0.0010070840362459421,False,True,search,,0.014697583043016493,,,,,,,,,,,,,,,,,,
nhanes_real,1,v3,dsr_full_euclidean,0.05,799,decoded_naive,decoded_banded,euclidean,True,233726,246880,0.008485708036459982,1.0964014580240473,0.0010070840362459421,True,False,,clean,0.01424533303361386,,,,,0.0,0.0,,"[3086, 2624]",2.0,2.141774892807007,False,False,False,False,False,False,-8.162941266702276,9.912612915039062
nhanes_real,1,v3,dsr_full_euclidean,0.05,801,decoded_naive,decoded_banded,euclidean,True,233726,246880,0.008485708036459982,1.0964014580240473,0.0010070840362459421,True,False,,clean,0.015384915983304381,,,,,0.0,0.0,,"[3086, 2655]",2.0,1.7315399646759033,False,False,False,False,False,False,-6.745708327071042,5.349628448486328
nhanes_real,1,v3,dsr_full_euclidean,0.05,804,decoded_naive,decoded_banded,euclidean,True,233726,246880,0.008485708036459982,1.0964014580240473,0.0010070840362459421,False,True,repair,failed,0.01466200000140816,False,False,True,False,1.0,1.0,repair broke monotone risk reduction along the path,,,,,,,,,,,
nhanes_real,1,v3,dsr_full_euclidean,0.05,805,decoded_naive,decoded_banded,euclidean,True,233726,246880,0.008485708036459982,1.0964014580240473,0.0010070840362459421,False,True,search,,0.014700124971568584,,,,,,,,,,,,,,,,,,
nhanes_real,1,v3,dsr_full_euclidean,0.05,809,decoded_naive,decoded_banded,euclidean,True,233726,246880,0.008485708036459982,1.0964014580240473,0.0010070840362459421,False,True,search,,0.013250541989691556,,,,,,,,,,,,,,,,,,
nhanes_real,1,v3,dsr_full_euclidean,0.05,810,decoded_naive,decoded_banded,euclidean,True,233726,246880,0.008485708036459982,1.0964014580240473,0.0010070840362459421,True,False,,repaired,0.022653750027529895,False,False,False,True,1.0,1.0,,"[3086, 237]",2.0,1.2113949060440063,False,False,False,False,False,False,-7.405906462567683,5.018089294433594
nhanes_real,1,v3,dsr_full_euclidean,0.05,812,decoded_naive,decoded_banded,euclidean,True,233726,246880,0.008485708036459982,1.0964014580240473,0.0010070840362459421,False,True,repair,failed,0.014724166016094387,False,False,False,True,0.0,3.0,"step 1 still violates after 3 repair iterations (triggered by {'immutable': False, 'non_decreasing': False, 'age_horizon': False, 'directional': True})",,,,,,,,,,,
nhanes_real,1,v3,dsr_full_euclidean,0.05,814,decoded_naive,decoded_banded,euclidean,True,233726,246880,0.008485708036459982,1.0964014580240473,0.0010070840362459421,False,True,repair,failed,0.013480834080837667,False,False,False,True,0.0,3.0,"step 1 still violates after 3 repair iterations (triggered by {'immutable': False, 'non_decreasing': False, 'age_horizon': False, 'directional': True})",,,,,,,,,,,
nhanes_real,1,v3,dsr_full_euclidean,0.05,816,decoded_naive,decoded_banded,euclidean,True,233726,246880,0.008485708036459982,1.0964014580240473,0.0010070840362459421,False,True,search,,0.014253541943617165,,,,,,,,,,,,,,,,,,
nhanes_real,1,v3,dsr_full_euclidean,0.05,819,decoded_naive,decoded_banded,euclidean,True,233726,246880,0.008485708036459982,1.0964014580240473,0.0010070840362459421,False,True,search,,0.013644166989251971,,,,,,,,,,,,,,,,,,
nhanes_real,1,v3,dsr_full_euclidean,0.05,820,decoded_naive,decoded_banded,euclidean,True,233726,246880,0.008485708036459982,1.0964014580240473,0.0010070840362459421,True,False,,clean,0.013794500031508505,,,,,0.0,0.0,,"[3086, 345]",2.0,0.9009941816329956,False,False,False,False,False,False,-6.8869369415898944,3.1433165073394775
nhanes_real,1,v3,dsr_full_euclidean,0.05,821,decoded_naive,decoded_banded,euclidean,True,233726,246880,0.008485708036459982,1.0964014580240473,0.0010070840362459421,False,True,search,,0.016970999888144433,,,,,,,,,,,,,,,,,,
nhanes_real,1,v3,dsr_full_euclidean,0.05,822,decoded_naive,decoded_banded,euclidean,True,233726,246880,0.008485708036459982,1.0964014580240473,0.0010070840362459421,True,False,,clean,0.014586124918423593,,,,,0.0,0.0,,"[3086, 476]",2.0,2.454678535461426,False,False,False,False,False,False,-6.895962039527926,5.852296352386475
nhanes_real,1,v3,dsr_full_euclidean,0.05,823,decoded_naive,decoded_banded,euclidean,True,233726,246880,0.008485708036459982,1.0964014580240473,0.0010070840362459421,False,True,repair,failed,0.014346333919093013,False,True,False,True,0.0,3.0,"step 1 still violates after 3 repair iterations (triggered by {'immutable': False, 'non_decreasing': True, 'age_horizon': False, 'directional': True})",,,,,,,,,,,
nhanes_real,1,v3,dsr_full_euclidean,0.05,824,decoded_naive,decoded_banded,euclidean,True,233726,246880,0.008485708036459982,1.0964014580240473,0.0010070840362459421,True,False,,clean,0.013403165969066322,,,,,0.0,0.0,,"[3086, 180]",2.0,1.1817779541015625,False,False,False,False,False,False,-6.704731123247549,3.9771997928619385
nhanes_real,1,v3,dsr_full_euclidean,0.05,828,decoded_naive,decoded_banded,euclidean,True,233726,246880,0.008485708036459982,1.0964014580240473,0.0010070840362459421,False,True,search,,0.01457674999255687,,,,,,,,,,,,,,,,,,
nhanes_real,1,v3,dsr_full_euclidean,0.05,830,decoded_naive,decoded_banded,euclidean,True,233726,246880,0.008485708036459982,1.0964014580240473,0.0010070840362459421,False,True,search,,0.014843332930468023,,,,,,,,,,,,,,,,,,
nhanes_real,1,v3,dsr_full_euclidean,0.05,832,decoded_naive,decoded_banded,euclidean,True,233726,246880,0.008485708036459982,1.0964014580240473,0.0010070840362459421,False,True,search,,0.013817167025990784,,,,,,,,,,,,,,,,,,
nhanes_real,1,v3,dsr_full_euclidean,0.05,833,decoded_naive,decoded_banded,euclidean,True,233726,246880,0.008485708036459982,1.0964014580240473,0.0010070840362459421,False,True,repair,failed,0.011640875018201768,False,False,False,True,0.0,3.0,"step 1 still violates after 3 repair iterations (triggered by {'immutable': False, 'non_decreasing': False, 'age_horizon': False, 'directional': True})",,,,,,,,,,,
nhanes_real,1,v3,dsr_full_euclidean,0.05,834,decoded_naive,decoded_banded,euclidean,True,233726,246880,0.008485708036459982,1.0964014580240473,0.0010070840362459421,True,False,,clean,0.010638125007972121,,,,,0.0,0.0,,"[3086, 1858]",2.0,0.410915732383728,False,False,False,False,False,False,-6.265416097960413,1.0426316261291504
nhanes_real,1,v3,dsr_full_euclidean,0.05,837,decoded_naive,decoded_banded,euclidean,True,233726,246880,0.008485708036459982,1.0964014580240473,0.0010070840362459421,True,False,,clean,0.009601041907444596,,,,,0.0,0.0,,"[3086, 441]",2.0,0.7529158592224121,False,False,False,False,False,False,-6.454925089663549,2.2093260288238525
nhanes_real,1,v3,dsr_full_euclidean,0.05,838,decoded_naive,decoded_banded,euclidean,True,233726,246880,0.008485708036459982,1.0964014580240473,0.0010070840362459421,False,True,search,,0.011487417039461434,,,,,,,,,,,,,,,,,,
nhanes_real,1,v3,dsr_full_euclidean,0.05,841,decoded_naive,decoded_banded,euclidean,True,233726,246880,0.008485708036459982,1.0964014580240473,0.0010070840362459421,False,True,search,,0.012528707971796393,,,,,,,,,,,,,,,,,,
nhanes_real,1,v3,dsr_full_euclidean,0.05,843,decoded_naive,decoded_banded,euclidean,True,233726,246880,0.008485708036459982,1.0964014580240473,0.0010070840362459421,False,True,search,,0.0108690420165658,,,,,,,,,,,,,,,,,,
nhanes_real,1,v3,dsr_full_euclidean,0.05,845,decoded_naive,decoded_banded,euclidean,True,233726,246880,0.008485708036459982,1.0964014580240473,0.0010070840362459421,False,True,repair,failed,0.009970166953280568,False,False,False,True,0.0,3.0,"step 1 still violates after 3 repair iterations (triggered by {'immutable': False, 'non_decreasing': False, 'age_horizon': False, 'directional': True})",,,,,,,,,,,
nhanes_real,1,v3,dsr_full_euclidean,0.05,846,decoded_naive,decoded_banded,euclidean,True,233726,246880,0.008485708036459982,1.0964014580240473,0.0010070840362459421,True,False,,clean,0.009716207976453006,,,,,0.0,0.0,,"[3086, 25]",2.0,1.395890235900879,False,False,False,False,False,False,-7.039790849439534,2.8205623626708984
nhanes_real,1,v3,dsr_full_euclidean,0.05,847,decoded_naive,decoded_banded,euclidean,True,233726,246880,0.008485708036459982,1.0964014580240473,0.0010070840362459421,False,True,repair,failed,0.010730457957834005,False,False,False,True,0.0,3.0,"step 1 still violates after 3 repair iterations (triggered by {'immutable': False, 'non_decreasing': False, 'age_horizon': False, 'directional': True})",,,,,,,,,,,
nhanes_real,1,v3,dsr_full_euclidean,0.05,855,decoded_naive,decoded_banded,euclidean,True,233726,246880,0.008485708036459982,1.0964014580240473,0.0010070840362459421,False,True,repair,failed,0.009917624993249774,False,True,False,False,0.0,3.0,"step 1 still violates after 3 repair iterations (triggered by {'immutable': False, 'non_decreasing': True, 'age_horizon': False, 'directional': False})",,,,,,,,,,,
nhanes_real,1,v3,dsr_full_euclidean,0.05,856,decoded_naive,decoded_banded,euclidean,True,233726,246880,0.008485708036459982,1.0964014580240473,0.0010070840362459421,False,True,search,,0.010698708007112145,,,,,,,,,,,,,,,,,,
nhanes_real,1,v3,dsr_full_euclidean,0.05,857,decoded_naive,decoded_banded,euclidean,True,233726,246880,0.008485708036459982,1.0964014580240473,0.0010070840362459421,False,True,search,,0.009762916946783662,,,,,,,,,,,,,,,,,,
nhanes_real,1,v3,dsr_full_euclidean,0.05,858,decoded_naive,decoded_banded,euclidean,True,233726,246880,0.008485708036459982,1.0964014580240473,0.0010070840362459421,False,True,search,,0.010395625024102628,,,,,,,,,,,,,,,,,,
nhanes_real,1,v3,dsr_full_euclidean,0.05,859,decoded_naive,decoded_banded,euclidean,True,233726,246880,0.008485708036459982,1.0964014580240473,0.0010070840362459421,False,True,search,,0.010035083047114313,,,,,,,,,,,,,,,,,,
nhanes_real,1,v3,dsr_full_euclidean,0.05,861,decoded_naive,decoded_banded,euclidean,True,233726,246880,0.008485708036459982,1.0964014580240473,0.0010070840362459421,False,True,search,,0.00959425000473857,,,,,,,,,,,,,,,,,,
nhanes_real,1,v3,dsr_full_euclidean,0.05,863,decoded_naive,decoded_banded,euclidean,True,233726,246880,0.008485708036459982,1.0964014580240473,0.0010070840362459421,True,False,,clean,0.009706874960102141,,,,,0.0,0.0,,"[3086, 2655]",2.0,2.8499979972839355,False,False,False,False,False,False,-7.527212725550394,8.84644889831543
nhanes_real,1,v3,dsr_full_euclidean,0.05,864,decoded_naive,decoded_banded,euclidean,True,233726,246880,0.008485708036459982,1.0964014580240473,0.0010070840362459421,False,True,search,,0.01009999995585531,,,,,,,,,,,,,,,,,,
nhanes_real,1,v3,dsr_full_euclidean,0.05,867,decoded_naive,decoded_banded,euclidean,True,233726,246880,0.008485708036459982,1.0964014580240473,0.0010070840362459421,False,True,repair,failed,0.010174375027418137,False,False,False,True,0.0,3.0,"step 1 still violates after 3 repair iterations (triggered by {'immutable': False, 'non_decreasing': False, 'age_horizon': False, 'directional': True})",,,,,,,,,,,
nhanes_real,1,v3,dsr_full_euclidean,0.05,869,decoded_naive,decoded_banded,euclidean,True,233726,246880,0.008485708036459982,1.0964014580240473,0.0010070840362459421,False,True,search,,0.010972791002131999,,,,,,,,,,,,,,,,,,
nhanes_real,1,v3,dsr_full_euclidean,0.05,870,decoded_naive,decoded_banded,euclidean,True,233726,246880,0.008485708036459982,1.0964014580240473,0.0010070840362459421,False,True,repair,failed,0.010225457954220474,False,False,True,True,0.0,3.0,"step 1 still violates after 3 repair iterations (triggered by {'immutable': False, 'non_decreasing': False, 'age_horizon': True, 'directional': True})",,,,,,,,,,,
nhanes_real,1,v3,dsr_full_euclidean,0.05,871,decoded_naive,decoded_banded,euclidean,True,233726,246880,0.008485708036459982,1.0964014580240473,0.0010070840362459421,False,True,repair,failed,0.010569624952040613,False,False,True,False,1.0,2.0,repaired terminal state is no longer low-risk,,,,,,,,,,,
nhanes_real,1,v3,dsr_full_euclidean,0.05,873,decoded_naive,decoded_banded,euclidean,True,233726,246880,0.008485708036459982,1.0964014580240473,0.0010070840362459421,True,False,,clean,0.009024750092066824,,,,,0.0,0.0,,"[3086, 425]",2.0,2.354069232940674,False,False,False,False,False,False,-7.045826063634713,6.443652629852295
nhanes_real,1,v3,dsr_full_euclidean,0.05,876,decoded_naive,decoded_banded,euclidean,True,233726,246880,0.008485708036459982,1.0964014580240473,0.0010070840362459421,False,True,search,,0.010134666925296187,,,,,,,,,,,,,,,,,,
nhanes_real,1,v3,dsr_full_euclidean,0.05,877,decoded_naive,decoded_banded,euclidean,True,233726,246880,0.008485708036459982,1.0964014580240473,0.0010070840362459421,False,True,search,,0.00965329201426357,,,,,,,,,,,,,,,,,,
nhanes_real,1,v3,dsr_full_euclidean,0.05,879,decoded_naive,decoded_banded,euclidean,True,233726,246880,0.008485708036459982,1.0964014580240473,0.0010070840362459421,True,False,,clean,0.009916582959704101,,,,,0.0,0.0,,"[3086, 733]",2.0,1.3892450332641602,False,False,False,False,False,False,-6.954312641066084,4.400326251983643
nhanes_real,1,v3,dsr_full_euclidean,0.05,880,decoded_naive,decoded_banded,euclidean,True,233726,246880,0.008485708036459982,1.0964014580240473,0.0010070840362459421,False,True,search,,0.010494083049707115,,,,,,,,,,,,,,,,,,
nhanes_real,1,v3,dsr_full_euclidean,0.05,881,decoded_naive,decoded_banded,euclidean,True,233726,246880,0.008485708036459982,1.0964014580240473,0.0010070840362459421,False,True,repair,failed,0.010436082957312465,False,False,False,True,0.0,3.0,"step 1 still violates after 3 repair iterations (triggered by {'immutable': False, 'non_decreasing': False, 'age_horizon': False, 'directional': True})",,,,,,,,,,,
nhanes_real,1,v3,dsr_full_euclidean,0.05,887,decoded_naive,decoded_banded,euclidean,True,233726,246880,0.008485708036459982,1.0964014580240473,0.0010070840362459421,False,True,search,,0.009910583961755037,,,,,,,,,,,,,,,,,,
nhanes_real,1,v3,dsr_full_euclidean,0.05,888,decoded_naive,decoded_banded,euclidean,True,233726,246880,0.008485708036459982,1.0964014580240473,0.0010070840362459421,False,True,repair,failed,0.010237833019345999,False,False,False,True,0.0,3.0,"step 1 still violates after 3 repair iterations (triggered by {'immutable': False, 'non_decreasing': False, 'age_horizon': False, 'directional': True})",,,,,,,,,,,
nhanes_real,1,v3,dsr_full_euclidean,0.05,891,decoded_naive,decoded_banded,euclidean,True,233726,246880,0.008485708036459982,1.0964014580240473,0.0010070840362459421,True,False,,clean,0.010264124954119325,,,,,0.0,0.0,,"[3086, 846]",2.0,0.5342623591423035,False,False,False,False,False,False,-6.359136567716802,2.00763201713562
nhanes_real,1,v3,dsr_full_euclidean,0.05,893,decoded_naive,decoded_banded,euclidean,True,233726,246880,0.008485708036459982,1.0964014580240473,0.0010070840362459421,False,True,repair,failed,0.010581540991552174,False,False,False,True,1.0,1.0,repair broke monotone risk reduction along the path,,,,,,,,,,,
nhanes_real,1,v3,dsr_full_euclidean,0.05,896,decoded_naive,decoded_banded,euclidean,True,233726,246880,0.008485708036459982,1.0964014580240473,0.0010070840362459421,False,True,repair,failed,0.010390624986030161,False,False,True,False,0.0,3.0,"step 1 still violates after 3 repair iterations (triggered by {'immutable': False, 'non_decreasing': False, 'age_horizon': True, 'directional': False})",,,,,,,,,,,
nhanes_real,1,v3,dsr_full_euclidean,0.05,899,decoded_naive,decoded_banded,euclidean,True,233726,246880,0.008485708036459982,1.0964014580240473,0.0010070840362459421,True,False,,clean,0.010188208078034222,,,,,0.0,0.0,,"[3086, 425]",2.0,1.8144887685775757,False,False,False,False,False,False,-7.081661682110442,7.194568157196045
nhanes_real,1,v3,dsr_full_euclidean,0.05,900,decoded_naive,decoded_banded,euclidean,True,233726,246880,0.008485708036459982,1.0964014580240473,0.0010070840362459421,False,True,search,,0.010078916908241808,,,,,,,,,,,,,,,,,,
nhanes_real,1,v3,dsr_full_euclidean,0.05,901,decoded_naive,decoded_banded,euclidean,True,233726,246880,0.008485708036459982,1.0964014580240473,0.0010070840362459421,False,True,search,,0.009875040967017412,,,,,,,,,,,,,,,,,,
nhanes_real,1,v3,dsr_full_euclidean,0.05,902,decoded_naive,decoded_banded,euclidean,True,233726,246880,0.008485708036459982,1.0964014580240473,0.0010070840362459421,False,True,search,,0.012855750042945147,,,,,,,,,,,,,,,,,,
nhanes_real,1,v3,dsr_full_euclidean,0.05,903,decoded_naive,decoded_banded,euclidean,True,233726,246880,0.008485708036459982,1.0964014580240473,0.0010070840362459421,False,True,search,,0.018582665943540633,,,,,,,,,,,,,,,,,,
nhanes_real,1,v3,dsr_full_euclidean,0.05,905,decoded_naive,decoded_banded,euclidean,True,233726,246880,0.008485708036459982,1.0964014580240473,0.0010070840362459421,False,True,repair,failed,0.02738733298610896,False,False,False,True,0.0,3.0,"step 1 still violates after 3 repair iterations (triggered by {'immutable': False, 'non_decreasing': False, 'age_horizon': False, 'directional': True})",,,,,,,,,,,
nhanes_real,1,v3,dsr_full_euclidean,0.05,906,decoded_naive,decoded_banded,euclidean,True,233726,246880,0.008485708036459982,1.0964014580240473,0.0010070840362459421,True,False,,clean,0.02359904197510332,,,,,0.0,0.0,,"[3086, 2626]",2.0,1.9196579456329346,False,False,False,False,False,False,-8.660450359633437,7.605822563171387
nhanes_real,1,v3,dsr_full_euclidean,0.05,907,decoded_naive,decoded_banded,euclidean,True,233726,246880,0.008485708036459982,1.0964014580240473,0.0010070840362459421,True,False,,clean,0.01776379207149148,,,,,0.0,0.0,,"[3086, 1208]",2.0,0.2337058186531067,False,False,False,False,False,False,-6.303424921797173,0.8122699856758118
nhanes_real,2,v3,dsr_full_euclidean,0.05,0,decoded_naive,decoded_banded,euclidean,True,234925,246880,0.008890624972991645,1.2950842089485377,0.0008394159376621246,False,True,search,,0.023877707892097533,,,,,,,,,,,,,,,,,,
nhanes_real,2,v3,dsr_full_euclidean,0.05,2,decoded_naive,decoded_banded,euclidean,True,234925,246880,0.008890624972991645,1.2950842089485377,0.0008394159376621246,True,False,,repaired,0.020559250027872622,False,False,False,True,1.0,1.0,,"[3086, 229]",2.0,0.10694881528615952,False,False,False,False,False,False,-6.274493169541518,0.8571355938911438
nhanes_real,2,v3,dsr_full_euclidean,0.05,4,decoded_naive,decoded_banded,euclidean,True,234925,246880,0.008890624972991645,1.2950842089485377,0.0008394159376621246,False,True,search,,0.020249207969754934,,,,,,,,,,,,,,,,,,
nhanes_real,2,v3,dsr_full_euclidean,0.05,5,decoded_naive,decoded_banded,euclidean,True,234925,246880,0.008890624972991645,1.2950842089485377,0.0008394159376621246,False,True,repair,failed,0.026761834044009447,False,False,True,False,0.0,3.0,"step 1 still violates after 3 repair iterations (triggered by {'immutable': False, 'non_decreasing': False, 'age_horizon': True, 'directional': False})",,,,,,,,,,,
nhanes_real,2,v3,dsr_full_euclidean,0.05,7,decoded_naive,decoded_banded,euclidean,True,234925,246880,0.008890624972991645,1.2950842089485377,0.0008394159376621246,False,True,repair,failed,0.019453207962214947,False,False,False,True,0.0,3.0,"step 1 still violates after 3 repair iterations (triggered by {'immutable': False, 'non_decreasing': False, 'age_horizon': False, 'directional': True})",,,,,,,,,,,
nhanes_real,2,v3,dsr_full_euclidean,0.05,8,decoded_naive,decoded_banded,euclidean,True,234925,246880,0.008890624972991645,1.2950842089485377,0.0008394159376621246,False,True,repair,failed,0.014560792013071477,False,True,False,True,0.0,3.0,"step 1 still violates after 3 repair iterations (triggered by {'immutable': False, 'non_decreasing': True, 'age_horizon': False, 'directional': True})",,,,,,,,,,,
nhanes_real,2,v3,dsr_full_euclidean,0.05,10,decoded_naive,decoded_banded,euclidean,True,234925,246880,0.008890624972991645,1.2950842089485377,0.0008394159376621246,True,False,,clean,0.019049082999117672,,,,,0.0,0.0,,"[3086, 2357]",2.0,0.3784564435482025,False,False,False,False,False,False,-6.2096149746943645,1.6376910209655762
nhanes_real,2,v3,dsr_full_euclidean,0.05,11,decoded_naive,decoded_banded,euclidean,True,234925,246880,0.008890624972991645,1.2950842089485377,0.0008394159376621246,False,True,repair,failed,0.013966958038508892,False,False,False,True,0.0,3.0,"step 1 still violates after 3 repair iterations (triggered by {'immutable': False, 'non_decreasing': False, 'age_horizon': False, 'directional': True})",,,,,,,,,,,
nhanes_real,2,v3,dsr_full_euclidean,0.05,12,decoded_naive,decoded_banded,euclidean,True,234925,246880,0.008890624972991645,1.2950842089485377,0.0008394159376621246,False,True,search,,0.012057999963872135,,,,,,,,,,,,,,,,,,
nhanes_real,2,v3,dsr_full_euclidean,0.05,13,decoded_naive,decoded_banded,euclidean,True,234925,246880,0.008890624972991645,1.2950842089485377,0.0008394159376621246,False,True,repair,failed,0.010998625075444579,False,False,True,False,1.0,1.0,repaired terminal state is no longer low-risk,,,,,,,,,,,
nhanes_real,2,v3,dsr_full_euclidean,0.05,14,decoded_naive,decoded_banded,euclidean,True,234925,246880,0.008890624972991645,1.2950842089485377,0.0008394159376621246,False,True,repair,failed,0.011670875013805926,False,False,False,True,0.0,3.0,"step 1 still violates after 3 repair iterations (triggered by {'immutable': False, 'non_decreasing': False, 'age_horizon': False, 'directional': True})",,,,,,,,,,,
nhanes_real,2,v3,dsr_full_euclidean,0.05,17,decoded_naive,decoded_banded,euclidean,True,234925,246880,0.008890624972991645,1.2950842089485377,0.0008394159376621246,False,True,search,,0.00944416702259332,,,,,,,,,,,,,,,,,,
nhanes_real,2,v3,dsr_full_euclidean,0.05,18,decoded_naive,decoded_banded,euclidean,True,234925,246880,0.008890624972991645,1.2950842089485377,0.0008394159376621246,True,False,,clean,0.009912290959618986,,,,,0.0,0.0,,"[3086, 2832]",2.0,0.7387197613716125,False,False,False,False,False,False,-7.314190045920846,1.9434689283370972
nhanes_real,2,v3,dsr_full_euclidean,0.05,19,decoded_naive,decoded_banded,euclidean,True,234925,246880,0.008890624972991645,1.2950842089485377,0.0008394159376621246,False,True,search,,0.011680208030156791,,,,,,,,,,,,,,,,,,
nhanes_real,2,v3,dsr_full_euclidean,0.05,22,decoded_naive,decoded_banded,euclidean,True,234925,246880,0.008890624972991645,1.2950842089485377,0.0008394159376621246,False,True,search,,0.009607290965504944,,,,,,,,,,,,,,,,,,
nhanes_real,2,v3,dsr_full_euclidean,0.05,23,decoded_naive,decoded_banded,euclidean,True,234925,246880,0.008890624972991645,1.2950842089485377,0.0008394159376621246,True,False,,clean,0.012312375009059906,,,,,0.0,0.0,,"[3086, 679]",2.0,0.6443009376525879,False,False,False,False,False,False,-6.169658598958021,1.7442586421966553
nhanes_real,2,v3,dsr_full_euclidean,0.05,25,decoded_naive,decoded_banded,euclidean,True,234925,246880,0.008890624972991645,1.2950842089485377,0.0008394159376621246,False,True,repair,failed,0.013239749940112233,False,True,False,False,0.0,3.0,"step 1 still violates after 3 repair iterations (triggered by {'immutable': False, 'non_decreasing': True, 'age_horizon': False, 'directional': False})",,,,,,,,,,,
nhanes_real,2,v3,dsr_full_euclidean,0.05,26,decoded_naive,decoded_banded,euclidean,True,234925,246880,0.008890624972991645,1.2950842089485377,0.0008394159376621246,False,True,search,,0.010062457993626595,,,,,,,,,,,,,,,,,,
nhanes_real,2,v3,dsr_full_euclidean,0.05,28,decoded_naive,decoded_banded,euclidean,True,234925,246880,0.008890624972991645,1.2950842089485377,0.0008394159376621246,False,True,repair,failed,0.010273957974277437,False,False,False,True,0.0,3.0,"step 1 still violates after 3 repair iterations (triggered by {'immutable': False, 'non_decreasing': False, 'age_horizon': False, 'directional': True})",,,,,,,,,,,
nhanes_real,2,v3,dsr_full_euclidean,0.05,29,decoded_naive,decoded_banded,euclidean,True,234925,246880,0.008890624972991645,1.2950842089485377,0.0008394159376621246,True,False,,clean,0.01145537500269711,,,,,0.0,0.0,,"[3086, 1008]",2.0,0.6101269721984863,False,False,False,False,False,False,-6.472363916005252,2.341102123260498
nhanes_real,2,v3,dsr_full_euclidean,0.05,30,decoded_naive,decoded_banded,euclidean,True,234925,246880,0.008890624972991645,1.2950842089485377,0.0008394159376621246,False,True,repair,failed,0.00983870797790587,False,False,True,True,0.0,3.0,"step 1 still violates after 3 repair iterations (triggered by {'immutable': False, 'non_decreasing': False, 'age_horizon': True, 'directional': True})",,,,,,,,,,,
nhanes_real,2,v3,dsr_full_euclidean,0.05,31,decoded_naive,decoded_banded,euclidean,True,234925,246880,0.008890624972991645,1.2950842089485377,0.0008394159376621246,True,False,,clean,0.009815250057727098,,,,,0.0,0.0,,"[3086, 2491]",2.0,0.3873899281024933,False,False,False,False,False,False,-6.825001678482671,1.419950008392334
nhanes_real,2,v3,dsr_full_euclidean,0.05,32,decoded_naive,decoded_banded,euclidean,True,234925,246880,0.008890624972991645,1.2950842089485377,0.0008394159376621246,False,True,search,,0.011738457949832082,,,,,,,,,,,,,,,,,,
nhanes_real,2,v3,dsr_full_euclidean,0.05,33,decoded_naive,decoded_banded,euclidean,True,234925,246880,0.008890624972991645,1.2950842089485377,0.0008394159376621246,False,True,search,,0.012003457988612354,,,,,,,,,,,,,,,,,,
nhanes_real,2,v3,dsr_full_euclidean,0.05,34,decoded_naive,decoded_banded,euclidean,True,234925,246880,0.008890624972991645,1.2950842089485377,0.0008394159376621246,False,True,repair,failed,0.010179416975006461,False,True,False,False,1.0,1.0,repaired terminal state is no longer low-risk,,,,,,,,,,,
nhanes_real,2,v3,dsr_full_euclidean,0.05,39,decoded_naive,decoded_banded,euclidean,True,234925,246880,0.008890624972991645,1.2950842089485377,0.0008394159376621246,True,False,,clean,0.00992116704583168,,,,,0.0,0.0,,"[3086, 1909]",2.0,1.777919888496399,False,False,False,False,False,False,-6.779912375120579,4.914703369140625
nhanes_real,2,v3,dsr_full_euclidean,0.05,40,decoded_naive,decoded_banded,euclidean,True,234925,246880,0.008890624972991645,1.2950842089485377,0.0008394159376621246,False,True,repair,failed,0.010821249918080866,False,True,False,False,0.0,3.0,"step 1 still violates after 3 repair iterations (triggered by {'immutable': False, 'non_decreasing': True, 'age_horizon': False, 'directional': False})",,,,,,,,,,,
nhanes_real,2,v3,dsr_full_euclidean,0.05,41,decoded_naive,decoded_banded,euclidean,True,234925,246880,0.008890624972991645,1.2950842089485377,0.0008394159376621246,True,False,,clean,0.01097183395177126,,,,,0.0,0.0,,"[3086, 2702]",2.0,0.6211509704589844,False,False,False,False,False,False,-6.65521883385738,2.2962207794189453
nhanes_real,2,v3,dsr_full_euclidean,0.05,43,decoded_naive,decoded_banded,euclidean,True,234925,246880,0.008890624972991645,1.2950842089485377,0.0008394159376621246,False,True,search,,0.011052833986468613,,,,,,,,,,,,,,,,,,
nhanes_real,2,v3,dsr_full_euclidean,0.05,45,decoded_naive,decoded_banded,euclidean,True,234925,246880,0.008890624972991645,1.2950842089485377,0.0008394159376621246,False,True,search,,0.011736750020645559,,,,,,,,,,,,,,,,,,
nhanes_real,2,v3,dsr_full_euclidean,0.05,46,decoded_naive,decoded_banded,euclidean,True,234925,246880,0.008890624972991645,1.2950842089485377,0.0008394159376621246,False,True,search,,0.010011082980781794,,,,,,,,,,,,,,,,,,
nhanes_real,2,v3,dsr_full_euclidean,0.05,47,decoded_naive,decoded_banded,euclidean,True,234925,246880,0.008890624972991645,1.2950842089485377,0.0008394159376621246,False,True,search,,0.013175125000998378,,,,,,,,,,,,,,,,,,
nhanes_real,2,v3,dsr_full_euclidean,0.05,48,decoded_naive,decoded_banded,euclidean,True,234925,246880,0.008890624972991645,1.2950842089485377,0.0008394159376621246,True,False,,clean,0.023297042003832757,,,,,0.0,0.0,,"[3086, 2463]",2.0,1.1022605895996094,False,False,False,False,False,False,-7.641798168836219,4.110810279846191
nhanes_real,2,v3,dsr_full_euclidean,0.05,49,decoded_naive,decoded_banded,euclidean,True,234925,246880,0.008890624972991645,1.2950842089485377,0.0008394159376621246,True,False,,clean,0.020818334072828293,,,,,0.0,0.0,,"[3086, 1773]",2.0,0.5481902360916138,False,False,False,False,False,False,-6.78798789545168,1.7362568378448486
nhanes_real,2,v3,dsr_full_euclidean,0.05,52,decoded_naive,decoded_banded,euclidean,True,234925,246880,0.008890624972991645,1.2950842089485377,0.0008394159376621246,False,True,search,,0.01742116711102426,,,,,,,,,,,,,,,,,,
nhanes_real,2,v3,dsr_full_euclidean,0.05,54,decoded_naive,decoded_banded,euclidean,True,234925,246880,0.008890624972991645,1.2950842089485377,0.0008394159376621246,False,True,search,,0.019396084011532366,,,,,,,,,,,,,,,,,,
nhanes_real,2,v3,dsr_full_euclidean,0.05,57,decoded_naive,decoded_banded,euclidean,True,234925,246880,0.008890624972991645,1.2950842089485377,0.0008394159376621246,False,True,search,,0.013863084022887051,,,,,,,,,,,,,,,,,,
nhanes_real,2,v3,dsr_full_euclidean,0.05,58,decoded_naive,decoded_banded,euclidean,True,234925,246880,0.008890624972991645,1.2950842089485377,0.0008394159376621246,False,True,repair,failed,0.017131709028035402,False,False,False,True,0.0,3.0,"step 1 still violates after 3 repair iterations (triggered by {'immutable': False, 'non_decreasing': False, 'age_horizon': False, 'directional': True})",,,,,,,,,,,
nhanes_real,2,v3,dsr_full_euclidean,0.05,62,decoded_naive,decoded_banded,euclidean,True,234925,246880,0.008890624972991645,1.2950842089485377,0.0008394159376621246,True,False,,clean,0.017047917004674673,,,,,0.0,0.0,,"[3086, 1008]",2.0,0.754355788230896,False,False,False,False,False,False,-6.4460905814641505,1.917067050933838
nhanes_real,2,v3,dsr_full_euclidean,0.05,63,decoded_naive,decoded_banded,euclidean,True,234925,246880,0.008890624972991645,1.2950842089485377,0.0008394159376621246,True,False,,clean,0.01910579204559326,,,,,0.0,0.0,,"[3086, 2402]",2.0,0.1948225498199463,False,False,False,False,False,False,-6.160396035096289,0.4184313416481018
nhanes_real,2,v3,dsr_full_euclidean,0.05,64,decoded_naive,decoded_banded,euclidean,True,234925,246880,0.008890624972991645,1.2950842089485377,0.0008394159376621246,False,True,search,,0.013088957988657057,,,,,,,,,,,,,,,,,,
nhanes_real,2,v3,dsr_full_euclidean,0.05,65,decoded_naive,decoded_banded,euclidean,True,234925,246880,0.008890624972991645,1.2950842089485377,0.0008394159376621246,False,True,search,,0.014405709109269083,,,,,,,,,,,,,,,,,,
nhanes_real,2,v3,dsr_full_euclidean,0.05,66,decoded_naive,decoded_banded,euclidean,True,234925,246880,0.008890624972991645,1.2950842089485377,0.0008394159376621246,False,True,search,,0.0173003749223426,,,,,,,,,,,,,,,,,,
nhanes_real,2,v3,dsr_full_euclidean,0.05,69,decoded_naive,decoded_banded,euclidean,True,234925,246880,0.008890624972991645,1.2950842089485377,0.0008394159376621246,False,True,search,,0.015706541948020458,,,,,,,,,,,,,,,,,,
nhanes_real,2,v3,dsr_full_euclidean,0.05,73,decoded_naive,decoded_banded,euclidean,True,234925,246880,0.008890624972991645,1.2950842089485377,0.0008394159376621246,True,False,,clean,0.018233792041428387,,,,,0.0,0.0,,"[3086, 2364]",2.0,1.1570518016815186,False,False,False,False,False,False,-7.111475312028778,2.841364860534668
nhanes_real,2,v3,dsr_full_euclidean,0.05,74,decoded_naive,decoded_banded,euclidean,True,234925,246880,0.008890624972991645,1.2950842089485377,0.0008394159376621246,False,True,repair,failed,0.016817249939776957,False,False,True,False,0.0,3.0,"step 1 still violates after 3 repair iterations (triggered by {'immutable': False, 'non_decreasing': False, 'age_horizon': True, 'directional': False})",,,,,,,,,,,
nhanes_real,2,v3,dsr_full_euclidean,0.05,76,decoded_naive,decoded_banded,euclidean,True,234925,246880,0.008890624972991645,1.2950842089485377,0.0008394159376621246,True,False,,clean,0.017314458033069968,,,,,0.0,0.0,,"[3086, 595]",2.0,0.6472315192222595,False,False,False,False,False,False,-6.567788394030448,2.017927408218384
nhanes_real,2,v3,dsr_full_euclidean,0.05,77,decoded_naive,decoded_banded,euclidean,True,234925,246880,0.008890624972991645,1.2950842089485377,0.0008394159376621246,False,True,search,,0.015908333007246256,,,,,,,,,,,,,,,,,,
nhanes_real,2,v3,dsr_full_euclidean,0.05,78,decoded_naive,decoded_banded,euclidean,True,234925,246880,0.008890624972991645,1.2950842089485377,0.0008394159376621246,False,True,repair,failed,0.016046499949879944,False,True,False,True,0.0,3.0,"step 1 still violates after 3 repair iterations (triggered by {'immutable': False, 'non_decreasing': True, 'age_horizon': False, 'directional': True})",,,,,,,,,,,
nhanes_real,2,v3,dsr_full_euclidean,0.05,79,decoded_naive,decoded_banded,euclidean,True,234925,246880,0.008890624972991645,1.2950842089485377,0.0008394159376621246,True,False,,clean,0.014104208908975124,,,,,0.0,0.0,,"[3086, 1417]",2.0,0.7261618971824646,False,False,False,False,False,False,-8.680985278246975,2.979463577270508
nhanes_real,2,v3,dsr_full_euclidean,0.05,80,decoded_naive,decoded_banded,euclidean,True,234925,246880,0.008890624972991645,1.2950842089485377,0.0008394159376621246,False,True,search,,0.017115833004936576,,,,,,,,,,,,,,,,,,
nhanes_real,2,v3,dsr_full_euclidean,0.05,82,decoded_naive,decoded_banded,euclidean,True,234925,246880,0.008890624972991645,1.2950842089485377,0.0008394159376621246,False,True,search,,0.016131124924868345,,,,,,,,,,,,,,,,,,
nhanes_real,2,v3,dsr_full_euclidean,0.05,83,decoded_naive,decoded_banded,euclidean,True,234925,246880,0.008890624972991645,1.2950842089485377,0.0008394159376621246,True,False,,clean,0.017412416986189783,,,,,0.0,0.0,,"[3086, 2986]",2.0,0.955528736114502,False,False,False,False,False,False,-6.674089096061599,3.383052349090576
nhanes_real,2,v3,dsr_full_euclidean,0.05,84,decoded_naive,decoded_banded,euclidean,True,234925,246880,0.008890624972991645,1.2950842089485377,0.0008394159376621246,False,True,search,,0.013512125005945563,,,,,,,,,,,,,,,,,,
nhanes_real,2,v3,dsr_full_euclidean,0.05,87,decoded_naive,decoded_banded,euclidean,True,234925,246880,0.008890624972991645,1.2950842089485377,0.0008394159376621246,True,False,,clean,0.01578516699373722,,,,,0.0,0.0,,"[3086, 521]",2.0,0.2447744458913803,False,False,False,False,False,False,-6.372325557438904,0.8171527981758118
nhanes_real,2,v3,dsr_full_euclidean,0.05,88,decoded_naive,decoded_banded,euclidean,True,234925,246880,0.008890624972991645,1.2950842089485377,0.0008394159376621246,False,True,repair,failed,0.01635637495201081,False,False,False,True,0.0,3.0,"step 1 still violates after 3 repair iterations (triggered by {'immutable': False, 'non_decreasing': False, 'age_horizon': False, 'directional': True})",,,,,,,,,,,
nhanes_real,2,v3,dsr_full_euclidean,0.05,91,decoded_naive,decoded_banded,euclidean,True,234925,246880,0.008890624972991645,1.2950842089485377,0.0008394159376621246,False,True,search,,0.018768084002658725,,,,,,,,,,,,,,,,,,
nhanes_real,2,v3,dsr_full_euclidean,0.05,94,decoded_naive,decoded_banded,euclidean,True,234925,246880,0.008890624972991645,1.2950842089485377,0.0008394159376621246,False,True,search,,0.01625829190015793,,,,,,,,,,,,,,,,,,
nhanes_real,2,v3,dsr_full_euclidean,0.05,95,decoded_naive,decoded_banded,euclidean,True,234925,246880,0.008890624972991645,1.2950842089485377,0.0008394159376621246,False,True,search,,0.013667499995790422,,,,,,,,,,,,,,,,,,
nhanes_real,2,v3,dsr_full_euclidean,0.05,97,decoded_naive,decoded_banded,euclidean,True,234925,246880,0.008890624972991645,1.2950842089485377,0.0008394159376621246,True,False,,clean,0.01722820906434208,,,,,0.0,0.0,,"[3086, 2364]",2.0,1.5504339933395386,False,False,False,False,False,False,-6.967629572919241,3.8932271003723145
nhanes_real,2,v3,dsr_full_euclidean,0.05,100,decoded_naive,decoded_banded,euclidean,True,234925,246880,0.008890624972991645,1.2950842089485377,0.0008394159376621246,True,False,,clean,0.01660070801153779,,,,,0.0,0.0,,"[3086, 2587]",2.0,0.57236248254776,False,False,False,False,False,False,-10.077347921258028,1.766920566558838
nhanes_real,2,v3,dsr_full_euclidean,0.05,101,decoded_naive,decoded_banded,euclidean,True,234925,246880,0.008890624972991645,1.2950842089485377,0.0008394159376621246,False,True,repair,failed,0.017865165951661766,False,False,False,True,0.0,3.0,"step 1 still violates after 3 repair iterations (triggered by {'immutable': False, 'non_decreasing': False, 'age_horizon': False, 'directional': True})",,,,,,,,,,,
nhanes_real,2,v3,dsr_full_euclidean,0.05,102,decoded_naive,decoded_banded,euclidean,True,234925,246880,0.008890624972991645,1.2950842089485377,0.0008394159376621246,False,True,search,,0.01410741696599871,,,,,,,,,,,,,,,,,,
nhanes_real,2,v3,dsr_full_euclidean,0.05,104,decoded_naive,decoded_banded,euclidean,True,234925,246880,0.008890624972991645,1.2950842089485377,0.0008394159376621246,False,True,search,,0.015215665916912258,,,,,,,,,,,,,,,,,,
nhanes_real,2,v3,dsr_full_euclidean,0.05,105,decoded_naive,decoded_banded,euclidean,True,234925,246880,0.008890624972991645,1.2950842089485377,0.0008394159376621246,False,True,search,,0.01739129109773785,,,,,,,,,,,,,,,,,,
nhanes_real,2,v3,dsr_full_euclidean,0.05,107,decoded_naive,decoded_banded,euclidean,True,234925,246880,0.008890624972991645,1.2950842089485377,0.0008394159376621246,False,True,search,,0.01686962496023625,,,,,,,,,,,,,,,,,,
nhanes_real,2,v3,dsr_full_euclidean,0.05,108,decoded_naive,decoded_banded,euclidean,True,234925,246880,0.008890624972991645,1.2950842089485377,0.0008394159376621246,False,True,repair,failed,0.01735191699117422,False,False,True,False,0.0,3.0,"step 1 still violates after 3 repair iterations (triggered by {'immutable': False, 'non_decreasing': False, 'age_horizon': True, 'directional': False})",,,,,,,,,,,
nhanes_real,2,v3,dsr_full_euclidean,0.05,110,decoded_naive,decoded_banded,euclidean,True,234925,246880,0.008890624972991645,1.2950842089485377,0.0008394159376621246,True,False,,clean,0.013858458027243614,,,,,0.0,0.0,,"[3086, 2364]",2.0,1.3603761196136475,False,False,False,False,False,False,-7.051533141527841,3.791489362716675
nhanes_real,2,v3,dsr_full_euclidean,0.05,112,decoded_naive,decoded_banded,euclidean,True,234925,246880,0.008890624972991645,1.2950842089485377,0.0008394159376621246,False,True,repair,failed,0.017565209069289267,False,False,True,False,0.0,3.0,"step 1 still violates after 3 repair iterations (triggered by {'immutable': False, 'non_decreasing': False, 'age_horizon': True, 'directional': False})",,,,,,,,,,,
nhanes_real,2,v3,dsr_full_euclidean,0.05,115,decoded_naive,decoded_banded,euclidean,True,234925,246880,0.008890624972991645,1.2950842089485377,0.0008394159376621246,True,False,,clean,0.016750124981626868,,,,,0.0,0.0,,"[3086, 1008]",2.0,0.5783728957176208,False,False,False,False,False,False,-6.430901848717592,2.135878324508667
nhanes_real,2,v3,dsr_full_euclidean,0.05,116,decoded_naive,decoded_banded,euclidean,True,234925,246880,0.008890624972991645,1.2950842089485377,0.0008394159376621246,False,True,search,,0.016271499916911125,,,,,,,,,,,,,,,,,,
nhanes_real,2,v3,dsr_full_euclidean,0.05,118,decoded_naive,decoded_banded,euclidean,True,234925,246880,0.008890624972991645,1.2950842089485377,0.0008394159376621246,False,True,repair,failed,0.014308250043541193,False,False,False,True,0.0,3.0,"step 1 still violates after 3 repair iterations (triggered by {'immutable': False, 'non_decreasing': False, 'age_horizon': False, 'directional': True})",,,,,,,,,,,
nhanes_real,2,v3,dsr_full_euclidean,0.05,121,decoded_naive,decoded_banded,euclidean,True,234925,246880,0.008890624972991645,1.2950842089485377,0.0008394159376621246,False,True,search,,0.015143166994675994,,,,,,,,,,,,,,,,,,
nhanes_real,2,v3,dsr_full_euclidean,0.05,123,decoded_naive,decoded_banded,euclidean,True,234925,246880,0.008890624972991645,1.2950842089485377,0.0008394159376621246,True,False,,clean,0.016780000063590705,,,,,0.0,0.0,,"[3086, 2463]",2.0,0.4092577397823334,False,False,False,False,False,False,-7.098363512993059,1.0791957378387451
nhanes_real,2,v3,dsr_full_euclidean,0.05,125,decoded_naive,decoded_banded,euclidean,True,234925,246880,0.008890624972991645,1.2950842089485377,0.0008394159376621246,True,False,,clean,0.015694416943006217,,,,,0.0,0.0,,"[3086, 2567]",2.0,0.5295925140380859,False,False,False,False,False,False,-6.300044780198942,2.1011147499084473
nhanes_real,2,v3,dsr_full_euclidean,0.05,126,decoded_naive,decoded_banded,euclidean,True,234925,246880,0.008890624972991645,1.2950842089485377,0.0008394159376621246,True,False,,clean,0.015899250051006675,,,,,0.0,0.0,,"[3086, 2448]",2.0,1.9704383611679077,False,False,False,False,False,False,-7.301986436362325,7.236629962921143
nhanes_real,2,v3,dsr_full_euclidean,0.05,127,decoded_naive,decoded_banded,euclidean,True,234925,246880,0.008890624972991645,1.2950842089485377,0.0008394159376621246,False,True,search,,0.014658958069048822,,,,,,,,,,,,,,,,,,
nhanes_real,2,v3,dsr_full_euclidean,0.05,128,decoded_naive,decoded_banded,euclidean,True,234925,246880,0.008890624972991645,1.2950842089485377,0.0008394159376621246,False,True,search,,0.016282917000353336,,,,,,,,,,,,,,,,,,
nhanes_real,2,v3,dsr_full_euclidean,0.05,129,decoded_naive,decoded_banded,euclidean,True,234925,246880,0.008890624972991645,1.2950842089485377,0.0008394159376621246,False,True,search,,0.01579470804426819,,,,,,,,,,,,,,,,,,
nhanes_real,2,v3,dsr_full_euclidean,0.05,132,decoded_naive,decoded_banded,euclidean,True,234925,246880,0.008890624972991645,1.2950842089485377,0.0008394159376621246,False,True,search,,0.01700674998573959,,,,,,,,,,,,,,,,,,
nhanes_real,2,v3,dsr_full_euclidean,0.05,133,decoded_naive,decoded_banded,euclidean,True,234925,246880,0.008890624972991645,1.2950842089485377,0.0008394159376621246,False,True,repair,failed,0.01415487495251,False,False,False,True,0.0,3.0,"step 1 still violates after 3 repair iterations (triggered by {'immutable': False, 'non_decreasing': False, 'age_horizon': False, 'directional': True})",,,,,,,,,,,
nhanes_real,2,v3,dsr_full_euclidean,0.05,136,decoded_naive,decoded_banded,euclidean,True,234925,246880,0.008890624972991645,1.2950842089485377,0.0008394159376621246,False,True,search,,0.015090708038769662,,,,,,,,,,,,,,,,,,
nhanes_real,2,v3,dsr_full_euclidean,0.05,137,decoded_naive,decoded_banded,euclidean,True,234925,246880,0.008890624972991645,1.2950842089485377,0.0008394159376621246,False,True,repair,failed,0.017735583009198308,False,False,False,True,0.0,3.0,"step 1 still violates after 3 repair iterations (triggered by {'immutable': False, 'non_decreasing': False, 'age_horizon': False, 'directional': True})",,,,,,,,,,,
nhanes_real,2,v3,dsr_full_euclidean,0.05,138,decoded_naive,decoded_banded,euclidean,True,234925,246880,0.008890624972991645,1.2950842089485377,0.0008394159376621246,False,True,search,,0.015455874963663518,,,,,,,,,,,,,,,,,,
nhanes_real,2,v3,dsr_full_euclidean,0.05,140,decoded_naive,decoded_banded,euclidean,True,234925,246880,0.008890624972991645,1.2950842089485377,0.0008394159376621246,True,False,,clean,0.016402625013142824,,,,,0.0,0.0,,"[3086, 1507]",2.0,0.755598247051239,False,False,False,False,False,False,-6.803206771469206,2.258715867996216
nhanes_real,2,v3,dsr_full_euclidean,0.05,143,decoded_naive,decoded_banded,euclidean,True,234925,246880,0.008890624972991645,1.2950842089485377,0.0008394159376621246,False,True,search,,0.01587683300022036,,,,,,,,,,,,,,,,,,
nhanes_real,2,v3,dsr_full_euclidean,0.05,145,decoded_naive,decoded_banded,euclidean,True,234925,246880,0.008890624972991645,1.2950842089485377,0.0008394159376621246,False,True,repair,failed,0.016882833908312023,False,False,False,True,0.0,3.0,"step 1 still violates after 3 repair iterations (triggered by {'immutable': False, 'non_decreasing': False, 'age_horizon': False, 'directional': True})",,,,,,,,,,,
nhanes_real,2,v3,dsr_full_euclidean,0.05,146,decoded_naive,decoded_banded,euclidean,True,234925,246880,0.008890624972991645,1.2950842089485377,0.0008394159376621246,False,True,search,,0.016278958064503968,,,,,,,,,,,,,,,,,,
nhanes_real,2,v3,dsr_full_euclidean,0.05,147,decoded_naive,decoded_banded,euclidean,True,234925,246880,0.008890624972991645,1.2950842089485377,0.0008394159376621246,True,False,,clean,0.015005709021352232,,,,,0.0,0.0,,"[3086, 1976]",2.0,1.894214391708374,False,False,False,False,False,False,-7.182617390127504,8.104716300964355
nhanes_real,2,v3,dsr_full_euclidean,0.05,148,decoded_naive,decoded_banded,euclidean,True,234925,246880,0.008890624972991645,1.2950842089485377,0.0008394159376621246,False,True,search,,0.014210958033800125,,,,,,,,,,,,,,,,,,
nhanes_real,2,v3,dsr_full_euclidean,0.05,150,decoded_naive,decoded_banded,euclidean,True,234925,246880,0.008890624972991645,1.2950842089485377,0.0008394159376621246,True,False,,clean,0.015657958923839033,,,,,0.0,0.0,,"[3086, 2364]",2.0,0.8830675482749939,False,False,False,False,False,False,-7.300677831278975,2.382892370223999
nhanes_real,2,v3,dsr_full_euclidean,0.05,151,decoded_naive,decoded_banded,euclidean,True,234925,246880,0.008890624972991645,1.2950842089485377,0.0008394159376621246,True,False,,clean,0.01642200001515448,,,,,0.0,0.0,,"[3086, 1507]",2.0,1.6427875757217407,False,False,False,False,False,False,-6.777534133502041,4.757716655731201
nhanes_real,2,v3,dsr_full_euclidean,0.05,152,decoded_naive,decoded_banded,euclidean,True,234925,246880,0.008890624972991645,1.2950842089485377,0.0008394159376621246,False,True,search,,0.016275958041660488,,,,,,,,,,,,,,,,,,
nhanes_real,2,v3,dsr_full_euclidean,0.05,153,decoded_naive,decoded_banded,euclidean,True,234925,246880,0.008890624972991645,1.2950842089485377,0.0008394159376621246,False,True,repair,failed,0.016268457984551787,False,False,True,True,0.0,3.0,"step 1 still violates after 3 repair iterations (triggered by {'immutable': False, 'non_decreasing': False, 'age_horizon': True, 'directional': True})",,,,,,,,,,,
nhanes_real,2,v3,dsr_full_euclidean,0.05,154,decoded_naive,decoded_banded,euclidean,True,234925,246880,0.008890624972991645,1.2950842089485377,0.0008394159376621246,True,False,,clean,0.01628729107324034,,,,,0.0,0.0,,"[3086, 1469]",2.0,0.5053122639656067,False,False,False,False,False,False,-6.598676783976305,2.131450653076172
nhanes_real,2,v3,dsr_full_euclidean,0.05,155,decoded_naive,decoded_banded,euclidean,True,234925,246880,0.008890624972991645,1.2950842089485377,0.0008394159376621246,True,False,,clean,0.015294209006242454,,,,,0.0,0.0,,"[3086, 2364]",2.0,1.9081432819366455,False,False,False,False,False,False,-7.003150307417407,4.452737808227539
nhanes_real,2,v3,dsr_full_euclidean,0.05,156,decoded_naive,decoded_banded,euclidean,True,234925,246880,0.008890624972991645,1.2950842089485377,0.0008394159376621246,False,True,repair,failed,0.016036499990150332,False,False,True,False,0.0,3.0,"step 1 still violates after 3 repair iterations (triggered by {'immutable': False, 'non_decreasing': False, 'age_horizon': True, 'directional': False})",,,,,,,,,,,
nhanes_real,2,v3,dsr_full_euclidean,0.05,159,decoded_naive,decoded_banded,euclidean,True,234925,246880,0.008890624972991645,1.2950842089485377,0.0008394159376621246,False,True,search,,0.017247291980311275,,,,,,,,,,,,,,,,,,
nhanes_real,2,v3,dsr_full_euclidean,0.05,160,decoded_naive,decoded_banded,euclidean,True,234925,246880,0.008890624972991645,1.2950842089485377,0.0008394159376621246,True,False,,clean,0.015413041925057769,,,,,0.0,0.0,,"[3086, 3083]",2.0,1.301857352256775,False,False,False,False,False,False,-7.2407505921104,4.355954170227051
nhanes_real,2,v3,dsr_full_euclidean,0.05,165,decoded_naive,decoded_banded,euclidean,True,234925,246880,0.008890624972991645,1.2950842089485377,0.0008394159376621246,False,True,repair,failed,0.017571166972629726,False,False,True,True,0.0,3.0,"step 1 still violates after 3 repair iterations (triggered by {'immutable': False, 'non_decreasing': False, 'age_horizon': True, 'directional': True})",,,,,,,,,,,
nhanes_real,2,v3,dsr_full_euclidean,0.05,169,decoded_naive,decoded_banded,euclidean,True,234925,246880,0.008890624972991645,1.2950842089485377,0.0008394159376621246,False,True,repair,failed,0.017077334108762443,False,True,False,False,0.0,3.0,"step 1 still violates after 3 repair iterations (triggered by {'immutable': False, 'non_decreasing': True, 'age_horizon': False, 'directional': False})",,,,,,,,,,,
nhanes_real,2,v3,dsr_full_euclidean,0.05,173,decoded_naive,decoded_banded,euclidean,True,234925,246880,0.008890624972991645,1.2950842089485377,0.0008394159376621246,False,True,repair,failed,0.016792999929748476,False,False,True,False,0.0,3.0,"step 1 still violates after 3 repair iterations (triggered by {'immutable': False, 'non_decreasing': False, 'age_horizon': True, 'directional': False})",,,,,,,,,,,
nhanes_real,2,v3,dsr_full_euclidean,0.05,179,decoded_naive,decoded_banded,euclidean,True,234925,246880,0.008890624972991645,1.2950842089485377,0.0008394159376621246,True,False,,clean,0.01395504199899733,,,,,0.0,0.0,,"[3086, 302]",2.0,0.891311526298523,False,False,False,False,False,False,-6.469980342315239,2.6245768070220947
nhanes_real,2,v3,dsr_full_euclidean,0.05,180,decoded_naive,decoded_banded,euclidean,True,234925,246880,0.008890624972991645,1.2950842089485377,0.0008394159376621246,True,False,,repaired,0.016068542026914656,False,True,False,False,1.0,1.0,,"[3086, 608]",2.0,0.3706224858760834,False,False,False,False,False,False,-6.176221130427488,1.0925357341766357
nhanes_real,2,v3,dsr_full_euclidean,0.05,181,decoded_naive,decoded_banded,euclidean,True,234925,246880,0.008890624972991645,1.2950842089485377,0.0008394159376621246,True,False,,clean,0.015523916925303638,,,,,0.0,0.0,,"[3086, 1507]",2.0,2.0645980834960938,False,False,False,False,False,False,-7.4303953515694205,8.146576881408691
nhanes_real,2,v3,dsr_full_euclidean,0.05,183,decoded_naive,decoded_banded,euclidean,True,234925,246880,0.008890624972991645,1.2950842089485377,0.0008394159376621246,False,True,repair,failed,0.01680704194586724,False,False,False,True,0.0,3.0,"step 1 still violates after 3 repair iterations (triggered by {'immutable': False, 'non_decreasing': False, 'age_horizon': False, 'directional': True})",,,,,,,,,,,
nhanes_real,2,v3,dsr_full_euclidean,0.05,185,decoded_naive,decoded_banded,euclidean,True,234925,246880,0.008890624972991645,1.2950842089485377,0.0008394159376621246,False,True,repair,failed,0.013901708996854722,False,False,True,False,0.0,3.0,"step 1 still violates after 3 repair iterations (triggered by {'immutable': False, 'non_decreasing': False, 'age_horizon': True, 'directional': False})",,,,,,,,,,,
nhanes_real,2,v3,dsr_full_euclidean,0.05,186,decoded_naive,decoded_banded,euclidean,True,234925,246880,0.008890624972991645,1.2950842089485377,0.0008394159376621246,False,True,search,,0.01559654192533344,,,,,,,,,,,,,,,,,,
nhanes_real,2,v3,dsr_full_euclidean,0.05,187,decoded_naive,decoded_banded,euclidean,True,234925,246880,0.008890624972991645,1.2950842089485377,0.0008394159376621246,True,False,,clean,0.017092499998398125,,,,,0.0,0.0,,"[3086, 1300]",2.0,2.928915023803711,False,False,False,False,False,False,-7.201015740251782,7.558952808380127
nhanes_real,2,v3,dsr_full_euclidean,0.05,188,decoded_naive,decoded_banded,euclidean,True,234925,246880,0.008890624972991645,1.2950842089485377,0.0008394159376621246,True,False,,clean,0.015259791980497539,,,,,0.0,0.0,,"[3086, 1507]",2.0,1.3644602298736572,False,False,False,False,False,False,-6.768443520256847,3.1983776092529297
nhanes_real,2,v3,dsr_full_euclidean,0.05,190,decoded_naive,decoded_banded,euclidean,True,234925,246880,0.008890624972991645,1.2950842089485377,0.0008394159376621246,False,True,repair,failed,0.015781082911416888,False,False,True,False,0.0,3.0,"step 1 still violates after 3 repair iterations (triggered by {'immutable': False, 'non_decreasing': False, 'age_horizon': True, 'directional': False})",,,,,,,,,,,
nhanes_real,2,v3,dsr_full_euclidean,0.05,191,decoded_naive,decoded_banded,euclidean,True,234925,246880,0.008890624972991645,1.2950842089485377,0.0008394159376621246,False,True,search,,0.01492087496444583,,,,,,,,,,,,,,,,,,
nhanes_real,2,v3,dsr_full_euclidean,0.05,192,decoded_naive,decoded_banded,euclidean,True,234925,246880,0.008890624972991645,1.2950842089485377,0.0008394159376621246,False,True,repair,failed,0.015394166926853359,False,True,False,False,1.0,1.0,repaired terminal state is no longer low-risk,,,,,,,,,,,
nhanes_real,2,v3,dsr_full_euclidean,0.05,193,decoded_naive,decoded_banded,euclidean,True,234925,246880,0.008890624972991645,1.2950842089485377,0.0008394159376621246,False,True,search,,0.0159011670621112,,,,,,,,,,,,,,,,,,
nhanes_real,2,v3,dsr_full_euclidean,0.05,194,decoded_naive,decoded_banded,euclidean,True,234925,246880,0.008890624972991645,1.2950842089485377,0.0008394159376621246,False,True,repair,failed,0.018364125047810376,False,False,True,False,0.0,3.0,"step 1 still violates after 3 repair iterations (triggered by {'immutable': False, 'non_decreasing': False, 'age_horizon': True, 'directional': False})",,,,,,,,,,,
nhanes_real,2,v3,dsr_full_euclidean,0.05,195,decoded_naive,decoded_banded,euclidean,True,234925,246880,0.008890624972991645,1.2950842089485377,0.0008394159376621246,False,True,search,,0.015361249912530184,,,,,,,,,,,,,,,,,,
nhanes_real,2,v3,dsr_full_euclidean,0.05,196,decoded_naive,decoded_banded,euclidean,True,234925,246880,0.008890624972991645,1.2950842089485377,0.0008394159376621246,True,False,,clean,0.01760387502145022,,,,,0.0,0.0,,"[3086, 1849]",2.0,0.46468687057495117,False,False,False,False,False,False,-6.202208029355158,0.9860644340515137
nhanes_real,2,v3,dsr_full_euclidean,0.05,198,decoded_naive,decoded_banded,euclidean,True,234925,246880,0.008890624972991645,1.2950842089485377,0.0008394159376621246,True,False,,clean,0.016922499984502792,,,,,0.0,0.0,,"[3086, 3026]",2.0,0.5662984251976013,False,False,False,False,False,False,-6.289949814777383,1.6309702396392822
nhanes_real,2,v3,dsr_full_euclidean,0.05,201,decoded_naive,decoded_banded,euclidean,True,234925,246880,0.008890624972991645,1.2950842089485377,0.0008394159376621246,False,True,search,,0.017509207944385707,,,,,,,,,,,,,,,,,,
nhanes_real,2,v3,dsr_full_euclidean,0.05,202,decoded_naive,decoded_banded,euclidean,True,234925,246880,0.008890624972991645,1.2950842089485377,0.0008394159376621246,True,False,,clean,0.014103834051638842,,,,,0.0,0.0,,"[3086, 2364]",2.0,1.6762137413024902,False,False,False,False,False,False,-7.016299670759345,3.9602434635162354
nhanes_real,2,v3,dsr_full_euclidean,0.05,204,decoded_naive,decoded_banded,euclidean,True,234925,246880,0.008890624972991645,1.2950842089485377,0.0008394159376621246,False,True,search,,0.016630291007459164,,,,,,,,,,,,,,,,,,
nhanes_real,2,v3,dsr_full_euclidean,0.05,213,decoded_naive,decoded_banded,euclidean,True,234925,246880,0.008890624972991645,1.2950842089485377,0.0008394159376621246,True,False,,clean,0.0164266669889912,,,,,0.0,0.0,,"[3086, 3026]",2.0,1.7419075965881348,False,False,False,False,False,False,-6.7615533027303805,5.400559425354004
nhanes_real,2,v3,dsr_full_euclidean,0.05,214,decoded_naive,decoded_banded,euclidean,True,234925,246880,0.008890624972991645,1.2950842089485377,0.0008394159376621246,False,True,search,,0.01745533396024257,,,,,,,,,,,,,,,,,,
nhanes_real,2,v3,dsr_full_euclidean,0.05,215,decoded_naive,decoded_banded,euclidean,True,234925,246880,0.008890624972991645,1.2950842089485377,0.0008394159376621246,True,False,,clean,0.014907624921761453,,,,,0.0,0.0,,"[3086, 2291]",2.0,0.3743002712726593,False,False,False,False,False,False,-6.868594598506449,0.8590253591537476
nhanes_real,2,v3,dsr_full_euclidean,0.05,216,decoded_naive,decoded_banded,euclidean,True,234925,246880,0.008890624972991645,1.2950842089485377,0.0008394159376621246,False,True,search,,0.014873916981741786,,,,,,,,,,,,,,,,,,
nhanes_real,2,v3,dsr_full_euclidean,0.05,217,decoded_naive,decoded_banded,euclidean,True,234925,246880,0.008890624972991645,1.2950842089485377,0.0008394159376621246,True,False,,clean,0.016597165958955884,,,,,0.0,0.0,,"[3086, 645]",2.0,1.3585193157196045,False,False,False,False,False,False,-6.493243970049163,2.8745853900909424
nhanes_real,2,v3,dsr_full_euclidean,0.05,218,decoded_naive,decoded_banded,euclidean,True,234925,246880,0.008890624972991645,1.2950842089485377,0.0008394159376621246,True,False,,clean,0.017127249971963465,,,,,0.0,0.0,,"[3086, 1507]",2.0,2.5843167304992676,False,False,False,False,False,False,-7.1732147253243665,7.845102310180664
nhanes_real,2,v3,dsr_full_euclidean,0.05,219,decoded_naive,decoded_banded,euclidean,True,234925,246880,0.008890624972991645,1.2950842089485377,0.0008394159376621246,False,True,search,,0.016044292016886175,,,,,,,,,,,,,,,,,,
nhanes_real,2,v3,dsr_full_euclidean,0.05,222,decoded_naive,decoded_banded,euclidean,True,234925,246880,0.008890624972991645,1.2950842089485377,0.0008394159376621246,False,True,search,,0.014506708015687764,,,,,,,,,,,,,,,,,,
nhanes_real,2,v3,dsr_full_euclidean,0.05,224,decoded_naive,decoded_banded,euclidean,True,234925,246880,0.008890624972991645,1.2950842089485377,0.0008394159376621246,True,False,,clean,0.015306917019188404,,,,,0.0,0.0,,"[3086, 1507]",2.0,0.727699875831604,False,False,False,False,False,False,-7.073049565583128,1.9165441989898682
nhanes_real,2,v3,dsr_full_euclidean,0.05,225,decoded_naive,decoded_banded,euclidean,True,234925,246880,0.008890624972991645,1.2950842089485377,0.0008394159376621246,False,True,search,,0.015735124936327338,,,,,,,,,,,,,,,,,,
nhanes_real,2,v3,dsr_full_euclidean,0.05,227,decoded_naive,decoded_banded,euclidean,True,234925,246880,0.008890624972991645,1.2950842089485377,0.0008394159376621246,False,True,search,,0.018171750009059906,,,,,,,,,,,,,,,,,,
nhanes_real,2,v3,dsr_full_euclidean,0.05,229,decoded_naive,decoded_banded,euclidean,True,234925,246880,0.008890624972991645,1.2950842089485377,0.0008394159376621246,True,False,,clean,0.013836333062499762,,,,,0.0,0.0,,"[3086, 1578]",2.0,1.482954978942871,False,False,False,False,False,False,-9.263921075515501,6.850757122039795
nhanes_real,2,v3,dsr_full_euclidean,0.05,230,decoded_naive,decoded_banded,euclidean,True,234925,246880,0.008890624972991645,1.2950842089485377,0.0008394159376621246,False,True,search,,0.017622374929487705,,,,,,,,,,,,,,,,,,
nhanes_real,2,v3,dsr_full_euclidean,0.05,235,decoded_naive,decoded_banded,euclidean,True,234925,246880,0.008890624972991645,1.2950842089485377,0.0008394159376621246,True,False,,clean,0.017079791985452175,,,,,0.0,0.0,,"[3086, 770]",2.0,1.1861133575439453,False,False,False,False,False,False,-9.605718745401367,6.190452575683594
nhanes_real,2,v3,dsr_full_euclidean,0.05,238,decoded_naive,decoded_banded,euclidean,True,234925,246880,0.008890624972991645,1.2950842089485377,0.0008394159376621246,False,True,search,,0.018246624968014657,,,,,,,,,,,,,,,,,,
nhanes_real,2,v3,dsr_full_euclidean,0.05,240,decoded_naive,decoded_banded,euclidean,True,234925,246880,0.008890624972991645,1.2950842089485377,0.0008394159376621246,False,True,search,,0.01364833302795887,,,,,,,,,,,,,,,,,,
nhanes_real,2,v3,dsr_full_euclidean,0.05,241,decoded_naive,decoded_banded,euclidean,True,234925,246880,0.008890624972991645,1.2950842089485377,0.0008394159376621246,False,True,search,,0.015353958937339485,,,,,,,,,,,,,,,,,,
nhanes_real,2,v3,dsr_full_euclidean,0.05,245,decoded_naive,decoded_banded,euclidean,True,234925,246880,0.008890624972991645,1.2950842089485377,0.0008394159376621246,False,True,search,,0.016155750025063753,,,,,,,,,,,,,,,,,,
nhanes_real,2,v3,dsr_full_euclidean,0.05,251,decoded_naive,decoded_banded,euclidean,True,234925,246880,0.008890624972991645,1.2950842089485377,0.0008394159376621246,True,False,,clean,0.01597145793493837,,,,,0.0,0.0,,"[3086, 1230]",2.0,3.927980661392212,False,False,False,False,False,False,-8.177412153182155,10.19667911529541
nhanes_real,2,v3,dsr_full_euclidean,0.05,253,decoded_naive,decoded_banded,euclidean,True,234925,246880,0.008890624972991645,1.2950842089485377,0.0008394159376621246,True,False,,clean,0.011456958018243313,,,,,0.0,0.0,,"[3086, 1507]",2.0,1.4120904207229614,False,False,False,False,False,False,-6.826978310534573,4.546534061431885
nhanes_real,2,v3,dsr_full_euclidean,0.05,258,decoded_naive,decoded_banded,euclidean,True,234925,246880,0.008890624972991645,1.2950842089485377,0.0008394159376621246,False,True,search,,0.012094957986846566,,,,,,,,,,,,,,,,,,
nhanes_real,2,v3,dsr_full_euclidean,0.05,259,decoded_naive,decoded_banded,euclidean,True,234925,246880,0.008890624972991645,1.2950842089485377,0.0008394159376621246,True,False,,clean,0.012521833064965904,,,,,0.0,0.0,,"[3086, 966]",2.0,0.561790943145752,False,False,False,False,False,False,-6.1383298138233435,1.6358201503753662
nhanes_real,2,v3,dsr_full_euclidean,0.05,260,decoded_naive,decoded_banded,euclidean,True,234925,246880,0.008890624972991645,1.2950842089485377,0.0008394159376621246,False,True,search,,0.012298332992941141,,,,,,,,,,,,,,,,,,
nhanes_real,2,v3,dsr_full_euclidean,0.05,263,decoded_naive,decoded_banded,euclidean,True,234925,246880,0.008890624972991645,1.2950842089485377,0.0008394159376621246,False,True,search,,0.009543958003632724,,,,,,,,,,,,,,,,,,
nhanes_real,2,v3,dsr_full_euclidean,0.05,267,decoded_naive,decoded_banded,euclidean,True,234925,246880,0.008890624972991645,1.2950842089485377,0.0008394159376621246,False,True,search,,0.009676874964497983,,,,,,,,,,,,,,,,,,
nhanes_real,2,v3,dsr_full_euclidean,0.05,273,decoded_naive,decoded_banded,euclidean,True,234925,246880,0.008890624972991645,1.2950842089485377,0.0008394159376621246,False,True,repair,failed,0.009934499976225197,False,False,False,True,0.0,3.0,"step 1 still violates after 3 repair iterations (triggered by {'immutable': False, 'non_decreasing': False, 'age_horizon': False, 'directional': True})",,,,,,,,,,,
nhanes_real,2,v3,dsr_full_euclidean,0.05,274,decoded_naive,decoded_banded,euclidean,True,234925,246880,0.008890624972991645,1.2950842089485377,0.0008394159376621246,False,True,search,,0.010260083014145494,,,,,,,,,,,,,,,,,,
nhanes_real,2,v3,dsr_full_euclidean,0.05,275,decoded_naive,decoded_banded,euclidean,True,234925,246880,0.008890624972991645,1.2950842089485377,0.0008394159376621246,False,True,repair,failed,0.009815291967242956,False,False,True,True,0.0,3.0,"step 1 still violates after 3 repair iterations (triggered by {'immutable': False, 'non_decreasing': False, 'age_horizon': True, 'directional': True})",,,,,,,,,,,
nhanes_real,2,v3,dsr_full_euclidean,0.05,276,decoded_naive,decoded_banded,euclidean,True,234925,246880,0.008890624972991645,1.2950842089485377,0.0008394159376621246,True,False,,clean,0.009974542073905468,,,,,0.0,0.0,,"[3086, 1300]",2.0,2.0426406860351562,False,False,False,False,False,False,-6.674345596457957,4.781127452850342
nhanes_real,2,v3,dsr_full_euclidean,0.05,282,decoded_naive,decoded_banded,euclidean,True,234925,246880,0.008890624972991645,1.2950842089485377,0.0008394159376621246,False,True,repair,failed,0.012608167016878724,False,True,False,False,0.0,3.0,"step 1 still violates after 3 repair iterations (triggered by {'immutable': False, 'non_decreasing': True, 'age_horizon': False, 'directional': False})",,,,,,,,,,,
nhanes_real,2,v3,dsr_full_euclidean,0.05,284,decoded_naive,decoded_banded,euclidean,True,234925,246880,0.008890624972991645,1.2950842089485377,0.0008394159376621246,False,True,search,,0.009706833981908858,,,,,,,,,,,,,,,,,,
nhanes_real,2,v3,dsr_full_euclidean,0.05,287,decoded_naive,decoded_banded,euclidean,True,234925,246880,0.008890624972991645,1.2950842089485377,0.0008394159376621246,False,True,search,,0.009091916959732771,,,,,,,,,,,,,,,,,,
nhanes_real,2,v3,dsr_full_euclidean,0.05,290,decoded_naive,decoded_banded,euclidean,True,234925,246880,0.008890624972991645,1.2950842089485377,0.0008394159376621246,True,False,,clean,0.009882708080112934,,,,,0.0,0.0,,"[3086, 2661]",2.0,1.2896517515182495,False,False,False,False,False,False,-6.3176522449179,3.6714348793029785
nhanes_real,2,v3,dsr_full_euclidean,0.05,292,decoded_naive,decoded_banded,euclidean,True,234925,246880,0.008890624972991645,1.2950842089485377,0.0008394159376621246,False,True,search,,0.010580250062048435,,,,,,,,,,,,,,,,,,
nhanes_real,2,v3,dsr_full_euclidean,0.05,294,decoded_naive,decoded_banded,euclidean,True,234925,246880,0.008890624972991645,1.2950842089485377,0.0008394159376621246,False,True,search,,0.010122083011083305,,,,,,,,,,,,,,,,,,
nhanes_real,2,v3,dsr_full_euclidean,0.05,296,decoded_naive,decoded_banded,euclidean,True,234925,246880,0.008890624972991645,1.2950842089485377,0.0008394159376621246,True,False,,clean,0.012938999920152128,,,,,0.0,0.0,,"[3086, 2567]",2.0,0.4355563819408417,False,False,False,False,False,False,-6.244226068953607,1.4939783811569214
nhanes_real,2,v3,dsr_full_euclidean,0.05,297,decoded_naive,decoded_banded,euclidean,True,234925,246880,0.008890624972991645,1.2950842089485377,0.0008394159376621246,False,True,repair,failed,0.017811833997257054,False,False,True,False,0.0,3.0,"step 1 still violates after 3 repair iterations (triggered by {'immutable': False, 'non_decreasing': False, 'age_horizon': True, 'directional': False})",,,,,,,,,,,
nhanes_real,2,v3,dsr_full_euclidean,0.05,298,decoded_naive,decoded_banded,euclidean,True,234925,246880,0.008890624972991645,1.2950842089485377,0.0008394159376621246,False,True,search,,0.016134124947711825,,,,,,,,,,,,,,,,,,
nhanes_real,2,v3,dsr_full_euclidean,0.05,299,decoded_naive,decoded_banded,euclidean,True,234925,246880,0.008890624972991645,1.2950842089485377,0.0008394159376621246,True,False,,clean,0.01609866600483656,,,,,0.0,0.0,,"[3086, 2951]",2.0,0.7158713340759277,False,False,False,False,False,False,-7.457093299888983,3.521172046661377
nhanes_real,2,v3,dsr_full_euclidean,0.05,302,decoded_naive,decoded_banded,euclidean,True,234925,246880,0.008890624972991645,1.2950842089485377,0.0008394159376621246,True,False,,clean,0.015747166937217116,,,,,0.0,0.0,,"[3086, 1001]",2.0,1.1057050228118896,False,False,False,False,False,False,-7.976373352370101,3.9822986125946045
nhanes_real,2,v3,dsr_full_euclidean,0.05,304,decoded_naive,decoded_banded,euclidean,True,234925,246880,0.008890624972991645,1.2950842089485377,0.0008394159376621246,True,False,,clean,0.017968000029213727,,,,,0.0,0.0,,"[3086, 2448]",2.0,0.5519756078720093,False,False,False,False,False,False,-6.289545658056352,1.7820515632629395
nhanes_real,2,v3,dsr_full_euclidean,0.05,305,decoded_naive,decoded_banded,euclidean,True,234925,246880,0.008890624972991645,1.2950842089485377,0.0008394159376621246,False,True,repair,failed,0.016937832930125296,False,False,False,True,1.0,1.0,repair broke monotone risk reduction along the path,,,,,,,,,,,
nhanes_real,2,v3,dsr_full_euclidean,0.05,306,decoded_naive,decoded_banded,euclidean,True,234925,246880,0.008890624972991645,1.2950842089485377,0.0008394159376621246,True,False,,clean,0.01686487498227507,,,,,0.0,0.0,,"[3086, 2374]",2.0,0.7707298398017883,False,False,False,False,False,False,-6.630125808408277,2.5514917373657227
nhanes_real,2,v3,dsr_full_euclidean,0.05,308,decoded_naive,decoded_banded,euclidean,True,234925,246880,0.008890624972991645,1.2950842089485377,0.0008394159376621246,False,True,search,,0.014524874975904822,,,,,,,,,,,,,,,,,,
nhanes_real,2,v3,dsr_full_euclidean,0.05,310,decoded_naive,decoded_banded,euclidean,True,234925,246880,0.008890624972991645,1.2950842089485377,0.0008394159376621246,True,False,,clean,0.01505062507931143,,,,,0.0,0.0,,"[3086, 2332]",2.0,0.47844842076301575,False,False,False,False,False,False,-6.540261126537677,1.5902830362319946
nhanes_real,2,v3,dsr_full_euclidean,0.05,311,decoded_naive,decoded_banded,euclidean,True,234925,246880,0.008890624972991645,1.2950842089485377,0.0008394159376621246,False,True,repair,failed,0.01732779201120138,False,False,True,False,0.0,3.0,"step 1 still violates after 3 repair iterations (triggered by {'immutable': False, 'non_decreasing': False, 'age_horizon': True, 'directional': False})",,,,,,,,,,,
nhanes_real,2,v3,dsr_full_euclidean,0.05,316,decoded_naive,decoded_banded,euclidean,True,234925,246880,0.008890624972991645,1.2950842089485377,0.0008394159376621246,True,False,,clean,0.016574333072640002,,,,,0.0,0.0,,"[3086, 1677]",2.0,0.30363979935646057,False,False,False,False,False,False,-6.090893773906301,0.644046425819397
nhanes_real,2,v3,dsr_full_euclidean,0.05,323,decoded_naive,decoded_banded,euclidean,True,234925,246880,0.008890624972991645,1.2950842089485377,0.0008394159376621246,True,False,,clean,0.017049083951860666,,,,,0.0,0.0,,"[3086, 1976]",2.0,1.9882529973983765,False,False,False,False,False,False,-6.8242044686566405,7.2587127685546875
nhanes_real,2,v3,dsr_full_euclidean,0.05,324,decoded_naive,decoded_banded,euclidean,True,234925,246880,0.008890624972991645,1.2950842089485377,0.0008394159376621246,False,True,search,,0.015094041940756142,,,,,,,,,,,,,,,,,,
nhanes_real,2,v3,dsr_full_euclidean,0.05,329,decoded_naive,decoded_banded,euclidean,True,234925,246880,0.008890624972991645,1.2950842089485377,0.0008394159376621246,False,True,search,,0.016359166940674186,,,,,,,,,,,,,,,,,,
nhanes_real,2,v3,dsr_full_euclidean,0.05,330,decoded_naive,decoded_banded,euclidean,True,234925,246880,0.008890624972991645,1.2950842089485377,0.0008394159376621246,False,True,search,,0.01741800003219396,,,,,,,,,,,,,,,,,,
nhanes_real,2,v3,dsr_full_euclidean,0.05,331,decoded_naive,decoded_banded,euclidean,True,234925,246880,0.008890624972991645,1.2950842089485377,0.0008394159376621246,True,False,,clean,0.01707775006070733,,,,,0.0,0.0,,"[3086, 1300]",2.0,1.0510056018829346,False,False,False,False,False,False,-6.509975042342843,2.761437177658081
nhanes_real,2,v3,dsr_full_euclidean,0.05,332,decoded_naive,decoded_banded,euclidean,True,234925,246880,0.008890624972991645,1.2950842089485377,0.0008394159376621246,False,True,search,,0.013921874924562871,,,,,,,,,,,,,,,,,,
nhanes_real,2,v3,dsr_full_euclidean,0.05,334,decoded_naive,decoded_banded,euclidean,True,234925,246880,0.008890624972991645,1.2950842089485377,0.0008394159376621246,True,False,,clean,0.01693808299023658,,,,,0.0,0.0,,"[3086, 2085]",2.0,1.7923619747161865,False,False,False,False,False,False,-7.42748675520974,5.877802848815918
nhanes_real,2,v3,dsr_full_euclidean,0.05,335,decoded_naive,decoded_banded,euclidean,True,234925,246880,0.008890624972991645,1.2950842089485377,0.0008394159376621246,False,True,search,,0.01717587502207607,,,,,,,,,,,,,,,,,,
nhanes_real,2,v3,dsr_full_euclidean,0.05,339,decoded_naive,decoded_banded,euclidean,True,234925,246880,0.008890624972991645,1.2950842089485377,0.0008394159376621246,False,True,search,,0.017460874980315566,,,,,,,,,,,,,,,,,,
nhanes_real,2,v3,dsr_full_euclidean,0.05,341,decoded_naive,decoded_banded,euclidean,True,234925,246880,0.008890624972991645,1.2950842089485377,0.0008394159376621246,False,True,repair,failed,0.013349749962799251,False,False,False,True,0.0,3.0,"step 1 still violates after 3 repair iterations (triggered by {'immutable': False, 'non_decreasing': False, 'age_horizon': False, 'directional': True})",,,,,,,,,,,
nhanes_real,2,v3,dsr_full_euclidean,0.05,342,decoded_naive,decoded_banded,euclidean,True,234925,246880,0.008890624972991645,1.2950842089485377,0.0008394159376621246,True,False,,clean,0.016956582898274064,,,,,0.0,0.0,,"[3086, 2986]",2.0,0.5370128750801086,False,False,False,False,False,False,-6.455441668663144,2.203159809112549
nhanes_real,2,v3,dsr_full_euclidean,0.05,344,decoded_naive,decoded_banded,euclidean,True,234925,246880,0.008890624972991645,1.2950842089485377,0.0008394159376621246,False,True,search,,0.016151541960425675,,,,,,,,,,,,,,,,,,
nhanes_real,2,v3,dsr_full_euclidean,0.05,345,decoded_naive,decoded_banded,euclidean,True,234925,246880,0.008890624972991645,1.2950842089485377,0.0008394159376621246,False,True,repair,failed,0.015121583011932671,False,False,True,False,0.0,3.0,"step 1 still violates after 3 repair iterations (triggered by {'immutable': False, 'non_decreasing': False, 'age_horizon': True, 'directional': False})",,,,,,,,,,,
nhanes_real,2,v3,dsr_full_euclidean,0.05,346,decoded_naive,decoded_banded,euclidean,True,234925,246880,0.008890624972991645,1.2950842089485377,0.0008394159376621246,True,False,,clean,0.0183266659732908,,,,,0.0,0.0,,"[3086, 2661]",2.0,0.41461512446403503,False,False,False,False,False,False,-6.188871388950485,0.8223141431808472
nhanes_real,2,v3,dsr_full_euclidean,0.05,348,decoded_naive,decoded_banded,euclidean,True,234925,246880,0.008890624972991645,1.2950842089485377,0.0008394159376621246,False,True,search,,0.019740334013476968,,,,,,,,,,,,,,,,,,
nhanes_real,2,v3,dsr_full_euclidean,0.05,349,decoded_naive,decoded_banded,euclidean,True,234925,246880,0.008890624972991645,1.2950842089485377,0.0008394159376621246,False,True,repair,failed,0.017079874989576638,False,False,False,True,0.0,3.0,"step 1 still violates after 3 repair iterations (triggered by {'immutable': False, 'non_decreasing': False, 'age_horizon': False, 'directional': True})",,,,,,,,,,,
nhanes_real,2,v3,dsr_full_euclidean,0.05,350,decoded_naive,decoded_banded,euclidean,True,234925,246880,0.008890624972991645,1.2950842089485377,0.0008394159376621246,False,True,repair,failed,0.017137959017418325,False,False,False,True,0.0,3.0,"step 1 still violates after 3 repair iterations (triggered by {'immutable': False, 'non_decreasing': False, 'age_horizon': False, 'directional': True})",,,,,,,,,,,
nhanes_real,2,v3,dsr_full_euclidean,0.05,353,decoded_naive,decoded_banded,euclidean,True,234925,246880,0.008890624972991645,1.2950842089485377,0.0008394159376621246,True,False,,clean,0.017245916998945177,,,,,0.0,0.0,,"[3086, 2498]",2.0,0.5355218648910522,False,False,False,False,False,False,-6.472716422996953,1.4205917119979858
nhanes_real,2,v3,dsr_full_euclidean,0.05,354,decoded_naive,decoded_banded,euclidean,True,234925,246880,0.008890624972991645,1.2950842089485377,0.0008394159376621246,False,True,repair,failed,0.01435008307453245,False,True,False,True,0.0,3.0,"step 1 still violates after 3 repair iterations (triggered by {'immutable': False, 'non_decreasing': True, 'age_horizon': False, 'directional': True})",,,,,,,,,,,
nhanes_real,2,v3,dsr_full_euclidean,0.05,355,decoded_naive,decoded_banded,euclidean,True,234925,246880,0.008890624972991645,1.2950842089485377,0.0008394159376621246,False,True,search,,0.017218708992004395,,,,,,,,,,,,,,,,,,
nhanes_real,2,v3,dsr_full_euclidean,0.05,358,decoded_naive,decoded_banded,euclidean,True,234925,246880,0.008890624972991645,1.2950842089485377,0.0008394159376621246,False,True,repair,failed,0.01744004199281335,False,False,False,True,0.0,3.0,"step 1 still violates after 3 repair iterations (triggered by {'immutable': False, 'non_decreasing': False, 'age_horizon': False, 'directional': True})",,,,,,,,,,,
nhanes_real,2,v3,dsr_full_euclidean,0.05,360,decoded_naive,decoded_banded,euclidean,True,234925,246880,0.008890624972991645,1.2950842089485377,0.0008394159376621246,False,True,search,,0.01804429094772786,,,,,,,,,,,,,,,,,,
nhanes_real,2,v3,dsr_full_euclidean,0.05,362,decoded_naive,decoded_banded,euclidean,True,234925,246880,0.008890624972991645,1.2950842089485377,0.0008394159376621246,True,False,,clean,0.013180666952393949,,,,,0.0,0.0,,"[3086, 1300]",2.0,1.7789239883422852,False,False,False,False,False,False,-6.5783712856516185,4.648900032043457
nhanes_real,2,v3,dsr_full_euclidean,0.05,365,decoded_naive,decoded_banded,euclidean,True,234925,246880,0.008890624972991645,1.2950842089485377,0.0008394159376621246,True,False,,clean,0.01601508306339383,,,,,0.0,0.0,,"[3086, 1354]",2.0,0.30257198214530945,False,False,False,False,False,False,-6.342543599923699,0.9439634084701538
nhanes_real,2,v3,dsr_full_euclidean,0.05,367,decoded_naive,decoded_banded,euclidean,True,234925,246880,0.008890624972991645,1.2950842089485377,0.0008394159376621246,True,False,,clean,0.015482166898436844,,,,,0.0,0.0,,"[3086, 2325]",2.0,0.3702058792114258,False,False,False,False,False,False,-6.098402071537025,1.0100319385528564
nhanes_real,2,v3,dsr_full_euclidean,0.05,369,decoded_naive,decoded_banded,euclidean,True,234925,246880,0.008890624972991645,1.2950842089485377,0.0008394159376621246,False,True,repair,failed,0.01602124993223697,False,False,False,True,0.0,3.0,"step 1 still violates after 3 repair iterations (triggered by {'immutable': False, 'non_decreasing': False, 'age_horizon': False, 'directional': True})",,,,,,,,,,,
nhanes_real,2,v3,dsr_full_euclidean,0.05,372,decoded_naive,decoded_banded,euclidean,True,234925,246880,0.008890624972991645,1.2950842089485377,0.0008394159376621246,False,True,search,,0.015152958105318248,,,,,,,,,,,,,,,,,,
nhanes_real,2,v3,dsr_full_euclidean,0.05,373,decoded_naive,decoded_banded,euclidean,True,234925,246880,0.008890624972991645,1.2950842089485377,0.0008394159376621246,False,True,search,,0.015081041026860476,,,,,,,,,,,,,,,,,,
nhanes_real,2,v3,dsr_full_euclidean,0.05,374,decoded_naive,decoded_banded,euclidean,True,234925,246880,0.008890624972991645,1.2950842089485377,0.0008394159376621246,True,False,,clean,0.017343749990686774,,,,,0.0,0.0,,"[3086, 2585]",2.0,1.1966300010681152,False,False,False,False,False,False,-7.146589531112236,4.618082046508789
nhanes_real,2,v3,dsr_full_euclidean,0.05,375,decoded_naive,decoded_banded,euclidean,True,234925,246880,0.008890624972991645,1.2950842089485377,0.0008394159376621246,True,False,,clean,0.01668450003489852,,,,,0.0,0.0,,"[3086, 496]",2.0,0.46901053190231323,False,False,False,False,False,False,-7.218874335953838,2.1067590713500977
nhanes_real,2,v3,dsr_full_euclidean,0.05,376,decoded_naive,decoded_banded,euclidean,True,234925,246880,0.008890624972991645,1.2950842089485377,0.0008394159376621246,False,True,search,,0.016895584063604474,,,,,,,,,,,,,,,,,,
nhanes_real,2,v3,dsr_full_euclidean,0.05,377,decoded_naive,decoded_banded,euclidean,True,234925,246880,0.008890624972991645,1.2950842089485377,0.0008394159376621246,False,True,search,,0.014518333016894758,,,,,,,,,,,,,,,,,,
nhanes_real,2,v3,dsr_full_euclidean,0.05,378,decoded_naive,decoded_banded,euclidean,True,234925,246880,0.008890624972991645,1.2950842089485377,0.0008394159376621246,True,False,,clean,0.014970166026614606,,,,,0.0,0.0,,"[3086, 1300]",2.0,1.5296649932861328,False,False,False,False,False,False,-6.5281809566372,4.302380561828613
nhanes_real,2,v3,dsr_full_euclidean,0.05,379,decoded_naive,decoded_banded,euclidean,True,234925,246880,0.008890624972991645,1.2950842089485377,0.0008394159376621246,False,True,search,,0.016107416013255715,,,,,,,,,,,,,,,,,,
nhanes_real,2,v3,dsr_full_euclidean,0.05,383,decoded_naive,decoded_banded,euclidean,True,234925,246880,0.008890624972991645,1.2950842089485377,0.0008394159376621246,True,False,,clean,0.017114832997322083,,,,,0.0,0.0,,"[3086, 1300]",2.0,3.221863031387329,False,False,False,False,False,False,-7.484832873763409,10.104874610900879
nhanes_real,2,v3,dsr_full_euclidean,0.05,391,decoded_naive,decoded_banded,euclidean,True,234925,246880,0.008890624972991645,1.2950842089485377,0.0008394159376621246,False,True,search,,0.01384083298034966,,,,,,,,,,,,,,,,,,
nhanes_real,2,v3,dsr_full_euclidean,0.05,392,decoded_naive,decoded_banded,euclidean,True,234925,246880,0.008890624972991645,1.2950842089485377,0.0008394159376621246,False,True,repair,failed,0.017877041012980044,False,False,False,True,0.0,3.0,"step 1 still violates after 3 repair iterations (triggered by {'immutable': False, 'non_decreasing': False, 'age_horizon': False, 'directional': True})",,,,,,,,,,,
nhanes_real,2,v3,dsr_full_euclidean,0.05,393,decoded_naive,decoded_banded,euclidean,True,234925,246880,0.008890624972991645,1.2950842089485377,0.0008394159376621246,False,True,repair,failed,0.01619483297690749,False,True,False,False,0.0,3.0,"step 1 still violates after 3 repair iterations (triggered by {'immutable': False, 'non_decreasing': True, 'age_horizon': False, 'directional': False})",,,,,,,,,,,
nhanes_real,2,v3,dsr_full_euclidean,0.05,394,decoded_naive,decoded_banded,euclidean,True,234925,246880,0.008890624972991645,1.2950842089485377,0.0008394159376621246,False,True,search,,0.015518957981839776,,,,,,,,,,,,,,,,,,
nhanes_real,2,v3,dsr_full_euclidean,0.05,395,decoded_naive,decoded_banded,euclidean,True,234925,246880,0.008890624972991645,1.2950842089485377,0.0008394159376621246,False,True,repair,failed,0.01757449994329363,False,False,True,False,1.0,1.0,repaired terminal state is no longer low-risk,,,,,,,,,,,
nhanes_real,2,v3,dsr_full_euclidean,0.05,396,decoded_naive,decoded_banded,euclidean,True,234925,246880,0.008890624972991645,1.2950842089485377,0.0008394159376621246,True,False,,clean,0.014346375013701618,,,,,0.0,0.0,,"[3086, 1002]",2.0,0.40982550382614136,False,False,False,False,False,False,-6.411037526032108,1.0527396202087402
nhanes_real,2,v3,dsr_full_euclidean,0.05,398,decoded_naive,decoded_banded,euclidean,True,234925,246880,0.008890624972991645,1.2950842089485377,0.0008394159376621246,False,True,search,,0.017231541918590665,,,,,,,,,,,,,,,,,,
nhanes_real,2,v3,dsr_full_euclidean,0.05,399,decoded_naive,decoded_banded,euclidean,True,234925,246880,0.008890624972991645,1.2950842089485377,0.0008394159376621246,False,True,search,,0.017066917032934725,,,,,,,,,,,,,,,,,,
nhanes_real,2,v3,dsr_full_euclidean,0.05,401,decoded_naive,decoded_banded,euclidean,True,234925,246880,0.008890624972991645,1.2950842089485377,0.0008394159376621246,True,False,,clean,0.016979457926936448,,,,,0.0,0.0,,"[3086, 1300]",2.0,0.919590413570404,False,False,False,False,False,False,-6.465599923538832,2.364792823791504
nhanes_real,2,v3,dsr_full_euclidean,0.05,404,decoded_naive,decoded_banded,euclidean,True,234925,246880,0.008890624972991645,1.2950842089485377,0.0008394159376621246,True,False,,clean,0.014805875020101666,,,,,0.0,0.0,,"[3086, 1791]",2.0,0.4367322027683258,False,False,False,False,False,False,-6.278281658527267,1.0804564952850342
nhanes_real,2,v3,dsr_full_euclidean,0.05,405,decoded_naive,decoded_banded,euclidean,True,234925,246880,0.008890624972991645,1.2950842089485377,0.0008394159376621246,True,False,,clean,0.013485374976880848,,,,,0.0,0.0,,"[3086, 1300]",2.0,2.665127754211426,False,False,False,False,False,False,-7.089539882779553,8.435503005981445
nhanes_real,2,v3,dsr_full_euclidean,0.05,407,decoded_naive,decoded_banded,euclidean,True,234925,246880,0.008890624972991645,1.2950842089485377,0.0008394159376621246,True,False,,clean,0.012342041940428317,,,,,0.0,0.0,,"[3086, 2291]",2.0,1.3698339462280273,False,False,False,False,False,False,-6.62889191430019,3.737550973892212
nhanes_real,2,v3,dsr_full_euclidean,0.05,413,decoded_naive,decoded_banded,euclidean,True,234925,246880,0.008890624972991645,1.2950842089485377,0.0008394159376621246,False,True,search,,0.01272945897653699,,,,,,,,,,,,,,,,,,
nhanes_real,2,v3,dsr_full_euclidean,0.05,415,decoded_naive,decoded_banded,euclidean,True,234925,246880,0.008890624972991645,1.2950842089485377,0.0008394159376621246,False,True,search,,0.009536208002828062,,,,,,,,,,,,,,,,,,
nhanes_real,2,v3,dsr_full_euclidean,0.05,416,decoded_naive,decoded_banded,euclidean,True,234925,246880,0.008890624972991645,1.2950842089485377,0.0008394159376621246,False,True,search,,0.00936766597442329,,,,,,,,,,,,,,,,,,
nhanes_real,2,v3,dsr_full_euclidean,0.05,417,decoded_naive,decoded_banded,euclidean,True,234925,246880,0.008890624972991645,1.2950842089485377,0.0008394159376621246,True,False,,clean,0.009997750050388277,,,,,0.0,0.0,,"[3086, 2433]",2.0,0.7851693630218506,False,False,False,False,False,False,-6.411410560091035,2.9882304668426514
nhanes_real,2,v3,dsr_full_euclidean,0.05,418,decoded_naive,decoded_banded,euclidean,True,234925,246880,0.008890624972991645,1.2950842089485377,0.0008394159376621246,False,True,search,,0.009655125089921057,,,,,,,,,,,,,,,,,,
nhanes_real,2,v3,dsr_full_euclidean,0.05,421,decoded_naive,decoded_banded,euclidean,True,234925,246880,0.008890624972991645,1.2950842089485377,0.0008394159376621246,False,True,repair,failed,0.010267124976962805,False,True,False,True,0.0,3.0,"step 1 still violates after 3 repair iterations (triggered by {'immutable': False, 'non_decreasing': True, 'age_horizon': False, 'directional': True})",,,,,,,,,,,
nhanes_real,2,v3,dsr_full_euclidean,0.05,422,decoded_naive,decoded_banded,euclidean,True,234925,246880,0.008890624972991645,1.2950842089485377,0.0008394159376621246,False,True,repair,failed,0.010088499984703958,False,False,False,True,1.0,1.0,repaired terminal state is no longer low-risk,,,,,,,,,,,
nhanes_real,2,v3,dsr_full_euclidean,0.05,423,decoded_naive,decoded_banded,euclidean,True,234925,246880,0.008890624972991645,1.2950842089485377,0.0008394159376621246,False,True,search,,0.009212708100676537,,,,,,,,,,,,,,,,,,
nhanes_real,2,v3,dsr_full_euclidean,0.05,424,decoded_naive,decoded_banded,euclidean,True,234925,246880,0.008890624972991645,1.2950842089485377,0.0008394159376621246,False,True,repair,failed,0.0099077089689672,False,True,False,False,0.0,3.0,"step 1 still violates after 3 repair iterations (triggered by {'immutable': False, 'non_decreasing': True, 'age_horizon': False, 'directional': False})",,,,,,,,,,,
nhanes_real,2,v3,dsr_full_euclidean,0.05,425,decoded_naive,decoded_banded,euclidean,True,234925,246880,0.008890624972991645,1.2950842089485377,0.0008394159376621246,False,True,search,,0.009015750023536384,,,,,,,,,,,,,,,,,,
nhanes_real,2,v3,dsr_full_euclidean,0.05,427,decoded_naive,decoded_banded,euclidean,True,234925,246880,0.008890624972991645,1.2950842089485377,0.0008394159376621246,False,True,repair,failed,0.009919499978423119,False,True,False,False,0.0,3.0,"step 1 still violates after 3 repair iterations (triggered by {'immutable': False, 'non_decreasing': True, 'age_horizon': False, 'directional': False})",,,,,,,,,,,
nhanes_real,2,v3,dsr_full_euclidean,0.05,429,decoded_naive,decoded_banded,euclidean,True,234925,246880,0.008890624972991645,1.2950842089485377,0.0008394159376621246,False,True,search,,0.009633915964514017,,,,,,,,,,,,,,,,,,
nhanes_real,2,v3,dsr_full_euclidean,0.05,432,decoded_naive,decoded_banded,euclidean,True,234925,246880,0.008890624972991645,1.2950842089485377,0.0008394159376621246,True,False,,clean,0.010127041023224592,,,,,0.0,0.0,,"[3086, 302]",2.0,3.1258983612060547,False,False,False,False,False,False,-7.182082016393292,8.095565795898438
nhanes_real,2,v3,dsr_full_euclidean,0.05,436,decoded_naive,decoded_banded,euclidean,True,234925,246880,0.008890624972991645,1.2950842089485377,0.0008394159376621246,True,False,,clean,0.009490083088167012,,,,,0.0,0.0,,"[3086, 1888]",2.0,0.4497733414173126,False,False,False,False,False,False,-6.235322929345294,1.204417109489441
nhanes_real,2,v3,dsr_full_euclidean,0.05,439,decoded_naive,decoded_banded,euclidean,True,234925,246880,0.008890624972991645,1.2950842089485377,0.0008394159376621246,False,True,repair,failed,0.010920708999037743,False,False,False,True,1.0,1.0,repair broke monotone risk reduction along the path,,,,,,,,,,,
nhanes_real,2,v3,dsr_full_euclidean,0.05,440,decoded_naive,decoded_banded,euclidean,True,234925,246880,0.008890624972991645,1.2950842089485377,0.0008394159376621246,False,True,search,,0.01097624993417412,,,,,,,,,,,,,,,,,,
nhanes_real,2,v3,dsr_full_euclidean,0.05,441,decoded_naive,decoded_banded,euclidean,True,234925,246880,0.008890624972991645,1.2950842089485377,0.0008394159376621246,False,True,search,,0.009326791041530669,,,,,,,,,,,,,,,,,,
nhanes_real,2,v3,dsr_full_euclidean,0.05,442,decoded_naive,decoded_banded,euclidean,True,234925,246880,0.008890624972991645,1.2950842089485377,0.0008394159376621246,True,False,,clean,0.00986074993852526,,,,,0.0,0.0,,"[3086, 2661]",2.0,1.6631799936294556,False,False,False,False,False,False,-6.4854435618016115,4.5484490394592285
nhanes_real,2,v3,dsr_full_euclidean,0.05,443,decoded_naive,decoded_banded,euclidean,True,234925,246880,0.008890624972991645,1.2950842089485377,0.0008394159376621246,False,True,repair,failed,0.010786041035316885,False,False,True,False,0.0,3.0,"step 1 still violates after 3 repair iterations (triggered by {'immutable': False, 'non_decreasing': False, 'age_horizon': True, 'directional': False})",,,,,,,,,,,
nhanes_real,2,v3,dsr_full_euclidean,0.05,447,decoded_naive,decoded_banded,euclidean,True,234925,246880,0.008890624972991645,1.2950842089485377,0.0008394159376621246,False,True,search,,0.010372791904956102,,,,,,,,,,,,,,,,,,
nhanes_real,2,v3,dsr_full_euclidean,0.05,451,decoded_naive,decoded_banded,euclidean,True,234925,246880,0.008890624972991645,1.2950842089485377,0.0008394159376621246,False,True,search,,0.010596791980788112,,,,,,,,,,,,,,,,,,
nhanes_real,2,v3,dsr_full_euclidean,0.05,452,decoded_naive,decoded_banded,euclidean,True,234925,246880,0.008890624972991645,1.2950842089485377,0.0008394159376621246,True,False,,clean,0.00994154205545783,,,,,0.0,0.0,,"[3086, 2661]",2.0,1.1884764432907104,False,False,False,False,False,False,-6.296457842797717,3.194645881652832
nhanes_real,2,v3,dsr_full_euclidean,0.05,453,decoded_naive,decoded_banded,euclidean,True,234925,246880,0.008890624972991645,1.2950842089485377,0.0008394159376621246,False,True,search,,0.010135459015145898,,,,,,,,,,,,,,,,,,
nhanes_real,2,v3,dsr_full_euclidean,0.05,458,decoded_naive,decoded_banded,euclidean,True,234925,246880,0.008890624972991645,1.2950842089485377,0.0008394159376621246,False,True,repair,failed,0.010809458093717694,False,False,False,True,0.0,3.0,"step 1 still violates after 3 repair iterations (triggered by {'immutable': False, 'non_decreasing': False, 'age_horizon': False, 'directional': True})",,,,,,,,,,,
nhanes_real,2,v3,dsr_full_euclidean,0.05,460,decoded_naive,decoded_banded,euclidean,True,234925,246880,0.008890624972991645,1.2950842089485377,0.0008394159376621246,True,False,,clean,0.013537917053326964,,,,,0.0,0.0,,"[3086, 2085]",2.0,0.3692825734615326,False,False,False,False,False,False,-6.356155247841663,1.3380424976348877
nhanes_real,2,v3,dsr_full_euclidean,0.05,461,decoded_naive,decoded_banded,euclidean,True,234925,246880,0.008890624972991645,1.2950842089485377,0.0008394159376621246,False,True,search,,0.015379125019535422,,,,,,,,,,,,,,,,,,
nhanes_real,2,v3,dsr_full_euclidean,0.05,464,decoded_naive,decoded_banded,euclidean,True,234925,246880,0.008890624972991645,1.2950842089485377,0.0008394159376621246,True,False,,clean,0.016635832958854735,,,,,0.0,0.0,,"[3086, 924]",2.0,1.574169397354126,False,False,False,False,False,False,-6.525876534133859,4.1935529708862305
nhanes_real,2,v3,dsr_full_euclidean,0.05,465,decoded_naive,decoded_banded,euclidean,True,234925,246880,0.008890624972991645,1.2950842089485377,0.0008394159376621246,False,True,repair,failed,0.016924791038036346,False,False,False,True,0.0,3.0,"step 1 still violates after 3 repair iterations (triggered by {'immutable': False, 'non_decreasing': False, 'age_horizon': False, 'directional': True})",,,,,,,,,,,
nhanes_real,2,v3,dsr_full_euclidean,0.05,468,decoded_naive,decoded_banded,euclidean,True,234925,246880,0.008890624972991645,1.2950842089485377,0.0008394159376621246,True,False,,clean,0.015792791033163667,,,,,0.0,0.0,,"[3086, 464]",2.0,0.5743914246559143,False,False,False,False,False,False,-6.625276550666738,1.5225178003311157
nhanes_real,2,v3,dsr_full_euclidean,0.05,470,decoded_naive,decoded_banded,euclidean,True,234925,246880,0.008890624972991645,1.2950842089485377,0.0008394159376621246,False,True,repair,failed,0.015165749937295914,False,False,True,False,0.0,3.0,"step 1 still violates after 3 repair iterations (triggered by {'immutable': False, 'non_decreasing': False, 'age_horizon': True, 'directional': False})",,,,,,,,,,,
nhanes_real,2,v3,dsr_full_euclidean,0.05,471,decoded_naive,decoded_banded,euclidean,True,234925,246880,0.008890624972991645,1.2950842089485377,0.0008394159376621246,False,True,repair,failed,0.02015708398539573,False,True,False,True,0.0,3.0,"step 1 still violates after 3 repair iterations (triggered by {'immutable': False, 'non_decreasing': True, 'age_horizon': False, 'directional': True})",,,,,,,,,,,
nhanes_real,2,v3,dsr_full_euclidean,0.05,472,decoded_naive,decoded_banded,euclidean,True,234925,246880,0.008890624972991645,1.2950842089485377,0.0008394159376621246,True,False,,clean,0.017057125107385218,,,,,0.0,0.0,,"[3086, 1704]",2.0,0.465213418006897,False,False,False,False,False,False,-6.311619916321552,1.223291039466858
nhanes_real,2,v3,dsr_full_euclidean,0.05,473,decoded_naive,decoded_banded,euclidean,True,234925,246880,0.008890624972991645,1.2950842089485377,0.0008394159376621246,False,True,search,,0.01601833396125585,,,,,,,,,,,,,,,,,,
nhanes_real,2,v3,dsr_full_euclidean,0.05,474,decoded_naive,decoded_banded,euclidean,True,234925,246880,0.008890624972991645,1.2950842089485377,0.0008394159376621246,True,False,,clean,0.012951332959346473,,,,,0.0,0.0,,"[3086, 1213]",2.0,0.42665162682533264,False,False,False,False,False,False,-6.318365730058141,1.5260581970214844
nhanes_real,2,v3,dsr_full_euclidean,0.05,477,decoded_naive,decoded_banded,euclidean,True,234925,246880,0.008890624972991645,1.2950842089485377,0.0008394159376621246,False,True,repair,failed,0.016335541964508593,False,False,True,True,0.0,3.0,"step 1 still violates after 3 repair iterations (triggered by {'immutable': False, 'non_decreasing': False, 'age_horizon': True, 'directional': True})",,,,,,,,,,,
nhanes_real,2,v3,dsr_full_euclidean,0.05,478,decoded_naive,decoded_banded,euclidean,True,234925,246880,0.008890624972991645,1.2950842089485377,0.0008394159376621246,False,True,search,,0.015682707889936864,,,,,,,,,,,,,,,,,,
nhanes_real,2,v3,dsr_full_euclidean,0.05,479,decoded_naive,decoded_banded,euclidean,True,234925,246880,0.008890624972991645,1.2950842089485377,0.0008394159376621246,False,True,search,,0.01902441610582173,,,,,,,,,,,,,,,,,,
nhanes_real,2,v3,dsr_full_euclidean,0.05,481,decoded_naive,decoded_banded,euclidean,True,234925,246880,0.008890624972991645,1.2950842089485377,0.0008394159376621246,False,True,search,,0.013496582978405058,,,,,,,,,,,,,,,,,,
nhanes_real,2,v3,dsr_full_euclidean,0.05,482,decoded_naive,decoded_banded,euclidean,True,234925,246880,0.008890624972991645,1.2950842089485377,0.0008394159376621246,True,False,,clean,0.016159625025466084,,,,,0.0,0.0,,"[3086, 1507]",2.0,1.7714970111846924,False,False,False,False,False,False,-6.747294004650403,4.984830856323242
nhanes_real,2,v3,dsr_full_euclidean,0.05,483,decoded_naive,decoded_banded,euclidean,True,234925,246880,0.008890624972991645,1.2950842089485377,0.0008394159376621246,True,False,,clean,0.018492833012714982,,,,,0.0,0.0,,"[3086, 2364]",2.0,2.5400218963623047,False,False,False,False,False,False,-7.121867088077446,6.581995964050293
nhanes_real,2,v3,dsr_full_euclidean,0.05,484,decoded_naive,decoded_banded,euclidean,True,234925,246880,0.008890624972991645,1.2950842089485377,0.0008394159376621246,False,True,search,,0.016527083003893495,,,,,,,,,,,,,,,,,,
nhanes_real,2,v3,dsr_full_euclidean,0.05,489,decoded_naive,decoded_banded,euclidean,True,234925,246880,0.008890624972991645,1.2950842089485377,0.0008394159376621246,False,True,repair,failed,0.015167874982580543,False,False,False,True,0.0,3.0,"step 1 still violates after 3 repair iterations (triggered by {'immutable': False, 'non_decreasing': False, 'age_horizon': False, 'directional': True})",,,,,,,,,,,
nhanes_real,2,v3,dsr_full_euclidean,0.05,491,decoded_naive,decoded_banded,euclidean,True,234925,246880,0.008890624972991645,1.2950842089485377,0.0008394159376621246,False,True,search,,0.0158621669979766,,,,,,,,,,,,,,,,,,
nhanes_real,2,v3,dsr_full_euclidean,0.05,495,decoded_naive,decoded_banded,euclidean,True,234925,246880,0.008890624972991645,1.2950842089485377,0.0008394159376621246,False,True,repair,failed,0.01701058296021074,False,False,False,True,0.0,3.0,"step 1 still violates after 3 repair iterations (triggered by {'immutable': False, 'non_decreasing': False, 'age_horizon': False, 'directional': True})",,,,,,,,,,,
nhanes_real,2,v3,dsr_full_euclidean,0.05,498,decoded_naive,decoded_banded,euclidean,True,234925,246880,0.008890624972991645,1.2950842089485377,0.0008394159376621246,True,False,,clean,0.0165304159745574,,,,,0.0,0.0,,"[3086, 2364]",2.0,1.8571887016296387,False,False,False,False,False,False,-6.9596544453068985,5.262685298919678
nhanes_real,2,v3,dsr_full_euclidean,0.05,502,decoded_naive,decoded_banded,euclidean,True,234925,246880,0.008890624972991645,1.2950842089485377,0.0008394159376621246,True,False,,clean,0.016585457953624427,,,,,0.0,0.0,,"[3086, 1088]",2.0,1.2922923564910889,False,False,False,False,False,False,-10.916034397849563,6.885605335235596
nhanes_real,2,v3,dsr_full_euclidean,0.05,503,decoded_naive,decoded_banded,euclidean,True,234925,246880,0.008890624972991645,1.2950842089485377,0.0008394159376621246,False,True,search,,0.013187957927584648,,,,,,,,,,,,,,,,,,
nhanes_real,2,v3,dsr_full_euclidean,0.05,504,decoded_naive,decoded_banded,euclidean,True,234925,246880,0.008890624972991645,1.2950842089485377,0.0008394159376621246,False,True,repair,failed,0.016788083012215793,False,False,True,False,0.0,3.0,"step 1 still violates after 3 repair iterations (triggered by {'immutable': False, 'non_decreasing': False, 'age_horizon': True, 'directional': False})",,,,,,,,,,,
nhanes_real,2,v3,dsr_full_euclidean,0.05,507,decoded_naive,decoded_banded,euclidean,True,234925,246880,0.008890624972991645,1.2950842089485377,0.0008394159376621246,False,True,search,,0.016721708001568913,,,,,,,,,,,,,,,,,,
nhanes_real,2,v3,dsr_full_euclidean,0.05,508,decoded_naive,decoded_banded,euclidean,True,234925,246880,0.008890624972991645,1.2950842089485377,0.0008394159376621246,False,True,repair,failed,0.01806504197884351,False,False,False,True,1.0,1.0,repaired terminal state is no longer low-risk,,,,,,,,,,,
nhanes_real,2,v3,dsr_full_euclidean,0.05,509,decoded_naive,decoded_banded,euclidean,True,234925,246880,0.008890624972991645,1.2950842089485377,0.0008394159376621246,False,True,repair,failed,0.013746957993134856,False,False,False,True,1.0,1.0,repair broke monotone risk reduction along the path,,,,,,,,,,,
nhanes_real,2,v3,dsr_full_euclidean,0.05,510,decoded_naive,decoded_banded,euclidean,True,234925,246880,0.008890624972991645,1.2950842089485377,0.0008394159376621246,False,True,repair,failed,0.018522000056691468,False,False,False,True,0.0,3.0,"step 1 still violates after 3 repair iterations (triggered by {'immutable': False, 'non_decreasing': False, 'age_horizon': False, 'directional': True})",,,,,,,,,,,
nhanes_real,2,v3,dsr_full_euclidean,0.05,513,decoded_naive,decoded_banded,euclidean,True,234925,246880,0.008890624972991645,1.2950842089485377,0.0008394159376621246,False,True,repair,failed,0.017017917009070516,False,False,True,False,0.0,3.0,"step 1 still violates after 3 repair iterations (triggered by {'immutable': False, 'non_decreasing': False, 'age_horizon': True, 'directional': False})",,,,,,,,,,,
nhanes_real,2,v3,dsr_full_euclidean,0.05,514,decoded_naive,decoded_banded,euclidean,True,234925,246880,0.008890624972991645,1.2950842089485377,0.0008394159376621246,False,True,search,,0.014925458002835512,,,,,,,,,,,,,,,,,,
nhanes_real,2,v3,dsr_full_euclidean,0.05,515,decoded_naive,decoded_banded,euclidean,True,234925,246880,0.008890624972991645,1.2950842089485377,0.0008394159376621246,False,True,repair,failed,0.01829137501772493,False,False,True,True,0.0,3.0,"step 1 still violates after 3 repair iterations (triggered by {'immutable': False, 'non_decreasing': False, 'age_horizon': True, 'directional': True})",,,,,,,,,,,
nhanes_real,2,v3,dsr_full_euclidean,0.05,520,decoded_naive,decoded_banded,euclidean,True,234925,246880,0.008890624972991645,1.2950842089485377,0.0008394159376621246,False,True,repair,failed,0.015475083026103675,False,True,False,True,0.0,3.0,"step 1 still violates after 3 repair iterations (triggered by {'immutable': False, 'non_decreasing': True, 'age_horizon': False, 'directional': True})",,,,,,,,,,,
nhanes_real,2,v3,dsr_full_euclidean,0.05,521,decoded_naive,decoded_banded,euclidean,True,234925,246880,0.008890624972991645,1.2950842089485377,0.0008394159376621246,False,True,search,,0.016711583943106234,,,,,,,,,,,,,,,,,,
nhanes_real,2,v3,dsr_full_euclidean,0.05,522,decoded_naive,decoded_banded,euclidean,True,234925,246880,0.008890624972991645,1.2950842089485377,0.0008394159376621246,True,False,,clean,0.017207790981046855,,,,,0.0,0.0,,"[3086, 302]",2.0,0.9304521679878235,False,False,False,False,False,False,-6.484498832759273,2.1497654914855957
nhanes_real,2,v3,dsr_full_euclidean,0.05,523,decoded_naive,decoded_banded,euclidean,True,234925,246880,0.008890624972991645,1.2950842089485377,0.0008394159376621246,False,True,search,,0.016856916015967727,,,,,,,,,,,,,,,,,,
nhanes_real,2,v3,dsr_full_euclidean,0.05,526,decoded_naive,decoded_banded,euclidean,True,234925,246880,0.008890624972991645,1.2950842089485377,0.0008394159376621246,True,False,,clean,0.014147332985885441,,,,,0.0,0.0,,"[3086, 1333]",2.0,0.9864315390586853,False,False,False,False,False,False,-11.214805127326823,3.2469608783721924
nhanes_real,2,v3,dsr_full_euclidean,0.05,527,decoded_naive,decoded_banded,euclidean,True,234925,246880,0.008890624972991645,1.2950842089485377,0.0008394159376621246,False,True,repair,failed,0.017713958048261702,False,False,True,False,0.0,3.0,"step 1 still violates after 3 repair iterations (triggered by {'immutable': False, 'non_decreasing': False, 'age_horizon': True, 'directional': False})",,,,,,,,,,,
nhanes_real,2,v3,dsr_full_euclidean,0.05,528,decoded_naive,decoded_banded,euclidean,True,234925,246880,0.008890624972991645,1.2950842089485377,0.0008394159376621246,True,False,,clean,0.016998792067170143,,,,,0.0,0.0,,"[3086, 1300]",2.0,2.762097120285034,False,False,False,False,False,False,-7.107843272785578,7.952573776245117
nhanes_real,2,v3,dsr_full_euclidean,0.05,530,decoded_naive,decoded_banded,euclidean,True,234925,246880,0.008890624972991645,1.2950842089485377,0.0008394159376621246,True,False,,clean,0.018010249943472445,,,,,0.0,0.0,,"[3086, 2999]",2.0,0.30570507049560547,False,False,False,False,False,False,-6.557354420947528,1.1575545072555542
nhanes_real,2,v3,dsr_full_euclidean,0.05,531,decoded_naive,decoded_banded,euclidean,True,234925,246880,0.008890624972991645,1.2950842089485377,0.0008394159376621246,False,True,search,,0.013746999902650714,,,,,,,,,,,,,,,,,,
nhanes_real,2,v3,dsr_full_euclidean,0.05,536,decoded_naive,decoded_banded,euclidean,True,234925,246880,0.008890624972991645,1.2950842089485377,0.0008394159376621246,True,False,,clean,0.016225290950387716,,,,,0.0,0.0,,"[3086, 2364]",2.0,1.5008742809295654,False,False,False,False,False,False,-7.032207572436679,3.9995439052581787
nhanes_real,2,v3,dsr_full_euclidean,0.05,539,decoded_naive,decoded_banded,euclidean,True,234925,246880,0.008890624972991645,1.2950842089485377,0.0008394159376621246,True,False,,clean,0.017063708044588566,,,,,0.0,0.0,,"[3086, 2463]",2.0,0.9304384589195251,False,False,False,False,False,False,-7.368766419387179,2.924025058746338
nhanes_real,2,v3,dsr_full_euclidean,0.05,542,decoded_naive,decoded_banded,euclidean,True,234925,246880,0.008890624972991645,1.2950842089485377,0.0008394159376621246,False,True,search,,0.017087167012505233,,,,,,,,,,,,,,,,,,
nhanes_real,2,v3,dsr_full_euclidean,0.05,544,decoded_naive,decoded_banded,euclidean,True,234925,246880,0.008890624972991645,1.2950842089485377,0.0008394159376621246,False,True,search,,0.013632707996293902,,,,,,,,,,,,,,,,,,
nhanes_real,2,v3,dsr_full_euclidean,0.05,545,decoded_naive,decoded_banded,euclidean,True,234925,246880,0.008890624972991645,1.2950842089485377,0.0008394159376621246,False,True,search,,0.016978792031295598,,,,,,,,,,,,,,,,,,
nhanes_real,2,v3,dsr_full_euclidean,0.05,546,decoded_naive,decoded_banded,euclidean,True,234925,246880,0.008890624972991645,1.2950842089485377,0.0008394159376621246,False,True,repair,failed,0.016672000056132674,False,False,True,False,0.0,3.0,"step 1 still violates after 3 repair iterations (triggered by {'immutable': False, 'non_decreasing': False, 'age_horizon': True, 'directional': False})",,,,,,,,,,,
nhanes_real,2,v3,dsr_full_euclidean,0.05,558,decoded_naive,decoded_banded,euclidean,True,234925,246880,0.008890624972991645,1.2950842089485377,0.0008394159376621246,False,True,repair,failed,0.015297124977223575,False,True,False,False,0.0,3.0,"step 1 still violates after 3 repair iterations (triggered by {'immutable': False, 'non_decreasing': True, 'age_horizon': False, 'directional': False})",,,,,,,,,,,
nhanes_real,2,v3,dsr_full_euclidean,0.05,559,decoded_naive,decoded_banded,euclidean,True,234925,246880,0.008890624972991645,1.2950842089485377,0.0008394159376621246,False,True,search,,0.016441916930489242,,,,,,,,,,,,,,,,,,
nhanes_real,2,v3,dsr_full_euclidean,0.05,565,decoded_naive,decoded_banded,euclidean,True,234925,246880,0.008890624972991645,1.2950842089485377,0.0008394159376621246,False,True,search,,0.01636000000871718,,,,,,,,,,,,,,,,,,
nhanes_real,2,v3,dsr_full_euclidean,0.05,568,decoded_naive,decoded_banded,euclidean,True,234925,246880,0.008890624972991645,1.2950842089485377,0.0008394159376621246,False,True,repair,failed,0.017797832959331572,False,False,True,False,0.0,3.0,"step 1 still violates after 3 repair iterations (triggered by {'immutable': False, 'non_decreasing': False, 'age_horizon': True, 'directional': False})",,,,,,,,,,,
nhanes_real,2,v3,dsr_full_euclidean,0.05,569,decoded_naive,decoded_banded,euclidean,True,234925,246880,0.008890624972991645,1.2950842089485377,0.0008394159376621246,False,True,search,,0.01684975007083267,,,,,,,,,,,,,,,,,,
nhanes_real,2,v3,dsr_full_euclidean,0.05,573,decoded_naive,decoded_banded,euclidean,True,234925,246880,0.008890624972991645,1.2950842089485377,0.0008394159376621246,True,False,,clean,0.016045166994445026,,,,,0.0,0.0,,"[3086, 1852]",2.0,2.667597770690918,False,False,False,False,False,False,-9.982521076833432,11.461358070373535
nhanes_real,2,v3,dsr_full_euclidean,0.05,574,decoded_naive,decoded_banded,euclidean,True,234925,246880,0.008890624972991645,1.2950842089485377,0.0008394159376621246,False,True,search,,0.013398707960732281,,,,,,,,,,,,,,,,,,
nhanes_real,2,v3,dsr_full_euclidean,0.05,582,decoded_naive,decoded_banded,euclidean,True,234925,246880,0.008890624972991645,1.2950842089485377,0.0008394159376621246,True,False,,clean,0.017032833071425557,,,,,0.0,0.0,,"[3086, 302]",2.0,1.1784011125564575,False,False,False,False,False,False,-6.416339869725958,3.1128318309783936
nhanes_real,2,v3,dsr_full_euclidean,0.05,583,decoded_naive,decoded_banded,euclidean,True,234925,246880,0.008890624972991645,1.2950842089485377,0.0008394159376621246,False,True,search,,0.017093250062316656,,,,,,,,,,,,,,,,,,
nhanes_real,2,v3,dsr_full_euclidean,0.05,585,decoded_naive,decoded_banded,euclidean,True,234925,246880,0.008890624972991645,1.2950842089485377,0.0008394159376621246,True,False,,clean,0.018284916994161904,,,,,0.0,0.0,,"[3086, 1043]",2.0,1.262686848640442,False,False,False,False,False,False,-7.463178414773134,3.860039234161377
nhanes_real,2,v3,dsr_full_euclidean,0.05,587,decoded_naive,decoded_banded,euclidean,True,234925,246880,0.008890624972991645,1.2950842089485377,0.0008394159376621246,False,True,search,,0.013439583010040224,,,,,,,,,,,,,,,,,,
nhanes_real,2,v3,dsr_full_euclidean,0.05,588,decoded_naive,decoded_banded,euclidean,True,234925,246880,0.008890624972991645,1.2950842089485377,0.0008394159376621246,True,False,,clean,0.016595042077824473,,,,,0.0,0.0,,"[3086, 2585]",2.0,1.0680862665176392,False,False,False,False,False,False,-7.002245523944335,3.9043564796447754
nhanes_real,2,v3,dsr_full_euclidean,0.05,595,decoded_naive,decoded_banded,euclidean,True,234925,246880,0.008890624972991645,1.2950842089485377,0.0008394159376621246,True,False,,clean,0.0161020829109475,,,,,0.0,0.0,,"[3086, 1230]",2.0,1.8349509239196777,False,False,False,False,False,False,-7.079458248403281,5.483714580535889
nhanes_real,2,v3,dsr_full_euclidean,0.05,596,decoded_naive,decoded_banded,euclidean,True,234925,246880,0.008890624972991645,1.2950842089485377,0.0008394159376621246,True,False,,clean,0.017050666036084294,,,,,0.0,0.0,,"[3086, 266]",2.0,0.6957290768623352,False,False,False,False,False,False,-6.1655357681537035,2.115971326828003
nhanes_real,2,v3,dsr_full_euclidean,0.05,599,decoded_naive,decoded_banded,euclidean,True,234925,246880,0.008890624972991645,1.2950842089485377,0.0008394159376621246,False,True,repair,failed,0.014201499987393618,False,False,True,False,1.0,1.0,repair broke monotone risk reduction along the path,,,,,,,,,,,
nhanes_real,2,v3,dsr_full_euclidean,0.05,600,decoded_naive,decoded_banded,euclidean,True,234925,246880,0.008890624972991645,1.2950842089485377,0.0008394159376621246,True,False,,clean,0.015685042017139494,,,,,0.0,0.0,,"[3086, 2573]",2.0,0.440876305103302,False,False,False,False,False,False,-6.283509792462176,0.9135836958885193
nhanes_real,2,v3,dsr_full_euclidean,0.05,603,decoded_naive,decoded_banded,euclidean,True,234925,246880,0.008890624972991645,1.2950842089485377,0.0008394159376621246,False,True,search,,0.014513041009195149,,,,,,,,,,,,,,,,,,
nhanes_real,2,v3,dsr_full_euclidean,0.05,608,decoded_naive,decoded_banded,euclidean,True,234925,246880,0.008890624972991645,1.2950842089485377,0.0008394159376621246,False,True,repair,failed,0.01634574995841831,False,False,False,True,0.0,3.0,"step 1 still violates after 3 repair iterations (triggered by {'immutable': False, 'non_decreasing': False, 'age_horizon': False, 'directional': True})",,,,,,,,,,,
nhanes_real,2,v3,dsr_full_euclidean,0.05,609,decoded_naive,decoded_banded,euclidean,True,234925,246880,0.008890624972991645,1.2950842089485377,0.0008394159376621246,True,False,,clean,0.016688707983121276,,,,,0.0,0.0,,"[3086, 2364]",2.0,3.279353618621826,False,False,False,False,False,False,-7.497984928290919,7.728569030761719
nhanes_real,2,v3,dsr_full_euclidean,0.05,610,decoded_naive,decoded_banded,euclidean,True,234925,246880,0.008890624972991645,1.2950842089485377,0.0008394159376621246,False,True,search,,0.014687292044982314,,,,,,,,,,,,,,,,,,
nhanes_real,2,v3,dsr_full_euclidean,0.05,612,decoded_naive,decoded_banded,euclidean,True,234925,246880,0.008890624972991645,1.2950842089485377,0.0008394159376621246,True,False,,clean,0.016401957953348756,,,,,0.0,0.0,,"[3086, 1000]",2.0,0.28816166520118713,False,False,False,False,False,False,-6.398852175024533,0.9829126000404358
nhanes_real,2,v3,dsr_full_euclidean,0.05,614,decoded_naive,decoded_banded,euclidean,True,234925,246880,0.008890624972991645,1.2950842089485377,0.0008394159376621246,False,True,search,,0.014971042051911354,,,,,,,,,,,,,,,,,,
nhanes_real,2,v3,dsr_full_euclidean,0.05,615,decoded_naive,decoded_banded,euclidean,True,234925,246880,0.008890624972991645,1.2950842089485377,0.0008394159376621246,False,True,search,,0.018393791979178786,,,,,,,,,,,,,,,,,,
nhanes_real,2,v3,dsr_full_euclidean,0.05,616,decoded_naive,decoded_banded,euclidean,True,234925,246880,0.008890624972991645,1.2950842089485377,0.0008394159376621246,False,True,repair,failed,0.014438833110034466,False,False,True,True,0.0,3.0,"step 1 still violates after 3 repair iterations (triggered by {'immutable': False, 'non_decreasing': False, 'age_horizon': True, 'directional': True})",,,,,,,,,,,
nhanes_real,2,v3,dsr_full_euclidean,0.05,617,decoded_naive,decoded_banded,euclidean,True,234925,246880,0.008890624972991645,1.2950842089485377,0.0008394159376621246,False,True,search,,0.015265959082171321,,,,,,,,,,,,,,,,,,
nhanes_real,2,v3,dsr_full_euclidean,0.05,618,decoded_naive,decoded_banded,euclidean,True,234925,246880,0.008890624972991645,1.2950842089485377,0.0008394159376621246,True,False,,clean,0.015677416929975152,,,,,0.0,0.0,,"[3086, 2692]",2.0,0.7674533128738403,False,False,False,False,False,False,-6.260587752549357,2.1882293224334717
nhanes_real,2,v3,dsr_full_euclidean,0.05,619,decoded_naive,decoded_banded,euclidean,True,234925,246880,0.008890624972991645,1.2950842089485377,0.0008394159376621246,False,True,search,,0.01630062493495643,,,,,,,,,,,,,,,,,,
nhanes_real,2,v3,dsr_full_euclidean,0.05,620,decoded_naive,decoded_banded,euclidean,True,234925,246880,0.008890624972991645,1.2950842089485377,0.0008394159376621246,True,False,,clean,0.0160672499332577,,,,,0.0,0.0,,"[3086, 2986]",2.0,0.929192841053009,False,False,False,False,False,False,-6.682963899201478,3.678901195526123
nhanes_real,2,v3,dsr_full_euclidean,0.05,622,decoded_naive,decoded_banded,euclidean,True,234925,246880,0.008890624972991645,1.2950842089485377,0.0008394159376621246,True,False,,clean,0.0161336250603199,,,,,0.0,0.0,,"[3086, 1849]",2.0,0.8385456204414368,False,False,False,False,False,False,-6.248709946437696,2.3774256706237793
nhanes_real,2,v3,dsr_full_euclidean,0.05,624,decoded_naive,decoded_banded,euclidean,True,234925,246880,0.008890624972991645,1.2950842089485377,0.0008394159376621246,False,True,search,,0.016304625081829727,,,,,,,,,,,,,,,,,,
nhanes_real,2,v3,dsr_full_euclidean,0.05,627,decoded_naive,decoded_banded,euclidean,True,234925,246880,0.008890624972991645,1.2950842089485377,0.0008394159376621246,True,False,,clean,0.01553995895665139,,,,,0.0,0.0,,"[3086, 1751]",2.0,1.5109210014343262,False,False,False,False,False,False,-7.619224184352672,5.586345672607422
nhanes_real,2,v3,dsr_full_euclidean,0.05,630,decoded_naive,decoded_banded,euclidean,True,234925,246880,0.008890624972991645,1.2950842089485377,0.0008394159376621246,True,False,,clean,0.016610458958894014,,,,,0.0,0.0,,"[3086, 144]",2.0,1.0811222791671753,False,False,False,False,False,False,-6.425047668208716,3.133039951324463
nhanes_real,2,v3,dsr_full_euclidean,0.05,632,decoded_naive,decoded_banded,euclidean,True,234925,246880,0.008890624972991645,1.2950842089485377,0.0008394159376621246,False,True,search,,0.015244125039316714,,,,,,,,,,,,,,,,,,
nhanes_real,2,v3,dsr_full_euclidean,0.05,633,decoded_naive,decoded_banded,euclidean,True,234925,246880,0.008890624972991645,1.2950842089485377,0.0008394159376621246,False,True,search,,0.014705125009641051,,,,,,,,,,,,,,,,,,
nhanes_real,2,v3,dsr_full_euclidean,0.05,635,decoded_naive,decoded_banded,euclidean,True,234925,246880,0.008890624972991645,1.2950842089485377,0.0008394159376621246,True,False,,clean,0.019006541930139065,,,,,0.0,0.0,,"[3086, 1507]",2.0,1.4165639877319336,False,False,False,False,False,False,-6.81347752527858,4.658726692199707
nhanes_real,2,v3,dsr_full_euclidean,0.05,638,decoded_naive,decoded_banded,euclidean,True,234925,246880,0.008890624972991645,1.2950842089485377,0.0008394159376621246,False,True,repair,failed,0.01824300002772361,False,False,True,False,0.0,3.0,"step 1 still violates after 3 repair iterations (triggered by {'immutable': False, 'non_decreasing': False, 'age_horizon': True, 'directional': False})",,,,,,,,,,,
nhanes_real,2,v3,dsr_full_euclidean,0.05,639,decoded_naive,decoded_banded,euclidean,True,234925,246880,0.008890624972991645,1.2950842089485377,0.0008394159376621246,False,True,search,,0.013465791940689087,,,,,,,,,,,,,,,,,,
nhanes_real,2,v3,dsr_full_euclidean,0.05,644,decoded_naive,decoded_banded,euclidean,True,234925,246880,0.008890624972991645,1.2950842089485377,0.0008394159376621246,True,False,,clean,0.01765945798251778,,,,,0.0,0.0,,"[3086, 692]",2.0,1.8515254259109497,False,False,False,False,False,False,-9.721291771213496,5.944202899932861
nhanes_real,2,v3,dsr_full_euclidean,0.05,645,decoded_naive,decoded_banded,euclidean,True,234925,246880,0.008890624972991645,1.2950842089485377,0.0008394159376621246,False,True,search,,0.016676499973982573,,,,,,,,,,,,,,,,,,
nhanes_real,2,v3,dsr_full_euclidean,0.05,646,decoded_naive,decoded_banded,euclidean,True,234925,246880,0.008890624972991645,1.2950842089485377,0.0008394159376621246,False,True,repair,failed,0.019329624949023128,False,False,True,False,0.0,3.0,"step 1 still violates after 3 repair iterations (triggered by {'immutable': False, 'non_decreasing': False, 'age_horizon': True, 'directional': False})",,,,,,,,,,,
nhanes_real,2,v3,dsr_full_euclidean,0.05,647,decoded_naive,decoded_banded,euclidean,True,234925,246880,0.008890624972991645,1.2950842089485377,0.0008394159376621246,False,True,search,,0.014302207971923053,,,,,,,,,,,,,,,,,,
nhanes_real,2,v3,dsr_full_euclidean,0.05,651,decoded_naive,decoded_banded,euclidean,True,234925,246880,0.008890624972991645,1.2950842089485377,0.0008394159376621246,True,False,,clean,0.015119375078938901,,,,,0.0,0.0,,"[3086, 1300]",2.0,1.058355450630188,False,False,False,False,False,False,-6.453195110832395,2.940782308578491
nhanes_real,2,v3,dsr_full_euclidean,0.05,653,decoded_naive,decoded_banded,euclidean,True,234925,246880,0.008890624972991645,1.2950842089485377,0.0008394159376621246,False,True,search,,0.014763499959371984,,,,,,,,,,,,,,,,,,
nhanes_real,2,v3,dsr_full_euclidean,0.05,656,decoded_naive,decoded_banded,euclidean,True,234925,246880,0.008890624972991645,1.2950842089485377,0.0008394159376621246,False,True,search,,0.015977791044861078,,,,,,,,,,,,,,,,,,
nhanes_real,2,v3,dsr_full_euclidean,0.05,659,decoded_naive,decoded_banded,euclidean,True,234925,246880,0.008890624972991645,1.2950842089485377,0.0008394159376621246,False,True,search,,0.016164332977496088,,,,,,,,,,,,,,,,,,
nhanes_real,2,v3,dsr_full_euclidean,0.05,661,decoded_naive,decoded_banded,euclidean,True,234925,246880,0.008890624972991645,1.2950842089485377,0.0008394159376621246,False,True,search,,0.012853541993536055,,,,,,,,,,,,,,,,,,
nhanes_real,2,v3,dsr_full_euclidean,0.05,663,decoded_naive,decoded_banded,euclidean,True,234925,246880,0.008890624972991645,1.2950842089485377,0.0008394159376621246,True,False,,clean,0.016704291105270386,,,,,0.0,0.0,,"[3086, 962]",2.0,0.5127963423728943,False,False,False,False,False,False,-8.05572720792428,1.6882545948028564
nhanes_real,2,v3,dsr_full_euclidean,0.05,664,decoded_naive,decoded_banded,euclidean,True,234925,246880,0.008890624972991645,1.2950842089485377,0.0008394159376621246,False,True,search,,0.01625524996779859,,,,,,,,,,,,,,,,,,
nhanes_real,2,v3,dsr_full_euclidean,0.05,666,decoded_naive,decoded_banded,euclidean,True,234925,246880,0.008890624972991645,1.2950842089485377,0.0008394159376621246,False,True,search,,0.018016999936662614,,,,,,,,,,,,,,,,,,
nhanes_real,2,v3,dsr_full_euclidean,0.05,669,decoded_naive,decoded_banded,euclidean,True,234925,246880,0.008890624972991645,1.2950842089485377,0.0008394159376621246,True,False,,clean,0.013515457976609468,,,,,0.0,0.0,,"[3086, 2990]",2.0,0.7221818566322327,False,False,False,False,False,False,-7.569110727729026,2.8389875888824463
nhanes_real,2,v3,dsr_full_euclidean,0.05,672,decoded_naive,decoded_banded,euclidean,True,234925,246880,0.008890624972991645,1.2950842089485377,0.0008394159376621246,True,False,,clean,0.017005415982566774,,,,,0.0,0.0,,"[3086, 2270]",2.0,0.316103994846344,False,False,False,False,False,False,-6.04156636133288,0.8051425814628601
nhanes_real,2,v3,dsr_full_euclidean,0.05,676,decoded_naive,decoded_banded,euclidean,True,234925,246880,0.008890624972991645,1.2950842089485377,0.0008394159376621246,False,True,repair,failed,0.01802258298266679,False,True,False,False,0.0,3.0,"step 1 still violates after 3 repair iterations (triggered by {'immutable': False, 'non_decreasing': True, 'age_horizon': False, 'directional': False})",,,,,,,,,,,
nhanes_real,2,v3,dsr_full_euclidean,0.05,677,decoded_naive,decoded_banded,euclidean,True,234925,246880,0.008890624972991645,1.2950842089485377,0.0008394159376621246,False,True,search,,0.018780708080157638,,,,,,,,,,,,,,,,,,
nhanes_real,2,v3,dsr_full_euclidean,0.05,680,decoded_naive,decoded_banded,euclidean,True,234925,246880,0.008890624972991645,1.2950842089485377,0.0008394159376621246,True,False,,clean,0.014319041976705194,,,,,0.0,0.0,,"[3086, 1400]",2.0,0.45431652665138245,False,False,False,False,False,False,-6.46951521612913,1.4641077518463135
nhanes_real,2,v3,dsr_full_euclidean,0.05,682,decoded_naive,decoded_banded,euclidean,True,234925,246880,0.008890624972991645,1.2950842089485377,0.0008394159376621246,False,True,search,,0.015442791976965964,,,,,,,,,,,,,,,,,,
nhanes_real,2,v3,dsr_full_euclidean,0.05,687,decoded_naive,decoded_banded,euclidean,True,234925,246880,0.008890624972991645,1.2950842089485377,0.0008394159376621246,False,True,repair,failed,0.016213000053539872,False,False,True,False,0.0,3.0,"step 1 still violates after 3 repair iterations (triggered by {'immutable': False, 'non_decreasing': False, 'age_horizon': True, 'directional': False})",,,,,,,,,,,
nhanes_real,2,v3,dsr_full_euclidean,0.05,689,decoded_naive,decoded_banded,euclidean,True,234925,246880,0.008890624972991645,1.2950842089485377,0.0008394159376621246,False,True,search,,0.01650895900093019,,,,,,,,,,,,,,,,,,
nhanes_real,2,v3,dsr_full_euclidean,0.05,690,decoded_naive,decoded_banded,euclidean,True,234925,246880,0.008890624972991645,1.2950842089485377,0.0008394159376621246,True,False,,clean,0.016519124968908727,,,,,0.0,0.0,,"[3086, 1300]",2.0,1.4108306169509888,False,False,False,False,False,False,-6.494792205698559,3.8939013481140137
nhanes_real,2,v3,dsr_full_euclidean,0.05,693,decoded_naive,decoded_banded,euclidean,True,234925,246880,0.008890624972991645,1.2950842089485377,0.0008394159376621246,False,True,search,,0.015832874923944473,,,,,,,,,,,,,,,,,,
nhanes_real,2,v3,dsr_full_euclidean,0.05,695,decoded_naive,decoded_banded,euclidean,True,234925,246880,0.008890624972991645,1.2950842089485377,0.0008394159376621246,True,False,,clean,0.015365125029347837,,,,,0.0,0.0,,"[3086, 2585]",2.0,0.4261045455932617,False,False,False,False,False,False,-6.626300404049877,2.0061392784118652
nhanes_real,2,v3,dsr_full_euclidean,0.05,696,decoded_naive,decoded_banded,euclidean,True,234925,246880,0.008890624972991645,1.2950842089485377,0.0008394159376621246,True,False,,clean,0.01534891698975116,,,,,0.0,0.0,,"[3086, 2291]",2.0,0.9127254486083984,False,False,False,False,False,False,-6.7115502862765775,2.5163064002990723
nhanes_real,2,v3,dsr_full_euclidean,0.05,699,decoded_naive,decoded_banded,euclidean,True,234925,246880,0.008890624972991645,1.2950842089485377,0.0008394159376621246,True,False,,clean,0.010531333042308688,,,,,0.0,0.0,,"[3086, 2530]",2.0,2.002295732498169,False,False,False,False,False,False,-6.819216412596604,5.41317081451416
nhanes_real,2,v3,dsr_full_euclidean,0.05,701,decoded_naive,decoded_banded,euclidean,True,234925,246880,0.008890624972991645,1.2950842089485377,0.0008394159376621246,False,True,repair,failed,0.011329083004966378,False,False,True,True,0.0,3.0,"step 1 still violates after 3 repair iterations (triggered by {'immutable': False, 'non_decreasing': False, 'age_horizon': True, 'directional': True})",,,,,,,,,,,
nhanes_real,2,v3,dsr_full_euclidean,0.05,702,decoded_naive,decoded_banded,euclidean,True,234925,246880,0.008890624972991645,1.2950842089485377,0.0008394159376621246,True,False,,clean,0.012608833028934896,,,,,0.0,0.0,,"[3086, 2203]",2.0,1.622809886932373,False,False,False,False,False,False,-7.315031505551157,7.200201988220215
nhanes_real,2,v3,dsr_full_euclidean,0.05,713,decoded_naive,decoded_banded,euclidean,True,234925,246880,0.008890624972991645,1.2950842089485377,0.0008394159376621246,True,False,,clean,0.012314208899624646,,,,,0.0,0.0,,"[3086, 2692]",2.0,1.7233859300613403,False,False,False,False,False,False,-6.697042327106139,4.601806163787842
nhanes_real,2,v3,dsr_full_euclidean,0.05,714,decoded_naive,decoded_banded,euclidean,True,234925,246880,0.008890624972991645,1.2950842089485377,0.0008394159376621246,False,True,search,,0.009936458081938326,,,,,,,,,,,,,,,,,,
nhanes_real,2,v3,dsr_full_euclidean,0.05,716,decoded_naive,decoded_banded,euclidean,True,234925,246880,0.008890624972991645,1.2950842089485377,0.0008394159376621246,True,False,,clean,0.010278083034791052,,,,,0.0,0.0,,"[3086, 2201]",2.0,1.892855167388916,False,False,False,False,False,False,-9.158329061351438,5.983709335327148
nhanes_real,2,v3,dsr_full_euclidean,0.05,719,decoded_naive,decoded_banded,euclidean,True,234925,246880,0.008890624972991645,1.2950842089485377,0.0008394159376621246,True,False,,clean,0.009585542022250593,,,,,0.0,0.0,,"[3086, 1230]",2.0,1.6506792306900024,False,False,False,False,False,False,-7.048382472012359,4.698620796203613
nhanes_real,2,v3,dsr_full_euclidean,0.05,721,decoded_naive,decoded_banded,euclidean,True,234925,246880,0.008890624972991645,1.2950842089485377,0.0008394159376621246,False,True,search,,0.009837666992098093,,,,,,,,,,,,,,,,,,
nhanes_real,2,v3,dsr_full_euclidean,0.05,725,decoded_naive,decoded_banded,euclidean,True,234925,246880,0.008890624972991645,1.2950842089485377,0.0008394159376621246,False,True,repair,failed,0.009891082998365164,False,True,False,True,0.0,3.0,"step 1 still violates after 3 repair iterations (triggered by {'immutable': False, 'non_decreasing': True, 'age_horizon': False, 'directional': True})",,,,,,,,,,,
nhanes_real,2,v3,dsr_full_euclidean,0.05,727,decoded_naive,decoded_banded,euclidean,True,234925,246880,0.008890624972991645,1.2950842089485377,0.0008394159376621246,False,True,repair,failed,0.011092499946244061,False,True,False,False,0.0,3.0,"step 1 still violates after 3 repair iterations (triggered by {'immutable': False, 'non_decreasing': True, 'age_horizon': False, 'directional': False})",,,,,,,,,,,
nhanes_real,2,v3,dsr_full_euclidean,0.05,729,decoded_naive,decoded_banded,euclidean,True,234925,246880,0.008890624972991645,1.2950842089485377,0.0008394159376621246,True,False,,clean,0.009164499933831394,,,,,0.0,0.0,,"[3086, 1002]",2.0,1.268127202987671,False,False,False,False,False,False,-6.715157620043545,4.495474815368652
nhanes_real,2,v3,dsr_full_euclidean,0.05,730,decoded_naive,decoded_banded,euclidean,True,234925,246880,0.008890624972991645,1.2950842089485377,0.0008394159376621246,True,False,,clean,0.009851458016782999,,,,,0.0,0.0,,"[3086, 1340]",2.0,1.7468146085739136,False,False,False,False,False,False,-6.908211501232401,4.877788066864014
nhanes_real,2,v3,dsr_full_euclidean,0.05,731,decoded_naive,decoded_banded,euclidean,True,234925,246880,0.008890624972991645,1.2950842089485377,0.0008394159376621246,True,False,,clean,0.010296583059243858,,,,,0.0,0.0,,"[3086, 1507]",2.0,1.770884394645691,False,False,False,False,False,False,-6.776078550508802,5.036086082458496
nhanes_real,2,v3,dsr_full_euclidean,0.05,736,decoded_naive,decoded_banded,euclidean,True,234925,246880,0.008890624972991645,1.2950842089485377,0.0008394159376621246,True,False,,repaired,0.010330541990697384,False,False,True,True,1.0,1.0,,"[3086, 1865]",2.0,0.43289247155189514,False,False,False,False,False,False,-6.4770276443926615,1.7344011068344116
nhanes_real,2,v3,dsr_full_euclidean,0.05,737,decoded_naive,decoded_banded,euclidean,True,234925,246880,0.008890624972991645,1.2950842089485377,0.0008394159376621246,False,True,repair,failed,0.011068458086811006,False,False,True,True,0.0,3.0,"step 1 still violates after 3 repair iterations (triggered by {'immutable': False, 'non_decreasing': False, 'age_horizon': True, 'directional': True})",,,,,,,,,,,
nhanes_real,2,v3,dsr_full_euclidean,0.05,738,decoded_naive,decoded_banded,euclidean,True,234925,246880,0.008890624972991645,1.2950842089485377,0.0008394159376621246,True,False,,clean,0.011486792005598545,,,,,0.0,0.0,,"[3086, 2530]",2.0,0.9015148282051086,False,False,False,False,False,False,-6.2713798488882215,2.8411002159118652
nhanes_real,2,v3,dsr_full_euclidean,0.05,739,decoded_naive,decoded_banded,euclidean,True,234925,246880,0.008890624972991645,1.2950842089485377,0.0008394159376621246,False,True,search,,0.015490958001464605,,,,,,,,,,,,,,,,,,
nhanes_real,2,v3,dsr_full_euclidean,0.05,740,decoded_naive,decoded_banded,euclidean,True,234925,246880,0.008890624972991645,1.2950842089485377,0.0008394159376621246,False,True,repair,failed,0.01682883291505277,False,True,False,False,0.0,3.0,"step 1 still violates after 3 repair iterations (triggered by {'immutable': False, 'non_decreasing': True, 'age_horizon': False, 'directional': False})",,,,,,,,,,,
nhanes_real,2,v3,dsr_full_euclidean,0.05,741,decoded_naive,decoded_banded,euclidean,True,234925,246880,0.008890624972991645,1.2950842089485377,0.0008394159376621246,False,True,repair,failed,0.017233542050234973,False,False,True,False,0.0,3.0,"step 1 still violates after 3 repair iterations (triggered by {'immutable': False, 'non_decreasing': False, 'age_horizon': True, 'directional': False})",,,,,,,,,,,
nhanes_real,2,v3,dsr_full_euclidean,0.05,743,decoded_naive,decoded_banded,euclidean,True,234925,246880,0.008890624972991645,1.2950842089485377,0.0008394159376621246,False,True,search,,0.01646279206033796,,,,,,,,,,,,,,,,,,
nhanes_real,2,v3,dsr_full_euclidean,0.05,747,decoded_naive,decoded_banded,euclidean,True,234925,246880,0.008890624972991645,1.2950842089485377,0.0008394159376621246,False,True,search,,0.013194583938457072,,,,,,,,,,,,,,,,,,
nhanes_real,2,v3,dsr_full_euclidean,0.05,750,decoded_naive,decoded_banded,euclidean,True,234925,246880,0.008890624972991645,1.2950842089485377,0.0008394159376621246,True,False,,clean,0.017293249955400825,,,,,0.0,0.0,,"[3086, 924]",2.0,2.6334660053253174,False,False,False,False,False,False,-7.2013706785667075,8.533873558044434
nhanes_real,2,v3,dsr_full_euclidean,0.05,752,decoded_naive,decoded_banded,euclidean,True,234925,246880,0.008890624972991645,1.2950842089485377,0.0008394159376621246,False,True,repair,failed,0.017191041028127074,False,False,True,False,0.0,3.0,"step 1 still violates after 3 repair iterations (triggered by {'immutable': False, 'non_decreasing': False, 'age_horizon': True, 'directional': False})",,,,,,,,,,,
nhanes_real,2,v3,dsr_full_euclidean,0.05,754,decoded_naive,decoded_banded,euclidean,True,234925,246880,0.008890624972991645,1.2950842089485377,0.0008394159376621246,False,True,repair,failed,0.018891333020292222,False,False,True,False,0.0,3.0,"step 1 still violates after 3 repair iterations (triggered by {'immutable': False, 'non_decreasing': False, 'age_horizon': True, 'directional': False})",,,,,,,,,,,
nhanes_real,2,v3,dsr_full_euclidean,0.05,755,decoded_naive,decoded_banded,euclidean,True,234925,246880,0.008890624972991645,1.2950842089485377,0.0008394159376621246,True,False,,clean,0.013702749973163009,,,,,0.0,0.0,,"[3086, 2631]",2.0,0.7202426195144653,False,False,False,False,False,False,-6.2066931351120225,2.024808406829834
nhanes_real,2,v3,dsr_full_euclidean,0.05,759,decoded_naive,decoded_banded,euclidean,True,234925,246880,0.008890624972991645,1.2950842089485377,0.0008394159376621246,True,False,,clean,0.016457000048831105,,,,,0.0,0.0,,"[3086, 2559]",2.0,0.7295264005661011,False,False,False,False,False,False,-6.62171989855127,2.558621644973755
nhanes_real,2,v3,dsr_full_euclidean,0.05,764,decoded_naive,decoded_banded,euclidean,True,234925,246880,0.008890624972991645,1.2950842089485377,0.0008394159376621246,False,True,repair,failed,0.016834250069223344,False,False,True,False,0.0,3.0,"step 1 still violates after 3 repair iterations (triggered by {'immutable': False, 'non_decreasing': False, 'age_horizon': True, 'directional': False})",,,,,,,,,,,
nhanes_real,2,v3,dsr_full_euclidean,0.05,765,decoded_naive,decoded_banded,euclidean,True,234925,246880,0.008890624972991645,1.2950842089485377,0.0008394159376621246,False,True,repair,failed,0.01633070793468505,False,True,False,False,0.0,3.0,"step 1 still violates after 3 repair iterations (triggered by {'immutable': False, 'non_decreasing': True, 'age_horizon': False, 'directional': False})",,,,,,,,,,,
nhanes_real,2,v3,dsr_full_euclidean,0.05,766,decoded_naive,decoded_banded,euclidean,True,234925,246880,0.008890624972991645,1.2950842089485377,0.0008394159376621246,False,True,repair,failed,0.0148854999570176,False,True,False,False,0.0,3.0,"step 1 still violates after 3 repair iterations (triggered by {'immutable': False, 'non_decreasing': True, 'age_horizon': False, 'directional': False})",,,,,,,,,,,
nhanes_real,2,v3,dsr_full_euclidean,0.05,767,decoded_naive,decoded_banded,euclidean,True,234925,246880,0.008890624972991645,1.2950842089485377,0.0008394159376621246,False,True,repair,failed,0.017062874976545572,False,False,True,False,0.0,3.0,"step 1 still violates after 3 repair iterations (triggered by {'immutable': False, 'non_decreasing': False, 'age_horizon': True, 'directional': False})",,,,,,,,,,,
nhanes_real,2,v3,dsr_full_euclidean,0.05,769,decoded_naive,decoded_banded,euclidean,True,234925,246880,0.008890624972991645,1.2950842089485377,0.0008394159376621246,False,True,search,,0.018323541968129575,,,,,,,,,,,,,,,,,,
nhanes_real,2,v3,dsr_full_euclidean,0.05,770,decoded_naive,decoded_banded,euclidean,True,234925,246880,0.008890624972991645,1.2950842089485377,0.0008394159376621246,False,True,search,,0.01663516601547599,,,,,,,,,,,,,,,,,,
nhanes_real,2,v3,dsr_full_euclidean,0.05,775,decoded_naive,decoded_banded,euclidean,True,234925,246880,0.008890624972991645,1.2950842089485377,0.0008394159376621246,False,True,repair,failed,0.0183736669132486,False,False,True,False,0.0,3.0,"step 1 still violates after 3 repair iterations (triggered by {'immutable': False, 'non_decreasing': False, 'age_horizon': True, 'directional': False})",,,,,,,,,,,
nhanes_real,2,v3,dsr_full_euclidean,0.05,779,decoded_naive,decoded_banded,euclidean,True,234925,246880,0.008890624972991645,1.2950842089485377,0.0008394159376621246,True,False,,clean,0.01377745799254626,,,,,0.0,0.0,,"[3086, 1002]",2.0,0.5249665975570679,False,False,False,False,False,False,-6.426444102079383,1.4286961555480957
nhanes_real,2,v3,dsr_full_euclidean,0.05,780,decoded_naive,decoded_banded,euclidean,True,234925,246880,0.008890624972991645,1.2950842089485377,0.0008394159376621246,False,True,repair,failed,0.017865916015580297,False,True,False,False,0.0,3.0,"step 1 still violates after 3 repair iterations (triggered by {'immutable': False, 'non_decreasing': True, 'age_horizon': False, 'directional': False})",,,,,,,,,,,
nhanes_real,2,v3,dsr_full_euclidean,0.05,781,decoded_naive,decoded_banded,euclidean,True,234925,246880,0.008890624972991645,1.2950842089485377,0.0008394159376621246,True,False,,clean,0.019369125016964972,,,,,0.0,0.0,,"[3086, 1717]",2.0,0.4757733941078186,False,False,False,False,False,False,-7.552057526987584,1.713606595993042
nhanes_real,2,v3,dsr_full_euclidean,0.05,783,decoded_naive,decoded_banded,euclidean,True,234925,246880,0.008890624972991645,1.2950842089485377,0.0008394159376621246,False,True,search,,0.01984762493520975,,,,,,,,,,,,,,,,,,
nhanes_real,2,v3,dsr_full_euclidean,0.05,786,decoded_naive,decoded_banded,euclidean,True,234925,246880,0.008890624972991645,1.2950842089485377,0.0008394159376621246,False,True,search,,0.013125124969519675,,,,,,,,,,,,,,,,,,
nhanes_real,2,v3,dsr_full_euclidean,0.05,787,decoded_naive,decoded_banded,euclidean,True,234925,246880,0.008890624972991645,1.2950842089485377,0.0008394159376621246,False,True,search,,0.015775791951455176,,,,,,,,,,,,,,,,,,
nhanes_real,2,v3,dsr_full_euclidean,0.05,788,decoded_naive,decoded_banded,euclidean,True,234925,246880,0.008890624972991645,1.2950842089485377,0.0008394159376621246,False,True,repair,failed,0.01606183301191777,False,False,True,False,0.0,3.0,"step 1 still violates after 3 repair iterations (triggered by {'immutable': False, 'non_decreasing': False, 'age_horizon': True, 'directional': False})",,,,,,,,,,,
nhanes_real,2,v3,dsr_full_euclidean,0.05,795,decoded_naive,decoded_banded,euclidean,True,234925,246880,0.008890624972991645,1.2950842089485377,0.0008394159376621246,True,False,,clean,0.017039750004187226,,,,,0.0,0.0,,"[3086, 1507]",2.0,0.650651752948761,False,False,False,False,False,False,-6.801452027116165,1.8867945671081543
nhanes_real,2,v3,dsr_full_euclidean,0.05,796,decoded_naive,decoded_banded,euclidean,True,234925,246880,0.008890624972991645,1.2950842089485377,0.0008394159376621246,False,True,search,,0.016259125084616244,,,,,,,,,,,,,,,,,,
nhanes_real,2,v3,dsr_full_euclidean,0.05,797,decoded_naive,decoded_banded,euclidean,True,234925,246880,0.008890624972991645,1.2950842089485377,0.0008394159376621246,False,True,search,,0.015211874968372285,,,,,,,,,,,,,,,,,,
nhanes_real,2,v3,dsr_full_euclidean,0.05,804,decoded_naive,decoded_banded,euclidean,True,234925,246880,0.008890624972991645,1.2950842089485377,0.0008394159376621246,False,True,repair,failed,0.018921749899163842,False,False,False,True,0.0,3.0,"step 1 still violates after 3 repair iterations (triggered by {'immutable': False, 'non_decreasing': False, 'age_horizon': False, 'directional': True})",,,,,,,,,,,
nhanes_real,2,v3,dsr_full_euclidean,0.05,806,decoded_naive,decoded_banded,euclidean,True,234925,246880,0.008890624972991645,1.2950842089485377,0.0008394159376621246,False,True,search,,0.017097458941861987,,,,,,,,,,,,,,,,,,
nhanes_real,2,v3,dsr_full_euclidean,0.05,807,decoded_naive,decoded_banded,euclidean,True,234925,246880,0.008890624972991645,1.2950842089485377,0.0008394159376621246,False,True,repair,failed,0.01639620796777308,False,False,False,True,0.0,3.0,"step 1 still violates after 3 repair iterations (triggered by {'immutable': False, 'non_decreasing': False, 'age_horizon': False, 'directional': True})",,,,,,,,,,,
nhanes_real,2,v3,dsr_full_euclidean,0.05,808,decoded_naive,decoded_banded,euclidean,True,234925,246880,0.008890624972991645,1.2950842089485377,0.0008394159376621246,False,True,repair,failed,0.014146834029816091,False,True,False,False,0.0,3.0,"step 1 still violates after 3 repair iterations (triggered by {'immutable': False, 'non_decreasing': True, 'age_horizon': False, 'directional': False})",,,,,,,,,,,
nhanes_real,2,v3,dsr_full_euclidean,0.05,809,decoded_naive,decoded_banded,euclidean,True,234925,246880,0.008890624972991645,1.2950842089485377,0.0008394159376621246,False,True,search,,0.017513000057078898,,,,,,,,,,,,,,,,,,
nhanes_real,2,v3,dsr_full_euclidean,0.05,810,decoded_naive,decoded_banded,euclidean,True,234925,246880,0.008890624972991645,1.2950842089485377,0.0008394159376621246,True,False,,clean,0.017845166032202542,,,,,0.0,0.0,,"[3086, 2364]",2.0,1.04154634475708,False,False,False,False,False,False,-7.213387998139823,2.7268660068511963
nhanes_real,2,v3,dsr_full_euclidean,0.05,811,decoded_naive,decoded_banded,euclidean,True,234925,246880,0.008890624972991645,1.2950842089485377,0.0008394159376621246,False,True,repair,failed,0.01891166705172509,False,True,False,False,0.0,3.0,"step 1 still violates after 3 repair iterations (triggered by {'immutable': False, 'non_decreasing': True, 'age_horizon': False, 'directional': False})",,,,,,,,,,,
nhanes_real,2,v3,dsr_full_euclidean,0.05,813,decoded_naive,decoded_banded,euclidean,True,234925,246880,0.008890624972991645,1.2950842089485377,0.0008394159376621246,False,True,repair,failed,0.015605083084665239,False,False,True,False,0.0,3.0,"step 1 still violates after 3 repair iterations (triggered by {'immutable': False, 'non_decreasing': False, 'age_horizon': True, 'directional': False})",,,,,,,,,,,
nhanes_real,2,v3,dsr_full_euclidean,0.05,814,decoded_naive,decoded_banded,euclidean,True,234925,246880,0.008890624972991645,1.2950842089485377,0.0008394159376621246,False,True,search,,0.016431249910965562,,,,,,,,,,,,,,,,,,
nhanes_real,2,v3,dsr_full_euclidean,0.05,815,decoded_naive,decoded_banded,euclidean,True,234925,246880,0.008890624972991645,1.2950842089485377,0.0008394159376621246,True,False,,clean,0.015463874908164144,,,,,0.0,0.0,,"[3086, 1300]",2.0,2.925690174102783,False,False,False,False,False,False,-7.235879181388471,9.36076831817627
nhanes_real,2,v3,dsr_full_euclidean,0.05,818,decoded_naive,decoded_banded,euclidean,True,234925,246880,0.008890624972991645,1.2950842089485377,0.0008394159376621246,False,True,search,,0.01639383309520781,,,,,,,,,,,,,,,,,,
nhanes_real,2,v3,dsr_full_euclidean,0.05,819,decoded_naive,decoded_banded,euclidean,True,234925,246880,0.008890624972991645,1.2950842089485377,0.0008394159376621246,False,True,repair,failed,0.01823420892469585,False,False,True,False,0.0,3.0,"step 1 still violates after 3 repair iterations (triggered by {'immutable': False, 'non_decreasing': False, 'age_horizon': True, 'directional': False})",,,,,,,,,,,
nhanes_real,2,v3,dsr_full_euclidean,0.05,821,decoded_naive,decoded_banded,euclidean,True,234925,246880,0.008890624972991645,1.2950842089485377,0.0008394159376621246,False,True,repair,failed,0.01564837503246963,False,True,False,False,0.0,3.0,"step 1 still violates after 3 repair iterations (triggered by {'immutable': False, 'non_decreasing': True, 'age_horizon': False, 'directional': False})",,,,,,,,,,,
nhanes_real,2,v3,dsr_full_euclidean,0.05,822,decoded_naive,decoded_banded,euclidean,True,234925,246880,0.008890624972991645,1.2950842089485377,0.0008394159376621246,False,True,repair,failed,0.018189874943345785,False,False,False,True,0.0,3.0,"step 1 still violates after 3 repair iterations (triggered by {'immutable': False, 'non_decreasing': False, 'age_horizon': False, 'directional': True})",,,,,,,,,,,
nhanes_real,2,v3,dsr_full_euclidean,0.05,823,decoded_naive,decoded_banded,euclidean,True,234925,246880,0.008890624972991645,1.2950842089485377,0.0008394159376621246,False,True,search,,0.018617041991092265,,,,,,,,,,,,,,,,,,
nhanes_real,2,v3,dsr_full_euclidean,0.05,824,decoded_naive,decoded_banded,euclidean,True,234925,246880,0.008890624972991645,1.2950842089485377,0.0008394159376621246,False,True,search,,0.01827020791824907,,,,,,,,,,,,,,,,,,
nhanes_real,2,v3,dsr_full_euclidean,0.05,825,decoded_naive,decoded_banded,euclidean,True,234925,246880,0.008890624972991645,1.2950842089485377,0.0008394159376621246,False,True,repair,failed,0.016285874997265637,False,False,True,True,0.0,3.0,"step 1 still violates after 3 repair iterations (triggered by {'immutable': False, 'non_decreasing': False, 'age_horizon': True, 'directional': True})",,,,,,,,,,,
nhanes_real,2,v3,dsr_full_euclidean,0.05,827,decoded_naive,decoded_banded,euclidean,True,234925,246880,0.008890624972991645,1.2950842089485377,0.0008394159376621246,False,True,search,,0.018707375042140484,,,,,,,,,,,,,,,,,,
nhanes_real,2,v3,dsr_full_euclidean,0.05,828,decoded_naive,decoded_banded,euclidean,True,234925,246880,0.008890624972991645,1.2950842089485377,0.0008394159376621246,True,False,,clean,0.019121374934911728,,,,,0.0,0.0,,"[3086, 154]",2.0,1.059492826461792,False,False,False,False,False,False,-8.412792276016564,5.435421466827393
nhanes_real,2,v3,dsr_full_euclidean,0.05,830,decoded_naive,decoded_banded,euclidean,True,234925,246880,0.008890624972991645,1.2950842089485377,0.0008394159376621246,False,True,repair,failed,0.019168457947671413,False,False,True,False,0.0,3.0,"step 1 still violates after 3 repair iterations (triggered by {'immutable': False, 'non_decreasing': False, 'age_horizon': True, 'directional': False})",,,,,,,,,,,
nhanes_real,2,v3,dsr_full_euclidean,0.05,833,decoded_naive,decoded_banded,euclidean,True,234925,246880,0.008890624972991645,1.2950842089485377,0.0008394159376621246,True,False,,clean,0.01372845796868205,,,,,0.0,0.0,,"[3086, 2448]",2.0,1.409705400466919,False,False,False,False,False,False,-6.916037004578164,4.745891571044922
nhanes_real,2,v3,dsr_full_euclidean,0.05,835,decoded_naive,decoded_banded,euclidean,True,234925,246880,0.008890624972991645,1.2950842089485377,0.0008394159376621246,False,True,repair,failed,0.017779375077225268,False,False,True,False,0.0,3.0,"step 1 still violates after 3 repair iterations (triggered by {'immutable': False, 'non_decreasing': False, 'age_horizon': True, 'directional': False})",,,,,,,,,,,
nhanes_real,2,v3,dsr_full_euclidean,0.05,838,decoded_naive,decoded_banded,euclidean,True,234925,246880,0.008890624972991645,1.2950842089485377,0.0008394159376621246,False,True,search,,0.01768454199191183,,,,,,,,,,,,,,,,,,
nhanes_real,2,v3,dsr_full_euclidean,0.05,840,decoded_naive,decoded_banded,euclidean,True,234925,246880,0.008890624972991645,1.2950842089485377,0.0008394159376621246,True,False,,clean,0.017060082987882197,,,,,0.0,0.0,,"[3086, 2902]",2.0,1.9240522384643555,False,False,False,False,False,False,-6.528066885818969,5.207777976989746
nhanes_real,2,v3,dsr_full_euclidean,0.05,841,decoded_naive,decoded_banded,euclidean,True,234925,246880,0.008890624972991645,1.2950842089485377,0.0008394159376621246,False,True,repair,failed,0.014486457919701934,False,False,False,True,0.0,3.0,"step 1 still violates after 3 repair iterations (triggered by {'immutable': False, 'non_decreasing': False, 'age_horizon': False, 'directional': True})",,,,,,,,,,,
nhanes_real,2,v3,dsr_full_euclidean,0.05,844,decoded_naive,decoded_banded,euclidean,True,234925,246880,0.008890624972991645,1.2950842089485377,0.0008394159376621246,False,True,search,,0.015786416013725102,,,,,,,,,,,,,,,,,,
nhanes_real,2,v3,dsr_full_euclidean,0.05,847,decoded_naive,decoded_banded,euclidean,True,234925,246880,0.008890624972991645,1.2950842089485377,0.0008394159376621246,False,True,search,,0.015168833080679178,,,,,,,,,,,,,,,,,,
nhanes_real,2,v3,dsr_full_euclidean,0.05,848,decoded_naive,decoded_banded,euclidean,True,234925,246880,0.008890624972991645,1.2950842089485377,0.0008394159376621246,False,True,search,,0.01649608404841274,,,,,,,,,,,,,,,,,,
nhanes_real,2,v3,dsr_full_euclidean,0.05,849,decoded_naive,decoded_banded,euclidean,True,234925,246880,0.008890624972991645,1.2950842089485377,0.0008394159376621246,True,False,,clean,0.01672691700514406,,,,,0.0,0.0,,"[3086, 2750]",2.0,1.2057883739471436,False,False,False,False,False,False,-7.313169964682877,4.042824745178223
nhanes_real,2,v3,dsr_full_euclidean,0.05,852,decoded_naive,decoded_banded,euclidean,True,234925,246880,0.008890624972991645,1.2950842089485377,0.0008394159376621246,False,True,repair,failed,0.015820041997358203,False,False,False,True,1.0,1.0,repair broke monotone risk reduction along the path,,,,,,,,,,,
nhanes_real,2,v3,dsr_full_euclidean,0.05,855,decoded_naive,decoded_banded,euclidean,True,234925,246880,0.008890624972991645,1.2950842089485377,0.0008394159376621246,True,False,,clean,0.012178041972219944,,,,,0.0,0.0,,"[3086, 2585]",2.0,0.6038610935211182,False,False,False,False,False,False,-6.725752866033343,2.599102020263672
nhanes_real,2,v3,dsr_full_euclidean,0.05,856,decoded_naive,decoded_banded,euclidean,True,234925,246880,0.008890624972991645,1.2950842089485377,0.0008394159376621246,False,True,search,,0.01126679196022451,,,,,,,,,,,,,,,,,,
nhanes_real,2,v3,dsr_full_euclidean,0.05,861,decoded_naive,decoded_banded,euclidean,True,234925,246880,0.008890624972991645,1.2950842089485377,0.0008394159376621246,True,False,,clean,0.012786749983206391,,,,,0.0,0.0,,"[3086, 2291]",2.0,1.6069117784500122,False,False,False,False,False,False,-6.68877725197426,4.634637355804443
nhanes_real,2,v3,dsr_full_euclidean,0.05,862,decoded_naive,decoded_banded,euclidean,True,234925,246880,0.008890624972991645,1.2950842089485377,0.0008394159376621246,True,False,,clean,0.01019783306401223,,,,,0.0,0.0,,"[3086, 144]",2.0,2.915004253387451,False,False,False,False,False,False,-7.1606236908590475,8.596097946166992
nhanes_real,2,v3,dsr_full_euclidean,0.05,863,decoded_naive,decoded_banded,euclidean,True,234925,246880,0.008890624972991645,1.2950842089485377,0.0008394159376621246,False,True,repair,failed,0.01083795796148479,False,False,False,True,0.0,3.0,"step 1 still violates after 3 repair iterations (triggered by {'immutable': False, 'non_decreasing': False, 'age_horizon': False, 'directional': True})",,,,,,,,,,,
nhanes_real,2,v3,dsr_full_euclidean,0.05,866,decoded_naive,decoded_banded,euclidean,True,234925,246880,0.008890624972991645,1.2950842089485377,0.0008394159376621246,True,False,,clean,0.010054500075057149,,,,,0.0,0.0,,"[3086, 1976]",2.0,1.1784707307815552,False,False,False,False,False,False,-6.873391469843874,4.6729912757873535
nhanes_real,2,v3,dsr_full_euclidean,0.05,867,decoded_naive,decoded_banded,euclidean,True,234925,246880,0.008890624972991645,1.2950842089485377,0.0008394159376621246,False,True,repair,failed,0.010568875004537404,False,False,True,False,0.0,3.0,"step 1 still violates after 3 repair iterations (triggered by {'immutable': False, 'non_decreasing': False, 'age_horizon': True, 'directional': False})",,,,,,,,,,,
nhanes_real,2,v3,dsr_full_euclidean,0.05,868,decoded_naive,decoded_banded,euclidean,True,234925,246880,0.008890624972991645,1.2950842089485377,0.0008394159376621246,False,True,search,,0.008940082974731922,,,,,,,,,,,,,,,,,,
nhanes_real,2,v3,dsr_full_euclidean,0.05,869,decoded_naive,decoded_banded,euclidean,True,234925,246880,0.008890624972991645,1.2950842089485377,0.0008394159376621246,True,False,,clean,0.01005295803770423,,,,,0.0,0.0,,"[3086, 2448]",2.0,0.9481621980667114,False,False,False,False,False,False,-6.503735131088,3.0526187419891357
nhanes_real,2,v3,dsr_full_euclidean,0.05,874,decoded_naive,decoded_banded,euclidean,True,234925,246880,0.008890624972991645,1.2950842089485377,0.0008394159376621246,False,True,repair,failed,0.010553249972872436,False,False,False,True,0.0,3.0,"step 1 still violates after 3 repair iterations (triggered by {'immutable': False, 'non_decreasing': False, 'age_horizon': False, 'directional': True})",,,,,,,,,,,
nhanes_real,2,v3,dsr_full_euclidean,0.05,881,decoded_naive,decoded_banded,euclidean,True,234925,246880,0.008890624972991645,1.2950842089485377,0.0008394159376621246,False,True,search,,0.009810540941543877,,,,,,,,,,,,,,,,,,
nhanes_real,2,v3,dsr_full_euclidean,0.05,882,decoded_naive,decoded_banded,euclidean,True,234925,246880,0.008890624972991645,1.2950842089485377,0.0008394159376621246,False,True,search,,0.009354249923489988,,,,,,,,,,,,,,,,,,
nhanes_real,2,v3,dsr_full_euclidean,0.05,885,decoded_naive,decoded_banded,euclidean,True,234925,246880,0.008890624972991645,1.2950842089485377,0.0008394159376621246,True,False,,clean,0.00935270800255239,,,,,0.0,0.0,,"[3086, 1300]",2.0,1.8990682363510132,False,False,False,False,False,False,-6.655761174953376,5.204253196716309
nhanes_real,2,v3,dsr_full_euclidean,0.05,886,decoded_naive,decoded_banded,euclidean,True,234925,246880,0.008890624972991645,1.2950842089485377,0.0008394159376621246,False,True,repair,failed,0.010844832984730601,False,False,False,True,0.0,3.0,"step 1 still violates after 3 repair iterations (triggered by {'immutable': False, 'non_decreasing': False, 'age_horizon': False, 'directional': True})",,,,,,,,,,,
nhanes_real,2,v3,dsr_full_euclidean,0.05,887,decoded_naive,decoded_banded,euclidean,True,234925,246880,0.008890624972991645,1.2950842089485377,0.0008394159376621246,False,True,search,,0.00915345805697143,,,,,,,,,,,,,,,,,,
nhanes_real,2,v3,dsr_full_euclidean,0.05,890,decoded_naive,decoded_banded,euclidean,True,234925,246880,0.008890624972991645,1.2950842089485377,0.0008394159376621246,True,False,,clean,0.010020332993008196,,,,,0.0,0.0,,"[3086, 562]",2.0,0.8224602937698364,False,False,False,False,False,False,-7.196678615195701,2.6188182830810547
nhanes_real,2,v3,dsr_full_euclidean,0.05,892,decoded_naive,decoded_banded,euclidean,True,234925,246880,0.008890624972991645,1.2950842089485377,0.0008394159376621246,False,True,search,,0.00958583306055516,,,,,,,,,,,,,,,,,,
nhanes_real,2,v3,dsr_full_euclidean,0.05,896,decoded_naive,decoded_banded,euclidean,True,234925,246880,0.008890624972991645,1.2950842089485377,0.0008394159376621246,False,True,repair,failed,0.009705916978418827,False,False,False,True,0.0,3.0,"step 1 still violates after 3 repair iterations (triggered by {'immutable': False, 'non_decreasing': False, 'age_horizon': False, 'directional': True})",,,,,,,,,,,
nhanes_real,2,v3,dsr_full_euclidean,0.05,899,decoded_naive,decoded_banded,euclidean,True,234925,246880,0.008890624972991645,1.2950842089485377,0.0008394159376621246,True,False,,clean,0.009661750053055584,,,,,0.0,0.0,,"[3086, 1709]",2.0,0.7020901441574097,False,False,False,False,False,False,-6.325703816199075,2.0353376865386963
nhanes_real,2,v3,dsr_full_euclidean,0.05,902,decoded_naive,decoded_banded,euclidean,True,234925,246880,0.008890624972991645,1.2950842089485377,0.0008394159376621246,True,False,,clean,0.009805290959775448,,,,,0.0,0.0,,"[3086, 1820]",2.0,0.40190309286117554,False,False,False,False,False,False,-6.216574681863543,1.101941704750061
nhanes_real,2,v3,dsr_full_euclidean,0.05,904,decoded_naive,decoded_banded,euclidean,True,234925,246880,0.008890624972991645,1.2950842089485377,0.0008394159376621246,True,False,,clean,0.010020624962635338,,,,,0.0,0.0,,"[3086, 2433]",2.0,0.9915125966072083,False,False,False,False,False,False,-6.5903959386245266,4.367799282073975
nhanes_real,2,v3,dsr_full_euclidean,0.05,905,decoded_naive,decoded_banded,euclidean,True,234925,246880,0.008890624972991645,1.2950842089485377,0.0008394159376621246,False,True,search,,0.010015417006798089,,,,,,,,,,,,,,,,,,
nhanes_real,2,v3,dsr_full_euclidean,0.05,906,decoded_naive,decoded_banded,euclidean,True,234925,246880,0.008890624972991645,1.2950842089485377,0.0008394159376621246,True,False,,clean,0.009904957958497107,,,,,0.0,0.0,,"[3086, 2433]",2.0,0.3773964047431946,False,False,False,False,False,False,-6.225823402984953,0.9852912425994873
nhanes_real,3,v3,dsr_full_euclidean,0.05,1,decoded_naive,decoded_banded,euclidean,True,237428,246880,0.006001958972774446,1.1426129159517586,0.0007657500682398677,False,True,repair,failed,0.010114541975781322,False,False,False,True,0.0,3.0,"step 1 still violates after 3 repair iterations (triggered by {'immutable': False, 'non_decreasing': False, 'age_horizon': False, 'directional': True})",,,,,,,,,,,
nhanes_real,3,v3,dsr_full_euclidean,0.05,2,decoded_naive,decoded_banded,euclidean,True,237428,246880,0.006001958972774446,1.1426129159517586,0.0007657500682398677,False,True,search,,0.01045479194726795,,,,,,,,,,,,,,,,,,
nhanes_real,3,v3,dsr_full_euclidean,0.05,6,decoded_naive,decoded_banded,euclidean,True,237428,246880,0.006001958972774446,1.1426129159517586,0.0007657500682398677,False,True,search,,0.010214708046987653,,,,,,,,,,,,,,,,,,
nhanes_real,3,v3,dsr_full_euclidean,0.05,7,decoded_naive,decoded_banded,euclidean,True,237428,246880,0.006001958972774446,1.1426129159517586,0.0007657500682398677,False,True,repair,failed,0.010097875026986003,False,True,False,False,1.0,1.0,repaired terminal state is no longer low-risk,,,,,,,,,,,
nhanes_real,3,v3,dsr_full_euclidean,0.05,8,decoded_naive,decoded_banded,euclidean,True,237428,246880,0.006001958972774446,1.1426129159517586,0.0007657500682398677,False,True,search,,0.010229667066596448,,,,,,,,,,,,,,,,,,
nhanes_real,3,v3,dsr_full_euclidean,0.05,9,decoded_naive,decoded_banded,euclidean,True,237428,246880,0.006001958972774446,1.1426129159517586,0.0007657500682398677,True,False,,clean,0.011565708904527128,,,,,0.0,0.0,,"[3086, 473]",2.0,1.9348981380462646,False,False,False,False,False,False,-9.680579055001875,12.784187316894531
nhanes_real,3,v3,dsr_full_euclidean,0.05,11,decoded_naive,decoded_banded,euclidean,True,237428,246880,0.006001958972774446,1.1426129159517586,0.0007657500682398677,True,False,,clean,0.009409249993041158,,,,,0.0,0.0,,"[3086, 1508]",2.0,3.0993926525115967,False,False,False,False,False,False,-7.901027081017993,10.670334815979004
nhanes_real,3,v3,dsr_full_euclidean,0.05,12,decoded_naive,decoded_banded,euclidean,True,237428,246880,0.006001958972774446,1.1426129159517586,0.0007657500682398677,False,True,search,,0.009780874941498041,,,,,,,,,,,,,,,,,,
nhanes_real,3,v3,dsr_full_euclidean,0.05,14,decoded_naive,decoded_banded,euclidean,True,237428,246880,0.006001958972774446,1.1426129159517586,0.0007657500682398677,False,True,repair,failed,0.010490249958820641,False,False,False,True,0.0,3.0,"step 1 still violates after 3 repair iterations (triggered by {'immutable': False, 'non_decreasing': False, 'age_horizon': False, 'directional': True})",,,,,,,,,,,
nhanes_real,3,v3,dsr_full_euclidean,0.05,16,decoded_naive,decoded_banded,euclidean,True,237428,246880,0.006001958972774446,1.1426129159517586,0.0007657500682398677,True,False,,clean,0.01014533406123519,,,,,0.0,0.0,,"[3086, 2028]",2.0,2.809166193008423,False,False,False,False,False,False,-7.170604066527002,7.826053619384766
nhanes_real,3,v3,dsr_full_euclidean,0.05,17,decoded_naive,decoded_banded,euclidean,True,237428,246880,0.006001958972774446,1.1426129159517586,0.0007657500682398677,False,True,repair,failed,0.016396541032008827,False,True,False,False,0.0,3.0,"step 1 still violates after 3 repair iterations (triggered by {'immutable': False, 'non_decreasing': True, 'age_horizon': False, 'directional': False})",,,,,,,,,,,
nhanes_real,3,v3,dsr_full_euclidean,0.05,18,decoded_naive,decoded_banded,euclidean,True,237428,246880,0.006001958972774446,1.1426129159517586,0.0007657500682398677,False,True,repair,failed,0.017755124950781465,False,False,False,True,0.0,3.0,"step 1 still violates after 3 repair iterations (triggered by {'immutable': False, 'non_decreasing': False, 'age_horizon': False, 'directional': True})",,,,,,,,,,,
nhanes_real,3,v3,dsr_full_euclidean,0.05,21,decoded_naive,decoded_banded,euclidean,True,237428,246880,0.006001958972774446,1.1426129159517586,0.0007657500682398677,True,False,,clean,0.016680083004757762,,,,,0.0,0.0,,"[3086, 2501]",2.0,1.1919090747833252,False,False,False,False,False,False,-7.267994716301504,6.172691345214844
nhanes_real,3,v3,dsr_full_euclidean,0.05,22,decoded_naive,decoded_banded,euclidean,True,237428,246880,0.006001958972774446,1.1426129159517586,0.0007657500682398677,False,True,search,,0.01960608409717679,,,,,,,,,,,,,,,,,,
nhanes_real,3,v3,dsr_full_euclidean,0.05,24,decoded_naive,decoded_banded,euclidean,True,237428,246880,0.006001958972774446,1.1426129159517586,0.0007657500682398677,True,False,,clean,0.019179375027306378,,,,,0.0,0.0,,"[3086, 1874]",2.0,0.19448444247245789,False,False,False,False,False,False,-6.405280072333041,0.6995279788970947
nhanes_real,3,v3,dsr_full_euclidean,0.05,25,decoded_naive,decoded_banded,euclidean,True,237428,246880,0.006001958972774446,1.1426129159517586,0.0007657500682398677,False,True,search,,0.01555262494366616,,,,,,,,,,,,,,,,,,
nhanes_real,3,v3,dsr_full_euclidean,0.05,29,decoded_naive,decoded_banded,euclidean,True,237428,246880,0.006001958972774446,1.1426129159517586,0.0007657500682398677,False,True,repair,failed,0.01695641700644046,False,False,True,True,0.0,3.0,"step 1 still violates after 3 repair iterations (triggered by {'immutable': False, 'non_decreasing': False, 'age_horizon': True, 'directional': True})",,,,,,,,,,,
nhanes_real,3,v3,dsr_full_euclidean,0.05,33,decoded_naive,decoded_banded,euclidean,True,237428,246880,0.006001958972774446,1.1426129159517586,0.0007657500682398677,False,True,search,,0.016368458978831768,,,,,,,,,,,,,,,,,,
nhanes_real,3,v3,dsr_full_euclidean,0.05,37,decoded_naive,decoded_banded,euclidean,True,237428,246880,0.006001958972774446,1.1426129159517586,0.0007657500682398677,True,False,,clean,0.016583374934270978,,,,,0.0,0.0,,"[3086, 2091]",2.0,0.7032873630523682,False,False,False,False,False,False,-7.097089938950047,2.785637140274048
nhanes_real,3,v3,dsr_full_euclidean,0.05,38,decoded_naive,decoded_banded,euclidean,True,237428,246880,0.006001958972774446,1.1426129159517586,0.0007657500682398677,True,False,,clean,0.029810666921548545,,,,,0.0,0.0,,"[3086, 1855]",2.0,2.4203412532806396,False,False,False,False,False,False,-6.614504608873693,6.007080554962158
nhanes_real,3,v3,dsr_full_euclidean,0.05,39,decoded_naive,decoded_banded,euclidean,True,237428,246880,0.006001958972774446,1.1426129159517586,0.0007657500682398677,True,False,,clean,0.017646249965764582,,,,,0.0,0.0,,"[3086, 876]",2.0,1.8030071258544922,False,False,False,False,False,False,-6.520685345128381,5.230787754058838
nhanes_real,3,v3,dsr_full_euclidean,0.05,40,decoded_naive,decoded_banded,euclidean,True,237428,246880,0.006001958972774446,1.1426129159517586,0.0007657500682398677,False,True,search,,0.02101583406329155,,,,,,,,,,,,,,,,,,
nhanes_real,3,v3,dsr_full_euclidean,0.05,46,decoded_naive,decoded_banded,euclidean,True,237428,246880,0.006001958972774446,1.1426129159517586,0.0007657500682398677,True,False,,clean,0.014717957936227322,,,,,0.0,0.0,,"[3086, 2307]",2.0,3.341993808746338,False,False,False,False,False,False,-8.905547272801993,12.575301170349121
nhanes_real,3,v3,dsr_full_euclidean,0.05,47,decoded_naive,decoded_banded,euclidean,True,237428,246880,0.006001958972774446,1.1426129159517586,0.0007657500682398677,False,True,search,,0.01620975008700043,,,,,,,,,,,,,,,,,,
nhanes_real,3,v3,dsr_full_euclidean,0.05,48,decoded_naive,decoded_banded,euclidean,True,237428,246880,0.006001958972774446,1.1426129159517586,0.0007657500682398677,True,False,,clean,0.016667542047798634,,,,,0.0,0.0,,"[3086, 2028]",2.0,2.2063727378845215,False,False,False,False,False,False,-7.253506126500623,5.963788986206055
nhanes_real,3,v3,dsr_full_euclidean,0.05,50,decoded_naive,decoded_banded,euclidean,True,237428,246880,0.006001958972774446,1.1426129159517586,0.0007657500682398677,False,True,repair,failed,0.015798082924447954,False,False,False,True,0.0,3.0,"step 1 still violates after 3 repair iterations (triggered by {'immutable': False, 'non_decreasing': False, 'age_horizon': False, 'directional': True})",,,,,,,,,,,
nhanes_real,3,v3,dsr_full_euclidean,0.05,51,decoded_naive,decoded_banded,euclidean,True,237428,246880,0.006001958972774446,1.1426129159517586,0.0007657500682398677,False,True,search,,0.015696416958235204,,,,,,,,,,,,,,,,,,
nhanes_real,3,v3,dsr_full_euclidean,0.05,52,decoded_naive,decoded_banded,euclidean,True,237428,246880,0.006001958972774446,1.1426129159517586,0.0007657500682398677,True,False,,clean,0.013650374952703714,,,,,0.0,0.0,,"[3086, 1508]",2.0,2.2261886596679688,False,False,False,False,False,False,-7.348436912257401,6.182685852050781
nhanes_real,3,v3,dsr_full_euclidean,0.05,53,decoded_naive,decoded_banded,euclidean,True,237428,246880,0.006001958972774446,1.1426129159517586,0.0007657500682398677,True,False,,clean,0.017307959031313658,,,,,0.0,0.0,,"[3086, 1559]",2.0,0.703559160232544,False,False,False,False,False,False,-6.476042509238582,2.3429479598999023
nhanes_real,3,v3,dsr_full_euclidean,0.05,55,decoded_naive,decoded_banded,euclidean,True,237428,246880,0.006001958972774446,1.1426129159517586,0.0007657500682398677,True,False,,clean,0.01708758296445012,,,,,0.0,0.0,,"[3086, 73]",2.0,3.5680079460144043,False,False,False,False,False,False,-7.704200616665353,9.814214706420898
nhanes_real,3,v3,dsr_full_euclidean,0.05,57,decoded_naive,decoded_banded,euclidean,True,237428,246880,0.006001958972774446,1.1426129159517586,0.0007657500682398677,False,True,repair,failed,0.01733704109210521,False,False,False,True,1.0,1.0,repair broke monotone risk reduction along the path,,,,,,,,,,,
nhanes_real,3,v3,dsr_full_euclidean,0.05,58,decoded_naive,decoded_banded,euclidean,True,237428,246880,0.006001958972774446,1.1426129159517586,0.0007657500682398677,False,True,search,,0.013083458063192666,,,,,,,,,,,,,,,,,,
nhanes_real,3,v3,dsr_full_euclidean,0.05,59,decoded_naive,decoded_banded,euclidean,True,237428,246880,0.006001958972774446,1.1426129159517586,0.0007657500682398677,False,True,search,,0.016508790897205472,,,,,,,,,,,,,,,,,,
nhanes_real,3,v3,dsr_full_euclidean,0.05,61,decoded_naive,decoded_banded,euclidean,True,237428,246880,0.006001958972774446,1.1426129159517586,0.0007657500682398677,False,True,search,,0.017106458079069853,,,,,,,,,,,,,,,,,,
nhanes_real,3,v3,dsr_full_euclidean,0.05,62,decoded_naive,decoded_banded,euclidean,True,237428,246880,0.006001958972774446,1.1426129159517586,0.0007657500682398677,False,True,search,,0.01715954195242375,,,,,,,,,,,,,,,,,,
nhanes_real,3,v3,dsr_full_euclidean,0.05,63,decoded_naive,decoded_banded,euclidean,True,237428,246880,0.006001958972774446,1.1426129159517586,0.0007657500682398677,False,True,search,,0.01573074993211776,,,,,,,,,,,,,,,,,,
nhanes_real,3,v3,dsr_full_euclidean,0.05,65,decoded_naive,decoded_banded,euclidean,True,237428,246880,0.006001958972774446,1.1426129159517586,0.0007657500682398677,False,True,repair,failed,0.01574904192239046,False,False,False,True,0.0,3.0,"step 1 still violates after 3 repair iterations (triggered by {'immutable': False, 'non_decreasing': False, 'age_horizon': False, 'directional': True})",,,,,,,,,,,
nhanes_real,3,v3,dsr_full_euclidean,0.05,66,decoded_naive,decoded_banded,euclidean,True,237428,246880,0.006001958972774446,1.1426129159517586,0.0007657500682398677,False,True,repair,failed,0.01724525005556643,False,False,True,True,0.0,3.0,"step 1 still violates after 3 repair iterations (triggered by {'immutable': False, 'non_decreasing': False, 'age_horizon': True, 'directional': True})",,,,,,,,,,,
nhanes_real,3,v3,dsr_full_euclidean,0.05,69,decoded_naive,decoded_banded,euclidean,True,237428,246880,0.006001958972774446,1.1426129159517586,0.0007657500682398677,False,True,search,,0.016834500012919307,,,,,,,,,,,,,,,,,,
nhanes_real,3,v3,dsr_full_euclidean,0.05,70,decoded_naive,decoded_banded,euclidean,True,237428,246880,0.006001958972774446,1.1426129159517586,0.0007657500682398677,False,True,search,,0.016860040952451527,,,,,,,,,,,,,,,,,,
nhanes_real,3,v3,dsr_full_euclidean,0.05,72,decoded_naive,decoded_banded,euclidean,True,237428,246880,0.006001958972774446,1.1426129159517586,0.0007657500682398677,False,True,repair,failed,0.013510291930288076,False,False,True,True,0.0,3.0,"step 1 still violates after 3 repair iterations (triggered by {'immutable': False, 'non_decreasing': False, 'age_horizon': True, 'directional': True})",,,,,,,,,,,
nhanes_real,3,v3,dsr_full_euclidean,0.05,74,decoded_naive,decoded_banded,euclidean,True,237428,246880,0.006001958972774446,1.1426129159517586,0.0007657500682398677,True,False,,clean,0.01686770806554705,,,,,0.0,0.0,,"[3086, 2028]",2.0,1.9139091968536377,False,False,False,False,False,False,-8.294607012400505,10.068642616271973
nhanes_real,3,v3,dsr_full_euclidean,0.05,76,decoded_naive,decoded_banded,euclidean,True,237428,246880,0.006001958972774446,1.1426129159517586,0.0007657500682398677,False,True,repair,failed,0.018019957933574915,False,True,False,True,0.0,3.0,"step 1 still violates after 3 repair iterations (triggered by {'immutable': False, 'non_decreasing': True, 'age_horizon': False, 'directional': True})",,,,,,,,,,,
nhanes_real,3,v3,dsr_full_euclidean,0.05,80,decoded_naive,decoded_banded,euclidean,True,237428,246880,0.006001958972774446,1.1426129159517586,0.0007657500682398677,True,False,,repaired,0.0161003329558298,False,False,False,True,1.0,1.0,,"[3086, 604]",2.0,0.8247645497322083,False,False,False,False,False,False,-7.776038509542357,6.593858242034912
nhanes_real,3,v3,dsr_full_euclidean,0.05,84,decoded_naive,decoded_banded,euclidean,True,237428,246880,0.006001958972774446,1.1426129159517586,0.0007657500682398677,False,True,repair,failed,0.014010750106535852,False,False,True,True,0.0,3.0,"step 1 still violates after 3 repair iterations (triggered by {'immutable': False, 'non_decreasing': False, 'age_horizon': True, 'directional': True})",,,,,,,,,,,
nhanes_real,3,v3,dsr_full_euclidean,0.05,86,decoded_naive,decoded_banded,euclidean,True,237428,246880,0.006001958972774446,1.1426129159517586,0.0007657500682398677,True,False,,clean,0.0170543750282377,,,,,0.0,0.0,,"[3086, 3069]",2.0,0.33790457248687744,False,False,False,False,False,False,-6.293829749925446,1.1156724691390991
nhanes_real,3,v3,dsr_full_euclidean,0.05,87,decoded_naive,decoded_banded,euclidean,True,237428,246880,0.006001958972774446,1.1426129159517586,0.0007657500682398677,True,False,,clean,0.01773658290039748,,,,,0.0,0.0,,"[3086, 3019]",2.0,2.1778361797332764,False,False,False,False,False,False,-7.300309541521034,6.094970703125
nhanes_real,3,v3,dsr_full_euclidean,0.05,91,decoded_naive,decoded_banded,euclidean,True,237428,246880,0.006001958972774446,1.1426129159517586,0.0007657500682398677,False,True,search,,0.01995987503323704,,,,,,,,,,,,,,,,,,
nhanes_real,3,v3,dsr_full_euclidean,0.05,92,decoded_naive,decoded_banded,euclidean,True,237428,246880,0.006001958972774446,1.1426129159517586,0.0007657500682398677,True,False,,clean,0.014581124996766448,,,,,0.0,0.0,,"[3086, 1825]",2.0,2.7678675651550293,False,False,False,False,False,False,-8.279262767933911,15.391958236694336
nhanes_real,3,v3,dsr_full_euclidean,0.05,93,decoded_naive,decoded_banded,euclidean,True,237428,246880,0.006001958972774446,1.1426129159517586,0.0007657500682398677,False,True,repair,failed,0.018814624985679984,False,True,False,False,0.0,3.0,"step 1 still violates after 3 repair iterations (triggered by {'immutable': False, 'non_decreasing': True, 'age_horizon': False, 'directional': False})",,,,,,,,,,,
nhanes_real,3,v3,dsr_full_euclidean,0.05,96,decoded_naive,decoded_banded,euclidean,True,237428,246880,0.006001958972774446,1.1426129159517586,0.0007657500682398677,False,True,search,,0.017753291060216725,,,,,,,,,,,,,,,,,,
nhanes_real,3,v3,dsr_full_euclidean,0.05,97,decoded_naive,decoded_banded,euclidean,True,237428,246880,0.006001958972774446,1.1426129159517586,0.0007657500682398677,False,True,search,,0.017427332932129502,,,,,,,,,,,,,,,,,,
nhanes_real,3,v3,dsr_full_euclidean,0.05,98,decoded_naive,decoded_banded,euclidean,True,237428,246880,0.006001958972774446,1.1426129159517586,0.0007657500682398677,False,True,search,,0.014293125015683472,,,,,,,,,,,,,,,,,,
nhanes_real,3,v3,dsr_full_euclidean,0.05,99,decoded_naive,decoded_banded,euclidean,True,237428,246880,0.006001958972774446,1.1426129159517586,0.0007657500682398677,False,True,search,,0.015898709069006145,,,,,,,,,,,,,,,,,,
nhanes_real,3,v3,dsr_full_euclidean,0.05,102,decoded_naive,decoded_banded,euclidean,True,237428,246880,0.006001958972774446,1.1426129159517586,0.0007657500682398677,False,True,repair,failed,0.017826249939389527,False,False,True,True,0.0,3.0,"step 1 still violates after 3 repair iterations (triggered by {'immutable': False, 'non_decreasing': False, 'age_horizon': True, 'directional': True})",,,,,,,,,,,
nhanes_real,3,v3,dsr_full_euclidean,0.05,103,decoded_naive,decoded_banded,euclidean,True,237428,246880,0.006001958972774446,1.1426129159517586,0.0007657500682398677,False,True,repair,failed,0.017064625048078597,False,False,True,True,0.0,3.0,"step 1 still violates after 3 repair iterations (triggered by {'immutable': False, 'non_decreasing': False, 'age_horizon': True, 'directional': True})",,,,,,,,,,,
nhanes_real,3,v3,dsr_full_euclidean,0.05,104,decoded_naive,decoded_banded,euclidean,True,237428,246880,0.006001958972774446,1.1426129159517586,0.0007657500682398677,False,True,repair,failed,0.017204124946147203,False,False,True,False,0.0,3.0,"step 1 still violates after 3 repair iterations (triggered by {'immutable': False, 'non_decreasing': False, 'age_horizon': True, 'directional': False})",,,,,,,,,,,
nhanes_real,3,v3,dsr_full_euclidean,0.05,105,decoded_naive,decoded_banded,euclidean,True,237428,246880,0.006001958972774446,1.1426129159517586,0.0007657500682398677,True,False,,clean,0.013833416975103319,,,,,0.0,0.0,,"[3086, 866]",2.0,1.0966675281524658,False,False,False,False,False,False,-6.346427742029995,2.105595111846924
nhanes_real,3,v3,dsr_full_euclidean,0.05,109,decoded_naive,decoded_banded,euclidean,True,237428,246880,0.006001958972774446,1.1426129159517586,0.0007657500682398677,True,False,,clean,0.01637166691944003,,,,,0.0,0.0,,"[3086, 2501]",2.0,1.1460026502609253,False,False,False,False,False,False,-7.226356978625017,5.979142665863037
nhanes_real,3,v3,dsr_full_euclidean,0.05,110,decoded_naive,decoded_banded,euclidean,True,237428,246880,0.006001958972774446,1.1426129159517586,0.0007657500682398677,False,True,search,,0.016795167000964284,,,,,,,,,,,,,,,,,,
nhanes_real,3,v3,dsr_full_euclidean,0.05,112,decoded_naive,decoded_banded,euclidean,True,237428,246880,0.006001958972774446,1.1426129159517586,0.0007657500682398677,True,False,,clean,0.017032790929079056,,,,,0.0,0.0,,"[3086, 369]",2.0,0.3768872916698456,False,False,False,False,False,False,-6.342595866009494,1.0914993286132812
nhanes_real,3,v3,dsr_full_euclidean,0.05,113,decoded_naive,decoded_banded,euclidean,True,237428,246880,0.006001958972774446,1.1426129159517586,0.0007657500682398677,False,True,search,,0.012952083023265004,,,,,,,,,,,,,,,,,,
nhanes_real,3,v3,dsr_full_euclidean,0.05,120,decoded_naive,decoded_banded,euclidean,True,237428,246880,0.006001958972774446,1.1426129159517586,0.0007657500682398677,False,True,repair,failed,0.016065999981947243,False,False,True,False,0.0,3.0,"step 1 still violates after 3 repair iterations (triggered by {'immutable': False, 'non_decreasing': False, 'age_horizon': True, 'directional': False})",,,,,,,,,,,
nhanes_real,3,v3,dsr_full_euclidean,0.05,121,decoded_naive,decoded_banded,euclidean,True,237428,246880,0.006001958972774446,1.1426129159517586,0.0007657500682398677,True,False,,clean,0.02003820799291134,,,,,0.0,0.0,,"[3086, 237]",2.0,1.4095025062561035,False,False,False,False,False,False,-6.5245466433882155,4.478635787963867
nhanes_real,3,v3,dsr_full_euclidean,0.05,123,decoded_naive,decoded_banded,euclidean,True,237428,246880,0.006001958972774446,1.1426129159517586,0.0007657500682398677,False,True,search,,0.017036499921232462,,,,,,,,,,,,,,,,,,
nhanes_real,3,v3,dsr_full_euclidean,0.05,124,decoded_naive,decoded_banded,euclidean,True,237428,246880,0.006001958972774446,1.1426129159517586,0.0007657500682398677,False,True,search,,0.014308084035292268,,,,,,,,,,,,,,,,,,
nhanes_real,3,v3,dsr_full_euclidean,0.05,130,decoded_naive,decoded_banded,euclidean,True,237428,246880,0.006001958972774446,1.1426129159517586,0.0007657500682398677,False,True,search,,0.015598332975059748,,,,,,,,,,,,,,,,,,
nhanes_real,3,v3,dsr_full_euclidean,0.05,131,decoded_naive,decoded_banded,euclidean,True,237428,246880,0.006001958972774446,1.1426129159517586,0.0007657500682398677,True,False,,clean,0.01617512502707541,,,,,0.0,0.0,,"[3086, 2742]",2.0,0.5803887844085693,False,False,False,False,False,False,-6.198319993899478,1.338891863822937
nhanes_real,3,v3,dsr_full_euclidean,0.05,132,decoded_naive,decoded_banded,euclidean,True,237428,246880,0.006001958972774446,1.1426129159517586,0.0007657500682398677,False,True,search,,0.017273582983762026,,,,,,,,,,,,,,,,,,
nhanes_real,3,v3,dsr_full_euclidean,0.05,133,decoded_naive,decoded_banded,euclidean,True,237428,246880,0.006001958972774446,1.1426129159517586,0.0007657500682398677,False,True,search,,0.016555291949771345,,,,,,,,,,,,,,,,,,
nhanes_real,3,v3,dsr_full_euclidean,0.05,138,decoded_naive,decoded_banded,euclidean,True,237428,246880,0.006001958972774446,1.1426129159517586,0.0007657500682398677,True,False,,clean,0.01380591606721282,,,,,0.0,0.0,,"[3086, 1923]",2.0,0.9933308959007263,False,False,False,False,False,False,-6.58340572078789,3.7065255641937256
nhanes_real,3,v3,dsr_full_euclidean,0.05,140,decoded_naive,decoded_banded,euclidean,True,237428,246880,0.006001958972774446,1.1426129159517586,0.0007657500682398677,False,True,search,,0.01610333297867328,,,,,,,,,,,,,,,,,,
nhanes_real,3,v3,dsr_full_euclidean,0.05,147,decoded_naive,decoded_banded,euclidean,True,237428,246880,0.006001958972774446,1.1426129159517586,0.0007657500682398677,False,True,repair,failed,0.016768582980148494,False,False,False,True,1.0,1.0,repaired terminal state is no longer low-risk,,,,,,,,,,,
nhanes_real,3,v3,dsr_full_euclidean,0.05,148,decoded_naive,decoded_banded,euclidean,True,237428,246880,0.006001958972774446,1.1426129159517586,0.0007657500682398677,True,False,,clean,0.018337042070925236,,,,,0.0,0.0,,"[3086, 1574]",2.0,0.7527866363525391,False,False,False,False,False,False,-7.356296413502815,1.2133169174194336
nhanes_real,3,v3,dsr_full_euclidean,0.05,149,decoded_naive,decoded_banded,euclidean,True,237428,246880,0.006001958972774446,1.1426129159517586,0.0007657500682398677,False,True,search,,0.013952874927781522,,,,,,,,,,,,,,,,,,
nhanes_real,3,v3,dsr_full_euclidean,0.05,151,decoded_naive,decoded_banded,euclidean,True,237428,246880,0.006001958972774446,1.1426129159517586,0.0007657500682398677,False,True,search,,0.017375542083755136,,,,,,,,,,,,,,,,,,
nhanes_real,3,v3,dsr_full_euclidean,0.05,153,decoded_naive,decoded_banded,euclidean,True,237428,246880,0.006001958972774446,1.1426129159517586,0.0007657500682398677,False,True,search,,0.017190124955959618,,,,,,,,,,,,,,,,,,
nhanes_real,3,v3,dsr_full_euclidean,0.05,155,decoded_naive,decoded_banded,euclidean,True,237428,246880,0.006001958972774446,1.1426129159517586,0.0007657500682398677,False,True,search,,0.017833666992373765,,,,,,,,,,,,,,,,,,
nhanes_real,3,v3,dsr_full_euclidean,0.05,156,decoded_naive,decoded_banded,euclidean,True,237428,246880,0.006001958972774446,1.1426129159517586,0.0007657500682398677,False,True,repair,failed,0.015019583981484175,False,False,False,True,1.0,2.0,repaired terminal state is no longer low-risk,,,,,,,,,,,
nhanes_real,3,v3,dsr_full_euclidean,0.05,158,decoded_naive,decoded_banded,euclidean,True,237428,246880,0.006001958972774446,1.1426129159517586,0.0007657500682398677,False,True,search,,0.015015499899163842,,,,,,,,,,,,,,,,,,
nhanes_real,3,v3,dsr_full_euclidean,0.05,159,decoded_naive,decoded_banded,euclidean,True,237428,246880,0.006001958972774446,1.1426129159517586,0.0007657500682398677,True,False,,clean,0.015872499905526638,,,,,0.0,0.0,,"[3086, 2124]",2.0,0.3117561936378479,False,False,False,False,False,False,-6.10969715982877,0.8816646933555603
nhanes_real,3,v3,dsr_full_euclidean,0.05,161,decoded_naive,decoded_banded,euclidean,True,237428,246880,0.006001958972774446,1.1426129159517586,0.0007657500682398677,True,False,,clean,0.0183538330020383,,,,,0.0,0.0,,"[3086, 852]",2.0,1.0071455240249634,False,False,False,False,False,False,-7.099479660854092,3.104896068572998
nhanes_real,3,v3,dsr_full_euclidean,0.05,163,decoded_naive,decoded_banded,euclidean,True,237428,246880,0.006001958972774446,1.1426129159517586,0.0007657500682398677,False,True,search,,0.017168625025078654,,,,,,,,,,,,,,,,,,
nhanes_real,3,v3,dsr_full_euclidean,0.05,164,decoded_naive,decoded_banded,euclidean,True,237428,246880,0.006001958972774446,1.1426129159517586,0.0007657500682398677,False,True,repair,failed,0.015190874924883246,False,False,True,False,1.0,1.0,repaired terminal state is no longer low-risk,,,,,,,,,,,
nhanes_real,3,v3,dsr_full_euclidean,0.05,165,decoded_naive,decoded_banded,euclidean,True,237428,246880,0.006001958972774446,1.1426129159517586,0.0007657500682398677,True,False,,clean,0.016962749999947846,,,,,0.0,0.0,,"[3086, 1559]",2.0,0.682410717010498,False,False,False,False,False,False,-6.4964330414624225,2.5037875175476074
nhanes_real,3,v3,dsr_full_euclidean,0.05,169,decoded_naive,decoded_banded,euclidean,True,237428,246880,0.006001958972774446,1.1426129159517586,0.0007657500682398677,False,True,repair,failed,0.0178013329859823,False,False,False,True,0.0,3.0,"step 1 still violates after 3 repair iterations (triggered by {'immutable': False, 'non_decreasing': False, 'age_horizon': False, 'directional': True})",,,,,,,,,,,
nhanes_real,3,v3,dsr_full_euclidean,0.05,171,decoded_naive,decoded_banded,euclidean,True,237428,246880,0.006001958972774446,1.1426129159517586,0.0007657500682398677,False,True,search,,0.01813741703517735,,,,,,,,,,,,,,,,,,
nhanes_real,3,v3,dsr_full_euclidean,0.05,172,decoded_naive,decoded_banded,euclidean,True,237428,246880,0.006001958972774446,1.1426129159517586,0.0007657500682398677,False,True,search,,0.013231375021860003,,,,,,,,,,,,,,,,,,
nhanes_real,3,v3,dsr_full_euclidean,0.05,174,decoded_naive,decoded_banded,euclidean,True,237428,246880,0.006001958972774446,1.1426129159517586,0.0007657500682398677,False,True,repair,failed,0.016672124969772995,False,False,False,True,0.0,3.0,"step 1 still violates after 3 repair iterations (triggered by {'immutable': False, 'non_decreasing': False, 'age_horizon': False, 'directional': True})",,,,,,,,,,,
nhanes_real,3,v3,dsr_full_euclidean,0.05,176,decoded_naive,decoded_banded,euclidean,True,237428,246880,0.006001958972774446,1.1426129159517586,0.0007657500682398677,False,True,search,,0.015927332919090986,,,,,,,,,,,,,,,,,,
nhanes_real,3,v3,dsr_full_euclidean,0.05,177,decoded_naive,decoded_banded,euclidean,True,237428,246880,0.006001958972774446,1.1426129159517586,0.0007657500682398677,True,False,,clean,0.01750220893882215,,,,,0.0,0.0,,"[3086, 2028]",2.0,0.8296920657157898,False,False,False,False,False,False,-6.930121224397329,2.205294609069824
nhanes_real,3,v3,dsr_full_euclidean,0.05,178,decoded_naive,decoded_banded,euclidean,True,237428,246880,0.006001958972774446,1.1426129159517586,0.0007657500682398677,False,True,repair,failed,0.014620125060901046,False,False,False,True,0.0,3.0,"step 1 still violates after 3 repair iterations (triggered by {'immutable': False, 'non_decreasing': False, 'age_horizon': False, 'directional': True})",,,,,,,,,,,
nhanes_real,3,v3,dsr_full_euclidean,0.05,180,decoded_naive,decoded_banded,euclidean,True,237428,246880,0.006001958972774446,1.1426129159517586,0.0007657500682398677,False,True,repair,failed,0.016351332888007164,False,False,True,False,0.0,3.0,"step 1 still violates after 3 repair iterations (triggered by {'immutable': False, 'non_decreasing': False, 'age_horizon': True, 'directional': False})",,,,,,,,,,,
nhanes_real,3,v3,dsr_full_euclidean,0.05,183,decoded_naive,decoded_banded,euclidean,True,237428,246880,0.006001958972774446,1.1426129159517586,0.0007657500682398677,True,False,,clean,0.016910667065531015,,,,,0.0,0.0,,"[3086, 1206]",2.0,0.21222491562366486,False,False,False,False,False,False,-6.32149337950602,0.6181880831718445
nhanes_real,3,v3,dsr_full_euclidean,0.05,184,decoded_naive,decoded_banded,euclidean,True,237428,246880,0.006001958972774446,1.1426129159517586,0.0007657500682398677,False,True,search,,0.01625766698271036,,,,,,,,,,,,,,,,,,
nhanes_real,3,v3,dsr_full_euclidean,0.05,185,decoded_naive,decoded_banded,euclidean,True,237428,246880,0.006001958972774446,1.1426129159517586,0.0007657500682398677,True,False,,clean,0.016075334046036005,,,,,0.0,0.0,,"[3086, 1923]",2.0,0.8074702024459839,False,False,False,False,False,False,-6.424545660437443,2.190946578979492
nhanes_real,3,v3,dsr_full_euclidean,0.05,189,decoded_naive,decoded_banded,euclidean,True,237428,246880,0.006001958972774446,1.1426129159517586,0.0007657500682398677,True,False,,clean,0.014476040960289538,,,,,0.0,0.0,,"[3086, 1937]",2.0,0.3759749233722687,False,False,False,False,False,False,-6.512478219738501,0.7808997631072998
nhanes_real,3,v3,dsr_full_euclidean,0.05,190,decoded_naive,decoded_banded,euclidean,True,237428,246880,0.006001958972774446,1.1426129159517586,0.0007657500682398677,False,True,search,,0.017618083977140486,,,,,,,,,,,,,,,,,,
nhanes_real,3,v3,dsr_full_euclidean,0.05,191,decoded_naive,decoded_banded,euclidean,True,237428,246880,0.006001958972774446,1.1426129159517586,0.0007657500682398677,False,True,search,,0.01715937501285225,,,,,,,,,,,,,,,,,,
nhanes_real,3,v3,dsr_full_euclidean,0.05,193,decoded_naive,decoded_banded,euclidean,True,237428,246880,0.006001958972774446,1.1426129159517586,0.0007657500682398677,True,False,,clean,0.017049583955667913,,,,,0.0,0.0,,"[3086, 1343]",2.0,0.846464991569519,False,False,False,False,False,False,-6.571857943283035,2.494384765625
nhanes_real,3,v3,dsr_full_euclidean,0.05,194,decoded_naive,decoded_banded,euclidean,True,237428,246880,0.006001958972774446,1.1426129159517586,0.0007657500682398677,False,True,repair,failed,0.015718291979283094,False,False,False,True,0.0,3.0,"step 1 still violates after 3 repair iterations (triggered by {'immutable': False, 'non_decreasing': False, 'age_horizon': False, 'directional': True})",,,,,,,,,,,
nhanes_real,3,v3,dsr_full_euclidean,0.05,195,decoded_naive,decoded_banded,euclidean,True,237428,246880,0.006001958972774446,1.1426129159517586,0.0007657500682398677,True,False,,clean,0.015908749890513718,,,,,0.0,0.0,,"[3086, 1316]",2.0,0.8394069075584412,False,False,False,False,False,False,-6.289990537940997,1.8282643556594849
nhanes_real,3,v3,dsr_full_euclidean,0.05,196,decoded_naive,decoded_banded,euclidean,True,237428,246880,0.006001958972774446,1.1426129159517586,0.0007657500682398677,False,True,search,,0.016008583013899624,,,,,,,,,,,,,,,,,,
nhanes_real,3,v3,dsr_full_euclidean,0.05,199,decoded_naive,decoded_banded,euclidean,True,237428,246880,0.006001958972774446,1.1426129159517586,0.0007657500682398677,False,True,search,,0.016347583034075797,,,,,,,,,,,,,,,,,,
nhanes_real,3,v3,dsr_full_euclidean,0.05,202,decoded_naive,decoded_banded,euclidean,True,237428,246880,0.006001958972774446,1.1426129159517586,0.0007657500682398677,False,True,search,,0.01402350002899766,,,,,,,,,,,,,,,,,,
nhanes_real,3,v3,dsr_full_euclidean,0.05,207,decoded_naive,decoded_banded,euclidean,True,237428,246880,0.006001958972774446,1.1426129159517586,0.0007657500682398677,True,False,,repaired,0.016414875048212707,False,False,False,True,1.0,1.0,,"[3086, 2539]",2.0,0.4384785294532776,True,True,True,False,False,False,-6.478760839967663,2.5982022285461426
nhanes_real,3,v3,dsr_full_euclidean,0.05,210,decoded_naive,decoded_banded,euclidean,True,237428,246880,0.006001958972774446,1.1426129159517586,0.0007657500682398677,False,True,repair,failed,0.017282792017795146,False,False,False,True,0.0,3.0,"step 1 still violates after 3 repair iterations (triggered by {'immutable': False, 'non_decreasing': False, 'age_horizon': False, 'directional': True})",,,,,,,,,,,
nhanes_real,3,v3,dsr_full_euclidean,0.05,212,decoded_naive,decoded_banded,euclidean,True,237428,246880,0.006001958972774446,1.1426129159517586,0.0007657500682398677,False,True,search,,0.0165607079397887,,,,,,,,,,,,,,,,,,
nhanes_real,3,v3,dsr_full_euclidean,0.05,216,decoded_naive,decoded_banded,euclidean,True,237428,246880,0.006001958972774446,1.1426129159517586,0.0007657500682398677,False,True,repair,failed,0.015304042026400566,False,False,False,True,0.0,3.0,"step 1 still violates after 3 repair iterations (triggered by {'immutable': False, 'non_decreasing': False, 'age_horizon': False, 'directional': True})",,,,,,,,,,,
nhanes_real,3,v3,dsr_full_euclidean,0.05,221,decoded_naive,decoded_banded,euclidean,True,237428,246880,0.006001958972774446,1.1426129159517586,0.0007657500682398677,False,True,repair,failed,0.016789791989140213,False,False,False,True,0.0,3.0,"step 1 still violates after 3 repair iterations (triggered by {'immutable': False, 'non_decreasing': False, 'age_horizon': False, 'directional': True})",,,,,,,,,,,
nhanes_real,3,v3,dsr_full_euclidean,0.05,226,decoded_naive,decoded_banded,euclidean,True,237428,246880,0.006001958972774446,1.1426129159517586,0.0007657500682398677,True,False,,clean,0.01655266701709479,,,,,0.0,0.0,,"[3086, 1874]",2.0,0.5180238485336304,False,False,False,False,False,False,-6.416996810813499,1.424769639968872
nhanes_real,3,v3,dsr_full_euclidean,0.05,227,decoded_naive,decoded_banded,euclidean,True,237428,246880,0.006001958972774446,1.1426129159517586,0.0007657500682398677,False,True,search,,0.015982583980076015,,,,,,,,,,,,,,,,,,
nhanes_real,3,v3,dsr_full_euclidean,0.05,228,decoded_naive,decoded_banded,euclidean,True,237428,246880,0.006001958972774446,1.1426129159517586,0.0007657500682398677,False,True,repair,failed,0.017315790988504887,False,False,True,False,0.0,3.0,"step 1 still violates after 3 repair iterations (triggered by {'immutable': False, 'non_decreasing': False, 'age_horizon': True, 'directional': False})",,,,,,,,,,,
nhanes_real,3,v3,dsr_full_euclidean,0.05,238,decoded_naive,decoded_banded,euclidean,True,237428,246880,0.006001958972774446,1.1426129159517586,0.0007657500682398677,True,False,,clean,0.013737499946728349,,,,,0.0,0.0,,"[3086, 1508]",2.0,2.0577456951141357,False,False,False,False,False,False,-7.067813116137204,4.2591166496276855
nhanes_real,3,v3,dsr_full_euclidean,0.05,239,decoded_naive,decoded_banded,euclidean,True,237428,246880,0.006001958972774446,1.1426129159517586,0.0007657500682398677,False,True,search,,0.01590591704007238,,,,,,,,,,,,,,,,,,
nhanes_real,3,v3,dsr_full_euclidean,0.05,240,decoded_naive,decoded_banded,euclidean,True,237428,246880,0.006001958972774446,1.1426129159517586,0.0007657500682398677,False,True,search,,0.01627849997021258,,,,,,,,,,,,,,,,,,
nhanes_real,3,v3,dsr_full_euclidean,0.05,242,decoded_naive,decoded_banded,euclidean,True,237428,246880,0.006001958972774446,1.1426129159517586,0.0007657500682398677,False,True,repair,failed,0.01176941697485745,False,False,True,False,1.0,1.0,repaired terminal state is no longer low-risk,,,,,,,,,,,
nhanes_real,3,v3,dsr_full_euclidean,0.05,244,decoded_naive,decoded_banded,euclidean,True,237428,246880,0.006001958972774446,1.1426129159517586,0.0007657500682398677,True,False,,clean,0.011331249959766865,,,,,0.0,0.0,,"[3086, 1574]",2.0,1.4494247436523438,False,False,False,False,False,False,-7.875381012160784,3.620422601699829
nhanes_real,3,v3,dsr_full_euclidean,0.05,250,decoded_naive,decoded_banded,euclidean,True,237428,246880,0.006001958972774446,1.1426129159517586,0.0007657500682398677,False,True,repair,failed,0.012553374981507659,False,True,False,True,0.0,3.0,"step 1 still violates after 3 repair iterations (triggered by {'immutable': False, 'non_decreasing': True, 'age_horizon': False, 'directional': True})",,,,,,,,,,,
nhanes_real,3,v3,dsr_full_euclidean,0.05,251,decoded_naive,decoded_banded,euclidean,True,237428,246880,0.006001958972774446,1.1426129159517586,0.0007657500682398677,True,False,,clean,0.013622749946080148,,,,,0.0,0.0,,"[3086, 237]",2.0,2.624436855316162,False,False,False,False,False,False,-7.272981088863603,7.910952568054199
nhanes_real,3,v3,dsr_full_euclidean,0.05,252,decoded_naive,decoded_banded,euclidean,True,237428,246880,0.006001958972774446,1.1426129159517586,0.0007657500682398677,False,True,search,,0.009971166029572487,,,,,,,,,,,,,,,,,,
nhanes_real,3,v3,dsr_full_euclidean,0.05,254,decoded_naive,decoded_banded,euclidean,True,237428,246880,0.006001958972774446,1.1426129159517586,0.0007657500682398677,False,True,search,,0.01001858408562839,,,,,,,,,,,,,,,,,,
nhanes_real,3,v3,dsr_full_euclidean,0.05,259,decoded_naive,decoded_banded,euclidean,True,237428,246880,0.006001958972774446,1.1426129159517586,0.0007657500682398677,False,True,search,,0.009661291958764195,,,,,,,,,,,,,,,,,,
nhanes_real,3,v3,dsr_full_euclidean,0.05,261,decoded_naive,decoded_banded,euclidean,True,237428,246880,0.006001958972774446,1.1426129159517586,0.0007657500682398677,False,True,search,,0.009563124971464276,,,,,,,,,,,,,,,,,,
nhanes_real,3,v3,dsr_full_euclidean,0.05,262,decoded_naive,decoded_banded,euclidean,True,237428,246880,0.006001958972774446,1.1426129159517586,0.0007657500682398677,False,True,repair,failed,0.009375959052704275,False,False,False,True,1.0,1.0,repaired terminal state is no longer low-risk,,,,,,,,,,,
nhanes_real,3,v3,dsr_full_euclidean,0.05,265,decoded_naive,decoded_banded,euclidean,True,237428,246880,0.006001958972774446,1.1426129159517586,0.0007657500682398677,False,True,search,,0.009250834002159536,,,,,,,,,,,,,,,,,,
nhanes_real,3,v3,dsr_full_euclidean,0.05,271,decoded_naive,decoded_banded,euclidean,True,237428,246880,0.006001958972774446,1.1426129159517586,0.0007657500682398677,False,True,repair,failed,0.01033837499562651,False,False,True,False,0.0,3.0,"step 1 still violates after 3 repair iterations (triggered by {'immutable': False, 'non_decreasing': False, 'age_horizon': True, 'directional': False})",,,,,,,,,,,
nhanes_real,3,v3,dsr_full_euclidean,0.05,272,decoded_naive,decoded_banded,euclidean,True,237428,246880,0.006001958972774446,1.1426129159517586,0.0007657500682398677,False,True,repair,failed,0.010192916030064225,False,True,False,False,0.0,3.0,"step 1 still violates after 3 repair iterations (triggered by {'immutable': False, 'non_decreasing': True, 'age_horizon': False, 'directional': False})",,,,,,,,,,,
nhanes_real,3,v3,dsr_full_euclidean,0.05,275,decoded_naive,decoded_banded,euclidean,True,237428,246880,0.006001958972774446,1.1426129159517586,0.0007657500682398677,False,True,search,,0.00967716600280255,,,,,,,,,,,,,,,,,,
nhanes_real,3,v3,dsr_full_euclidean,0.05,276,decoded_naive,decoded_banded,euclidean,True,237428,246880,0.006001958972774446,1.1426129159517586,0.0007657500682398677,False,True,search,,0.009699124959297478,,,,,,,,,,,,,,,,,,
nhanes_real,3,v3,dsr_full_euclidean,0.05,277,decoded_naive,decoded_banded,euclidean,True,237428,246880,0.006001958972774446,1.1426129159517586,0.0007657500682398677,True,False,,clean,0.010003832983784378,,,,,0.0,0.0,,"[3086, 1799]",2.0,1.3151555061340332,False,False,False,False,False,False,-6.54264302285514,2.9220163822174072
nhanes_real,3,v3,dsr_full_euclidean,0.05,279,decoded_naive,decoded_banded,euclidean,True,237428,246880,0.006001958972774446,1.1426129159517586,0.0007657500682398677,False,True,repair,failed,0.009828874957747757,False,False,True,False,1.0,1.0,repair broke monotone risk reduction along the path,,,,,,,,,,,
nhanes_real,3,v3,dsr_full_euclidean,0.05,280,decoded_naive,decoded_banded,euclidean,True,237428,246880,0.006001958972774446,1.1426129159517586,0.0007657500682398677,False,True,search,,0.01058279094286263,,,,,,,,,,,,,,,,,,
nhanes_real,3,v3,dsr_full_euclidean,0.05,283,decoded_naive,decoded_banded,euclidean,True,237428,246880,0.006001958972774446,1.1426129159517586,0.0007657500682398677,False,True,search,,0.014594041975215077,,,,,,,,,,,,,,,,,,
nhanes_real,3,v3,dsr_full_euclidean,0.05,284,decoded_naive,decoded_banded,euclidean,True,237428,246880,0.006001958972774446,1.1426129159517586,0.0007657500682398677,False,True,search,,0.01778412505518645,,,,,,,,,,,,,,,,,,
nhanes_real,3,v3,dsr_full_euclidean,0.05,285,decoded_naive,decoded_banded,euclidean,True,237428,246880,0.006001958972774446,1.1426129159517586,0.0007657500682398677,False,True,search,,0.01641641592141241,,,,,,,,,,,,,,,,,,
nhanes_real,3,v3,dsr_full_euclidean,0.05,288,decoded_naive,decoded_banded,euclidean,True,237428,246880,0.006001958972774446,1.1426129159517586,0.0007657500682398677,False,True,repair,failed,0.017899915925227106,False,True,False,True,0.0,3.0,"step 1 still violates after 3 repair iterations (triggered by {'immutable': False, 'non_decreasing': True, 'age_horizon': False, 'directional': True})",,,,,,,,,,,
nhanes_real,3,v3,dsr_full_euclidean,0.05,290,decoded_naive,decoded_banded,euclidean,True,237428,246880,0.006001958972774446,1.1426129159517586,0.0007657500682398677,True,False,,clean,0.013546542031690478,,,,,0.0,0.0,,"[3086, 1825]",2.0,0.6358529925346375,False,False,False,False,False,False,-6.368399253692003,1.9863919019699097
nhanes_real,3,v3,dsr_full_euclidean,0.05,291,decoded_naive,decoded_banded,euclidean,True,237428,246880,0.006001958972774446,1.1426129159517586,0.0007657500682398677,True,False,,clean,0.015399749972857535,,,,,0.0,0.0,,"[3086, 117]",2.0,1.2216994762420654,False,False,False,False,False,False,-8.500915851943867,8.22259521484375
nhanes_real,3,v3,dsr_full_euclidean,0.05,292,decoded_naive,decoded_banded,euclidean,True,237428,246880,0.006001958972774446,1.1426129159517586,0.0007657500682398677,False,True,repair,failed,0.01586670894175768,False,False,True,False,1.0,1.0,repaired terminal state is no longer low-risk,,,,,,,,,,,
nhanes_real,3,v3,dsr_full_euclidean,0.05,296,decoded_naive,decoded_banded,euclidean,True,237428,246880,0.006001958972774446,1.1426129159517586,0.0007657500682398677,False,True,search,,0.01512070803437382,,,,,,,,,,,,,,,,,,
nhanes_real,3,v3,dsr_full_euclidean,0.05,302,decoded_naive,decoded_banded,euclidean,True,237428,246880,0.006001958972774446,1.1426129159517586,0.0007657500682398677,False,True,search,,0.01736820803489536,,,,,,,,,,,,,,,,,,
nhanes_real,3,v3,dsr_full_euclidean,0.05,304,decoded_naive,decoded_banded,euclidean,True,237428,246880,0.006001958972774446,1.1426129159517586,0.0007657500682398677,False,True,search,,0.014452458010055125,,,,,,,,,,,,,,,,,,
nhanes_real,3,v3,dsr_full_euclidean,0.05,308,decoded_naive,decoded_banded,euclidean,True,237428,246880,0.006001958972774446,1.1426129159517586,0.0007657500682398677,False,True,search,,0.016572583001106977,,,,,,,,,,,,,,,,,,
nhanes_real,3,v3,dsr_full_euclidean,0.05,309,decoded_naive,decoded_banded,euclidean,True,237428,246880,0.006001958972774446,1.1426129159517586,0.0007657500682398677,False,True,repair,failed,0.016214624978601933,False,False,False,True,0.0,3.0,"step 1 still violates after 3 repair iterations (triggered by {'immutable': False, 'non_decreasing': False, 'age_horizon': False, 'directional': True})",,,,,,,,,,,
nhanes_real,3,v3,dsr_full_euclidean,0.05,310,decoded_naive,decoded_banded,euclidean,True,237428,246880,0.006001958972774446,1.1426129159517586,0.0007657500682398677,False,True,search,,0.018891124986112118,,,,,,,,,,,,,,,,,,
nhanes_real,3,v3,dsr_full_euclidean,0.05,311,decoded_naive,decoded_banded,euclidean,True,237428,246880,0.006001958972774446,1.1426129159517586,0.0007657500682398677,False,True,search,,0.012596457963809371,,,,,,,,,,,,,,,,,,
nhanes_real,3,v3,dsr_full_euclidean,0.05,314,decoded_naive,decoded_banded,euclidean,True,237428,246880,0.006001958972774446,1.1426129159517586,0.0007657500682398677,False,True,search,,0.015420292038470507,,,,,,,,,,,,,,,,,,
nhanes_real,3,v3,dsr_full_euclidean,0.05,318,decoded_naive,decoded_banded,euclidean,True,237428,246880,0.006001958972774446,1.1426129159517586,0.0007657500682398677,False,True,search,,0.01666654204018414,,,,,,,,,,,,,,,,,,
nhanes_real,3,v3,dsr_full_euclidean,0.05,319,decoded_naive,decoded_banded,euclidean,True,237428,246880,0.006001958972774446,1.1426129159517586,0.0007657500682398677,False,True,search,,0.016135041951201856,,,,,,,,,,,,,,,,,,
nhanes_real,3,v3,dsr_full_euclidean,0.05,320,decoded_naive,decoded_banded,euclidean,True,237428,246880,0.006001958972774446,1.1426129159517586,0.0007657500682398677,True,False,,clean,0.01704474992584437,,,,,0.0,0.0,,"[3086, 1508]",2.0,3.3890209197998047,False,False,False,False,False,False,-8.507991717829647,14.21459674835205
nhanes_real,3,v3,dsr_full_euclidean,0.05,321,decoded_naive,decoded_banded,euclidean,True,237428,246880,0.006001958972774446,1.1426129159517586,0.0007657500682398677,True,False,,clean,0.01327654195483774,,,,,0.0,0.0,,"[3086, 2028]",2.0,0.9006090760231018,False,False,False,False,False,False,-7.097624974318501,2.534125328063965
nhanes_real,3,v3,dsr_full_euclidean,0.05,322,decoded_naive,decoded_banded,euclidean,True,237428,246880,0.006001958972774446,1.1426129159517586,0.0007657500682398677,False,True,repair,failed,0.01623895892407745,False,False,True,False,0.0,3.0,"step 1 still violates after 3 repair iterations (triggered by {'immutable': False, 'non_decreasing': False, 'age_horizon': True, 'directional': False})",,,,,,,,,,,
nhanes_real,3,v3,dsr_full_euclidean,0.05,324,decoded_naive,decoded_banded,euclidean,True,237428,246880,0.006001958972774446,1.1426129159517586,0.0007657500682398677,False,True,repair,failed,0.015486208023503423,False,False,False,True,0.0,3.0,"step 1 still violates after 3 repair iterations (triggered by {'immutable': False, 'non_decreasing': False, 'age_horizon': False, 'directional': True})",,,,,,,,,,,
nhanes_real,3,v3,dsr_full_euclidean,0.05,326,decoded_naive,decoded_banded,euclidean,True,237428,246880,0.006001958972774446,1.1426129159517586,0.0007657500682398677,False,True,repair,failed,0.018853208981454372,False,False,True,False,0.0,3.0,"step 1 still violates after 3 repair iterations (triggered by {'immutable': False, 'non_decreasing': False, 'age_horizon': True, 'directional': False})",,,,,,,,,,,
nhanes_real,3,v3,dsr_full_euclidean,0.05,327,decoded_naive,decoded_banded,euclidean,True,237428,246880,0.006001958972774446,1.1426129159517586,0.0007657500682398677,True,False,,clean,0.012835959088988602,,,,,0.0,0.0,,"[3086, 724]",2.0,0.8786391615867615,False,False,False,False,False,False,-6.361405998881846,2.068540573120117
nhanes_real,3,v3,dsr_full_euclidean,0.05,328,decoded_naive,decoded_banded,euclidean,True,237428,246880,0.006001958972774446,1.1426129159517586,0.0007657500682398677,False,True,repair,failed,0.017537040985189378,False,True,False,False,0.0,3.0,"step 1 still violates after 3 repair iterations (triggered by {'immutable': False, 'non_decreasing': True, 'age_horizon': False, 'directional': False})",,,,,,,,,,,
nhanes_real,3,v3,dsr_full_euclidean,0.05,329,decoded_naive,decoded_banded,euclidean,True,237428,246880,0.006001958972774446,1.1426129159517586,0.0007657500682398677,False,True,search,,0.0164839590433985,,,,,,,,,,,,,,,,,,
nhanes_real,3,v3,dsr_full_euclidean,0.05,332,decoded_naive,decoded_banded,euclidean,True,237428,246880,0.006001958972774446,1.1426129159517586,0.0007657500682398677,True,False,,clean,0.014310333994217217,,,,,0.0,0.0,,"[3086, 1508]",2.0,1.3891218900680542,False,False,False,False,False,False,-7.17663128782634,3.3607335090637207
nhanes_real,3,v3,dsr_full_euclidean,0.05,339,decoded_naive,decoded_banded,euclidean,True,237428,246880,0.006001958972774446,1.1426129159517586,0.0007657500682398677,False,True,search,,0.01492699992377311,,,,,,,,,,,,,,,,,,
nhanes_real,3,v3,dsr_full_euclidean,0.05,340,decoded_naive,decoded_banded,euclidean,True,237428,246880,0.006001958972774446,1.1426129159517586,0.0007657500682398677,False,True,search,,0.015483750030398369,,,,,,,,,,,,,,,,,,
nhanes_real,3,v3,dsr_full_euclidean,0.05,341,decoded_naive,decoded_banded,euclidean,True,237428,246880,0.006001958972774446,1.1426129159517586,0.0007657500682398677,True,False,,clean,0.01653587503824383,,,,,0.0,0.0,,"[3086, 367]",2.0,2.8949239253997803,False,False,False,False,False,False,-7.361071833591765,9.72152042388916
nhanes_real,3,v3,dsr_full_euclidean,0.05,342,decoded_naive,decoded_banded,euclidean,True,237428,246880,0.006001958972774446,1.1426129159517586,0.0007657500682398677,False,True,search,,0.01997725002001971,,,,,,,,,,,,,,,,,,
nhanes_real,3,v3,dsr_full_euclidean,0.05,344,decoded_naive,decoded_banded,euclidean,True,237428,246880,0.006001958972774446,1.1426129159517586,0.0007657500682398677,False,True,search,,0.018272916902787983,,,,,,,,,,,,,,,,,,
nhanes_real,3,v3,dsr_full_euclidean,0.05,346,decoded_naive,decoded_banded,euclidean,True,237428,246880,0.006001958972774446,1.1426129159517586,0.0007657500682398677,False,True,search,,0.015424291952513158,,,,,,,,,,,,,,,,,,
nhanes_real,3,v3,dsr_full_euclidean,0.05,347,decoded_naive,decoded_banded,euclidean,True,237428,246880,0.006001958972774446,1.1426129159517586,0.0007657500682398677,False,True,repair,failed,0.02040695899631828,False,True,False,True,0.0,3.0,"step 1 still violates after 3 repair iterations (triggered by {'immutable': False, 'non_decreasing': True, 'age_horizon': False, 'directional': True})",,,,,,,,,,,
nhanes_real,3,v3,dsr_full_euclidean,0.05,348,decoded_naive,decoded_banded,euclidean,True,237428,246880,0.006001958972774446,1.1426129159517586,0.0007657500682398677,False,True,search,,0.015162084018811584,,,,,,,,,,,,,,,,,,
nhanes_real,3,v3,dsr_full_euclidean,0.05,349,decoded_naive,decoded_banded,euclidean,True,237428,246880,0.006001958972774446,1.1426129159517586,0.0007657500682398677,True,False,,clean,0.018453459022566676,,,,,0.0,0.0,,"[3086, 2650]",2.0,0.2804740369319916,False,False,False,False,False,False,-6.238603509003758,0.7449626922607422
nhanes_real,3,v3,dsr_full_euclidean,0.05,351,decoded_naive,decoded_banded,euclidean,True,237428,246880,0.006001958972774446,1.1426129159517586,0.0007657500682398677,False,True,search,,0.014006417011842132,,,,,,,,,,,,,,,,,,
nhanes_real,3,v3,dsr_full_euclidean,0.05,357,decoded_naive,decoded_banded,euclidean,True,237428,246880,0.006001958972774446,1.1426129159517586,0.0007657500682398677,False,True,search,,0.016611957922577858,,,,,,,,,,,,,,,,,,
nhanes_real,3,v3,dsr_full_euclidean,0.05,360,decoded_naive,decoded_banded,euclidean,True,237428,246880,0.006001958972774446,1.1426129159517586,0.0007657500682398677,False,True,repair,failed,0.01728741591796279,False,False,False,True,0.0,3.0,"step 1 still violates after 3 repair iterations (triggered by {'immutable': False, 'non_decreasing': False, 'age_horizon': False, 'directional': True})",,,,,,,,,,,
nhanes_real,3,v3,dsr_full_euclidean,0.05,365,decoded_naive,decoded_banded,euclidean,True,237428,246880,0.006001958972774446,1.1426129159517586,0.0007657500682398677,False,True,search,,0.016413083067163825,,,,,,,,,,,,,,,,,,
nhanes_real,3,v3,dsr_full_euclidean,0.05,367,decoded_naive,decoded_banded,euclidean,True,237428,246880,0.006001958972774446,1.1426129159517586,0.0007657500682398677,True,False,,clean,0.014373833080753684,,,,,0.0,0.0,,"[3086, 1508]",2.0,3.2289862632751465,False,False,False,False,False,False,-7.413794554831081,7.998080253601074
nhanes_real,3,v3,dsr_full_euclidean,0.05,368,decoded_naive,decoded_banded,euclidean,True,237428,246880,0.006001958972774446,1.1426129159517586,0.0007657500682398677,True,False,,clean,0.015961874974891543,,,,,0.0,0.0,,"[3086, 237]",2.0,0.4202513098716736,False,False,False,False,False,False,-6.25869218323346,1.2324373722076416
nhanes_real,3,v3,dsr_full_euclidean,0.05,369,decoded_naive,decoded_banded,euclidean,True,237428,246880,0.006001958972774446,1.1426129159517586,0.0007657500682398677,False,True,repair,failed,0.017072082962840796,False,False,True,False,0.0,3.0,"step 1 still violates after 3 repair iterations (triggered by {'immutable': False, 'non_decreasing': False, 'age_horizon': True, 'directional': False})",,,,,,,,,,,
nhanes_real,3,v3,dsr_full_euclidean,0.05,370,decoded_naive,decoded_banded,euclidean,True,237428,246880,0.006001958972774446,1.1426129159517586,0.0007657500682398677,True,False,,clean,0.01738412503618747,,,,,0.0,0.0,,"[3086, 871]",2.0,0.9939515590667725,False,False,False,False,False,False,-9.681495525396986,6.041914939880371
nhanes_real,3,v3,dsr_full_euclidean,0.05,371,decoded_naive,decoded_banded,euclidean,True,237428,246880,0.006001958972774446,1.1426129159517586,0.0007657500682398677,False,True,search,,0.01589224999770522,,,,,,,,,,,,,,,,,,
nhanes_real,3,v3,dsr_full_euclidean,0.05,374,decoded_naive,decoded_banded,euclidean,True,237428,246880,0.006001958972774446,1.1426129159517586,0.0007657500682398677,False,True,search,,0.015666541061364114,,,,,,,,,,,,,,,,,,
nhanes_real,3,v3,dsr_full_euclidean,0.05,376,decoded_naive,decoded_banded,euclidean,True,237428,246880,0.006001958972774446,1.1426129159517586,0.0007657500682398677,False,True,search,,0.018021958065219223,,,,,,,,,,,,,,,,,,
nhanes_real,3,v3,dsr_full_euclidean,0.05,379,decoded_naive,decoded_banded,euclidean,True,237428,246880,0.006001958972774446,1.1426129159517586,0.0007657500682398677,False,True,search,,0.015820625005289912,,,,,,,,,,,,,,,,,,
nhanes_real,3,v3,dsr_full_euclidean,0.05,380,decoded_naive,decoded_banded,euclidean,True,237428,246880,0.006001958972774446,1.1426129159517586,0.0007657500682398677,False,True,search,,0.01606437494046986,,,,,,,,,,,,,,,,,,
nhanes_real,3,v3,dsr_full_euclidean,0.05,381,decoded_naive,decoded_banded,euclidean,True,237428,246880,0.006001958972774446,1.1426129159517586,0.0007657500682398677,True,False,,clean,0.012997958925552666,,,,,0.0,0.0,,"[3086, 1316]",2.0,2.1375625133514404,False,False,False,False,False,False,-6.647413519472596,5.871169090270996
nhanes_real,3,v3,dsr_full_euclidean,0.05,387,decoded_naive,decoded_banded,euclidean,True,237428,246880,0.006001958972774446,1.1426129159517586,0.0007657500682398677,False,True,search,,0.017057124990969896,,,,,,,,,,,,,,,,,,
nhanes_real,3,v3,dsr_full_euclidean,0.05,388,decoded_naive,decoded_banded,euclidean,True,237428,246880,0.006001958972774446,1.1426129159517586,0.0007657500682398677,False,True,search,,0.017155416077002883,,,,,,,,,,,,,,,,,,
nhanes_real,3,v3,dsr_full_euclidean,0.05,389,decoded_naive,decoded_banded,euclidean,True,237428,246880,0.006001958972774446,1.1426129159517586,0.0007657500682398677,True,False,,clean,0.015839249943383038,,,,,0.0,0.0,,"[3086, 1444]",2.0,0.6535142064094543,False,False,False,False,False,False,-8.735246518783946,4.743264198303223
nhanes_real,3,v3,dsr_full_euclidean,0.05,393,decoded_naive,decoded_banded,euclidean,True,237428,246880,0.006001958972774446,1.1426129159517586,0.0007657500682398677,False,True,search,,0.014217084040865302,,,,,,,,,,,,,,,,,,
nhanes_real,3,v3,dsr_full_euclidean,0.05,397,decoded_naive,decoded_banded,euclidean,True,237428,246880,0.006001958972774446,1.1426129159517586,0.0007657500682398677,False,True,search,,0.015841290936805308,,,,,,,,,,,,,,,,,,
nhanes_real,3,v3,dsr_full_euclidean,0.05,400,decoded_naive,decoded_banded,euclidean,True,237428,246880,0.006001958972774446,1.1426129159517586,0.0007657500682398677,False,True,search,,0.016269084066152573,,,,,,,,,,,,,,,,,,
nhanes_real,3,v3,dsr_full_euclidean,0.05,402,decoded_naive,decoded_banded,euclidean,True,237428,246880,0.006001958972774446,1.1426129159517586,0.0007657500682398677,False,True,search,,0.017110124928876758,,,,,,,,,,,,,,,,,,
nhanes_real,3,v3,dsr_full_euclidean,0.05,403,decoded_naive,decoded_banded,euclidean,True,237428,246880,0.006001958972774446,1.1426129159517586,0.0007657500682398677,False,True,search,,0.016892416984774172,,,,,,,,,,,,,,,,,,
nhanes_real,3,v3,dsr_full_euclidean,0.05,404,decoded_naive,decoded_banded,euclidean,True,237428,246880,0.006001958972774446,1.1426129159517586,0.0007657500682398677,False,True,repair,failed,0.015136415953747928,False,True,False,True,0.0,3.0,"step 1 still violates after 3 repair iterations (triggered by {'immutable': False, 'non_decreasing': True, 'age_horizon': False, 'directional': True})",,,,,,,,,,,
nhanes_real,3,v3,dsr_full_euclidean,0.05,407,decoded_naive,decoded_banded,euclidean,True,237428,246880,0.006001958972774446,1.1426129159517586,0.0007657500682398677,True,False,,clean,0.014323333976790309,,,,,0.0,0.0,,"[3086, 31]",2.0,0.8022427558898926,False,False,False,False,False,False,-6.7675823085939495,2.8048603534698486
nhanes_real,3,v3,dsr_full_euclidean,0.05,409,decoded_naive,decoded_banded,euclidean,True,237428,246880,0.006001958972774446,1.1426129159517586,0.0007657500682398677,True,False,,clean,0.011499959044158459,,,,,0.0,0.0,,"[3086, 228]",2.0,1.2100038528442383,False,False,False,False,False,False,-6.438410986472535,3.467684268951416
nhanes_real,3,v3,dsr_full_euclidean,0.05,411,decoded_naive,decoded_banded,euclidean,True,237428,246880,0.006001958972774446,1.1426129159517586,0.0007657500682398677,False,True,search,,0.013255583005957305,,,,,,,,,,,,,,,,,,
nhanes_real,3,v3,dsr_full_euclidean,0.05,412,decoded_naive,decoded_banded,euclidean,True,237428,246880,0.006001958972774446,1.1426129159517586,0.0007657500682398677,False,True,repair,failed,0.011574333999305964,False,True,False,False,0.0,3.0,"step 1 still violates after 3 repair iterations (triggered by {'immutable': False, 'non_decreasing': True, 'age_horizon': False, 'directional': False})",,,,,,,,,,,
nhanes_real,3,v3,dsr_full_euclidean,0.05,413,decoded_naive,decoded_banded,euclidean,True,237428,246880,0.006001958972774446,1.1426129159517586,0.0007657500682398677,True,False,,clean,0.009449790930375457,,,,,0.0,0.0,,"[3086, 1508]",2.0,2.0878114700317383,False,False,False,False,False,False,-7.18976258109096,5.348819732666016
nhanes_real,3,v3,dsr_full_euclidean,0.05,417,decoded_naive,decoded_banded,euclidean,True,237428,246880,0.006001958972774446,1.1426129159517586,0.0007657500682398677,False,True,repair,failed,0.010386041947640479,False,False,False,True,0.0,3.0,"step 1 still violates after 3 repair iterations (triggered by {'immutable': False, 'non_decreasing': False, 'age_horizon': False, 'directional': True})",,,,,,,,,,,
nhanes_real,3,v3,dsr_full_euclidean,0.05,418,decoded_naive,decoded_banded,euclidean,True,237428,246880,0.006001958972774446,1.1426129159517586,0.0007657500682398677,False,True,repair,failed,0.010746666928753257,False,False,False,True,0.0,3.0,"step 1 still violates after 3 repair iterations (triggered by {'immutable': False, 'non_decreasing': False, 'age_horizon': False, 'directional': True})",,,,,,,,,,,
nhanes_real,3,v3,dsr_full_euclidean,0.05,420,decoded_naive,decoded_banded,euclidean,True,237428,246880,0.006001958972774446,1.1426129159517586,0.0007657500682398677,False,True,repair,failed,0.009794500074349344,False,False,False,True,0.0,3.0,"step 1 still violates after 3 repair iterations (triggered by {'immutable': False, 'non_decreasing': False, 'age_horizon': False, 'directional': True})",,,,,,,,,,,
nhanes_real,3,v3,dsr_full_euclidean,0.05,422,decoded_naive,decoded_banded,euclidean,True,237428,246880,0.006001958972774446,1.1426129159517586,0.0007657500682398677,True,False,,clean,0.00992708292324096,,,,,0.0,0.0,,"[3086, 2062]",2.0,0.8921387791633606,False,False,False,False,False,False,-6.88970813442179,2.343430757522583
nhanes_real,3,v3,dsr_full_euclidean,0.05,424,decoded_naive,decoded_banded,euclidean,True,237428,246880,0.006001958972774446,1.1426129159517586,0.0007657500682398677,False,True,search,,0.010122999898158014,,,,,,,,,,,,,,,,,,
nhanes_real,3,v3,dsr_full_euclidean,0.05,427,decoded_naive,decoded_banded,euclidean,True,237428,246880,0.006001958972774446,1.1426129159517586,0.0007657500682398677,True,False,,clean,0.009838625090196729,,,,,0.0,0.0,,"[3086, 2518]",2.0,0.20261789858341217,False,False,False,False,False,False,-6.2446279008533665,0.3862142860889435
nhanes_real,3,v3,dsr_full_euclidean,0.05,430,decoded_naive,decoded_banded,euclidean,True,237428,246880,0.006001958972774446,1.1426129159517586,0.0007657500682398677,False,True,search,,0.009328250074759126,,,,,,,,,,,,,,,,,,
nhanes_real,3,v3,dsr_full_euclidean,0.05,432,decoded_naive,decoded_banded,euclidean,True,237428,246880,0.006001958972774446,1.1426129159517586,0.0007657500682398677,False,True,repair,failed,0.009855624986812472,False,False,False,True,0.0,3.0,"step 1 still violates after 3 repair iterations (triggered by {'immutable': False, 'non_decreasing': False, 'age_horizon': False, 'directional': True})",,,,,,,,,,,
nhanes_real,3,v3,dsr_full_euclidean,0.05,436,decoded_naive,decoded_banded,euclidean,True,237428,246880,0.006001958972774446,1.1426129159517586,0.0007657500682398677,False,True,search,,0.010272042010910809,,,,,,,,,,,,,,,,,,
nhanes_real,3,v3,dsr_full_euclidean,0.05,437,decoded_naive,decoded_banded,euclidean,True,237428,246880,0.006001958972774446,1.1426129159517586,0.0007657500682398677,False,True,repair,failed,0.010278708068653941,False,False,False,True,0.0,3.0,"step 1 still violates after 3 repair iterations (triggered by {'immutable': False, 'non_decreasing': False, 'age_horizon': False, 'directional': True})",,,,,,,,,,,
nhanes_real,3,v3,dsr_full_euclidean,0.05,438,decoded_naive,decoded_banded,euclidean,True,237428,246880,0.006001958972774446,1.1426129159517586,0.0007657500682398677,False,True,repair,failed,0.009876874973997474,False,False,False,True,0.0,3.0,"step 1 still violates after 3 repair iterations (triggered by {'immutable': False, 'non_decreasing': False, 'age_horizon': False, 'directional': True})",,,,,,,,,,,
nhanes_real,3,v3,dsr_full_euclidean,0.05,440,decoded_naive,decoded_banded,euclidean,True,237428,246880,0.006001958972774446,1.1426129159517586,0.0007657500682398677,False,True,repair,failed,0.01038450002670288,False,False,True,True,0.0,3.0,"step 1 still violates after 3 repair iterations (triggered by {'immutable': False, 'non_decreasing': False, 'age_horizon': True, 'directional': True})",,,,,,,,,,,
nhanes_real,3,v3,dsr_full_euclidean,0.05,443,decoded_naive,decoded_banded,euclidean,True,237428,246880,0.006001958972774446,1.1426129159517586,0.0007657500682398677,False,True,search,,0.01007591700181365,,,,,,,,,,,,,,,,,,
nhanes_real,3,v3,dsr_full_euclidean,0.05,444,decoded_naive,decoded_banded,euclidean,True,237428,246880,0.006001958972774446,1.1426129159517586,0.0007657500682398677,False,True,search,,0.009689000085927546,,,,,,,,,,,,,,,,,,
nhanes_real,3,v3,dsr_full_euclidean,0.05,446,decoded_naive,decoded_banded,euclidean,True,237428,246880,0.006001958972774446,1.1426129159517586,0.0007657500682398677,True,False,,clean,0.010322333895601332,,,,,0.0,0.0,,"[3086, 1870]",2.0,1.4373865127563477,False,False,False,False,False,False,-6.4781723317005335,3.322497844696045
nhanes_real,3,v3,dsr_full_euclidean,0.05,447,decoded_naive,decoded_banded,euclidean,True,237428,246880,0.006001958972774446,1.1426129159517586,0.0007657500682398677,False,True,search,,0.010039707995019853,,,,,,,,,,,,,,,,,,
nhanes_real,3,v3,dsr_full_euclidean,0.05,451,decoded_naive,decoded_banded,euclidean,True,237428,246880,0.006001958972774446,1.1426129159517586,0.0007657500682398677,True,False,,clean,0.010733959032222629,,,,,0.0,0.0,,"[3086, 1855]",2.0,3.4125723838806152,False,False,False,False,False,False,-7.30427014703697,9.08342170715332
nhanes_real,3,v3,dsr_full_euclidean,0.05,453,decoded_naive,decoded_banded,euclidean,True,237428,246880,0.006001958972774446,1.1426129159517586,0.0007657500682398677,False,True,repair,failed,0.010332167032174766,False,False,True,False,1.0,1.0,repaired terminal state is no longer low-risk,,,,,,,,,,,
nhanes_real,3,v3,dsr_full_euclidean,0.05,456,decoded_naive,decoded_banded,euclidean,True,237428,246880,0.006001958972774446,1.1426129159517586,0.0007657500682398677,False,True,repair,failed,0.010160999954678118,False,False,True,True,0.0,3.0,"step 1 still violates after 3 repair iterations (triggered by {'immutable': False, 'non_decreasing': False, 'age_horizon': True, 'directional': True})",,,,,,,,,,,
nhanes_real,3,v3,dsr_full_euclidean,0.05,457,decoded_naive,decoded_banded,euclidean,True,237428,246880,0.006001958972774446,1.1426129159517586,0.0007657500682398677,False,True,repair,failed,0.010172124952077866,False,False,False,True,0.0,3.0,"step 1 still violates after 3 repair iterations (triggered by {'immutable': False, 'non_decreasing': False, 'age_horizon': False, 'directional': True})",,,,,,,,,,,
nhanes_real,3,v3,dsr_full_euclidean,0.05,458,decoded_naive,decoded_banded,euclidean,True,237428,246880,0.006001958972774446,1.1426129159517586,0.0007657500682398677,False,True,repair,failed,0.009699916001409292,False,False,True,False,0.0,3.0,"step 1 still violates after 3 repair iterations (triggered by {'immutable': False, 'non_decreasing': False, 'age_horizon': True, 'directional': False})",,,,,,,,,,,
nhanes_real,3,v3,dsr_full_euclidean,0.05,459,decoded_naive,decoded_banded,euclidean,True,237428,246880,0.006001958972774446,1.1426129159517586,0.0007657500682398677,False,True,search,,0.01033183396793902,,,,,,,,,,,,,,,,,,
nhanes_real,3,v3,dsr_full_euclidean,0.05,461,decoded_naive,decoded_banded,euclidean,True,237428,246880,0.006001958972774446,1.1426129159517586,0.0007657500682398677,False,True,search,,0.009316583047620952,,,,,,,,,,,,,,,,,,
nhanes_real,3,v3,dsr_full_euclidean,0.05,462,decoded_naive,decoded_banded,euclidean,True,237428,246880,0.006001958972774446,1.1426129159517586,0.0007657500682398677,False,True,repair,failed,0.010278708999976516,False,False,True,False,0.0,3.0,"step 1 still violates after 3 repair iterations (triggered by {'immutable': False, 'non_decreasing': False, 'age_horizon': True, 'directional': False})",,,,,,,,,,,
nhanes_real,3,v3,dsr_full_euclidean,0.05,463,decoded_naive,decoded_banded,euclidean,True,237428,246880,0.006001958972774446,1.1426129159517586,0.0007657500682398677,False,True,repair,failed,0.009882832993753254,False,False,True,False,0.0,3.0,"step 1 still violates after 3 repair iterations (triggered by {'immutable': False, 'non_decreasing': False, 'age_horizon': True, 'directional': False})",,,,,,,,,,,
nhanes_real,3,v3,dsr_full_euclidean,0.05,465,decoded_naive,decoded_banded,euclidean,True,237428,246880,0.006001958972774446,1.1426129159517586,0.0007657500682398677,False,True,search,,0.009775792015716434,,,,,,,,,,,,,,,,,,
nhanes_real,3,v3,dsr_full_euclidean,0.05,468,decoded_naive,decoded_banded,euclidean,True,237428,246880,0.006001958972774446,1.1426129159517586,0.0007657500682398677,False,True,search,,0.009807375026866794,,,,,,,,,,,,,,,,,,
nhanes_real,3,v3,dsr_full_euclidean,0.05,469,decoded_naive,decoded_banded,euclidean,True,237428,246880,0.006001958972774446,1.1426129159517586,0.0007657500682398677,True,False,,clean,0.009787208051420748,,,,,0.0,0.0,,"[3086, 1299]",2.0,0.40779533982276917,False,False,False,False,False,False,-6.137237039753026,1.2336210012435913
nhanes_real,3,v3,dsr_full_euclidean,0.05,472,decoded_naive,decoded_banded,euclidean,True,237428,246880,0.006001958972774446,1.1426129159517586,0.0007657500682398677,False,True,search,,0.010070292046293616,,,,,,,,,,,,,,,,,,
nhanes_real,3,v3,dsr_full_euclidean,0.05,475,decoded_naive,decoded_banded,euclidean,True,237428,246880,0.006001958972774446,1.1426129159517586,0.0007657500682398677,False,True,repair,failed,0.010447249980643392,False,False,False,True,0.0,3.0,"step 1 still violates after 3 repair iterations (triggered by {'immutable': False, 'non_decreasing': False, 'age_horizon': False, 'directional': True})",,,,,,,,,,,
nhanes_real,3,v3,dsr_full_euclidean,0.05,477,decoded_naive,decoded_banded,euclidean,True,237428,246880,0.006001958972774446,1.1426129159517586,0.0007657500682398677,False,True,repair,failed,0.010512709035538137,False,False,False,True,1.0,1.0,repaired terminal state is no longer low-risk,,,,,,,,,,,
nhanes_real,3,v3,dsr_full_euclidean,0.05,481,decoded_naive,decoded_banded,euclidean,True,237428,246880,0.006001958972774446,1.1426129159517586,0.0007657500682398677,False,True,search,,0.009980208007618785,,,,,,,,,,,,,,,,,,
nhanes_real,3,v3,dsr_full_euclidean,0.05,483,decoded_naive,decoded_banded,euclidean,True,237428,246880,0.006001958972774446,1.1426129159517586,0.0007657500682398677,False,True,repair,failed,0.01013324991799891,False,False,False,True,1.0,1.0,repair broke monotone risk reduction along the path,,,,,,,,,,,
nhanes_real,3,v3,dsr_full_euclidean,0.05,484,decoded_naive,decoded_banded,euclidean,True,237428,246880,0.006001958972774446,1.1426129159517586,0.0007657500682398677,False,True,search,,0.009572417009621859,,,,,,,,,,,,,,,,,,
nhanes_real,3,v3,dsr_full_euclidean,0.05,485,decoded_naive,decoded_banded,euclidean,True,237428,246880,0.006001958972774446,1.1426129159517586,0.0007657500682398677,False,True,search,,0.009973958018235862,,,,,,,,,,,,,,,,,,
nhanes_real,3,v3,dsr_full_euclidean,0.05,486,decoded_naive,decoded_banded,euclidean,True,237428,246880,0.006001958972774446,1.1426129159517586,0.0007657500682398677,False,True,search,,0.0091196249704808,,,,,,,,,,,,,,,,,,
nhanes_real,3,v3,dsr_full_euclidean,0.05,487,decoded_naive,decoded_banded,euclidean,True,237428,246880,0.006001958972774446,1.1426129159517586,0.0007657500682398677,False,True,search,,0.009466332965530455,,,,,,,,,,,,,,,,,,
nhanes_real,3,v3,dsr_full_euclidean,0.05,489,decoded_naive,decoded_banded,euclidean,True,237428,246880,0.006001958972774446,1.1426129159517586,0.0007657500682398677,False,True,search,,0.010020000045187771,,,,,,,,,,,,,,,,,,
nhanes_real,3,v3,dsr_full_euclidean,0.05,493,decoded_naive,decoded_banded,euclidean,True,237428,246880,0.006001958972774446,1.1426129159517586,0.0007657500682398677,False,True,repair,failed,0.00975429208483547,False,True,False,False,0.0,3.0,"step 1 still violates after 3 repair iterations (triggered by {'immutable': False, 'non_decreasing': True, 'age_horizon': False, 'directional': False})",,,,,,,,,,,
nhanes_real,3,v3,dsr_full_euclidean,0.05,495,decoded_naive,decoded_banded,euclidean,True,237428,246880,0.006001958972774446,1.1426129159517586,0.0007657500682398677,False,True,repair,failed,0.009644583915360272,False,False,False,True,0.0,3.0,"step 1 still violates after 3 repair iterations (triggered by {'immutable': False, 'non_decreasing': False, 'age_horizon': False, 'directional': True})",,,,,,,,,,,
nhanes_real,3,v3,dsr_full_euclidean,0.05,500,decoded_naive,decoded_banded,euclidean,True,237428,246880,0.006001958972774446,1.1426129159517586,0.0007657500682398677,True,False,,clean,0.009165416937321424,,,,,0.0,0.0,,"[3086, 1147]",2.0,0.30975064635276794,False,False,False,False,False,False,-6.5484454621476695,0.9003975987434387
nhanes_real,3,v3,dsr_full_euclidean,0.05,501,decoded_naive,decoded_banded,euclidean,True,237428,246880,0.006001958972774446,1.1426129159517586,0.0007657500682398677,False,True,repair,failed,0.0095798330148682,False,False,False,True,0.0,3.0,"step 1 still violates after 3 repair iterations (triggered by {'immutable': False, 'non_decreasing': False, 'age_horizon': False, 'directional': True})",,,,,,,,,,,
nhanes_real,3,v3,dsr_full_euclidean,0.05,502,decoded_naive,decoded_banded,euclidean,True,237428,246880,0.006001958972774446,1.1426129159517586,0.0007657500682398677,False,True,search,,0.010405334061942995,,,,,,,,,,,,,,,,,,
nhanes_real,3,v3,dsr_full_euclidean,0.05,503,decoded_naive,decoded_banded,euclidean,True,237428,246880,0.006001958972774446,1.1426129159517586,0.0007657500682398677,False,True,repair,failed,0.01102379197254777,False,True,False,False,0.0,3.0,"step 1 still violates after 3 repair iterations (triggered by {'immutable': False, 'non_decreasing': True, 'age_horizon': False, 'directional': False})",,,,,,,,,,,
nhanes_real,3,v3,dsr_full_euclidean,0.05,506,decoded_naive,decoded_banded,euclidean,True,237428,246880,0.006001958972774446,1.1426129159517586,0.0007657500682398677,False,True,search,,0.009659165982156992,,,,,,,,,,,,,,,,,,
nhanes_real,3,v3,dsr_full_euclidean,0.05,507,decoded_naive,decoded_banded,euclidean,True,237428,246880,0.006001958972774446,1.1426129159517586,0.0007657500682398677,True,False,,clean,0.010722083039581776,,,,,0.0,0.0,,"[3086, 2130]",2.0,1.0595133304595947,False,False,False,False,False,False,-6.371173602554124,2.781170129776001
nhanes_real,3,v3,dsr_full_euclidean,0.05,508,decoded_naive,decoded_banded,euclidean,True,237428,246880,0.006001958972774446,1.1426129159517586,0.0007657500682398677,False,True,search,,0.010545916971750557,,,,,,,,,,,,,,,,,,
nhanes_real,3,v3,dsr_full_euclidean,0.05,509,decoded_naive,decoded_banded,euclidean,True,237428,246880,0.006001958972774446,1.1426129159517586,0.0007657500682398677,False,True,search,,0.009800832951441407,,,,,,,,,,,,,,,,,,
nhanes_real,3,v3,dsr_full_euclidean,0.05,511,decoded_naive,decoded_banded,euclidean,True,237428,246880,0.006001958972774446,1.1426129159517586,0.0007657500682398677,False,True,repair,failed,0.013449458056129515,False,True,False,False,0.0,3.0,"step 1 still violates after 3 repair iterations (triggered by {'immutable': False, 'non_decreasing': True, 'age_horizon': False, 'directional': False})",,,,,,,,,,,
nhanes_real,3,v3,dsr_full_euclidean,0.05,514,decoded_naive,decoded_banded,euclidean,True,237428,246880,0.006001958972774446,1.1426129159517586,0.0007657500682398677,False,True,search,,0.016719541978091,,,,,,,,,,,,,,,,,,
nhanes_real,3,v3,dsr_full_euclidean,0.05,515,decoded_naive,decoded_banded,euclidean,True,237428,246880,0.006001958972774446,1.1426129159517586,0.0007657500682398677,False,True,repair,failed,0.015613541007041931,False,False,False,True,0.0,3.0,"step 1 still violates after 3 repair iterations (triggered by {'immutable': False, 'non_decreasing': False, 'age_horizon': False, 'directional': True})",,,,,,,,,,,
nhanes_real,3,v3,dsr_full_euclidean,0.05,517,decoded_naive,decoded_banded,euclidean,True,237428,246880,0.006001958972774446,1.1426129159517586,0.0007657500682398677,True,False,,clean,0.01611937501002103,,,,,0.0,0.0,,"[3086, 237]",2.0,1.6186585426330566,False,False,False,False,False,False,-6.693843211605464,5.546369552612305
nhanes_real,3,v3,dsr_full_euclidean,0.05,518,decoded_naive,decoded_banded,euclidean,True,237428,246880,0.006001958972774446,1.1426129159517586,0.0007657500682398677,True,False,,clean,0.015604375046677887,,,,,0.0,0.0,,"[3086, 1343]",2.0,0.7130197286605835,False,False,False,False,False,False,-6.704352973858452,2.2947568893432617
nhanes_real,3,v3,dsr_full_euclidean,0.05,519,decoded_naive,decoded_banded,euclidean,True,237428,246880,0.006001958972774446,1.1426129159517586,0.0007657500682398677,False,True,repair,failed,0.015540125081315637,False,False,False,True,0.0,3.0,"step 1 still violates after 3 repair iterations (triggered by {'immutable': False, 'non_decreasing': False, 'age_horizon': False, 'directional': True})",,,,,,,,,,,
nhanes_real,3,v3,dsr_full_euclidean,0.05,520,decoded_naive,decoded_banded,euclidean,True,237428,246880,0.006001958972774446,1.1426129159517586,0.0007657500682398677,False,True,search,,0.017931959009729326,,,,,,,,,,,,,,,,,,
nhanes_real,3,v3,dsr_full_euclidean,0.05,522,decoded_naive,decoded_banded,euclidean,True,237428,246880,0.006001958972774446,1.1426129159517586,0.0007657500682398677,False,True,search,,0.01712312502786517,,,,,,,,,,,,,,,,,,
nhanes_real,3,v3,dsr_full_euclidean,0.05,524,decoded_naive,decoded_banded,euclidean,True,237428,246880,0.006001958972774446,1.1426129159517586,0.0007657500682398677,True,False,,clean,0.017150666913948953,,,,,0.0,0.0,,"[3086, 210]",2.0,1.6217526197433472,False,False,False,False,False,False,-7.037643290579421,4.280808448791504
nhanes_real,3,v3,dsr_full_euclidean,0.05,525,decoded_naive,decoded_banded,euclidean,True,237428,246880,0.006001958972774446,1.1426129159517586,0.0007657500682398677,True,False,,clean,0.014076749910600483,,,,,0.0,0.0,,"[3086, 603]",2.0,1.1063789129257202,False,False,False,False,False,False,-7.180966718395935,3.2287368774414062
nhanes_real,3,v3,dsr_full_euclidean,0.05,527,decoded_naive,decoded_banded,euclidean,True,237428,246880,0.006001958972774446,1.1426129159517586,0.0007657500682398677,True,False,,clean,0.014490083092823625,,,,,0.0,0.0,,"[3086, 2775]",2.0,0.7896106243133545,False,False,False,False,False,False,-6.50033418295858,1.884318232536316
nhanes_real,3,v3,dsr_full_euclidean,0.05,531,decoded_naive,decoded_banded,euclidean,True,237428,246880,0.006001958972774446,1.1426129159517586,0.0007657500682398677,False,True,repair,failed,0.016333082923665643,False,False,False,True,0.0,3.0,"step 1 still violates after 3 repair iterations (triggered by {'immutable': False, 'non_decreasing': False, 'age_horizon': False, 'directional': True})",,,,,,,,,,,
nhanes_real,3,v3,dsr_full_euclidean,0.05,533,decoded_naive,decoded_banded,euclidean,True,237428,246880,0.006001958972774446,1.1426129159517586,0.0007657500682398677,False,True,search,,0.01843445806298405,,,,,,,,,,,,,,,,,,
nhanes_real,3,v3,dsr_full_euclidean,0.05,534,decoded_naive,decoded_banded,euclidean,True,237428,246880,0.006001958972774446,1.1426129159517586,0.0007657500682398677,False,True,search,,0.013723583077080548,,,,,,,,,,,,,,,,,,
nhanes_real,3,v3,dsr_full_euclidean,0.05,536,decoded_naive,decoded_banded,euclidean,True,237428,246880,0.006001958972774446,1.1426129159517586,0.0007657500682398677,True,False,,clean,0.015363791957497597,,,,,0.0,0.0,,"[3086, 68]",2.0,0.5930612087249756,False,False,False,False,False,False,-7.036578864921034,2.8302478790283203
nhanes_real,3,v3,dsr_full_euclidean,0.05,537,decoded_naive,decoded_banded,euclidean,True,237428,246880,0.006001958972774446,1.1426129159517586,0.0007657500682398677,False,True,search,,0.015774749917909503,,,,,,,,,,,,,,,,,,
nhanes_real,3,v3,dsr_full_euclidean,0.05,540,decoded_naive,decoded_banded,euclidean,True,237428,246880,0.006001958972774446,1.1426129159517586,0.0007657500682398677,False,True,search,,0.015335542033426464,,,,,,,,,,,,,,,,,,
nhanes_real,3,v3,dsr_full_euclidean,0.05,541,decoded_naive,decoded_banded,euclidean,True,237428,246880,0.006001958972774446,1.1426129159517586,0.0007657500682398677,False,True,search,,0.015673166955821216,,,,,,,,,,,,,,,,,,
nhanes_real,3,v3,dsr_full_euclidean,0.05,542,decoded_naive,decoded_banded,euclidean,True,237428,246880,0.006001958972774446,1.1426129159517586,0.0007657500682398677,False,True,search,,0.013422084040939808,,,,,,,,,,,,,,,,,,
nhanes_real,3,v3,dsr_full_euclidean,0.05,544,decoded_naive,decoded_banded,euclidean,True,237428,246880,0.006001958972774446,1.1426129159517586,0.0007657500682398677,False,True,repair,failed,0.01763929205480963,False,True,False,False,0.0,3.0,"step 1 still violates after 3 repair iterations (triggered by {'immutable': False, 'non_decreasing': True, 'age_horizon': False, 'directional': False})",,,,,,,,,,,
nhanes_real,3,v3,dsr_full_euclidean,0.05,548,decoded_naive,decoded_banded,euclidean,True,237428,246880,0.006001958972774446,1.1426129159517586,0.0007657500682398677,False,True,repair,failed,0.016278750030323863,False,False,False,True,0.0,3.0,"step 1 still violates after 3 repair iterations (triggered by {'immutable': False, 'non_decreasing': False, 'age_horizon': False, 'directional': True})",,,,,,,,,,,
nhanes_real,3,v3,dsr_full_euclidean,0.05,549,decoded_naive,decoded_banded,euclidean,True,237428,246880,0.006001958972774446,1.1426129159517586,0.0007657500682398677,False,True,search,,0.01756683294661343,,,,,,,,,,,,,,,,,,
nhanes_real,3,v3,dsr_full_euclidean,0.05,551,decoded_naive,decoded_banded,euclidean,True,237428,246880,0.006001958972774446,1.1426129159517586,0.0007657500682398677,False,True,search,,0.013566332985647023,,,,,,,,,,,,,,,,,,
nhanes_real,3,v3,dsr_full_euclidean,0.05,552,decoded_naive,decoded_banded,euclidean,True,237428,246880,0.006001958972774446,1.1426129159517586,0.0007657500682398677,True,False,,clean,0.014880249975249171,,,,,0.0,0.0,,"[3086, 627]",2.0,1.734060287475586,False,False,False,False,False,False,-6.710938244585099,5.39204740524292
nhanes_real,3,v3,dsr_full_euclidean,0.05,554,decoded_naive,decoded_banded,euclidean,True,237428,246880,0.006001958972774446,1.1426129159517586,0.0007657500682398677,False,True,repair,failed,0.01814120903145522,False,False,False,True,0.0,3.0,"step 1 still violates after 3 repair iterations (triggered by {'immutable': False, 'non_decreasing': False, 'age_horizon': False, 'directional': True})",,,,,,,,,,,
nhanes_real,3,v3,dsr_full_euclidean,0.05,556,decoded_naive,decoded_banded,euclidean,True,237428,246880,0.006001958972774446,1.1426129159517586,0.0007657500682398677,True,False,,repaired,0.01699320797342807,False,False,False,True,1.0,1.0,,"[3086, 519]",2.0,0.2551349699497223,False,False,False,False,False,False,-6.6217037898947915,1.8890180587768555
nhanes_real,3,v3,dsr_full_euclidean,0.05,562,decoded_naive,decoded_banded,euclidean,True,237428,246880,0.006001958972774446,1.1426129159517586,0.0007657500682398677,False,True,search,,0.014985249959863722,,,,,,,,,,,,,,,,,,
nhanes_real,3,v3,dsr_full_euclidean,0.05,564,decoded_naive,decoded_banded,euclidean,True,237428,246880,0.006001958972774446,1.1426129159517586,0.0007657500682398677,False,True,repair,failed,0.015802709036506712,False,True,False,False,0.0,3.0,"step 1 still violates after 3 repair iterations (triggered by {'immutable': False, 'non_decreasing': True, 'age_horizon': False, 'directional': False})",,,,,,,,,,,
nhanes_real,3,v3,dsr_full_euclidean,0.05,566,decoded_naive,decoded_banded,euclidean,True,237428,246880,0.006001958972774446,1.1426129159517586,0.0007657500682398677,True,False,,clean,0.014626708929426968,,,,,0.0,0.0,,"[3086, 2369]",2.0,1.6001688241958618,False,False,False,False,False,False,-7.697319156091226,9.51382827758789
nhanes_real,3,v3,dsr_full_euclidean,0.05,568,decoded_naive,decoded_banded,euclidean,True,237428,246880,0.006001958972774446,1.1426129159517586,0.0007657500682398677,False,True,repair,failed,0.01663033291697502,False,False,False,True,1.0,1.0,repair broke monotone risk reduction along the path,,,,,,,,,,,
nhanes_real,3,v3,dsr_full_euclidean,0.05,569,decoded_naive,decoded_banded,euclidean,True,237428,246880,0.006001958972774446,1.1426129159517586,0.0007657500682398677,False,True,repair,failed,0.017777959001250565,False,False,False,True,0.0,3.0,"step 1 still violates after 3 repair iterations (triggered by {'immutable': False, 'non_decreasing': False, 'age_horizon': False, 'directional': True})",,,,,,,,,,,
nhanes_real,3,v3,dsr_full_euclidean,0.05,570,decoded_naive,decoded_banded,euclidean,True,237428,246880,0.006001958972774446,1.1426129159517586,0.0007657500682398677,False,True,search,,0.013348166947253048,,,,,,,,,,,,,,,,,,
nhanes_real,3,v3,dsr_full_euclidean,0.05,572,decoded_naive,decoded_banded,euclidean,True,237428,246880,0.006001958972774446,1.1426129159517586,0.0007657500682398677,False,True,search,,0.015250375028699636,,,,,,,,,,,,,,,,,,
nhanes_real,3,v3,dsr_full_euclidean,0.05,576,decoded_naive,decoded_banded,euclidean,True,237428,246880,0.006001958972774446,1.1426129159517586,0.0007657500682398677,False,True,search,,0.016465250053443015,,,,,,,,,,,,,,,,,,
nhanes_real,3,v3,dsr_full_euclidean,0.05,578,decoded_naive,decoded_banded,euclidean,True,237428,246880,0.006001958972774446,1.1426129159517586,0.0007657500682398677,False,True,repair,failed,0.017212582984939218,False,False,False,True,0.0,3.0,"step 1 still violates after 3 repair iterations (triggered by {'immutable': False, 'non_decreasing': False, 'age_horizon': False, 'directional': True})",,,,,,,,,,,
nhanes_real,3,v3,dsr_full_euclidean,0.05,581,decoded_naive,decoded_banded,euclidean,True,237428,246880,0.006001958972774446,1.1426129159517586,0.0007657500682398677,False,True,search,,0.016938834101893008,,,,,,,,,,,,,,,,,,
nhanes_real,3,v3,dsr_full_euclidean,0.05,582,decoded_naive,decoded_banded,euclidean,True,237428,246880,0.006001958972774446,1.1426129159517586,0.0007657500682398677,True,False,,clean,0.015544833964668214,,,,,0.0,0.0,,"[3086, 846]",2.0,0.5534747242927551,False,False,False,False,False,False,-6.962856669031922,1.9006683826446533
nhanes_real,3,v3,dsr_full_euclidean,0.05,584,decoded_naive,decoded_banded,euclidean,True,237428,246880,0.006001958972774446,1.1426129159517586,0.0007657500682398677,False,True,search,,0.016779958037659526,,,,,,,,,,,,,,,,,,
nhanes_real,3,v3,dsr_full_euclidean,0.05,586,decoded_naive,decoded_banded,euclidean,True,237428,246880,0.006001958972774446,1.1426129159517586,0.0007657500682398677,False,True,repair,failed,0.016514125047251582,False,False,False,True,1.0,1.0,repair broke monotone risk reduction along the path,,,,,,,,,,,
nhanes_real,3,v3,dsr_full_euclidean,0.05,588,decoded_naive,decoded_banded,euclidean,True,237428,246880,0.006001958972774446,1.1426129159517586,0.0007657500682398677,False,True,search,,0.01721495797391981,,,,,,,,,,,,,,,,,,
nhanes_real,3,v3,dsr_full_euclidean,0.05,590,decoded_naive,decoded_banded,euclidean,True,237428,246880,0.006001958972774446,1.1426129159517586,0.0007657500682398677,True,False,,clean,0.013010208960622549,,,,,0.0,0.0,,"[3086, 1508]",2.0,3.6730518341064453,False,False,False,False,False,False,-7.7731670101482235,8.905973434448242
nhanes_real,3,v3,dsr_full_euclidean,0.05,592,decoded_naive,decoded_banded,euclidean,True,237428,246880,0.006001958972774446,1.1426129159517586,0.0007657500682398677,False,True,repair,failed,0.017255084007047117,False,False,True,False,1.0,1.0,repaired terminal state is no longer low-risk,,,,,,,,,,,
nhanes_real,3,v3,dsr_full_euclidean,0.05,593,decoded_naive,decoded_banded,euclidean,True,237428,246880,0.006001958972774446,1.1426129159517586,0.0007657500682398677,False,True,repair,failed,0.016567333019338548,False,False,True,False,1.0,1.0,repaired terminal state is no longer low-risk,,,,,,,,,,,
nhanes_real,3,v3,dsr_full_euclidean,0.05,598,decoded_naive,decoded_banded,euclidean,True,237428,246880,0.006001958972774446,1.1426129159517586,0.0007657500682398677,True,False,,clean,0.01788291591219604,,,,,0.0,0.0,,"[3086, 2078]",2.0,0.41222548484802246,False,False,False,False,False,False,-9.539751201232473,1.3371937274932861
nhanes_real,3,v3,dsr_full_euclidean,0.05,599,decoded_naive,decoded_banded,euclidean,True,237428,246880,0.006001958972774446,1.1426129159517586,0.0007657500682398677,False,True,search,,0.01355562498793006,,,,,,,,,,,,,,,,,,
nhanes_real,3,v3,dsr_full_euclidean,0.05,601,decoded_naive,decoded_banded,euclidean,True,237428,246880,0.006001958972774446,1.1426129159517586,0.0007657500682398677,False,True,search,,0.015348333050496876,,,,,,,,,,,,,,,,,,
nhanes_real,3,v3,dsr_full_euclidean,0.05,602,decoded_naive,decoded_banded,euclidean,True,237428,246880,0.006001958972774446,1.1426129159517586,0.0007657500682398677,False,True,search,,0.017118750023655593,,,,,,,,,,,,,,,,,,
nhanes_real,3,v3,dsr_full_euclidean,0.05,603,decoded_naive,decoded_banded,euclidean,True,237428,246880,0.006001958972774446,1.1426129159517586,0.0007657500682398677,False,True,repair,failed,0.01725587493274361,False,True,False,False,0.0,3.0,"step 1 still violates after 3 repair iterations (triggered by {'immutable': False, 'non_decreasing': True, 'age_horizon': False, 'directional': False})",,,,,,,,,,,
nhanes_real,3,v3,dsr_full_euclidean,0.05,605,decoded_naive,decoded_banded,euclidean,True,237428,246880,0.006001958972774446,1.1426129159517586,0.0007657500682398677,False,True,search,,0.01684900000691414,,,,,,,,,,,,,,,,,,
nhanes_real,3,v3,dsr_full_euclidean,0.05,610,decoded_naive,decoded_banded,euclidean,True,237428,246880,0.006001958972774446,1.1426129159517586,0.0007657500682398677,False,True,search,,0.013538875035010278,,,,,,,,,,,,,,,,,,
nhanes_real,3,v3,dsr_full_euclidean,0.05,612,decoded_naive,decoded_banded,euclidean,True,237428,246880,0.006001958972774446,1.1426129159517586,0.0007657500682398677,False,True,search,,0.017479208065196872,,,,,,,,,,,,,,,,,,
nhanes_real,3,v3,dsr_full_euclidean,0.05,615,decoded_naive,decoded_banded,euclidean,True,237428,246880,0.006001958972774446,1.1426129159517586,0.0007657500682398677,False,True,repair,failed,0.01744958304334432,False,True,False,True,0.0,3.0,"step 1 still violates after 3 repair iterations (triggered by {'immutable': False, 'non_decreasing': True, 'age_horizon': False, 'directional': True})",,,,,,,,,,,
nhanes_real,3,v3,dsr_full_euclidean,0.05,617,decoded_naive,decoded_banded,euclidean,True,237428,246880,0.006001958972774446,1.1426129159517586,0.0007657500682398677,True,False,,clean,0.01787829108070582,,,,,0.0,0.0,,"[3086, 1508]",2.0,2.571415424346924,False,False,False,False,False,False,-7.293910776275352,7.16550874710083
nhanes_real,3,v3,dsr_full_euclidean,0.05,618,decoded_naive,decoded_banded,euclidean,True,237428,246880,0.006001958972774446,1.1426129159517586,0.0007657500682398677,False,True,search,,0.013145875069312751,,,,,,,,,,,,,,,,,,
nhanes_real,3,v3,dsr_full_euclidean,0.05,624,decoded_naive,decoded_banded,euclidean,True,237428,246880,0.006001958972774446,1.1426129159517586,0.0007657500682398677,False,True,repair,failed,0.018871499923989177,False,False,True,False,0.0,3.0,"step 1 still violates after 3 repair iterations (triggered by {'immutable': False, 'non_decreasing': False, 'age_horizon': True, 'directional': False})",,,,,,,,,,,
nhanes_real,3,v3,dsr_full_euclidean,0.05,626,decoded_naive,decoded_banded,euclidean,True,237428,246880,0.006001958972774446,1.1426129159517586,0.0007657500682398677,False,True,search,,0.015463292016647756,,,,,,,,,,,,,,,,,,
nhanes_real,3,v3,dsr_full_euclidean,0.05,629,decoded_naive,decoded_banded,euclidean,True,237428,246880,0.006001958972774446,1.1426129159517586,0.0007657500682398677,False,True,search,,0.0147327909944579,,,,,,,,,,,,,,,,,,
nhanes_real,3,v3,dsr_full_euclidean,0.05,630,decoded_naive,decoded_banded,euclidean,True,237428,246880,0.006001958972774446,1.1426129159517586,0.0007657500682398677,True,False,,clean,0.016838750103488564,,,,,0.0,0.0,,"[3086, 1508]",2.0,1.2171049118041992,False,False,False,False,False,False,-7.379137202805958,2.851893186569214
nhanes_real,3,v3,dsr_full_euclidean,0.05,631,decoded_naive,decoded_banded,euclidean,True,237428,246880,0.006001958972774446,1.1426129159517586,0.0007657500682398677,True,False,,clean,0.015506249968893826,,,,,0.0,0.0,,"[3086, 2192]",2.0,0.691742479801178,False,False,False,False,False,False,-6.951068832750712,3.1971993446350098
nhanes_real,3,v3,dsr_full_euclidean,0.05,633,decoded_naive,decoded_banded,euclidean,True,237428,246880,0.006001958972774446,1.1426129159517586,0.0007657500682398677,False,True,search,,0.016899292008019984,,,,,,,,,,,,,,,,,,
nhanes_real,3,v3,dsr_full_euclidean,0.05,634,decoded_naive,decoded_banded,euclidean,True,237428,246880,0.006001958972774446,1.1426129159517586,0.0007657500682398677,False,True,repair,failed,0.017577458056621253,False,False,False,True,1.0,1.0,repaired terminal state is no longer low-risk,,,,,,,,,,,
nhanes_real,3,v3,dsr_full_euclidean,0.05,638,decoded_naive,decoded_banded,euclidean,True,237428,246880,0.006001958972774446,1.1426129159517586,0.0007657500682398677,False,True,search,,0.017000958905555308,,,,,,,,,,,,,,,,,,
nhanes_real,3,v3,dsr_full_euclidean,0.05,640,decoded_naive,decoded_banded,euclidean,True,237428,246880,0.006001958972774446,1.1426129159517586,0.0007657500682398677,False,True,search,,0.013080458040349185,,,,,,,,,,,,,,,,,,
nhanes_real,3,v3,dsr_full_euclidean,0.05,641,decoded_naive,decoded_banded,euclidean,True,237428,246880,0.006001958972774446,1.1426129159517586,0.0007657500682398677,False,True,search,,0.017225167015567422,,,,,,,,,,,,,,,,,,
nhanes_real,3,v3,dsr_full_euclidean,0.05,642,decoded_naive,decoded_banded,euclidean,True,237428,246880,0.006001958972774446,1.1426129159517586,0.0007657500682398677,False,True,repair,failed,0.01696308294776827,False,True,False,False,1.0,1.0,repaired terminal state is no longer low-risk,,,,,,,,,,,
nhanes_real,3,v3,dsr_full_euclidean,0.05,643,decoded_naive,decoded_banded,euclidean,True,237428,246880,0.006001958972774446,1.1426129159517586,0.0007657500682398677,True,False,,clean,0.016398417064920068,,,,,0.0,0.0,,"[3086, 235]",2.0,0.27185168862342834,False,False,False,False,False,False,-6.143265686207015,0.7554574012756348
nhanes_real,3,v3,dsr_full_euclidean,0.05,652,decoded_naive,decoded_banded,euclidean,True,237428,246880,0.006001958972774446,1.1426129159517586,0.0007657500682398677,False,True,search,,0.013482416979968548,,,,,,,,,,,,,,,,,,
nhanes_real,3,v3,dsr_full_euclidean,0.05,654,decoded_naive,decoded_banded,euclidean,True,237428,246880,0.006001958972774446,1.1426129159517586,0.0007657500682398677,True,False,,clean,0.014434625045396388,,,,,0.0,0.0,,"[3086, 323]",2.0,0.47468772530555725,False,False,False,False,False,False,-6.539137366730565,1.4201862812042236
nhanes_real,3,v3,dsr_full_euclidean,0.05,655,decoded_naive,decoded_banded,euclidean,True,237428,246880,0.006001958972774446,1.1426129159517586,0.0007657500682398677,True,False,,clean,0.017525167088024318,,,,,0.0,0.0,,"[3086, 31]",2.0,1.245840072631836,False,False,False,False,False,False,-7.049012780992685,4.745449542999268
nhanes_real,3,v3,dsr_full_euclidean,0.05,656,decoded_naive,decoded_banded,euclidean,True,237428,246880,0.006001958972774446,1.1426129159517586,0.0007657500682398677,True,False,,clean,0.016729666967876256,,,,,0.0,0.0,,"[3086, 228]",2.0,0.4974033832550049,False,False,False,False,False,False,-6.239226293787791,1.7251124382019043
nhanes_real,3,v3,dsr_full_euclidean,0.05,659,decoded_naive,decoded_banded,euclidean,True,237428,246880,0.006001958972774446,1.1426129159517586,0.0007657500682398677,True,False,,clean,0.017392458044923842,,,,,0.0,0.0,,"[3086, 1923]",2.0,0.9534492492675781,False,False,False,False,False,False,-6.563285105328418,3.251776933670044
nhanes_real,3,v3,dsr_full_euclidean,0.05,660,decoded_naive,decoded_banded,euclidean,True,237428,246880,0.006001958972774446,1.1426129159517586,0.0007657500682398677,False,True,search,,0.015444708988070488,,,,,,,,,,,,,,,,,,
nhanes_real,3,v3,dsr_full_euclidean,0.05,666,decoded_naive,decoded_banded,euclidean,True,237428,246880,0.006001958972774446,1.1426129159517586,0.0007657500682398677,False,True,search,,0.01743116695433855,,,,,,,,,,,,,,,,,,
nhanes_real,3,v3,dsr_full_euclidean,0.05,667,decoded_naive,decoded_banded,euclidean,True,237428,246880,0.006001958972774446,1.1426129159517586,0.0007657500682398677,True,False,,clean,0.020837916992604733,,,,,0.0,0.0,,"[3086, 1799]",2.0,1.797567367553711,False,False,False,False,False,False,-6.566232499128552,4.020025253295898
nhanes_real,3,v3,dsr_full_euclidean,0.05,668,decoded_naive,decoded_banded,euclidean,True,237428,246880,0.006001958972774446,1.1426129159517586,0.0007657500682398677,False,True,search,,0.021027249982580543,,,,,,,,,,,,,,,,,,
nhanes_real,3,v3,dsr_full_euclidean,0.05,669,decoded_naive,decoded_banded,euclidean,True,237428,246880,0.006001958972774446,1.1426129159517586,0.0007657500682398677,True,False,,clean,0.013986582984216511,,,,,0.0,0.0,,"[3086, 1855]",2.0,1.3769221305847168,False,False,False,False,False,False,-6.622230773695989,3.4013495445251465
nhanes_real,3,v3,dsr_full_euclidean,0.05,670,decoded_naive,decoded_banded,euclidean,True,237428,246880,0.006001958972774446,1.1426129159517586,0.0007657500682398677,False,True,search,,0.017387458006851375,,,,,,,,,,,,,,,,,,
nhanes_real,3,v3,dsr_full_euclidean,0.05,671,decoded_naive,decoded_banded,euclidean,True,237428,246880,0.006001958972774446,1.1426129159517586,0.0007657500682398677,False,True,repair,failed,0.021968250046484172,False,False,False,True,0.0,3.0,"step 1 still violates after 3 repair iterations (triggered by {'immutable': False, 'non_decreasing': False, 'age_horizon': False, 'directional': True})",,,,,,,,,,,
nhanes_real,3,v3,dsr_full_euclidean,0.05,672,decoded_naive,decoded_banded,euclidean,True,237428,246880,0.006001958972774446,1.1426129159517586,0.0007657500682398677,False,True,search,,0.01724808302242309,,,,,,,,,,,,,,,,,,
nhanes_real,3,v3,dsr_full_euclidean,0.05,674,decoded_naive,decoded_banded,euclidean,True,237428,246880,0.006001958972774446,1.1426129159517586,0.0007657500682398677,False,True,repair,failed,0.01429616694804281,False,False,False,True,0.0,3.0,"step 1 still violates after 3 repair iterations (triggered by {'immutable': False, 'non_decreasing': False, 'age_horizon': False, 'directional': True})",,,,,,,,,,,
nhanes_real,3,v3,dsr_full_euclidean,0.05,676,decoded_naive,decoded_banded,euclidean,True,237428,246880,0.006001958972774446,1.1426129159517586,0.0007657500682398677,False,True,search,,0.016361042042262852,,,,,,,,,,,,,,,,,,
nhanes_real,3,v3,dsr_full_euclidean,0.05,677,decoded_naive,decoded_banded,euclidean,True,237428,246880,0.006001958972774446,1.1426129159517586,0.0007657500682398677,False,True,search,,0.019077082979492843,,,,,,,,,,,,,,,,,,
nhanes_real,3,v3,dsr_full_euclidean,0.05,678,decoded_naive,decoded_banded,euclidean,True,237428,246880,0.006001958972774446,1.1426129159517586,0.0007657500682398677,False,True,search,,0.016464959015138447,,,,,,,,,,,,,,,,,,
nhanes_real,3,v3,dsr_full_euclidean,0.05,679,decoded_naive,decoded_banded,euclidean,True,237428,246880,0.006001958972774446,1.1426129159517586,0.0007657500682398677,True,False,,clean,0.01634729199577123,,,,,0.0,0.0,,"[3086, 2091]",2.0,0.6853693127632141,False,False,False,False,False,False,-7.15525850762226,2.7984249591827393
nhanes_real,3,v3,dsr_full_euclidean,0.05,683,decoded_naive,decoded_banded,euclidean,True,237428,246880,0.006001958972774446,1.1426129159517586,0.0007657500682398677,False,True,search,,0.014943917049095035,,,,,,,,,,,,,,,,,,
nhanes_real,3,v3,dsr_full_euclidean,0.05,685,decoded_naive,decoded_banded,euclidean,True,237428,246880,0.006001958972774446,1.1426129159517586,0.0007657500682398677,False,True,search,,0.017436500056646764,,,,,,,,,,,,,,,,,,
nhanes_real,3,v3,dsr_full_euclidean,0.05,688,decoded_naive,decoded_banded,euclidean,True,237428,246880,0.006001958972774446,1.1426129159517586,0.0007657500682398677,False,True,repair,failed,0.016058000037446618,False,False,True,True,0.0,3.0,"step 1 still violates after 3 repair iterations (triggered by {'immutable': False, 'non_decreasing': False, 'age_horizon': True, 'directional': True})",,,,,,,,,,,
nhanes_real,3,v3,dsr_full_euclidean,0.05,694,decoded_naive,decoded_banded,euclidean,True,237428,246880,0.006001958972774446,1.1426129159517586,0.0007657500682398677,True,False,,clean,0.01685370900668204,,,,,0.0,0.0,,"[3086, 2028]",2.0,1.61954665184021,False,False,False,False,False,False,-8.346466421527914,7.403816223144531
nhanes_real,3,v3,dsr_full_euclidean,0.05,698,decoded_naive,decoded_banded,euclidean,True,237428,246880,0.006001958972774446,1.1426129159517586,0.0007657500682398677,False,True,search,,0.013441417017020285,,,,,,,,,,,,,,,,,,
nhanes_real,3,v3,dsr_full_euclidean,0.05,705,decoded_naive,decoded_banded,euclidean,True,237428,246880,0.006001958972774446,1.1426129159517586,0.0007657500682398677,False,True,search,,0.016652208054438233,,,,,,,,,,,,,,,,,,
nhanes_real,3,v3,dsr_full_euclidean,0.05,709,decoded_naive,decoded_banded,euclidean,True,237428,246880,0.006001958972774446,1.1426129159517586,0.0007657500682398677,True,False,,clean,0.018145167035982013,,,,,0.0,0.0,,"[3086, 367]",2.0,0.9527245163917542,False,False,False,False,False,False,-6.507379030816326,2.3532469272613525
nhanes_real,3,v3,dsr_full_euclidean,0.05,711,decoded_naive,decoded_banded,euclidean,True,237428,246880,0.006001958972774446,1.1426129159517586,0.0007657500682398677,False,True,search,,0.01757437502965331,,,,,,,,,,,,,,,,,,
nhanes_real,3,v3,dsr_full_euclidean,0.05,715,decoded_naive,decoded_banded,euclidean,True,237428,246880,0.006001958972774446,1.1426129159517586,0.0007657500682398677,False,True,search,,0.013913124916143715,,,,,,,,,,,,,,,,,,
nhanes_real,3,v3,dsr_full_euclidean,0.05,718,decoded_naive,decoded_banded,euclidean,True,237428,246880,0.006001958972774446,1.1426129159517586,0.0007657500682398677,False,True,search,,0.015486791962757707,,,,,,,,,,,,,,,,,,
nhanes_real,3,v3,dsr_full_euclidean,0.05,721,decoded_naive,decoded_banded,euclidean,True,237428,246880,0.006001958972774446,1.1426129159517586,0.0007657500682398677,True,False,,clean,0.01613524998538196,,,,,0.0,0.0,,"[3086, 2028]",2.0,2.915802478790283,False,False,False,False,False,False,-7.305836760182312,8.701836585998535
nhanes_real,3,v3,dsr_full_euclidean,0.05,722,decoded_naive,decoded_banded,euclidean,True,237428,246880,0.006001958972774446,1.1426129159517586,0.0007657500682398677,False,True,repair,failed,0.01682633301243186,False,False,False,True,0.0,3.0,"step 1 still violates after 3 repair iterations (triggered by {'immutable': False, 'non_decreasing': False, 'age_horizon': False, 'directional': True})",,,,,,,,,,,
nhanes_real,3,v3,dsr_full_euclidean,0.05,728,decoded_naive,decoded_banded,euclidean,True,237428,246880,0.006001958972774446,1.1426129159517586,0.0007657500682398677,False,True,search,,0.017414333065971732,,,,,,,,,,,,,,,,,,
nhanes_real,3,v3,dsr_full_euclidean,0.05,731,decoded_naive,decoded_banded,euclidean,True,237428,246880,0.006001958972774446,1.1426129159517586,0.0007657500682398677,False,True,search,,0.013736332999542356,,,,,,,,,,,,,,,,,,
nhanes_real,3,v3,dsr_full_euclidean,0.05,732,decoded_naive,decoded_banded,euclidean,True,237428,246880,0.006001958972774446,1.1426129159517586,0.0007657500682398677,False,True,search,,0.019060708000324667,,,,,,,,,,,,,,,,,,
nhanes_real,3,v3,dsr_full_euclidean,0.05,734,decoded_naive,decoded_banded,euclidean,True,237428,246880,0.006001958972774446,1.1426129159517586,0.0007657500682398677,False,True,search,,0.01653295906726271,,,,,,,,,,,,,,,,,,
nhanes_real,3,v3,dsr_full_euclidean,0.05,735,decoded_naive,decoded_banded,euclidean,True,237428,246880,0.006001958972774446,1.1426129159517586,0.0007657500682398677,False,True,search,,0.017977458075620234,,,,,,,,,,,,,,,,,,
nhanes_real,3,v3,dsr_full_euclidean,0.05,736,decoded_naive,decoded_banded,euclidean,True,237428,246880,0.006001958972774446,1.1426129159517586,0.0007657500682398677,False,True,search,,0.013812457909807563,,,,,,,,,,,,,,,,,,
nhanes_real,3,v3,dsr_full_euclidean,0.05,737,decoded_naive,decoded_banded,euclidean,True,237428,246880,0.006001958972774446,1.1426129159517586,0.0007657500682398677,False,True,search,,0.015939499950036407,,,,,,,,,,,,,,,,,,
nhanes_real,3,v3,dsr_full_euclidean,0.05,739,decoded_naive,decoded_banded,euclidean,True,237428,246880,0.006001958972774446,1.1426129159517586,0.0007657500682398677,True,False,,clean,0.016171667026355863,,,,,0.0,0.0,,"[3086, 1508]",2.0,1.097472906112671,False,False,False,False,False,False,-7.485941541362693,2.4977471828460693
nhanes_real,3,v3,dsr_full_euclidean,0.05,744,decoded_naive,decoded_banded,euclidean,True,237428,246880,0.006001958972774446,1.1426129159517586,0.0007657500682398677,True,False,,clean,0.016879124916158617,,,,,0.0,0.0,,"[3086, 1502]",2.0,0.7454952001571655,False,False,False,False,False,False,-8.399048611793178,5.121224403381348
nhanes_real,3,v3,dsr_full_euclidean,0.05,749,decoded_naive,decoded_banded,euclidean,True,237428,246880,0.006001958972774446,1.1426129159517586,0.0007657500682398677,True,False,,clean,0.01711658400017768,,,,,0.0,0.0,,"[3086, 1670]",2.0,1.4756062030792236,False,False,False,False,False,False,-6.465145497515678,4.7914838790893555
nhanes_real,3,v3,dsr_full_euclidean,0.05,750,decoded_naive,decoded_banded,euclidean,True,237428,246880,0.006001958972774446,1.1426129159517586,0.0007657500682398677,True,False,,clean,0.016143125016242266,,,,,0.0,0.0,,"[3086, 1061]",2.0,1.0419491529464722,False,False,False,False,False,False,-6.600768056899107,3.3265228271484375
nhanes_real,3,v3,dsr_full_euclidean,0.05,751,decoded_naive,decoded_banded,euclidean,True,237428,246880,0.006001958972774446,1.1426129159517586,0.0007657500682398677,False,True,repair,failed,0.017254792037419975,False,True,False,True,0.0,3.0,"step 1 still violates after 3 repair iterations (triggered by {'immutable': False, 'non_decreasing': True, 'age_horizon': False, 'directional': True})",,,,,,,,,,,
nhanes_real,3,v3,dsr_full_euclidean,0.05,753,decoded_naive,decoded_banded,euclidean,True,237428,246880,0.006001958972774446,1.1426129159517586,0.0007657500682398677,False,True,search,,0.015152125037275255,,,,,,,,,,,,,,,,,,
nhanes_real,3,v3,dsr_full_euclidean,0.05,755,decoded_naive,decoded_banded,euclidean,True,237428,246880,0.006001958972774446,1.1426129159517586,0.0007657500682398677,False,True,search,,0.010375958983786404,,,,,,,,,,,,,,,,,,
nhanes_real,3,v3,dsr_full_euclidean,0.05,756,decoded_naive,decoded_banded,euclidean,True,237428,246880,0.006001958972774446,1.1426129159517586,0.0007657500682398677,True,False,,clean,0.011698291986249387,,,,,0.0,0.0,,"[3086, 31]",2.0,1.0250097513198853,False,False,False,False,False,False,-7.547227194090244,5.866782188415527
nhanes_real,3,v3,dsr_full_euclidean,0.05,757,decoded_naive,decoded_banded,euclidean,True,237428,246880,0.006001958972774446,1.1426129159517586,0.0007657500682398677,True,False,,clean,0.012010916019789875,,,,,0.0,0.0,,"[3086, 2028]",2.0,2.7031755447387695,False,False,False,False,False,False,-7.8636431001324905,11.452049255371094
nhanes_real,3,v3,dsr_full_euclidean,0.05,758,decoded_naive,decoded_banded,euclidean,True,237428,246880,0.006001958972774446,1.1426129159517586,0.0007657500682398677,True,False,,clean,0.011790082906372845,,,,,0.0,0.0,,"[3086, 1923]",2.0,1.6164764165878296,False,False,False,False,False,False,-7.459632562769528,8.335803985595703
nhanes_real,3,v3,dsr_full_euclidean,0.05,759,decoded_naive,decoded_banded,euclidean,True,237428,246880,0.006001958972774446,1.1426129159517586,0.0007657500682398677,False,True,search,,0.009792875032871962,,,,,,,,,,,,,,,,,,
nhanes_real,3,v3,dsr_full_euclidean,0.05,760,decoded_naive,decoded_banded,euclidean,True,237428,246880,0.006001958972774446,1.1426129159517586,0.0007657500682398677,False,True,repair,failed,0.009710667072795331,False,False,False,True,0.0,3.0,"step 1 still violates after 3 repair iterations (triggered by {'immutable': False, 'non_decreasing': False, 'age_horizon': False, 'directional': True})",,,,,,,,,,,
nhanes_real,3,v3,dsr_full_euclidean,0.05,761,decoded_naive,decoded_banded,euclidean,True,237428,246880,0.006001958972774446,1.1426129159517586,0.0007657500682398677,True,False,,clean,0.009845459018833935,,,,,0.0,0.0,,"[3086, 1508]",2.0,2.1417293548583984,False,False,False,False,False,False,-7.1811946263568265,5.724909782409668
nhanes_real,3,v3,dsr_full_euclidean,0.05,762,decoded_naive,decoded_banded,euclidean,True,237428,246880,0.006001958972774446,1.1426129159517586,0.0007657500682398677,False,True,search,,0.009701958973892033,,,,,,,,,,,,,,,,,,
nhanes_real,3,v3,dsr_full_euclidean,0.05,764,decoded_naive,decoded_banded,euclidean,True,237428,246880,0.006001958972774446,1.1426129159517586,0.0007657500682398677,False,True,search,,0.009528042050078511,,,,,,,,,,,,,,,,,,
nhanes_real,3,v3,dsr_full_euclidean,0.05,768,decoded_naive,decoded_banded,euclidean,True,237428,246880,0.006001958972774446,1.1426129159517586,0.0007657500682398677,True,False,,clean,0.009601542027667165,,,,,0.0,0.0,,"[3086, 876]",2.0,0.5892442464828491,False,False,False,False,False,False,-6.262622669754693,1.5032119750976562
nhanes_real,3,v3,dsr_full_euclidean,0.05,769,decoded_naive,decoded_banded,euclidean,True,237428,246880,0.006001958972774446,1.1426129159517586,0.0007657500682398677,False,True,repair,failed,0.010946666938252747,False,False,False,True,0.0,3.0,"step 1 still violates after 3 repair iterations (triggered by {'immutable': False, 'non_decreasing': False, 'age_horizon': False, 'directional': True})",,,,,,,,,,,
nhanes_real,3,v3,dsr_full_euclidean,0.05,773,decoded_naive,decoded_banded,euclidean,True,237428,246880,0.006001958972774446,1.1426129159517586,0.0007657500682398677,False,True,repair,failed,0.010318458080291748,False,False,False,True,0.0,3.0,"step 1 still violates after 3 repair iterations (triggered by {'immutable': False, 'non_decreasing': False, 'age_horizon': False, 'directional': True})",,,,,,,,,,,
nhanes_real,3,v3,dsr_full_euclidean,0.05,775,decoded_naive,decoded_banded,euclidean,True,237428,246880,0.006001958972774446,1.1426129159517586,0.0007657500682398677,False,True,search,,0.009725375100970268,,,,,,,,,,,,,,,,,,
nhanes_real,3,v3,dsr_full_euclidean,0.05,776,decoded_naive,decoded_banded,euclidean,True,237428,246880,0.006001958972774446,1.1426129159517586,0.0007657500682398677,False,True,search,,0.009902041056193411,,,,,,,,,,,,,,,,,,
nhanes_real,3,v3,dsr_full_euclidean,0.05,777,decoded_naive,decoded_banded,euclidean,True,237428,246880,0.006001958972774446,1.1426129159517586,0.0007657500682398677,False,True,search,,0.009339582989923656,,,,,,,,,,,,,,,,,,
nhanes_real,3,v3,dsr_full_euclidean,0.05,778,decoded_naive,decoded_banded,euclidean,True,237428,246880,0.006001958972774446,1.1426129159517586,0.0007657500682398677,False,True,search,,0.010607916978187859,,,,,,,,,,,,,,,,,,
nhanes_real,3,v3,dsr_full_euclidean,0.05,780,decoded_naive,decoded_banded,euclidean,True,237428,246880,0.006001958972774446,1.1426129159517586,0.0007657500682398677,True,False,,clean,0.011850749957375228,,,,,0.0,0.0,,"[3086, 2501]",2.0,1.6736687421798706,False,False,False,False,False,False,-8.126217461440028,11.216575622558594
nhanes_real,3,v3,dsr_full_euclidean,0.05,781,decoded_naive,decoded_banded,euclidean,True,237428,246880,0.006001958972774446,1.1426129159517586,0.0007657500682398677,False,True,repair,failed,0.01621920894831419,False,True,False,False,0.0,3.0,"step 1 still violates after 3 repair iterations (triggered by {'immutable': False, 'non_decreasing': True, 'age_horizon': False, 'directional': False})",,,,,,,,,,,
nhanes_real,3,v3,dsr_full_euclidean,0.05,782,decoded_naive,decoded_banded,euclidean,True,237428,246880,0.006001958972774446,1.1426129159517586,0.0007657500682398677,False,True,repair,failed,0.016872750013135374,False,False,True,False,1.0,1.0,repaired terminal state is no longer low-risk,,,,,,,,,,,
nhanes_real,3,v3,dsr_full_euclidean,0.05,783,decoded_naive,decoded_banded,euclidean,True,237428,246880,0.006001958972774446,1.1426129159517586,0.0007657500682398677,False,True,search,,0.016414583078585565,,,,,,,,,,,,,,,,,,
nhanes_real,3,v3,dsr_full_euclidean,0.05,784,decoded_naive,decoded_banded,euclidean,True,237428,246880,0.006001958972774446,1.1426129159517586,0.0007657500682398677,True,False,,clean,0.016715125064365566,,,,,0.0,0.0,,"[3086, 228]",2.0,1.351394772529602,False,False,False,False,False,False,-6.665771453349263,4.5380754470825195
nhanes_real,3,v3,dsr_full_euclidean,0.05,785,decoded_naive,decoded_banded,euclidean,True,237428,246880,0.006001958972774446,1.1426129159517586,0.0007657500682398677,True,False,,clean,0.013884249958209693,,,,,0.0,0.0,,"[3086, 327]",2.0,0.396395206451416,False,False,False,False,False,False,-6.174311795208605,0.9130803346633911
nhanes_real,3,v3,dsr_full_euclidean,0.05,790,decoded_naive,decoded_banded,euclidean,True,237428,246880,0.006001958972774446,1.1426129159517586,0.0007657500682398677,False,True,repair,failed,0.017300458042882383,False,False,False,True,0.0,3.0,"step 1 still violates after 3 repair iterations (triggered by {'immutable': False, 'non_decreasing': False, 'age_horizon': False, 'directional': True})",,,,,,,,,,,
nhanes_real,3,v3,dsr_full_euclidean,0.05,793,decoded_naive,decoded_banded,euclidean,True,237428,246880,0.006001958972774446,1.1426129159517586,0.0007657500682398677,False,True,repair,failed,0.01645720808301121,False,False,False,True,0.0,3.0,"step 1 still violates after 3 repair iterations (triggered by {'immutable': False, 'non_decreasing': False, 'age_horizon': False, 'directional': True})",,,,,,,,,,,
nhanes_real,3,v3,dsr_full_euclidean,0.05,794,decoded_naive,decoded_banded,euclidean,True,237428,246880,0.006001958972774446,1.1426129159517586,0.0007657500682398677,True,False,,clean,0.01622125005815178,,,,,0.0,0.0,,"[3086, 1508]",2.0,1.6608201265335083,False,False,False,False,False,False,-7.158455133900405,4.286427021026611
nhanes_real,3,v3,dsr_full_euclidean,0.05,796,decoded_naive,decoded_banded,euclidean,True,237428,246880,0.006001958972774446,1.1426129159517586,0.0007657500682398677,True,False,,clean,0.01321208302397281,,,,,0.0,0.0,,"[3086, 1667]",2.0,1.144167423248291,False,False,False,False,False,False,-6.993879224810866,4.346807479858398
nhanes_real,3,v3,dsr_full_euclidean,0.05,798,decoded_naive,decoded_banded,euclidean,True,237428,246880,0.006001958972774446,1.1426129159517586,0.0007657500682398677,False,True,search,,0.015949541004374623,,,,,,,,,,,,,,,,,,
nhanes_real,3,v3,dsr_full_euclidean,0.05,802,decoded_naive,decoded_banded,euclidean,True,237428,246880,0.006001958972774446,1.1426129159517586,0.0007657500682398677,True,False,,clean,0.01700537500437349,,,,,0.0,0.0,,"[3086, 595]",2.0,0.5502402782440186,False,False,False,False,False,False,-6.072743315092644,1.1445692777633667
nhanes_real,3,v3,dsr_full_euclidean,0.05,805,decoded_naive,decoded_banded,euclidean,True,237428,246880,0.006001958972774446,1.1426129159517586,0.0007657500682398677,False,True,search,,0.01650666701607406,,,,,,,,,,,,,,,,,,
nhanes_real,3,v3,dsr_full_euclidean,0.05,807,decoded_naive,decoded_banded,euclidean,True,237428,246880,0.006001958972774446,1.1426129159517586,0.0007657500682398677,False,True,search,,0.014182708924636245,,,,,,,,,,,,,,,,,,
nhanes_real,3,v3,dsr_full_euclidean,0.05,808,decoded_naive,decoded_banded,euclidean,True,237428,246880,0.006001958972774446,1.1426129159517586,0.0007657500682398677,False,True,search,,0.016157708945684135,,,,,,,,,,,,,,,,,,
nhanes_real,3,v3,dsr_full_euclidean,0.05,809,decoded_naive,decoded_banded,euclidean,True,237428,246880,0.006001958972774446,1.1426129159517586,0.0007657500682398677,False,True,search,,0.017274667043238878,,,,,,,,,,,,,,,,,,
nhanes_real,3,v3,dsr_full_euclidean,0.05,812,decoded_naive,decoded_banded,euclidean,True,237428,246880,0.006001958972774446,1.1426129159517586,0.0007657500682398677,False,True,search,,0.016601209063082933,,,,,,,,,,,,,,,,,,
nhanes_real,3,v3,dsr_full_euclidean,0.05,819,decoded_naive,decoded_banded,euclidean,True,237428,246880,0.006001958972774446,1.1426129159517586,0.0007657500682398677,False,True,repair,failed,0.016678082989528775,False,True,False,True,0.0,3.0,"step 1 still violates after 3 repair iterations (triggered by {'immutable': False, 'non_decreasing': True, 'age_horizon': False, 'directional': True})",,,,,,,,,,,
nhanes_real,3,v3,dsr_full_euclidean,0.05,820,decoded_naive,decoded_banded,euclidean,True,237428,246880,0.006001958972774446,1.1426129159517586,0.0007657500682398677,False,True,search,,0.013120749965310097,,,,,,,,,,,,,,,,,,
nhanes_real,3,v3,dsr_full_euclidean,0.05,824,decoded_naive,decoded_banded,euclidean,True,237428,246880,0.006001958972774446,1.1426129159517586,0.0007657500682398677,False,True,search,,0.017071041045710444,,,,,,,,,,,,,,,,,,
nhanes_real,3,v3,dsr_full_euclidean,0.05,827,decoded_naive,decoded_banded,euclidean,True,237428,246880,0.006001958972774446,1.1426129159517586,0.0007657500682398677,False,True,search,,0.016244124970398843,,,,,,,,,,,,,,,,,,
nhanes_real,3,v3,dsr_full_euclidean,0.05,828,decoded_naive,decoded_banded,euclidean,True,237428,246880,0.006001958972774446,1.1426129159517586,0.0007657500682398677,False,True,search,,0.01467020798008889,,,,,,,,,,,,,,,,,,
nhanes_real,3,v3,dsr_full_euclidean,0.05,830,decoded_naive,decoded_banded,euclidean,True,237428,246880,0.006001958972774446,1.1426129159517586,0.0007657500682398677,False,True,repair,failed,0.016945875016972423,False,True,False,True,0.0,3.0,"step 1 still violates after 3 repair iterations (triggered by {'immutable': False, 'non_decreasing': True, 'age_horizon': False, 'directional': True})",,,,,,,,,,,
nhanes_real,3,v3,dsr_full_euclidean,0.05,831,decoded_naive,decoded_banded,euclidean,True,237428,246880,0.006001958972774446,1.1426129159517586,0.0007657500682398677,True,False,,clean,0.015539541025646031,,,,,0.0,0.0,,"[3086, 1938]",2.0,0.37906086444854736,False,False,False,False,False,False,-6.394487313431896,1.276201605796814
nhanes_real,3,v3,dsr_full_euclidean,0.05,832,decoded_naive,decoded_banded,euclidean,True,237428,246880,0.006001958972774446,1.1426129159517586,0.0007657500682398677,False,True,search,,0.01816745800897479,,,,,,,,,,,,,,,,,,
nhanes_real,3,v3,dsr_full_euclidean,0.05,833,decoded_naive,decoded_banded,euclidean,True,237428,246880,0.006001958972774446,1.1426129159517586,0.0007657500682398677,False,True,search,,0.017222124966792762,,,,,,,,,,,,,,,,,,
nhanes_real,3,v3,dsr_full_euclidean,0.05,834,decoded_naive,decoded_banded,euclidean,True,237428,246880,0.006001958972774446,1.1426129159517586,0.0007657500682398677,False,True,search,,0.017701834090985358,,,,,,,,,,,,,,,,,,
nhanes_real,3,v3,dsr_full_euclidean,0.05,835,decoded_naive,decoded_banded,euclidean,True,237428,246880,0.006001958972774446,1.1426129159517586,0.0007657500682398677,False,True,search,,0.013350458000786602,,,,,,,,,,,,,,,,,,
nhanes_real,3,v3,dsr_full_euclidean,0.05,836,decoded_naive,decoded_banded,euclidean,True,237428,246880,0.006001958972774446,1.1426129159517586,0.0007657500682398677,True,False,,clean,0.017101916950196028,,,,,0.0,0.0,,"[3086, 1508]",2.0,3.266702651977539,False,False,False,False,False,False,-7.548767901947858,8.830211639404297
nhanes_real,3,v3,dsr_full_euclidean,0.05,838,decoded_naive,decoded_banded,euclidean,True,237428,246880,0.006001958972774446,1.1426129159517586,0.0007657500682398677,True,False,,clean,0.017397999996319413,,,,,0.0,0.0,,"[3086, 455]",2.0,0.8066685199737549,False,False,False,False,False,False,-6.639531941229212,2.1544625759124756
nhanes_real,3,v3,dsr_full_euclidean,0.05,839,decoded_naive,decoded_banded,euclidean,True,237428,246880,0.006001958972774446,1.1426129159517586,0.0007657500682398677,True,False,,clean,0.019512917031534016,,,,,0.0,0.0,,"[3086, 2950]",2.0,0.2864845097064972,False,False,False,False,False,False,-6.277381174492325,0.8204662203788757
nhanes_real,3,v3,dsr_full_euclidean,0.05,844,decoded_naive,decoded_banded,euclidean,True,237428,246880,0.006001958972774446,1.1426129159517586,0.0007657500682398677,True,False,,clean,0.014771583024412394,,,,,0.0,0.0,,"[3086, 1825]",2.0,1.9881994724273682,False,False,False,False,False,False,-7.74559078956093,10.247468948364258
nhanes_real,3,v3,dsr_full_euclidean,0.05,846,decoded_naive,decoded_banded,euclidean,True,237428,246880,0.006001958972774446,1.1426129159517586,0.0007657500682398677,False,True,search,,0.01819012500345707,,,,,,,,,,,,,,,,,,
nhanes_real,3,v3,dsr_full_euclidean,0.05,847,decoded_naive,decoded_banded,euclidean,True,237428,246880,0.006001958972774446,1.1426129159517586,0.0007657500682398677,False,True,search,,0.016034499974921346,,,,,,,,,,,,,,,,,,
nhanes_real,3,v3,dsr_full_euclidean,0.05,848,decoded_naive,decoded_banded,euclidean,True,237428,246880,0.006001958972774446,1.1426129159517586,0.0007657500682398677,False,True,search,,0.015063458937220275,,,,,,,,,,,,,,,,,,
nhanes_real,3,v3,dsr_full_euclidean,0.05,849,decoded_naive,decoded_banded,euclidean,True,237428,246880,0.006001958972774446,1.1426129159517586,0.0007657500682398677,True,False,,clean,0.016055208980105817,,,,,0.0,0.0,,"[3086, 2028]",2.0,1.609404444694519,False,False,False,False,False,False,-7.255532684579646,5.7465105056762695
nhanes_real,3,v3,dsr_full_euclidean,0.05,854,decoded_naive,decoded_banded,euclidean,True,237428,246880,0.006001958972774446,1.1426129159517586,0.0007657500682398677,False,True,repair,failed,0.016058749984949827,False,True,False,False,0.0,3.0,"step 1 still violates after 3 repair iterations (triggered by {'immutable': False, 'non_decreasing': True, 'age_horizon': False, 'directional': False})",,,,,,,,,,,
nhanes_real,3,v3,dsr_full_euclidean,0.05,855,decoded_naive,decoded_banded,euclidean,True,237428,246880,0.006001958972774446,1.1426129159517586,0.0007657500682398677,False,True,search,,0.016519750002771616,,,,,,,,,,,,,,,,,,
nhanes_real,3,v3,dsr_full_euclidean,0.05,856,decoded_naive,decoded_banded,euclidean,True,237428,246880,0.006001958972774446,1.1426129159517586,0.0007657500682398677,False,True,repair,failed,0.02634150010999292,False,False,False,True,0.0,3.0,"step 1 still violates after 3 repair iterations (triggered by {'immutable': False, 'non_decreasing': False, 'age_horizon': False, 'directional': True})",,,,,,,,,,,
nhanes_real,3,v3,dsr_full_euclidean,0.05,857,decoded_naive,decoded_banded,euclidean,True,237428,246880,0.006001958972774446,1.1426129159517586,0.0007657500682398677,True,False,,clean,0.016242209007032216,,,,,0.0,0.0,,"[3086, 1259]",2.0,0.6119946837425232,False,False,False,False,False,False,-6.223699668803501,1.529529094696045
nhanes_real,3,v3,dsr_full_euclidean,0.05,858,decoded_naive,decoded_banded,euclidean,True,237428,246880,0.006001958972774446,1.1426129159517586,0.0007657500682398677,True,False,,clean,0.015227125026285648,,,,,0.0,0.0,,"[3086, 1508]",2.0,2.6259024143218994,False,False,False,False,False,False,-7.19650858233476,6.305099964141846
nhanes_real,3,v3,dsr_full_euclidean,0.05,859,decoded_naive,decoded_banded,euclidean,True,237428,246880,0.006001958972774446,1.1426129159517586,0.0007657500682398677,False,True,repair,failed,0.01737966702785343,False,True,False,True,0.0,3.0,"step 1 still violates after 3 repair iterations (triggered by {'immutable': False, 'non_decreasing': True, 'age_horizon': False, 'directional': True})",,,,,,,,,,,
nhanes_real,3,v3,dsr_full_euclidean,0.05,861,decoded_naive,decoded_banded,euclidean,True,237428,246880,0.006001958972774446,1.1426129159517586,0.0007657500682398677,False,True,search,,0.0171144159976393,,,,,,,,,,,,,,,,,,
nhanes_real,3,v3,dsr_full_euclidean,0.05,862,decoded_naive,decoded_banded,euclidean,True,237428,246880,0.006001958972774446,1.1426129159517586,0.0007657500682398677,False,True,search,,0.01669120800215751,,,,,,,,,,,,,,,,,,
nhanes_real,3,v3,dsr_full_euclidean,0.05,863,decoded_naive,decoded_banded,euclidean,True,237428,246880,0.006001958972774446,1.1426129159517586,0.0007657500682398677,False,True,search,,0.01570745895151049,,,,,,,,,,,,,,,,,,
nhanes_real,3,v3,dsr_full_euclidean,0.05,865,decoded_naive,decoded_banded,euclidean,True,237428,246880,0.006001958972774446,1.1426129159517586,0.0007657500682398677,False,True,search,,0.01620908302720636,,,,,,,,,,,,,,,,,,
nhanes_real,3,v3,dsr_full_euclidean,0.05,870,decoded_naive,decoded_banded,euclidean,True,237428,246880,0.006001958972774446,1.1426129159517586,0.0007657500682398677,False,True,search,,0.016373666934669018,,,,,,,,,,,,,,,,,,
nhanes_real,3,v3,dsr_full_euclidean,0.05,871,decoded_naive,decoded_banded,euclidean,True,237428,246880,0.006001958972774446,1.1426129159517586,0.0007657500682398677,False,True,repair,failed,0.016828374937176704,False,False,True,False,0.0,3.0,"step 1 still violates after 3 repair iterations (triggered by {'immutable': False, 'non_decreasing': False, 'age_horizon': True, 'directional': False})",,,,,,,,,,,
nhanes_real,3,v3,dsr_full_euclidean,0.05,872,decoded_naive,decoded_banded,euclidean,True,237428,246880,0.006001958972774446,1.1426129159517586,0.0007657500682398677,True,False,,clean,0.014141082996502519,,,,,0.0,0.0,,"[3086, 1508]",2.0,2.61478853225708,False,False,False,False,False,False,-7.441389420734161,7.59260368347168
nhanes_real,3,v3,dsr_full_euclidean,0.05,876,decoded_naive,decoded_banded,euclidean,True,237428,246880,0.006001958972774446,1.1426129159517586,0.0007657500682398677,False,True,repair,failed,0.01530841609928757,False,False,False,True,0.0,3.0,"step 1 still violates after 3 repair iterations (triggered by {'immutable': False, 'non_decreasing': False, 'age_horizon': False, 'directional': True})",,,,,,,,,,,
nhanes_real,3,v3,dsr_full_euclidean,0.05,881,decoded_naive,decoded_banded,euclidean,True,237428,246880,0.006001958972774446,1.1426129159517586,0.0007657500682398677,True,False,,clean,0.01762091601267457,,,,,0.0,0.0,,"[3086, 321]",2.0,0.7791382074356079,False,False,False,False,False,False,-6.161601520518094,1.8844635486602783
nhanes_real,3,v3,dsr_full_euclidean,0.05,887,decoded_naive,decoded_banded,euclidean,True,237428,246880,0.006001958972774446,1.1426129159517586,0.0007657500682398677,False,True,repair,failed,0.01610320806503296,False,False,False,True,0.0,3.0,"step 1 still violates after 3 repair iterations (triggered by {'immutable': False, 'non_decreasing': False, 'age_horizon': False, 'directional': True})",,,,,,,,,,,
nhanes_real,3,v3,dsr_full_euclidean,0.05,890,decoded_naive,decoded_banded,euclidean,True,237428,246880,0.006001958972774446,1.1426129159517586,0.0007657500682398677,True,False,,clean,0.01657908398192376,,,,,0.0,0.0,,"[3086, 428]",2.0,3.1740503311157227,False,False,False,False,False,False,-7.472045316041058,10.530852317810059
nhanes_real,3,v3,dsr_full_euclidean,0.05,896,decoded_naive,decoded_banded,euclidean,True,237428,246880,0.006001958972774446,1.1426129159517586,0.0007657500682398677,False,True,search,,0.016433042008429766,,,,,,,,,,,,,,,,,,
nhanes_real,3,v3,dsr_full_euclidean,0.05,898,decoded_naive,decoded_banded,euclidean,True,237428,246880,0.006001958972774446,1.1426129159517586,0.0007657500682398677,True,False,,clean,0.01654583401978016,,,,,0.0,0.0,,"[3086, 1878]",2.0,0.47895246744155884,False,False,False,False,False,False,-6.346166830646526,1.255275011062622
nhanes_real,3,v3,dsr_full_euclidean,0.05,899,decoded_naive,decoded_banded,euclidean,True,237428,246880,0.006001958972774446,1.1426129159517586,0.0007657500682398677,True,False,,clean,0.016818042029626667,,,,,0.0,0.0,,"[3086, 1255]",2.0,0.5473129153251648,False,False,False,False,False,False,-6.13470600375738,1.3915752172470093
nhanes_real,3,v3,dsr_full_euclidean,0.05,903,decoded_naive,decoded_banded,euclidean,True,237428,246880,0.006001958972774446,1.1426129159517586,0.0007657500682398677,False,True,search,,0.016579124960117042,,,,,,,,,,,,,,,,,,
nhanes_real,3,v3,dsr_full_euclidean,0.05,906,decoded_naive,decoded_banded,euclidean,True,237428,246880,0.006001958972774446,1.1426129159517586,0.0007657500682398677,True,False,,clean,0.015878207981586456,,,,,0.0,0.0,,"[3086, 1508]",2.0,2.088127613067627,False,False,False,False,False,False,-7.058164326843947,4.036724090576172
nhanes_real,4,v3,dsr_full_euclidean,0.05,4,decoded_naive,decoded_banded,euclidean,True,236256,246880,0.009266833076253533,1.160767334047705,0.001783333020284772,True,False,,clean,0.017387583036907017,,,,,0.0,0.0,,"[3086, 1632]",2.0,0.7851209044456482,False,False,False,False,False,False,-6.3348145011664005,2.031665325164795
nhanes_real,4,v3,dsr_full_euclidean,0.05,5,decoded_naive,decoded_banded,euclidean,True,236256,246880,0.009266833076253533,1.160767334047705,0.001783333020284772,True,False,,clean,0.014992167009040713,,,,,0.0,0.0,,"[3086, 2310]",2.0,0.14573216438293457,False,False,False,False,False,False,-6.24838404627876,0.4711154103279114
nhanes_real,4,v3,dsr_full_euclidean,0.05,6,decoded_naive,decoded_banded,euclidean,True,236256,246880,0.009266833076253533,1.160767334047705,0.001783333020284772,False,True,repair,failed,0.019779750029556453,False,False,True,False,0.0,3.0,"step 1 still violates after 3 repair iterations (triggered by {'immutable': False, 'non_decreasing': False, 'age_horizon': True, 'directional': False})",,,,,,,,,,,
nhanes_real,4,v3,dsr_full_euclidean,0.05,7,decoded_naive,decoded_banded,euclidean,True,236256,246880,0.009266833076253533,1.160767334047705,0.001783333020284772,False,True,search,,0.016459416947327554,,,,,,,,,,,,,,,,,,
nhanes_real,4,v3,dsr_full_euclidean,0.05,8,decoded_naive,decoded_banded,euclidean,True,236256,246880,0.009266833076253533,1.160767334047705,0.001783333020284772,False,True,search,,0.01697904197499156,,,,,,,,,,,,,,,,,,
nhanes_real,4,v3,dsr_full_euclidean,0.05,9,decoded_naive,decoded_banded,euclidean,True,236256,246880,0.009266833076253533,1.160767334047705,0.001783333020284772,False,True,search,,0.0153866249602288,,,,,,,,,,,,,,,,,,
nhanes_real,4,v3,dsr_full_euclidean,0.05,12,decoded_naive,decoded_banded,euclidean,True,236256,246880,0.009266833076253533,1.160767334047705,0.001783333020284772,True,False,,clean,0.013578874990344048,,,,,0.0,0.0,,"[3086, 1851]",2.0,1.1545906066894531,False,False,False,False,False,False,-6.602853626155074,2.190241575241089
nhanes_real,4,v3,dsr_full_euclidean,0.05,13,decoded_naive,decoded_banded,euclidean,True,236256,246880,0.009266833076253533,1.160767334047705,0.001783333020284772,False,True,search,,0.011308207991532981,,,,,,,,,,,,,,,,,,
nhanes_real,4,v3,dsr_full_euclidean,0.05,15,decoded_naive,decoded_banded,euclidean,True,236256,246880,0.009266833076253533,1.160767334047705,0.001783333020284772,False,True,repair,failed,0.013853874988853931,False,False,False,True,0.0,3.0,"step 1 still violates after 3 repair iterations (triggered by {'immutable': False, 'non_decreasing': False, 'age_horizon': False, 'directional': True})",,,,,,,,,,,
nhanes_real,4,v3,dsr_full_euclidean,0.05,16,decoded_naive,decoded_banded,euclidean,True,236256,246880,0.009266833076253533,1.160767334047705,0.001783333020284772,False,True,search,,0.011595916002988815,,,,,,,,,,,,,,,,,,
nhanes_real,4,v3,dsr_full_euclidean,0.05,17,decoded_naive,decoded_banded,euclidean,True,236256,246880,0.009266833076253533,1.160767334047705,0.001783333020284772,False,True,search,,0.010333459009416401,,,,,,,,,,,,,,,,,,
nhanes_real,4,v3,dsr_full_euclidean,0.05,21,decoded_naive,decoded_banded,euclidean,True,236256,246880,0.009266833076253533,1.160767334047705,0.001783333020284772,False,True,search,,0.01050220790784806,,,,,,,,,,,,,,,,,,
nhanes_real,4,v3,dsr_full_euclidean,0.05,22,decoded_naive,decoded_banded,euclidean,True,236256,246880,0.009266833076253533,1.160767334047705,0.001783333020284772,False,True,search,,0.009613542002625763,,,,,,,,,,,,,,,,,,
nhanes_real,4,v3,dsr_full_euclidean,0.05,25,decoded_naive,decoded_banded,euclidean,True,236256,246880,0.009266833076253533,1.160767334047705,0.001783333020284772,False,True,search,,0.009669833933003247,,,,,,,,,,,,,,,,,,
nhanes_real,4,v3,dsr_full_euclidean,0.05,27,decoded_naive,decoded_banded,euclidean,True,236256,246880,0.009266833076253533,1.160767334047705,0.001783333020284772,False,True,search,,0.010761499986983836,,,,,,,,,,,,,,,,,,
nhanes_real,4,v3,dsr_full_euclidean,0.05,30,decoded_naive,decoded_banded,euclidean,True,236256,246880,0.009266833076253533,1.160767334047705,0.001783333020284772,True,False,,clean,0.0107240000506863,,,,,0.0,0.0,,"[3086, 1723]",2.0,0.6183977723121643,False,False,False,False,False,False,-6.30210367271801,1.9547985792160034
nhanes_real,4,v3,dsr_full_euclidean,0.05,34,decoded_naive,decoded_banded,euclidean,True,236256,246880,0.009266833076253533,1.160767334047705,0.001783333020284772,False,True,repair,failed,0.01028241601306945,False,False,False,True,0.0,3.0,"step 1 still violates after 3 repair iterations (triggered by {'immutable': False, 'non_decreasing': False, 'age_horizon': False, 'directional': True})",,,,,,,,,,,
nhanes_real,4,v3,dsr_full_euclidean,0.05,38,decoded_naive,decoded_banded,euclidean,True,236256,246880,0.009266833076253533,1.160767334047705,0.001783333020284772,False,True,search,,0.01004654192365706,,,,,,,,,,,,,,,,,,
nhanes_real,4,v3,dsr_full_euclidean,0.05,39,decoded_naive,decoded_banded,euclidean,True,236256,246880,0.009266833076253533,1.160767334047705,0.001783333020284772,True,False,,clean,0.009792999946512282,,,,,0.0,0.0,,"[3086, 1523]",2.0,0.3741193115711212,False,False,False,False,False,False,-7.4182017070094535,1.6209416389465332
nhanes_real,4,v3,dsr_full_euclidean,0.05,43,decoded_naive,decoded_banded,euclidean,True,236256,246880,0.009266833076253533,1.160767334047705,0.001783333020284772,False,True,search,,0.009854499949142337,,,,,,,,,,,,,,,,,,
nhanes_real,4,v3,dsr_full_euclidean,0.05,44,decoded_naive,decoded_banded,euclidean,True,236256,246880,0.009266833076253533,1.160767334047705,0.001783333020284772,True,False,,clean,0.010134999989531934,,,,,0.0,0.0,,"[3086, 1851]",2.0,1.5801395177841187,False,False,False,False,False,False,-6.581715131154368,3.7485930919647217
nhanes_real,4,v3,dsr_full_euclidean,0.05,45,decoded_naive,decoded_banded,euclidean,True,236256,246880,0.009266833076253533,1.160767334047705,0.001783333020284772,False,True,repair,failed,0.013587624998763204,False,False,True,False,0.0,3.0,"step 1 still violates after 3 repair iterations (triggered by {'immutable': False, 'non_decreasing': False, 'age_horizon': True, 'directional': False})",,,,,,,,,,,
nhanes_real,4,v3,dsr_full_euclidean,0.05,48,decoded_naive,decoded_banded,euclidean,True,236256,246880,0.009266833076253533,1.160767334047705,0.001783333020284772,False,True,repair,failed,0.014787667081691325,False,False,False,True,0.0,3.0,"step 1 still violates after 3 repair iterations (triggered by {'immutable': False, 'non_decreasing': False, 'age_horizon': False, 'directional': True})",,,,,,,,,,,
nhanes_real,4,v3,dsr_full_euclidean,0.05,49,decoded_naive,decoded_banded,euclidean,True,236256,246880,0.009266833076253533,1.160767334047705,0.001783333020284772,False,True,repair,failed,0.02074041706509888,False,False,True,False,0.0,3.0,"step 1 still violates after 3 repair iterations (triggered by {'immutable': False, 'non_decreasing': False, 'age_horizon': True, 'directional': False})",,,,,,,,,,,
nhanes_real,4,v3,dsr_full_euclidean,0.05,50,decoded_naive,decoded_banded,euclidean,True,236256,246880,0.009266833076253533,1.160767334047705,0.001783333020284772,False,True,search,,0.01401070796418935,,,,,,,,,,,,,,,,,,
nhanes_real,4,v3,dsr_full_euclidean,0.05,51,decoded_naive,decoded_banded,euclidean,True,236256,246880,0.009266833076253533,1.160767334047705,0.001783333020284772,False,True,search,,0.011621249956078827,,,,,,,,,,,,,,,,,,
nhanes_real,4,v3,dsr_full_euclidean,0.05,53,decoded_naive,decoded_banded,euclidean,True,236256,246880,0.009266833076253533,1.160767334047705,0.001783333020284772,True,False,,clean,0.012872542021796107,,,,,0.0,0.0,,"[3086, 817]",2.0,0.942111611366272,False,False,False,False,False,False,-6.606448917661236,3.1262545585632324
nhanes_real,4,v3,dsr_full_euclidean,0.05,54,decoded_naive,decoded_banded,euclidean,True,236256,246880,0.009266833076253533,1.160767334047705,0.001783333020284772,False,True,search,,0.012269916944205761,,,,,,,,,,,,,,,,,,
nhanes_real,4,v3,dsr_full_euclidean,0.05,55,decoded_naive,decoded_banded,euclidean,True,236256,246880,0.009266833076253533,1.160767334047705,0.001783333020284772,False,True,search,,0.015411000000312924,,,,,,,,,,,,,,,,,,
nhanes_real,4,v3,dsr_full_euclidean,0.05,59,decoded_naive,decoded_banded,euclidean,True,236256,246880,0.009266833076253533,1.160767334047705,0.001783333020284772,False,True,repair,failed,0.015322291990742087,False,False,False,True,0.0,3.0,"step 1 still violates after 3 repair iterations (triggered by {'immutable': False, 'non_decreasing': False, 'age_horizon': False, 'directional': True})",,,,,,,,,,,
nhanes_real,4,v3,dsr_full_euclidean,0.05,61,decoded_naive,decoded_banded,euclidean,True,236256,246880,0.009266833076253533,1.160767334047705,0.001783333020284772,False,True,repair,failed,0.011771250050514936,False,False,True,False,1.0,1.0,repair broke monotone risk reduction along the path,,,,,,,,,,,
nhanes_real,4,v3,dsr_full_euclidean,0.05,63,decoded_naive,decoded_banded,euclidean,True,236256,246880,0.009266833076253533,1.160767334047705,0.001783333020284772,False,True,search,,0.009929709020070732,,,,,,,,,,,,,,,,,,
nhanes_real,4,v3,dsr_full_euclidean,0.05,66,decoded_naive,decoded_banded,euclidean,True,236256,246880,0.009266833076253533,1.160767334047705,0.001783333020284772,False,True,search,,0.009582041995599866,,,,,,,,,,,,,,,,,,
nhanes_real,4,v3,dsr_full_euclidean,0.05,67,decoded_naive,decoded_banded,euclidean,True,236256,246880,0.009266833076253533,1.160767334047705,0.001783333020284772,False,True,repair,failed,0.01072466594632715,False,False,False,True,0.0,3.0,"step 1 still violates after 3 repair iterations (triggered by {'immutable': False, 'non_decreasing': False, 'age_horizon': False, 'directional': True})",,,,,,,,,,,
nhanes_real,4,v3,dsr_full_euclidean,0.05,68,decoded_naive,decoded_banded,euclidean,True,236256,246880,0.009266833076253533,1.160767334047705,0.001783333020284772,False,True,search,,0.010166916996240616,,,,,,,,,,,,,,,,,,
nhanes_real,4,v3,dsr_full_euclidean,0.05,70,decoded_naive,decoded_banded,euclidean,True,236256,246880,0.009266833076253533,1.160767334047705,0.001783333020284772,False,True,search,,0.010834167012944818,,,,,,,,,,,,,,,,,,
nhanes_real,4,v3,dsr_full_euclidean,0.05,72,decoded_naive,decoded_banded,euclidean,True,236256,246880,0.009266833076253533,1.160767334047705,0.001783333020284772,False,True,search,,0.011876750038936734,,,,,,,,,,,,,,,,,,
nhanes_real,4,v3,dsr_full_euclidean,0.05,77,decoded_naive,decoded_banded,euclidean,True,236256,246880,0.009266833076253533,1.160767334047705,0.001783333020284772,False,True,search,,0.010074084042571485,,,,,,,,,,,,,,,,,,
nhanes_real,4,v3,dsr_full_euclidean,0.05,82,decoded_naive,decoded_banded,euclidean,True,236256,246880,0.009266833076253533,1.160767334047705,0.001783333020284772,False,True,search,,0.00910300004761666,,,,,,,,,,,,,,,,,,
nhanes_real,4,v3,dsr_full_euclidean,0.05,85,decoded_naive,decoded_banded,euclidean,True,236256,246880,0.009266833076253533,1.160767334047705,0.001783333020284772,True,False,,clean,0.00950837496202439,,,,,0.0,0.0,,"[3086, 817]",2.0,1.059618353843689,False,False,False,False,False,False,-6.534642351265585,3.092034339904785
nhanes_real,4,v3,dsr_full_euclidean,0.05,86,decoded_naive,decoded_banded,euclidean,True,236256,246880,0.009266833076253533,1.160767334047705,0.001783333020284772,False,True,search,,0.009775500046089292,,,,,,,,,,,,,,,,,,
nhanes_real,4,v3,dsr_full_euclidean,0.05,88,decoded_naive,decoded_banded,euclidean,True,236256,246880,0.009266833076253533,1.160767334047705,0.001783333020284772,True,False,,clean,0.010128916008397937,,,,,0.0,0.0,,"[3086, 817]",2.0,2.037682056427002,False,False,False,False,False,False,-7.3531288107410315,7.65103006362915
nhanes_real,4,v3,dsr_full_euclidean,0.05,89,decoded_naive,decoded_banded,euclidean,True,236256,246880,0.009266833076253533,1.160767334047705,0.001783333020284772,False,True,search,,0.009513083030469716,,,,,,,,,,,,,,,,,,
nhanes_real,4,v3,dsr_full_euclidean,0.05,93,decoded_naive,decoded_banded,euclidean,True,236256,246880,0.009266833076253533,1.160767334047705,0.001783333020284772,False,True,search,,0.008658415987156332,,,,,,,,,,,,,,,,,,
nhanes_real,4,v3,dsr_full_euclidean,0.05,94,decoded_naive,decoded_banded,euclidean,True,236256,246880,0.009266833076253533,1.160767334047705,0.001783333020284772,False,True,search,,0.00958004198037088,,,,,,,,,,,,,,,,,,
nhanes_real,4,v3,dsr_full_euclidean,0.05,101,decoded_naive,decoded_banded,euclidean,True,236256,246880,0.009266833076253533,1.160767334047705,0.001783333020284772,True,False,,clean,0.009624083060771227,,,,,0.0,0.0,,"[3086, 1851]",2.0,1.7606520652770996,False,False,False,False,False,False,-6.670133470198426,4.3278093338012695
nhanes_real,4,v3,dsr_full_euclidean,0.05,102,decoded_naive,decoded_banded,euclidean,True,236256,246880,0.009266833076253533,1.160767334047705,0.001783333020284772,True,False,,clean,0.011058083036914468,,,,,0.0,0.0,,"[3086, 1851]",2.0,1.3030729293823242,False,False,False,False,False,False,-6.5759119407817375,2.757004976272583
nhanes_real,4,v3,dsr_full_euclidean,0.05,103,decoded_naive,decoded_banded,euclidean,True,236256,246880,0.009266833076253533,1.160767334047705,0.001783333020284772,False,True,search,,0.012306791031733155,,,,,,,,,,,,,,,,,,
nhanes_real,4,v3,dsr_full_euclidean,0.05,104,decoded_naive,decoded_banded,euclidean,True,236256,246880,0.009266833076253533,1.160767334047705,0.001783333020284772,False,True,repair,failed,0.010816958034411073,False,True,False,True,0.0,3.0,"step 1 still violates after 3 repair iterations (triggered by {'immutable': False, 'non_decreasing': True, 'age_horizon': False, 'directional': True})",,,,,,,,,,,
nhanes_real,4,v3,dsr_full_euclidean,0.05,107,decoded_naive,decoded_banded,euclidean,True,236256,246880,0.009266833076253533,1.160767334047705,0.001783333020284772,False,True,repair,failed,0.010453582974150777,False,False,False,True,1.0,1.0,repaired terminal state is no longer low-risk,,,,,,,,,,,
nhanes_real,4,v3,dsr_full_euclidean,0.05,108,decoded_naive,decoded_banded,euclidean,True,236256,246880,0.009266833076253533,1.160767334047705,0.001783333020284772,False,True,repair,failed,0.010135625023394823,False,False,False,True,0.0,3.0,"step 1 still violates after 3 repair iterations (triggered by {'immutable': False, 'non_decreasing': False, 'age_horizon': False, 'directional': True})",,,,,,,,,,,
nhanes_real,4,v3,dsr_full_euclidean,0.05,113,decoded_naive,decoded_banded,euclidean,True,236256,246880,0.009266833076253533,1.160767334047705,0.001783333020284772,True,False,,clean,0.009660957963205874,,,,,0.0,0.0,,"[3086, 1851]",2.0,1.1608192920684814,False,False,False,False,False,False,-6.637043010420633,2.379181385040283
nhanes_real,4,v3,dsr_full_euclidean,0.05,115,decoded_naive,decoded_banded,euclidean,True,236256,246880,0.009266833076253533,1.160767334047705,0.001783333020284772,False,True,search,,0.009776000049896538,,,,,,,,,,,,,,,,,,
nhanes_real,4,v3,dsr_full_euclidean,0.05,116,decoded_naive,decoded_banded,euclidean,True,236256,246880,0.009266833076253533,1.160767334047705,0.001783333020284772,False,True,repair,failed,0.009905333048664033,False,False,True,False,0.0,3.0,"step 1 still violates after 3 repair iterations (triggered by {'immutable': False, 'non_decreasing': False, 'age_horizon': True, 'directional': False})",,,,,,,,,,,
nhanes_real,4,v3,dsr_full_euclidean,0.05,124,decoded_naive,decoded_banded,euclidean,True,236256,246880,0.009266833076253533,1.160767334047705,0.001783333020284772,False,True,search,,0.009787166025489569,,,,,,,,,,,,,,,,,,
nhanes_real,4,v3,dsr_full_euclidean,0.05,126,decoded_naive,decoded_banded,euclidean,True,236256,246880,0.009266833076253533,1.160767334047705,0.001783333020284772,False,True,repair,failed,0.009912542067468166,False,False,False,True,0.0,3.0,"step 1 still violates after 3 repair iterations (triggered by {'immutable': False, 'non_decreasing': False, 'age_horizon': False, 'directional': True})",,,,,,,,,,,
nhanes_real,4,v3,dsr_full_euclidean,0.05,127,decoded_naive,decoded_banded,euclidean,True,236256,246880,0.009266833076253533,1.160767334047705,0.001783333020284772,False,True,repair,failed,0.01019287493545562,False,False,False,True,0.0,3.0,"step 1 still violates after 3 repair iterations (triggered by {'immutable': False, 'non_decreasing': False, 'age_horizon': False, 'directional': True})",,,,,,,,,,,
nhanes_real,4,v3,dsr_full_euclidean,0.05,129,decoded_naive,decoded_banded,euclidean,True,236256,246880,0.009266833076253533,1.160767334047705,0.001783333020284772,False,True,search,,0.009849624941125512,,,,,,,,,,,,,,,,,,
nhanes_real,4,v3,dsr_full_euclidean,0.05,130,decoded_naive,decoded_banded,euclidean,True,236256,246880,0.009266833076253533,1.160767334047705,0.001783333020284772,False,True,search,,0.009770624921657145,,,,,,,,,,,,,,,,,,
nhanes_real,4,v3,dsr_full_euclidean,0.05,137,decoded_naive,decoded_banded,euclidean,True,236256,246880,0.009266833076253533,1.160767334047705,0.001783333020284772,False,True,repair,failed,0.01044954196549952,False,False,False,True,0.0,3.0,"step 1 still violates after 3 repair iterations (triggered by {'immutable': False, 'non_decreasing': False, 'age_horizon': False, 'directional': True})",,,,,,,,,,,
nhanes_real,4,v3,dsr_full_euclidean,0.05,138,decoded_naive,decoded_banded,euclidean,True,236256,246880,0.009266833076253533,1.160767334047705,0.001783333020284772,False,True,search,,0.00959362497087568,,,,,,,,,,,,,,,,,,
nhanes_real,4,v3,dsr_full_euclidean,0.05,139,decoded_naive,decoded_banded,euclidean,True,236256,246880,0.009266833076253533,1.160767334047705,0.001783333020284772,False,True,search,,0.010034834034740925,,,,,,,,,,,,,,,,,,
nhanes_real,4,v3,dsr_full_euclidean,0.05,140,decoded_naive,decoded_banded,euclidean,True,236256,246880,0.009266833076253533,1.160767334047705,0.001783333020284772,False,True,search,,0.009504541987553239,,,,,,,,,,,,,,,,,,
nhanes_real,4,v3,dsr_full_euclidean,0.05,142,decoded_naive,decoded_banded,euclidean,True,236256,246880,0.009266833076253533,1.160767334047705,0.001783333020284772,True,False,,repaired,0.010366583010181785,False,False,False,True,1.0,2.0,,"[3086, 2302]",2.0,0.44536855816841125,False,False,False,False,False,False,-6.4122593440023135,1.7828693389892578
nhanes_real,4,v3,dsr_full_euclidean,0.05,143,decoded_naive,decoded_banded,euclidean,True,236256,246880,0.009266833076253533,1.160767334047705,0.001783333020284772,False,True,repair,failed,0.00989329197909683,False,False,False,True,0.0,3.0,"step 1 still violates after 3 repair iterations (triggered by {'immutable': False, 'non_decreasing': False, 'age_horizon': False, 'directional': True})",,,,,,,,,,,
nhanes_real,4,v3,dsr_full_euclidean,0.05,144,decoded_naive,decoded_banded,euclidean,True,236256,246880,0.009266833076253533,1.160767334047705,0.001783333020284772,False,True,search,,0.009159957990050316,,,,,,,,,,,,,,,,,,
nhanes_real,4,v3,dsr_full_euclidean,0.05,146,decoded_naive,decoded_banded,euclidean,True,236256,246880,0.009266833076253533,1.160767334047705,0.001783333020284772,True,False,,clean,0.009344874997623265,,,,,0.0,0.0,,"[3086, 1513]",2.0,3.3909475803375244,False,False,False,False,False,False,-7.60179562843111,9.135824203491211
nhanes_real,4,v3,dsr_full_euclidean,0.05,147,decoded_naive,decoded_banded,euclidean,True,236256,246880,0.009266833076253533,1.160767334047705,0.001783333020284772,False,True,repair,failed,0.01032354193739593,False,False,False,True,0.0,3.0,"step 1 still violates after 3 repair iterations (triggered by {'immutable': False, 'non_decreasing': False, 'age_horizon': False, 'directional': True})",,,,,,,,,,,
nhanes_real,4,v3,dsr_full_euclidean,0.05,150,decoded_naive,decoded_banded,euclidean,True,236256,246880,0.009266833076253533,1.160767334047705,0.001783333020284772,False,True,search,,0.009932458051480353,,,,,,,,,,,,,,,,,,
nhanes_real,4,v3,dsr_full_euclidean,0.05,152,decoded_naive,decoded_banded,euclidean,True,236256,246880,0.009266833076253533,1.160767334047705,0.001783333020284772,False,True,search,,0.010067750001326203,,,,,,,,,,,,,,,,,,
nhanes_real,4,v3,dsr_full_euclidean,0.05,153,decoded_naive,decoded_banded,euclidean,True,236256,246880,0.009266833076253533,1.160767334047705,0.001783333020284772,False,True,search,,0.010699915932491422,,,,,,,,,,,,,,,,,,
nhanes_real,4,v3,dsr_full_euclidean,0.05,158,decoded_naive,decoded_banded,euclidean,True,236256,246880,0.009266833076253533,1.160767334047705,0.001783333020284772,False,True,search,,0.010087458067573607,,,,,,,,,,,,,,,,,,
nhanes_real,4,v3,dsr_full_euclidean,0.05,164,decoded_naive,decoded_banded,euclidean,True,236256,246880,0.009266833076253533,1.160767334047705,0.001783333020284772,False,True,repair,failed,0.010109458002261817,False,False,True,True,0.0,3.0,"step 1 still violates after 3 repair iterations (triggered by {'immutable': False, 'non_decreasing': False, 'age_horizon': True, 'directional': True})",,,,,,,,,,,
nhanes_real,4,v3,dsr_full_euclidean,0.05,165,decoded_naive,decoded_banded,euclidean,True,236256,246880,0.009266833076253533,1.160767334047705,0.001783333020284772,True,False,,clean,0.010039207991212606,,,,,0.0,0.0,,"[3086, 2884]",2.0,0.5011529922485352,False,False,False,False,False,False,-8.016657603389586,2.641785144805908
nhanes_real,4,v3,dsr_full_euclidean,0.05,168,decoded_naive,decoded_banded,euclidean,True,236256,246880,0.009266833076253533,1.160767334047705,0.001783333020284772,False,True,search,,0.010246042045764625,,,,,,,,,,,,,,,,,,
nhanes_real,4,v3,dsr_full_euclidean,0.05,170,decoded_naive,decoded_banded,euclidean,True,236256,246880,0.009266833076253533,1.160767334047705,0.001783333020284772,False,True,repair,failed,0.010612666956149042,False,False,False,True,0.0,3.0,"step 1 still violates after 3 repair iterations (triggered by {'immutable': False, 'non_decreasing': False, 'age_horizon': False, 'directional': True})",,,,,,,,,,,
nhanes_real,4,v3,dsr_full_euclidean,0.05,174,decoded_naive,decoded_banded,euclidean,True,236256,246880,0.009266833076253533,1.160767334047705,0.001783333020284772,False,True,repair,failed,0.010017459047958255,False,False,False,True,1.0,1.0,repaired terminal state is no longer low-risk,,,,,,,,,,,
nhanes_real,4,v3,dsr_full_euclidean,0.05,179,decoded_naive,decoded_banded,euclidean,True,236256,246880,0.009266833076253533,1.160767334047705,0.001783333020284772,True,False,,clean,0.010165832936763763,,,,,0.0,0.0,,"[3086, 1513]",2.0,0.6605330109596252,False,False,False,False,False,False,-6.37983782744749,1.4402024745941162
nhanes_real,4,v3,dsr_full_euclidean,0.05,182,decoded_naive,decoded_banded,euclidean,True,236256,246880,0.009266833076253533,1.160767334047705,0.001783333020284772,False,True,search,,0.010101209045387805,,,,,,,,,,,,,,,,,,
nhanes_real,4,v3,dsr_full_euclidean,0.05,183,decoded_naive,decoded_banded,euclidean,True,236256,246880,0.009266833076253533,1.160767334047705,0.001783333020284772,False,True,search,,0.009804042056202888,,,,,,,,,,,,,,,,,,
nhanes_real,4,v3,dsr_full_euclidean,0.05,185,decoded_naive,decoded_banded,euclidean,True,236256,246880,0.009266833076253533,1.160767334047705,0.001783333020284772,False,True,search,,0.009975000051781535,,,,,,,,,,,,,,,,,,
nhanes_real,4,v3,dsr_full_euclidean,0.05,188,decoded_naive,decoded_banded,euclidean,True,236256,246880,0.009266833076253533,1.160767334047705,0.001783333020284772,False,True,repair,failed,0.010444915969856083,False,False,False,True,0.0,3.0,"step 1 still violates after 3 repair iterations (triggered by {'immutable': False, 'non_decreasing': False, 'age_horizon': False, 'directional': True})",,,,,,,,,,,
nhanes_real,4,v3,dsr_full_euclidean,0.05,190,decoded_naive,decoded_banded,euclidean,True,236256,246880,0.009266833076253533,1.160767334047705,0.001783333020284772,True,False,,clean,0.009898124961182475,,,,,0.0,0.0,,"[3086, 1333]",2.0,0.49117550253868103,False,False,False,False,False,False,-6.333719109666469,1.140622615814209
nhanes_real,4,v3,dsr_full_euclidean,0.05,191,decoded_naive,decoded_banded,euclidean,True,236256,246880,0.009266833076253533,1.160767334047705,0.001783333020284772,False,True,repair,failed,0.009916041977703571,False,False,False,True,0.0,3.0,"step 1 still violates after 3 repair iterations (triggered by {'immutable': False, 'non_decreasing': False, 'age_horizon': False, 'directional': True})",,,,,,,,,,,
nhanes_real,4,v3,dsr_full_euclidean,0.05,193,decoded_naive,decoded_banded,euclidean,True,236256,246880,0.009266833076253533,1.160767334047705,0.001783333020284772,True,False,,clean,0.010286957956850529,,,,,0.0,0.0,,"[3086, 2428]",2.0,1.5293805599212646,False,False,False,False,False,False,-8.275871015106803,7.138022422790527
nhanes_real,4,v3,dsr_full_euclidean,0.05,194,decoded_naive,decoded_banded,euclidean,True,236256,246880,0.009266833076253533,1.160767334047705,0.001783333020284772,False,True,search,,0.009955500019714236,,,,,,,,,,,,,,,,,,
nhanes_real,4,v3,dsr_full_euclidean,0.05,195,decoded_naive,decoded_banded,euclidean,True,236256,246880,0.009266833076253533,1.160767334047705,0.001783333020284772,False,True,search,,0.00966987491119653,,,,,,,,,,,,,,,,,,
nhanes_real,4,v3,dsr_full_euclidean,0.05,199,decoded_naive,decoded_banded,euclidean,True,236256,246880,0.009266833076253533,1.160767334047705,0.001783333020284772,False,True,repair,failed,0.009697666042484343,False,False,False,True,0.0,3.0,"step 1 still violates after 3 repair iterations (triggered by {'immutable': False, 'non_decreasing': False, 'age_horizon': False, 'directional': True})",,,,,,,,,,,
nhanes_real,4,v3,dsr_full_euclidean,0.05,203,decoded_naive,decoded_banded,euclidean,True,236256,246880,0.009266833076253533,1.160767334047705,0.001783333020284772,True,False,,clean,0.009876291966065764,,,,,0.0,0.0,,"[3086, 334]",2.0,0.30733293294906616,False,False,False,False,False,False,-6.27346629491468,0.48228615522384644
nhanes_real,4,v3,dsr_full_euclidean,0.05,205,decoded_naive,decoded_banded,euclidean,True,236256,246880,0.009266833076253533,1.160767334047705,0.001783333020284772,True,False,,clean,0.010954666999168694,,,,,0.0,0.0,,"[3086, 1066]",2.0,0.20914314687252045,False,False,False,False,False,False,-6.145597492755154,0.5027976036071777
nhanes_real,4,v3,dsr_full_euclidean,0.05,206,decoded_naive,decoded_banded,euclidean,True,236256,246880,0.009266833076253533,1.160767334047705,0.001783333020284772,False,True,repair,failed,0.010403209016658366,False,False,False,True,0.0,3.0,"step 1 still violates after 3 repair iterations (triggered by {'immutable': False, 'non_decreasing': False, 'age_horizon': False, 'directional': True})",,,,,,,,,,,
nhanes_real,4,v3,dsr_full_euclidean,0.05,210,decoded_naive,decoded_banded,euclidean,True,236256,246880,0.009266833076253533,1.160767334047705,0.001783333020284772,False,True,search,,0.010650582960806787,,,,,,,,,,,,,,,,,,
nhanes_real,4,v3,dsr_full_euclidean,0.05,211,decoded_naive,decoded_banded,euclidean,True,236256,246880,0.009266833076253533,1.160767334047705,0.001783333020284772,False,True,repair,failed,0.010533957974985242,False,False,False,True,0.0,3.0,"step 1 still violates after 3 repair iterations (triggered by {'immutable': False, 'non_decreasing': False, 'age_horizon': False, 'directional': True})",,,,,,,,,,,
nhanes_real,4,v3,dsr_full_euclidean,0.05,213,decoded_naive,decoded_banded,euclidean,True,236256,246880,0.009266833076253533,1.160767334047705,0.001783333020284772,False,True,search,,0.009283958934247494,,,,,,,,,,,,,,,,,,
nhanes_real,4,v3,dsr_full_euclidean,0.05,214,decoded_naive,decoded_banded,euclidean,True,236256,246880,0.009266833076253533,1.160767334047705,0.001783333020284772,True,False,,clean,0.010173834045417607,,,,,0.0,0.0,,"[3086, 2081]",2.0,0.5148138403892517,False,False,False,False,False,False,-6.447859736476761,1.5963397026062012
nhanes_real,4,v3,dsr_full_euclidean,0.05,215,decoded_naive,decoded_banded,euclidean,True,236256,246880,0.009266833076253533,1.160767334047705,0.001783333020284772,False,True,search,,0.010225667036138475,,,,,,,,,,,,,,,,,,
nhanes_real,4,v3,dsr_full_euclidean,0.05,219,decoded_naive,decoded_banded,euclidean,True,236256,246880,0.009266833076253533,1.160767334047705,0.001783333020284772,False,True,search,,0.00990508298855275,,,,,,,,,,,,,,,,,,
nhanes_real,4,v3,dsr_full_euclidean,0.05,220,decoded_naive,decoded_banded,euclidean,True,236256,246880,0.009266833076253533,1.160767334047705,0.001783333020284772,False,True,search,,0.009842542000114918,,,,,,,,,,,,,,,,,,
nhanes_real,4,v3,dsr_full_euclidean,0.05,226,decoded_naive,decoded_banded,euclidean,True,236256,246880,0.009266833076253533,1.160767334047705,0.001783333020284772,False,True,search,,0.00987816706765443,,,,,,,,,,,,,,,,,,
nhanes_real,4,v3,dsr_full_euclidean,0.05,228,decoded_naive,decoded_banded,euclidean,True,236256,246880,0.009266833076253533,1.160767334047705,0.001783333020284772,False,True,search,,0.009539291961118579,,,,,,,,,,,,,,,,,,
nhanes_real,4,v3,dsr_full_euclidean,0.05,230,decoded_naive,decoded_banded,euclidean,True,236256,246880,0.009266833076253533,1.160767334047705,0.001783333020284772,False,True,search,,0.011334875016473234,,,,,,,,,,,,,,,,,,
nhanes_real,4,v3,dsr_full_euclidean,0.05,231,decoded_naive,decoded_banded,euclidean,True,236256,246880,0.009266833076253533,1.160767334047705,0.001783333020284772,True,False,,clean,0.010726624983362854,,,,,0.0,0.0,,"[3086, 2132]",2.0,0.8251754641532898,False,False,False,False,False,False,-6.908505965407144,2.355165481567383
nhanes_real,4,v3,dsr_full_euclidean,0.05,232,decoded_naive,decoded_banded,euclidean,True,236256,246880,0.009266833076253533,1.160767334047705,0.001783333020284772,False,True,repair,failed,0.011005208012647927,False,False,False,True,0.0,3.0,"step 1 still violates after 3 repair iterations (triggered by {'immutable': False, 'non_decreasing': False, 'age_horizon': False, 'directional': True})",,,,,,,,,,,
nhanes_real,4,v3,dsr_full_euclidean,0.05,235,decoded_naive,decoded_banded,euclidean,True,236256,246880,0.009266833076253533,1.160767334047705,0.001783333020284772,False,True,search,,0.009761416004039347,,,,,,,,,,,,,,,,,,
nhanes_real,4,v3,dsr_full_euclidean,0.05,236,decoded_naive,decoded_banded,euclidean,True,236256,246880,0.009266833076253533,1.160767334047705,0.001783333020284772,False,True,search,,0.010103459004312754,,,,,,,,,,,,,,,,,,
nhanes_real,4,v3,dsr_full_euclidean,0.05,248,decoded_naive,decoded_banded,euclidean,True,236256,246880,0.009266833076253533,1.160767334047705,0.001783333020284772,False,True,search,,0.010400499915704131,,,,,,,,,,,,,,,,,,
nhanes_real,4,v3,dsr_full_euclidean,0.05,251,decoded_naive,decoded_banded,euclidean,True,236256,246880,0.009266833076253533,1.160767334047705,0.001783333020284772,False,True,repair,failed,0.010024124989286065,False,False,False,True,0.0,3.0,"step 1 still violates after 3 repair iterations (triggered by {'immutable': False, 'non_decreasing': False, 'age_horizon': False, 'directional': True})",,,,,,,,,,,
nhanes_real,4,v3,dsr_full_euclidean,0.05,253,decoded_naive,decoded_banded,euclidean,True,236256,246880,0.009266833076253533,1.160767334047705,0.001783333020284772,False,True,search,,0.01004920806735754,,,,,,,,,,,,,,,,,,
nhanes_real,4,v3,dsr_full_euclidean,0.05,256,decoded_naive,decoded_banded,euclidean,True,236256,246880,0.009266833076253533,1.160767334047705,0.001783333020284772,False,True,search,,0.009884958039037883,,,,,,,,,,,,,,,,,,
nhanes_real,4,v3,dsr_full_euclidean,0.05,258,decoded_naive,decoded_banded,euclidean,True,236256,246880,0.009266833076253533,1.160767334047705,0.001783333020284772,False,True,search,,0.009490708005614579,,,,,,,,,,,,,,,,,,
nhanes_real,4,v3,dsr_full_euclidean,0.05,260,decoded_naive,decoded_banded,euclidean,True,236256,246880,0.009266833076253533,1.160767334047705,0.001783333020284772,False,True,search,,0.009639707976020873,,,,,,,,,,,,,,,,,,
nhanes_real,4,v3,dsr_full_euclidean,0.05,265,decoded_naive,decoded_banded,euclidean,True,236256,246880,0.009266833076253533,1.160767334047705,0.001783333020284772,False,True,repair,failed,0.010092042037285864,False,False,False,True,1.0,1.0,repair broke monotone risk reduction along the path,,,,,,,,,,,
nhanes_real,4,v3,dsr_full_euclidean,0.05,266,decoded_naive,decoded_banded,euclidean,True,236256,246880,0.009266833076253533,1.160767334047705,0.001783333020284772,False,True,search,,0.009660957963205874,,,,,,,,,,,,,,,,,,
nhanes_real,4,v3,dsr_full_euclidean,0.05,267,decoded_naive,decoded_banded,euclidean,True,236256,246880,0.009266833076253533,1.160767334047705,0.001783333020284772,False,True,repair,failed,0.009842915926128626,False,False,False,True,0.0,3.0,"step 1 still violates after 3 repair iterations (triggered by {'immutable': False, 'non_decreasing': False, 'age_horizon': False, 'directional': True})",,,,,,,,,,,
nhanes_real,4,v3,dsr_full_euclidean,0.05,268,decoded_naive,decoded_banded,euclidean,True,236256,246880,0.009266833076253533,1.160767334047705,0.001783333020284772,True,False,,clean,0.010413625044748187,,,,,0.0,0.0,,"[3086, 2310]",2.0,0.25058189034461975,False,False,False,False,False,False,-6.246965794261396,0.7360877990722656
nhanes_real,4,v3,dsr_full_euclidean,0.05,269,decoded_naive,decoded_banded,euclidean,True,236256,246880,0.009266833076253533,1.160767334047705,0.001783333020284772,False,True,repair,failed,0.0099465410457924,False,False,False,True,0.0,3.0,"step 1 still violates after 3 repair iterations (triggered by {'immutable': False, 'non_decreasing': False, 'age_horizon': False, 'directional': True})",,,,,,,,,,,
nhanes_real,4,v3,dsr_full_euclidean,0.05,270,decoded_naive,decoded_banded,euclidean,True,236256,246880,0.009266833076253533,1.160767334047705,0.001783333020284772,False,True,search,,0.009432791033759713,,,,,,,,,,,,,,,,,,
nhanes_real,4,v3,dsr_full_euclidean,0.05,272,decoded_naive,decoded_banded,euclidean,True,236256,246880,0.009266833076253533,1.160767334047705,0.001783333020284772,True,False,,clean,0.009403874981217086,,,,,0.0,0.0,,"[3086, 1303]",2.0,3.0600857734680176,False,False,False,False,False,False,-11.364159713821154,17.614408493041992
nhanes_real,4,v3,dsr_full_euclidean,0.05,274,decoded_naive,decoded_banded,euclidean,True,236256,246880,0.009266833076253533,1.160767334047705,0.001783333020284772,False,True,search,,0.00965570891276002,,,,,,,,,,,,,,,,,,
nhanes_real,4,v3,dsr_full_euclidean,0.05,275,decoded_naive,decoded_banded,euclidean,True,236256,246880,0.009266833076253533,1.160767334047705,0.001783333020284772,False,True,search,,0.009959875023923814,,,,,,,,,,,,,,,,,,
nhanes_real,4,v3,dsr_full_euclidean,0.05,278,decoded_naive,decoded_banded,euclidean,True,236256,246880,0.009266833076253533,1.160767334047705,0.001783333020284772,False,True,repair,failed,0.01060116698499769,False,False,False,True,0.0,3.0,"step 1 still violates after 3 repair iterations (triggered by {'immutable': False, 'non_decreasing': False, 'age_horizon': False, 'directional': True})",,,,,,,,,,,
nhanes_real,4,v3,dsr_full_euclidean,0.05,279,decoded_naive,decoded_banded,euclidean,True,236256,246880,0.009266833076253533,1.160767334047705,0.001783333020284772,True,False,,clean,0.009658416965976357,,,,,0.0,0.0,,"[3086, 1851]",2.0,1.9862849712371826,False,False,False,False,False,False,-6.750248496507565,4.685344219207764
nhanes_real,4,v3,dsr_full_euclidean,0.05,281,decoded_naive,decoded_banded,euclidean,True,236256,246880,0.009266833076253533,1.160767334047705,0.001783333020284772,False,True,search,,0.010184083017520607,,,,,,,,,,,,,,,,,,
nhanes_real,4,v3,dsr_full_euclidean,0.05,283,decoded_naive,decoded_banded,euclidean,True,236256,246880,0.009266833076253533,1.160767334047705,0.001783333020284772,False,True,search,,0.01073179196100682,,,,,,,,,,,,,,,,,,
nhanes_real,4,v3,dsr_full_euclidean,0.05,284,decoded_naive,decoded_banded,euclidean,True,236256,246880,0.009266833076253533,1.160767334047705,0.001783333020284772,False,True,search,,0.00994975003413856,,,,,,,,,,,,,,,,,,
nhanes_real,4,v3,dsr_full_euclidean,0.05,286,decoded_naive,decoded_banded,euclidean,True,236256,246880,0.009266833076253533,1.160767334047705,0.001783333020284772,False,True,search,,0.010264541953802109,,,,,,,,,,,,,,,,,,
nhanes_real,4,v3,dsr_full_euclidean,0.05,287,decoded_naive,decoded_banded,euclidean,True,236256,246880,0.009266833076253533,1.160767334047705,0.001783333020284772,False,True,search,,0.009486166993156075,,,,,,,,,,,,,,,,,,
nhanes_real,4,v3,dsr_full_euclidean,0.05,289,decoded_naive,decoded_banded,euclidean,True,236256,246880,0.009266833076253533,1.160767334047705,0.001783333020284772,False,True,repair,failed,0.010483833961188793,False,False,False,True,0.0,3.0,"step 1 still violates after 3 repair iterations (triggered by {'immutable': False, 'non_decreasing': False, 'age_horizon': False, 'directional': True})",,,,,,,,,,,
nhanes_real,4,v3,dsr_full_euclidean,0.05,290,decoded_naive,decoded_banded,euclidean,True,236256,246880,0.009266833076253533,1.160767334047705,0.001783333020284772,False,True,search,,0.010074125020764768,,,,,,,,,,,,,,,,,,
nhanes_real,4,v3,dsr_full_euclidean,0.05,291,decoded_naive,decoded_banded,euclidean,True,236256,246880,0.009266833076253533,1.160767334047705,0.001783333020284772,False,True,search,,0.009456000057980418,,,,,,,,,,,,,,,,,,
nhanes_real,4,v3,dsr_full_euclidean,0.05,293,decoded_naive,decoded_banded,euclidean,True,236256,246880,0.009266833076253533,1.160767334047705,0.001783333020284772,False,True,repair,failed,0.010514124995097518,False,False,True,False,0.0,3.0,"step 1 still violates after 3 repair iterations (triggered by {'immutable': False, 'non_decreasing': False, 'age_horizon': True, 'directional': False})",,,,,,,,,,,
nhanes_real,4,v3,dsr_full_euclidean,0.05,294,decoded_naive,decoded_banded,euclidean,True,236256,246880,0.009266833076253533,1.160767334047705,0.001783333020284772,True,False,,clean,0.010587917058728635,,,,,0.0,0.0,,"[3086, 817]",2.0,1.5133695602416992,False,False,False,False,False,False,-7.1386184205832155,6.545418739318848
nhanes_real,4,v3,dsr_full_euclidean,0.05,297,decoded_naive,decoded_banded,euclidean,True,236256,246880,0.009266833076253533,1.160767334047705,0.001783333020284772,True,False,,clean,0.010480416007339954,,,,,0.0,0.0,,"[3086, 1851]",2.0,0.8648791909217834,False,False,False,False,False,False,-6.649018287112357,1.6545394659042358
nhanes_real,4,v3,dsr_full_euclidean,0.05,304,decoded_naive,decoded_banded,euclidean,True,236256,246880,0.009266833076253533,1.160767334047705,0.001783333020284772,False,True,search,,0.009334417060017586,,,,,,,,,,,,,,,,,,
nhanes_real,4,v3,dsr_full_euclidean,0.05,306,decoded_naive,decoded_banded,euclidean,True,236256,246880,0.009266833076253533,1.160767334047705,0.001783333020284772,False,True,search,,0.00928504194598645,,,,,,,,,,,,,,,,,,
nhanes_real,4,v3,dsr_full_euclidean,0.05,307,decoded_naive,decoded_banded,euclidean,True,236256,246880,0.009266833076253533,1.160767334047705,0.001783333020284772,False,True,repair,failed,0.010354875004850328,False,False,True,False,1.0,1.0,repaired terminal state is no longer low-risk,,,,,,,,,,,
nhanes_real,4,v3,dsr_full_euclidean,0.05,309,decoded_naive,decoded_banded,euclidean,True,236256,246880,0.009266833076253533,1.160767334047705,0.001783333020284772,False,True,search,,0.008907708106562495,,,,,,,,,,,,,,,,,,
nhanes_real,4,v3,dsr_full_euclidean,0.05,310,decoded_naive,decoded_banded,euclidean,True,236256,246880,0.009266833076253533,1.160767334047705,0.001783333020284772,True,False,,clean,0.011905333027243614,,,,,0.0,0.0,,"[3086, 136]",2.0,2.052147388458252,False,False,False,False,False,False,-6.451465024770186,5.391786575317383
nhanes_real,4,v3,dsr_full_euclidean,0.05,311,decoded_naive,decoded_banded,euclidean,True,236256,246880,0.009266833076253533,1.160767334047705,0.001783333020284772,False,True,search,,0.01025624992325902,,,,,,,,,,,,,,,,,,
nhanes_real,4,v3,dsr_full_euclidean,0.05,313,decoded_naive,decoded_banded,euclidean,True,236256,246880,0.009266833076253533,1.160767334047705,0.001783333020284772,False,True,search,,0.010836000088602304,,,,,,,,,,,,,,,,,,
nhanes_real,4,v3,dsr_full_euclidean,0.05,314,decoded_naive,decoded_banded,euclidean,True,236256,246880,0.009266833076253533,1.160767334047705,0.001783333020284772,True,False,,clean,0.009867125074379146,,,,,0.0,0.0,,"[3086, 1814]",2.0,1.389306902885437,False,False,False,False,False,False,-7.430379671776514,5.94224739074707
nhanes_real,4,v3,dsr_full_euclidean,0.05,315,decoded_naive,decoded_banded,euclidean,True,236256,246880,0.009266833076253533,1.160767334047705,0.001783333020284772,False,True,repair,failed,0.010980208055116236,False,False,False,True,0.0,3.0,"step 1 still violates after 3 repair iterations (triggered by {'immutable': False, 'non_decreasing': False, 'age_horizon': False, 'directional': True})",,,,,,,,,,,
nhanes_real,4,v3,dsr_full_euclidean,0.05,317,decoded_naive,decoded_banded,euclidean,True,236256,246880,0.009266833076253533,1.160767334047705,0.001783333020284772,False,True,repair,failed,0.010322290938347578,False,False,True,False,0.0,3.0,"step 1 still violates after 3 repair iterations (triggered by {'immutable': False, 'non_decreasing': False, 'age_horizon': True, 'directional': False})",,,,,,,,,,,
nhanes_real,4,v3,dsr_full_euclidean,0.05,319,decoded_naive,decoded_banded,euclidean,True,236256,246880,0.009266833076253533,1.160767334047705,0.001783333020284772,False,True,search,,0.009683708078227937,,,,,,,,,,,,,,,,,,
nhanes_real,4,v3,dsr_full_euclidean,0.05,320,decoded_naive,decoded_banded,euclidean,True,236256,246880,0.009266833076253533,1.160767334047705,0.001783333020284772,False,True,repair,failed,0.01008354197256267,False,False,False,True,0.0,3.0,"step 1 still violates after 3 repair iterations (triggered by {'immutable': False, 'non_decreasing': False, 'age_horizon': False, 'directional': True})",,,,,,,,,,,
nhanes_real,4,v3,dsr_full_euclidean,0.05,322,decoded_naive,decoded_banded,euclidean,True,236256,246880,0.009266833076253533,1.160767334047705,0.001783333020284772,False,True,search,,0.009984166012145579,,,,,,,,,,,,,,,,,,
nhanes_real,4,v3,dsr_full_euclidean,0.05,324,decoded_naive,decoded_banded,euclidean,True,236256,246880,0.009266833076253533,1.160767334047705,0.001783333020284772,True,False,,clean,0.010522374999709427,,,,,0.0,0.0,,"[3086, 668]",2.0,0.3217720091342926,False,False,False,False,False,False,-6.708792106126447,0.40220046043395996
nhanes_real,4,v3,dsr_full_euclidean,0.05,326,decoded_naive,decoded_banded,euclidean,True,236256,246880,0.009266833076253533,1.160767334047705,0.001783333020284772,False,True,repair,failed,0.009970417013391852,False,False,True,False,0.0,3.0,"step 1 still violates after 3 repair iterations (triggered by {'immutable': False, 'non_decreasing': False, 'age_horizon': True, 'directional': False})",,,,,,,,,,,
nhanes_real,4,v3,dsr_full_euclidean,0.05,327,decoded_naive,decoded_banded,euclidean,True,236256,246880,0.009266833076253533,1.160767334047705,0.001783333020284772,True,False,,repaired,0.009271415998227894,False,False,False,True,1.0,1.0,,"[3086, 1745]",2.0,0.38172033429145813,False,False,False,False,False,False,-6.22762553325583,0.8186429142951965
nhanes_real,4,v3,dsr_full_euclidean,0.05,332,decoded_naive,decoded_banded,euclidean,True,236256,246880,0.009266833076253533,1.160767334047705,0.001783333020284772,False,True,repair,failed,0.010512499953620136,False,False,False,True,0.0,3.0,"step 1 still violates after 3 repair iterations (triggered by {'immutable': False, 'non_decreasing': False, 'age_horizon': False, 'directional': True})",,,,,,,,,,,
nhanes_real,4,v3,dsr_full_euclidean,0.05,333,decoded_naive,decoded_banded,euclidean,True,236256,246880,0.009266833076253533,1.160767334047705,0.001783333020284772,False,True,repair,failed,0.010184874990954995,False,False,False,True,0.0,3.0,"step 1 still violates after 3 repair iterations (triggered by {'immutable': False, 'non_decreasing': False, 'age_horizon': False, 'directional': True})",,,,,,,,,,,
nhanes_real,4,v3,dsr_full_euclidean,0.05,334,decoded_naive,decoded_banded,euclidean,True,236256,246880,0.009266833076253533,1.160767334047705,0.001783333020284772,True,False,,clean,0.009578915894962847,,,,,0.0,0.0,,"[3086, 1851]",2.0,1.0954210758209229,False,False,False,False,False,False,-6.589975260181886,1.9814870357513428
nhanes_real,4,v3,dsr_full_euclidean,0.05,336,decoded_naive,decoded_banded,euclidean,True,236256,246880,0.009266833076253533,1.160767334047705,0.001783333020284772,False,True,search,,0.009333750000223517,,,,,,,,,,,,,,,,,,
nhanes_real,4,v3,dsr_full_euclidean,0.05,337,decoded_naive,decoded_banded,euclidean,True,236256,246880,0.009266833076253533,1.160767334047705,0.001783333020284772,False,True,search,,0.010534042026847601,,,,,,,,,,,,,,,,,,
nhanes_real,4,v3,dsr_full_euclidean,0.05,341,decoded_naive,decoded_banded,euclidean,True,236256,246880,0.009266833076253533,1.160767334047705,0.001783333020284772,True,False,,clean,0.009303542086854577,,,,,0.0,0.0,,"[3086, 1513]",2.0,0.4470578134059906,False,False,False,False,False,False,-6.386440821999664,0.8545089364051819
nhanes_real,4,v3,dsr_full_euclidean,0.05,346,decoded_naive,decoded_banded,euclidean,True,236256,246880,0.009266833076253533,1.160767334047705,0.001783333020284772,False,True,search,,0.009836832992732525,,,,,,,,,,,,,,,,,,
nhanes_real,4,v3,dsr_full_euclidean,0.05,347,decoded_naive,decoded_banded,euclidean,True,236256,246880,0.009266833076253533,1.160767334047705,0.001783333020284772,False,True,search,,0.00986970798112452,,,,,,,,,,,,,,,,,,
nhanes_real,4,v3,dsr_full_euclidean,0.05,350,decoded_naive,decoded_banded,euclidean,True,236256,246880,0.009266833076253533,1.160767334047705,0.001783333020284772,False,True,search,,0.009842125000432134,,,,,,,,,,,,,,,,,,
nhanes_real,4,v3,dsr_full_euclidean,0.05,351,decoded_naive,decoded_banded,euclidean,True,236256,246880,0.009266833076253533,1.160767334047705,0.001783333020284772,False,True,search,,0.009417291963472962,,,,,,,,,,,,,,,,,,
nhanes_real,4,v3,dsr_full_euclidean,0.05,352,decoded_naive,decoded_banded,euclidean,True,236256,246880,0.009266833076253533,1.160767334047705,0.001783333020284772,True,False,,clean,0.010195125010795891,,,,,0.0,0.0,,"[3086, 1723]",2.0,0.5144423842430115,False,False,False,False,False,False,-6.286667789435098,1.6465541124343872
nhanes_real,4,v3,dsr_full_euclidean,0.05,358,decoded_naive,decoded_banded,euclidean,True,236256,246880,0.009266833076253533,1.160767334047705,0.001783333020284772,True,False,,clean,0.010319792083464563,,,,,0.0,0.0,,"[3086, 1513]",2.0,1.1330955028533936,False,False,False,False,False,False,-6.378396994745684,2.880601167678833
nhanes_real,4,v3,dsr_full_euclidean,0.05,360,decoded_naive,decoded_banded,euclidean,True,236256,246880,0.009266833076253533,1.160767334047705,0.001783333020284772,False,True,search,,0.00998958304990083,,,,,,,,,,,,,,,,,,
nhanes_real,4,v3,dsr_full_euclidean,0.05,361,decoded_naive,decoded_banded,euclidean,True,236256,246880,0.009266833076253533,1.160767334047705,0.001783333020284772,False,True,search,,0.009327208041213453,,,,,,,,,,,,,,,,,,
nhanes_real,4,v3,dsr_full_euclidean,0.05,362,decoded_naive,decoded_banded,euclidean,True,236256,246880,0.009266833076253533,1.160767334047705,0.001783333020284772,False,True,repair,failed,0.010909875039942563,False,False,False,True,0.0,3.0,"step 1 still violates after 3 repair iterations (triggered by {'immutable': False, 'non_decreasing': False, 'age_horizon': False, 'directional': True})",,,,,,,,,,,
nhanes_real,4,v3,dsr_full_euclidean,0.05,363,decoded_naive,decoded_banded,euclidean,True,236256,246880,0.009266833076253533,1.160767334047705,0.001783333020284772,False,True,repair,failed,0.01011179096531123,False,False,True,True,0.0,3.0,"step 1 still violates after 3 repair iterations (triggered by {'immutable': False, 'non_decreasing': False, 'age_horizon': True, 'directional': True})",,,,,,,,,,,
nhanes_real,4,v3,dsr_full_euclidean,0.05,366,decoded_naive,decoded_banded,euclidean,True,236256,246880,0.009266833076253533,1.160767334047705,0.001783333020284772,False,True,repair,failed,0.010162250022403896,False,True,False,True,0.0,3.0,"step 1 still violates after 3 repair iterations (triggered by {'immutable': False, 'non_decreasing': True, 'age_horizon': False, 'directional': True})",,,,,,,,,,,
nhanes_real,4,v3,dsr_full_euclidean,0.05,368,decoded_naive,decoded_banded,euclidean,True,236256,246880,0.009266833076253533,1.160767334047705,0.001783333020284772,False,True,repair,failed,0.010502499993890524,False,False,True,True,0.0,3.0,"step 1 still violates after 3 repair iterations (triggered by {'immutable': False, 'non_decreasing': False, 'age_horizon': True, 'directional': True})",,,,,,,,,,,
nhanes_real,4,v3,dsr_full_euclidean,0.05,369,decoded_naive,decoded_banded,euclidean,True,236256,246880,0.009266833076253533,1.160767334047705,0.001783333020284772,False,True,search,,0.00917529093567282,,,,,,,,,,,,,,,,,,
nhanes_real,4,v3,dsr_full_euclidean,0.05,371,decoded_naive,decoded_banded,euclidean,True,236256,246880,0.009266833076253533,1.160767334047705,0.001783333020284772,False,True,repair,failed,0.009807375026866794,False,False,False,True,0.0,3.0,"step 1 still violates after 3 repair iterations (triggered by {'immutable': False, 'non_decreasing': False, 'age_horizon': False, 'directional': True})",,,,,,,,,,,
nhanes_real,4,v3,dsr_full_euclidean,0.05,373,decoded_naive,decoded_banded,euclidean,True,236256,246880,0.009266833076253533,1.160767334047705,0.001783333020284772,False,True,search,,0.009838458034209907,,,,,,,,,,,,,,,,,,
nhanes_real,4,v3,dsr_full_euclidean,0.05,375,decoded_naive,decoded_banded,euclidean,True,236256,246880,0.009266833076253533,1.160767334047705,0.001783333020284772,True,False,,clean,0.010626957984641194,,,,,0.0,0.0,,"[3086, 9]",2.0,0.8453603982925415,False,False,False,False,False,False,-7.713157401628334,3.848837375640869
nhanes_real,4,v3,dsr_full_euclidean,0.05,376,decoded_naive,decoded_banded,euclidean,True,236256,246880,0.009266833076253533,1.160767334047705,0.001783333020284772,True,False,,clean,0.01033370802178979,,,,,0.0,0.0,,"[3086, 1555]",2.0,0.9732009768486023,False,False,False,False,False,False,-8.756563770233793,5.59676456451416
nhanes_real,4,v3,dsr_full_euclidean,0.05,379,decoded_naive,decoded_banded,euclidean,True,236256,246880,0.009266833076253533,1.160767334047705,0.001783333020284772,True,False,,clean,0.010679499944671988,,,,,0.0,0.0,,"[3086, 2132]",2.0,0.40104809403419495,False,False,False,False,False,False,-6.63766419967868,1.015650987625122
nhanes_real,4,v3,dsr_full_euclidean,0.05,380,decoded_naive,decoded_banded,euclidean,True,236256,246880,0.009266833076253533,1.160767334047705,0.001783333020284772,False,True,search,,0.010356124956160784,,,,,,,,,,,,,,,,,,
nhanes_real,4,v3,dsr_full_euclidean,0.05,381,decoded_naive,decoded_banded,euclidean,True,236256,246880,0.009266833076253533,1.160767334047705,0.001783333020284772,False,True,search,,0.009873542003333569,,,,,,,,,,,,,,,,,,
nhanes_real,4,v3,dsr_full_euclidean,0.05,382,decoded_naive,decoded_banded,euclidean,True,236256,246880,0.009266833076253533,1.160767334047705,0.001783333020284772,True,False,,clean,0.009901500074192882,,,,,0.0,0.0,,"[3086, 934]",2.0,1.08867609500885,False,False,False,False,False,False,-7.9489807101905905,4.272763729095459
nhanes_real,4,v3,dsr_full_euclidean,0.05,386,decoded_naive,decoded_banded,euclidean,True,236256,246880,0.009266833076253533,1.160767334047705,0.001783333020284772,False,True,search,,0.010119459009729326,,,,,,,,,,,,,,,,,,
nhanes_real,4,v3,dsr_full_euclidean,0.05,387,decoded_naive,decoded_banded,euclidean,True,236256,246880,0.009266833076253533,1.160767334047705,0.001783333020284772,True,False,,clean,0.009807583061046898,,,,,0.0,0.0,,"[3086, 1632]",2.0,0.3184784948825836,False,False,False,False,False,False,-6.3271290171692325,0.5822329521179199
nhanes_real,4,v3,dsr_full_euclidean,0.05,389,decoded_naive,decoded_banded,euclidean,True,236256,246880,0.009266833076253533,1.160767334047705,0.001783333020284772,False,True,search,,0.010226708021946251,,,,,,,,,,,,,,,,,,
nhanes_real,4,v3,dsr_full_euclidean,0.05,391,decoded_naive,decoded_banded,euclidean,True,236256,246880,0.009266833076253533,1.160767334047705,0.001783333020284772,False,True,repair,failed,0.010369832976721227,False,False,False,True,1.0,1.0,repaired terminal state is no longer low-risk,,,,,,,,,,,
nhanes_real,4,v3,dsr_full_euclidean,0.05,392,decoded_naive,decoded_banded,euclidean,True,236256,246880,0.009266833076253533,1.160767334047705,0.001783333020284772,False,True,search,,0.009785000002011657,,,,,,,,,,,,,,,,,,
nhanes_real,4,v3,dsr_full_euclidean,0.05,395,decoded_naive,decoded_banded,euclidean,True,236256,246880,0.009266833076253533,1.160767334047705,0.001783333020284772,False,True,search,,0.00890150002669543,,,,,,,,,,,,,,,,,,
nhanes_real,4,v3,dsr_full_euclidean,0.05,396,decoded_naive,decoded_banded,euclidean,True,236256,246880,0.009266833076253533,1.160767334047705,0.001783333020284772,False,True,search,,0.009287749999202788,,,,,,,,,,,,,,,,,,
nhanes_real,4,v3,dsr_full_euclidean,0.05,398,decoded_naive,decoded_banded,euclidean,True,236256,246880,0.009266833076253533,1.160767334047705,0.001783333020284772,False,True,search,,0.009576417040079832,,,,,,,,,,,,,,,,,,
nhanes_real,4,v3,dsr_full_euclidean,0.05,400,decoded_naive,decoded_banded,euclidean,True,236256,246880,0.009266833076253533,1.160767334047705,0.001783333020284772,False,True,search,,0.009021374979056418,,,,,,,,,,,,,,,,,,
nhanes_real,4,v3,dsr_full_euclidean,0.05,402,decoded_naive,decoded_banded,euclidean,True,236256,246880,0.009266833076253533,1.160767334047705,0.001783333020284772,False,True,repair,failed,0.010748832952231169,False,True,False,True,0.0,3.0,"step 1 still violates after 3 repair iterations (triggered by {'immutable': False, 'non_decreasing': True, 'age_horizon': False, 'directional': True})",,,,,,,,,,,
nhanes_real,4,v3,dsr_full_euclidean,0.05,403,decoded_naive,decoded_banded,euclidean,True,236256,246880,0.009266833076253533,1.160767334047705,0.001783333020284772,False,True,search,,0.009398667025379837,,,,,,,,,,,,,,,,,,
nhanes_real,4,v3,dsr_full_euclidean,0.05,406,decoded_naive,decoded_banded,euclidean,True,236256,246880,0.009266833076253533,1.160767334047705,0.001783333020284772,False,True,search,,0.00924487505108118,,,,,,,,,,,,,,,,,,
nhanes_real,4,v3,dsr_full_euclidean,0.05,407,decoded_naive,decoded_banded,euclidean,True,236256,246880,0.009266833076253533,1.160767334047705,0.001783333020284772,False,True,search,,0.009818666032515466,,,,,,,,,,,,,,,,,,
nhanes_real,4,v3,dsr_full_euclidean,0.05,408,decoded_naive,decoded_banded,euclidean,True,236256,246880,0.009266833076253533,1.160767334047705,0.001783333020284772,False,True,repair,failed,0.010148708010092378,False,True,False,True,0.0,3.0,"step 1 still violates after 3 repair iterations (triggered by {'immutable': False, 'non_decreasing': True, 'age_horizon': False, 'directional': True})",,,,,,,,,,,
nhanes_real,4,v3,dsr_full_euclidean,0.05,409,decoded_naive,decoded_banded,euclidean,True,236256,246880,0.009266833076253533,1.160767334047705,0.001783333020284772,False,True,search,,0.009714332991279662,,,,,,,,,,,,,,,,,,
nhanes_real,4,v3,dsr_full_euclidean,0.05,411,decoded_naive,decoded_banded,euclidean,True,236256,246880,0.009266833076253533,1.160767334047705,0.001783333020284772,False,True,repair,failed,0.010680791921913624,False,True,False,False,0.0,3.0,"step 1 still violates after 3 repair iterations (triggered by {'immutable': False, 'non_decreasing': True, 'age_horizon': False, 'directional': False})",,,,,,,,,,,
nhanes_real,4,v3,dsr_full_euclidean,0.05,412,decoded_naive,decoded_banded,euclidean,True,236256,246880,0.009266833076253533,1.160767334047705,0.001783333020284772,False,True,search,,0.01082512503489852,,,,,,,,,,,,,,,,,,
nhanes_real,4,v3,dsr_full_euclidean,0.05,414,decoded_naive,decoded_banded,euclidean,True,236256,246880,0.009266833076253533,1.160767334047705,0.001783333020284772,False,True,search,,0.01024808397050947,,,,,,,,,,,,,,,,,,
nhanes_real,4,v3,dsr_full_euclidean,0.05,417,decoded_naive,decoded_banded,euclidean,True,236256,246880,0.009266833076253533,1.160767334047705,0.001783333020284772,False,True,search,,0.012451166054233909,,,,,,,,,,,,,,,,,,
nhanes_real,4,v3,dsr_full_euclidean,0.05,419,decoded_naive,decoded_banded,euclidean,True,236256,246880,0.009266833076253533,1.160767334047705,0.001783333020284772,False,True,repair,failed,0.01047350000590086,False,False,False,True,0.0,3.0,"step 1 still violates after 3 repair iterations (triggered by {'immutable': False, 'non_decreasing': False, 'age_horizon': False, 'directional': True})",,,,,,,,,,,
nhanes_real,4,v3,dsr_full_euclidean,0.05,422,decoded_naive,decoded_banded,euclidean,True,236256,246880,0.009266833076253533,1.160767334047705,0.001783333020284772,True,False,,clean,0.010408125002868474,,,,,0.0,0.0,,"[3086, 1883]",2.0,0.26176169514656067,False,False,False,False,False,False,-6.243414928275454,1.0417101383209229
nhanes_real,4,v3,dsr_full_euclidean,0.05,424,decoded_naive,decoded_banded,euclidean,True,236256,246880,0.009266833076253533,1.160767334047705,0.001783333020284772,False,True,search,,0.013755082967691123,,,,,,,,,,,,,,,,,,
nhanes_real,4,v3,dsr_full_euclidean,0.05,427,decoded_naive,decoded_banded,euclidean,True,236256,246880,0.009266833076253533,1.160767334047705,0.001783333020284772,False,True,search,,0.018302874988876283,,,,,,,,,,,,,,,,,,
nhanes_real,4,v3,dsr_full_euclidean,0.05,429,decoded_naive,decoded_banded,euclidean,True,236256,246880,0.009266833076253533,1.160767334047705,0.001783333020284772,False,True,search,,0.015610000002197921,,,,,,,,,,,,,,,,,,
nhanes_real,4,v3,dsr_full_euclidean,0.05,434,decoded_naive,decoded_banded,euclidean,True,236256,246880,0.009266833076253533,1.160767334047705,0.001783333020284772,False,True,repair,failed,0.017291291966103017,False,False,False,True,0.0,3.0,"step 1 still violates after 3 repair iterations (triggered by {'immutable': False, 'non_decreasing': False, 'age_horizon': False, 'directional': True})",,,,,,,,,,,
nhanes_real,4,v3,dsr_full_euclidean,0.05,438,decoded_naive,decoded_banded,euclidean,True,236256,246880,0.009266833076253533,1.160767334047705,0.001783333020284772,False,True,search,,0.01922324998304248,,,,,,,,,,,,,,,,,,
nhanes_real,4,v3,dsr_full_euclidean,0.05,440,decoded_naive,decoded_banded,euclidean,True,236256,246880,0.009266833076253533,1.160767334047705,0.001783333020284772,False,True,search,,0.014188583940267563,,,,,,,,,,,,,,,,,,
nhanes_real,4,v3,dsr_full_euclidean,0.05,441,decoded_naive,decoded_banded,euclidean,True,236256,246880,0.009266833076253533,1.160767334047705,0.001783333020284772,False,True,search,,0.016345125040970743,,,,,,,,,,,,,,,,,,
nhanes_real,4,v3,dsr_full_euclidean,0.05,448,decoded_naive,decoded_banded,euclidean,True,236256,246880,0.009266833076253533,1.160767334047705,0.001783333020284772,False,True,search,,0.01603095803875476,,,,,,,,,,,,,,,,,,
nhanes_real,4,v3,dsr_full_euclidean,0.05,449,decoded_naive,decoded_banded,euclidean,True,236256,246880,0.009266833076253533,1.160767334047705,0.001783333020284772,False,True,search,,0.014501291909255087,,,,,,,,,,,,,,,,,,
nhanes_real,4,v3,dsr_full_euclidean,0.05,450,decoded_naive,decoded_banded,euclidean,True,236256,246880,0.009266833076253533,1.160767334047705,0.001783333020284772,False,True,search,,0.0166197499493137,,,,,,,,,,,,,,,,,,
nhanes_real,4,v3,dsr_full_euclidean,0.05,452,decoded_naive,decoded_banded,euclidean,True,236256,246880,0.009266833076253533,1.160767334047705,0.001783333020284772,False,True,search,,0.014291458996012807,,,,,,,,,,,,,,,,,,
nhanes_real,4,v3,dsr_full_euclidean,0.05,453,decoded_naive,decoded_banded,euclidean,True,236256,246880,0.009266833076253533,1.160767334047705,0.001783333020284772,True,False,,clean,0.015014708042144775,,,,,0.0,0.0,,"[3086, 1851]",2.0,1.805391550064087,False,False,False,False,False,False,-6.626487074584862,3.997685194015503
nhanes_real,4,v3,dsr_full_euclidean,0.05,454,decoded_naive,decoded_banded,euclidean,True,236256,246880,0.009266833076253533,1.160767334047705,0.001783333020284772,False,True,search,,0.01914112502709031,,,,,,,,,,,,,,,,,,
nhanes_real,4,v3,dsr_full_euclidean,0.05,455,decoded_naive,decoded_banded,euclidean,True,236256,246880,0.009266833076253533,1.160767334047705,0.001783333020284772,True,False,,clean,0.01725979195907712,,,,,0.0,0.0,,"[3086, 1936]",2.0,0.9967685341835022,False,False,False,False,False,False,-6.82842911653294,4.10097599029541
nhanes_real,4,v3,dsr_full_euclidean,0.05,457,decoded_naive,decoded_banded,euclidean,True,236256,246880,0.009266833076253533,1.160767334047705,0.001783333020284772,True,False,,clean,0.013078249990940094,,,,,0.0,0.0,,"[3086, 1851]",2.0,1.6359866857528687,False,False,False,False,False,False,-6.589034296447756,3.3577592372894287
nhanes_real,4,v3,dsr_full_euclidean,0.05,458,decoded_naive,decoded_banded,euclidean,True,236256,246880,0.009266833076253533,1.160767334047705,0.001783333020284772,False,True,repair,failed,0.01760104193817824,False,False,False,True,0.0,3.0,"step 1 still violates after 3 repair iterations (triggered by {'immutable': False, 'non_decreasing': False, 'age_horizon': False, 'directional': True})",,,,,,,,,,,
nhanes_real,4,v3,dsr_full_euclidean,0.05,459,decoded_naive,decoded_banded,euclidean,True,236256,246880,0.009266833076253533,1.160767334047705,0.001783333020284772,False,True,search,,0.017044916981831193,,,,,,,,,,,,,,,,,,
nhanes_real,4,v3,dsr_full_euclidean,0.05,462,decoded_naive,decoded_banded,euclidean,True,236256,246880,0.009266833076253533,1.160767334047705,0.001783333020284772,False,True,search,,0.018827666994184256,,,,,,,,,,,,,,,,,,
nhanes_real,4,v3,dsr_full_euclidean,0.05,463,decoded_naive,decoded_banded,euclidean,True,236256,246880,0.009266833076253533,1.160767334047705,0.001783333020284772,False,True,search,,0.013373375055380166,,,,,,,,,,,,,,,,,,
nhanes_real,4,v3,dsr_full_euclidean,0.05,466,decoded_naive,decoded_banded,euclidean,True,236256,246880,0.009266833076253533,1.160767334047705,0.001783333020284772,False,True,repair,failed,0.016553791938349605,False,False,False,True,0.0,3.0,"step 1 still violates after 3 repair iterations (triggered by {'immutable': False, 'non_decreasing': False, 'age_horizon': False, 'directional': True})",,,,,,,,,,,
nhanes_real,4,v3,dsr_full_euclidean,0.05,468,decoded_naive,decoded_banded,euclidean,True,236256,246880,0.009266833076253533,1.160767334047705,0.001783333020284772,False,True,search,,0.018360416986979544,,,,,,,,,,,,,,,,,,
nhanes_real,4,v3,dsr_full_euclidean,0.05,469,decoded_naive,decoded_banded,euclidean,True,236256,246880,0.009266833076253533,1.160767334047705,0.001783333020284772,False,True,search,,0.018274207948707044,,,,,,,,,,,,,,,,,,
nhanes_real,4,v3,dsr_full_euclidean,0.05,472,decoded_naive,decoded_banded,euclidean,True,236256,246880,0.009266833076253533,1.160767334047705,0.001783333020284772,False,True,repair,failed,0.01712374994531274,False,True,False,False,0.0,3.0,"step 1 still violates after 3 repair iterations (triggered by {'immutable': False, 'non_decreasing': True, 'age_horizon': False, 'directional': False})",,,,,,,,,,,
nhanes_real,4,v3,dsr_full_euclidean,0.05,475,decoded_naive,decoded_banded,euclidean,True,236256,246880,0.009266833076253533,1.160767334047705,0.001783333020284772,False,True,search,,0.016934124985709786,,,,,,,,,,,,,,,,,,
nhanes_real,4,v3,dsr_full_euclidean,0.05,477,decoded_naive,decoded_banded,euclidean,True,236256,246880,0.009266833076253533,1.160767334047705,0.001783333020284772,False,True,search,,0.015309417038224638,,,,,,,,,,,,,,,,,,
nhanes_real,4,v3,dsr_full_euclidean,0.05,479,decoded_naive,decoded_banded,euclidean,True,236256,246880,0.009266833076253533,1.160767334047705,0.001783333020284772,True,False,,clean,0.01686729199718684,,,,,0.0,0.0,,"[3086, 1273]",2.0,0.42483755946159363,False,False,False,False,False,False,-6.2712748007308585,1.174695372581482
nhanes_real,4,v3,dsr_full_euclidean,0.05,481,decoded_naive,decoded_banded,euclidean,True,236256,246880,0.009266833076253533,1.160767334047705,0.001783333020284772,False,True,search,,0.017528209020383656,,,,,,,,,,,,,,,,,,
nhanes_real,4,v3,dsr_full_euclidean,0.05,482,decoded_naive,decoded_banded,euclidean,True,236256,246880,0.009266833076253533,1.160767334047705,0.001783333020284772,False,True,repair,failed,0.013599458034150302,False,False,False,True,0.0,3.0,"step 1 still violates after 3 repair iterations (triggered by {'immutable': False, 'non_decreasing': False, 'age_horizon': False, 'directional': True})",,,,,,,,,,,
nhanes_real,4,v3,dsr_full_euclidean,0.05,483,decoded_naive,decoded_banded,euclidean,True,236256,246880,0.009266833076253533,1.160767334047705,0.001783333020284772,False,True,search,,0.015547959017567337,,,,,,,,,,,,,,,,,,
nhanes_real,4,v3,dsr_full_euclidean,0.05,485,decoded_naive,decoded_banded,euclidean,True,236256,246880,0.009266833076253533,1.160767334047705,0.001783333020284772,True,False,,clean,0.01720166695304215,,,,,0.0,0.0,,"[3086, 1387]",2.0,0.48584744334220886,False,False,False,False,False,False,-6.635349638397387,0.9788994789123535
nhanes_real,4,v3,dsr_full_euclidean,0.05,487,decoded_naive,decoded_banded,euclidean,True,236256,246880,0.009266833076253533,1.160767334047705,0.001783333020284772,False,True,search,,0.015134208020754158,,,,,,,,,,,,,,,,,,
nhanes_real,4,v3,dsr_full_euclidean,0.05,489,decoded_naive,decoded_banded,euclidean,True,236256,246880,0.009266833076253533,1.160767334047705,0.001783333020284772,True,False,,clean,0.015163457952439785,,,,,0.0,0.0,,"[3086, 817]",2.0,1.1116633415222168,False,False,False,False,False,False,-6.718138039242466,4.159646511077881
nhanes_real,4,v3,dsr_full_euclidean,0.05,490,decoded_naive,decoded_banded,euclidean,True,236256,246880,0.009266833076253533,1.160767334047705,0.001783333020284772,True,False,,clean,0.015516540966928005,,,,,0.0,0.0,,"[3086, 1814]",2.0,3.3514857292175293,False,False,False,False,False,False,-9.615626955691539,17.197093963623047
nhanes_real,4,v3,dsr_full_euclidean,0.05,491,decoded_naive,decoded_banded,euclidean,True,236256,246880,0.009266833076253533,1.160767334047705,0.001783333020284772,True,False,,clean,0.016635790932923555,,,,,0.0,0.0,,"[3086, 1163]",2.0,0.4963796138763428,False,False,False,False,False,False,-6.900112343765892,2.6746697425842285
nhanes_real,4,v3,dsr_full_euclidean,0.05,492,decoded_naive,decoded_banded,euclidean,True,236256,246880,0.009266833076253533,1.160767334047705,0.001783333020284772,False,True,search,,0.016785665997304022,,,,,,,,,,,,,,,,,,
nhanes_real,4,v3,dsr_full_euclidean,0.05,493,decoded_naive,decoded_banded,euclidean,True,236256,246880,0.009266833076253533,1.160767334047705,0.001783333020284772,False,True,search,,0.017818666994571686,,,,,,,,,,,,,,,,,,
nhanes_real,4,v3,dsr_full_euclidean,0.05,498,decoded_naive,decoded_banded,euclidean,True,236256,246880,0.009266833076253533,1.160767334047705,0.001783333020284772,False,True,search,,0.016670208075083792,,,,,,,,,,,,,,,,,,
nhanes_real,4,v3,dsr_full_euclidean,0.05,499,decoded_naive,decoded_banded,euclidean,True,236256,246880,0.009266833076253533,1.160767334047705,0.001783333020284772,False,True,repair,failed,0.018917666980996728,False,True,False,True,0.0,3.0,"step 1 still violates after 3 repair iterations (triggered by {'immutable': False, 'non_decreasing': True, 'age_horizon': False, 'directional': True})",,,,,,,,,,,
nhanes_real,4,v3,dsr_full_euclidean,0.05,503,decoded_naive,decoded_banded,euclidean,True,236256,246880,0.009266833076253533,1.160767334047705,0.001783333020284772,False,True,repair,failed,0.01733891700860113,False,True,False,True,0.0,3.0,"step 1 still violates after 3 repair iterations (triggered by {'immutable': False, 'non_decreasing': True, 'age_horizon': False, 'directional': True})",,,,,,,,,,,
nhanes_real,4,v3,dsr_full_euclidean,0.05,512,decoded_naive,decoded_banded,euclidean,True,236256,246880,0.009266833076253533,1.160767334047705,0.001783333020284772,False,True,repair,failed,0.0205413339426741,False,False,False,True,0.0,3.0,"step 1 still violates after 3 repair iterations (triggered by {'immutable': False, 'non_decreasing': False, 'age_horizon': False, 'directional': True})",,,,,,,,,,,
nhanes_real,4,v3,dsr_full_euclidean,0.05,515,decoded_naive,decoded_banded,euclidean,True,236256,246880,0.009266833076253533,1.160767334047705,0.001783333020284772,True,False,,clean,0.017360499943606555,,,,,0.0,0.0,,"[3086, 697]",2.0,0.26211509108543396,False,False,False,False,False,False,-6.289516175243342,0.5638465881347656
nhanes_real,4,v3,dsr_full_euclidean,0.05,518,decoded_naive,decoded_banded,euclidean,True,236256,246880,0.009266833076253533,1.160767334047705,0.001783333020284772,False,True,search,,0.015384624944999814,,,,,,,,,,,,,,,,,,
nhanes_real,4,v3,dsr_full_euclidean,0.05,520,decoded_naive,decoded_banded,euclidean,True,236256,246880,0.009266833076253533,1.160767334047705,0.001783333020284772,False,True,search,,0.01794116699602455,,,,,,,,,,,,,,,,,,
nhanes_real,4,v3,dsr_full_euclidean,0.05,522,decoded_naive,decoded_banded,euclidean,True,236256,246880,0.009266833076253533,1.160767334047705,0.001783333020284772,False,True,repair,failed,0.01708549994509667,False,False,False,True,0.0,3.0,"step 1 still violates after 3 repair iterations (triggered by {'immutable': False, 'non_decreasing': False, 'age_horizon': False, 'directional': True})",,,,,,,,,,,
nhanes_real,4,v3,dsr_full_euclidean,0.05,526,decoded_naive,decoded_banded,euclidean,True,236256,246880,0.009266833076253533,1.160767334047705,0.001783333020284772,False,True,repair,failed,0.016676583094522357,False,False,False,True,0.0,3.0,"step 1 still violates after 3 repair iterations (triggered by {'immutable': False, 'non_decreasing': False, 'age_horizon': False, 'directional': True})",,,,,,,,,,,
nhanes_real,4,v3,dsr_full_euclidean,0.05,527,decoded_naive,decoded_banded,euclidean,True,236256,246880,0.009266833076253533,1.160767334047705,0.001783333020284772,False,True,search,,0.013586750021204352,,,,,,,,,,,,,,,,,,
nhanes_real,4,v3,dsr_full_euclidean,0.05,528,decoded_naive,decoded_banded,euclidean,True,236256,246880,0.009266833076253533,1.160767334047705,0.001783333020284772,False,True,search,,0.01971458306070417,,,,,,,,,,,,,,,,,,
nhanes_real,4,v3,dsr_full_euclidean,0.05,533,decoded_naive,decoded_banded,euclidean,True,236256,246880,0.009266833076253533,1.160767334047705,0.001783333020284772,False,True,search,,0.018948332988657057,,,,,,,,,,,,,,,,,,
nhanes_real,4,v3,dsr_full_euclidean,0.05,534,decoded_naive,decoded_banded,euclidean,True,236256,246880,0.009266833076253533,1.160767334047705,0.001783333020284772,True,False,,clean,0.021683417027816176,,,,,0.0,0.0,,"[3086, 1851]",2.0,1.4893991947174072,False,False,False,False,False,False,-6.589658133290677,3.388469934463501
nhanes_real,4,v3,dsr_full_euclidean,0.05,535,decoded_naive,decoded_banded,euclidean,True,236256,246880,0.009266833076253533,1.160767334047705,0.001783333020284772,True,False,,clean,0.019907915964722633,,,,,0.0,0.0,,"[3086, 1851]",2.0,1.1439063549041748,False,False,False,False,False,False,-6.60993384800988,2.2960591316223145
nhanes_real,4,v3,dsr_full_euclidean,0.05,537,decoded_naive,decoded_banded,euclidean,True,236256,246880,0.009266833076253533,1.160767334047705,0.001783333020284772,False,True,repair,failed,0.017178667010739446,False,False,False,True,0.0,3.0,"step 1 still violates after 3 repair iterations (triggered by {'immutable': False, 'non_decreasing': False, 'age_horizon': False, 'directional': True})",,,,,,,,,,,
nhanes_real,4,v3,dsr_full_euclidean,0.05,538,decoded_naive,decoded_banded,euclidean,True,236256,246880,0.009266833076253533,1.160767334047705,0.001783333020284772,False,True,repair,failed,0.019952959031797945,False,False,False,True,0.0,3.0,"step 1 still violates after 3 repair iterations (triggered by {'immutable': False, 'non_decreasing': False, 'age_horizon': False, 'directional': True})",,,,,,,,,,,
nhanes_real,4,v3,dsr_full_euclidean,0.05,540,decoded_naive,decoded_banded,euclidean,True,236256,246880,0.009266833076253533,1.160767334047705,0.001783333020284772,False,True,repair,failed,0.018717875005677342,False,False,False,True,0.0,3.0,"step 1 still violates after 3 repair iterations (triggered by {'immutable': False, 'non_decreasing': False, 'age_horizon': False, 'directional': True})",,,,,,,,,,,
nhanes_real,4,v3,dsr_full_euclidean,0.05,542,decoded_naive,decoded_banded,euclidean,True,236256,246880,0.009266833076253533,1.160767334047705,0.001783333020284772,False,True,search,,0.02010924997739494,,,,,,,,,,,,,,,,,,
nhanes_real,4,v3,dsr_full_euclidean,0.05,543,decoded_naive,decoded_banded,euclidean,True,236256,246880,0.009266833076253533,1.160767334047705,0.001783333020284772,False,True,repair,failed,0.016141542000696063,False,True,False,True,0.0,3.0,"step 1 still violates after 3 repair iterations (triggered by {'immutable': False, 'non_decreasing': True, 'age_horizon': False, 'directional': True})",,,,,,,,,,,
nhanes_real,4,v3,dsr_full_euclidean,0.05,544,decoded_naive,decoded_banded,euclidean,True,236256,246880,0.009266833076253533,1.160767334047705,0.001783333020284772,False,True,repair,failed,0.01689366705249995,False,False,False,True,0.0,3.0,"step 1 still violates after 3 repair iterations (triggered by {'immutable': False, 'non_decreasing': False, 'age_horizon': False, 'directional': True})",,,,,,,,,,,
nhanes_real,4,v3,dsr_full_euclidean,0.05,545,decoded_naive,decoded_banded,euclidean,True,236256,246880,0.009266833076253533,1.160767334047705,0.001783333020284772,True,False,,clean,0.01790208404418081,,,,,0.0,0.0,,"[3086, 2208]",2.0,1.7854013442993164,False,False,False,False,False,False,-9.154204198750751,10.085233688354492
nhanes_real,4,v3,dsr_full_euclidean,0.05,551,decoded_naive,decoded_banded,euclidean,True,236256,246880,0.009266833076253533,1.160767334047705,0.001783333020284772,False,True,repair,failed,0.019807917065918446,False,False,False,True,0.0,3.0,"step 1 still violates after 3 repair iterations (triggered by {'immutable': False, 'non_decreasing': False, 'age_horizon': False, 'directional': True})",,,,,,,,,,,
nhanes_real,4,v3,dsr_full_euclidean,0.05,552,decoded_naive,decoded_banded,euclidean,True,236256,246880,0.009266833076253533,1.160767334047705,0.001783333020284772,False,True,search,,0.021210167091339827,,,,,,,,,,,,,,,,,,
nhanes_real,4,v3,dsr_full_euclidean,0.05,555,decoded_naive,decoded_banded,euclidean,True,236256,246880,0.009266833076253533,1.160767334047705,0.001783333020284772,False,True,search,,0.02204212499782443,,,,,,,,,,,,,,,,,,
nhanes_real,4,v3,dsr_full_euclidean,0.05,559,decoded_naive,decoded_banded,euclidean,True,236256,246880,0.009266833076253533,1.160767334047705,0.001783333020284772,False,True,search,,0.01656999997794628,,,,,,,,,,,,,,,,,,
nhanes_real,4,v3,dsr_full_euclidean,0.05,561,decoded_naive,decoded_banded,euclidean,True,236256,246880,0.009266833076253533,1.160767334047705,0.001783333020284772,False,True,search,,0.016399124986492097,,,,,,,,,,,,,,,,,,
nhanes_real,4,v3,dsr_full_euclidean,0.05,562,decoded_naive,decoded_banded,euclidean,True,236256,246880,0.009266833076253533,1.160767334047705,0.001783333020284772,False,True,search,,0.01723866700194776,,,,,,,,,,,,,,,,,,
nhanes_real,4,v3,dsr_full_euclidean,0.05,563,decoded_naive,decoded_banded,euclidean,True,236256,246880,0.009266833076253533,1.160767334047705,0.001783333020284772,False,True,repair,failed,0.014747583074495196,False,False,False,True,0.0,3.0,"step 1 still violates after 3 repair iterations (triggered by {'immutable': False, 'non_decreasing': False, 'age_horizon': False, 'directional': True})",,,,,,,,,,,
nhanes_real,4,v3,dsr_full_euclidean,0.05,564,decoded_naive,decoded_banded,euclidean,True,236256,246880,0.009266833076253533,1.160767334047705,0.001783333020284772,False,True,search,,0.015488583943806589,,,,,,,,,,,,,,,,,,
nhanes_real,4,v3,dsr_full_euclidean,0.05,565,decoded_naive,decoded_banded,euclidean,True,236256,246880,0.009266833076253533,1.160767334047705,0.001783333020284772,False,True,repair,failed,0.01850641705095768,False,False,False,True,0.0,3.0,"step 1 still violates after 3 repair iterations (triggered by {'immutable': False, 'non_decreasing': False, 'age_horizon': False, 'directional': True})",,,,,,,,,,,
nhanes_real,4,v3,dsr_full_euclidean,0.05,570,decoded_naive,decoded_banded,euclidean,True,236256,246880,0.009266833076253533,1.160767334047705,0.001783333020284772,False,True,search,,0.015572416014038026,,,,,,,,,,,,,,,,,,
nhanes_real,4,v3,dsr_full_euclidean,0.05,573,decoded_naive,decoded_banded,euclidean,True,236256,246880,0.009266833076253533,1.160767334047705,0.001783333020284772,False,True,search,,0.014829042018391192,,,,,,,,,,,,,,,,,,
nhanes_real,4,v3,dsr_full_euclidean,0.05,574,decoded_naive,decoded_banded,euclidean,True,236256,246880,0.009266833076253533,1.160767334047705,0.001783333020284772,True,False,,clean,0.019574958947487175,,,,,0.0,0.0,,"[3086, 1851]",2.0,1.9952507019042969,False,False,False,False,False,False,-6.73564256580569,4.900733470916748
nhanes_real,4,v3,dsr_full_euclidean,0.05,575,decoded_naive,decoded_banded,euclidean,True,236256,246880,0.009266833076253533,1.160767334047705,0.001783333020284772,False,True,search,,0.025959999999031425,,,,,,,,,,,,,,,,,,
nhanes_real,4,v3,dsr_full_euclidean,0.05,576,decoded_naive,decoded_banded,euclidean,True,236256,246880,0.009266833076253533,1.160767334047705,0.001783333020284772,False,True,search,,0.01806129200849682,,,,,,,,,,,,,,,,,,
nhanes_real,4,v3,dsr_full_euclidean,0.05,577,decoded_naive,decoded_banded,euclidean,True,236256,246880,0.009266833076253533,1.160767334047705,0.001783333020284772,False,True,repair,failed,0.0186797910137102,False,False,False,True,0.0,3.0,"step 1 still violates after 3 repair iterations (triggered by {'immutable': False, 'non_decreasing': False, 'age_horizon': False, 'directional': True})",,,,,,,,,,,
nhanes_real,4,v3,dsr_full_euclidean,0.05,579,decoded_naive,decoded_banded,euclidean,True,236256,246880,0.009266833076253533,1.160767334047705,0.001783333020284772,False,True,search,,0.015667584026232362,,,,,,,,,,,,,,,,,,
nhanes_real,4,v3,dsr_full_euclidean,0.05,580,decoded_naive,decoded_banded,euclidean,True,236256,246880,0.009266833076253533,1.160767334047705,0.001783333020284772,False,True,search,,0.017003833083435893,,,,,,,,,,,,,,,,,,
nhanes_real,4,v3,dsr_full_euclidean,0.05,583,decoded_naive,decoded_banded,euclidean,True,236256,246880,0.009266833076253533,1.160767334047705,0.001783333020284772,True,False,,clean,0.017576750018633902,,,,,0.0,0.0,,"[3086, 1513]",2.0,1.4083749055862427,False,False,False,False,False,False,-6.461165709102607,3.832353353500366
nhanes_real,4,v3,dsr_full_euclidean,0.05,584,decoded_naive,decoded_banded,euclidean,True,236256,246880,0.009266833076253533,1.160767334047705,0.001783333020284772,False,True,repair,failed,0.018679582979530096,False,False,False,True,0.0,3.0,"step 1 still violates after 3 repair iterations (triggered by {'immutable': False, 'non_decreasing': False, 'age_horizon': False, 'directional': True})",,,,,,,,,,,
nhanes_real,4,v3,dsr_full_euclidean,0.05,585,decoded_naive,decoded_banded,euclidean,True,236256,246880,0.009266833076253533,1.160767334047705,0.001783333020284772,True,False,,clean,0.01479095802642405,,,,,0.0,0.0,,"[3086, 9]",2.0,0.636362612247467,False,False,False,False,False,False,-7.532776972801477,2.838898181915283
nhanes_real,4,v3,dsr_full_euclidean,0.05,591,decoded_naive,decoded_banded,euclidean,True,236256,246880,0.009266833076253533,1.160767334047705,0.001783333020284772,False,True,search,,0.015002166968770325,,,,,,,,,,,,,,,,,,
nhanes_real,4,v3,dsr_full_euclidean,0.05,592,decoded_naive,decoded_banded,euclidean,True,236256,246880,0.009266833076253533,1.160767334047705,0.001783333020284772,False,True,repair,failed,0.01778370898682624,False,False,True,False,0.0,3.0,"step 1 still violates after 3 repair iterations (triggered by {'immutable': False, 'non_decreasing': False, 'age_horizon': True, 'directional': False})",,,,,,,,,,,
nhanes_real,4,v3,dsr_full_euclidean,0.05,593,decoded_naive,decoded_banded,euclidean,True,236256,246880,0.009266833076253533,1.160767334047705,0.001783333020284772,True,False,,clean,0.017233500024303794,,,,,0.0,0.0,,"[3086, 975]",2.0,0.23005063831806183,False,False,False,False,False,False,-6.241023294868471,0.5612668395042419
nhanes_real,4,v3,dsr_full_euclidean,0.05,595,decoded_naive,decoded_banded,euclidean,True,236256,246880,0.009266833076253533,1.160767334047705,0.001783333020284772,False,True,search,,0.014129041926935315,,,,,,,,,,,,,,,,,,
nhanes_real,4,v3,dsr_full_euclidean,0.05,598,decoded_naive,decoded_banded,euclidean,True,236256,246880,0.009266833076253533,1.160767334047705,0.001783333020284772,False,True,search,,0.016267457976937294,,,,,,,,,,,,,,,,,,
nhanes_real,4,v3,dsr_full_euclidean,0.05,599,decoded_naive,decoded_banded,euclidean,True,236256,246880,0.009266833076253533,1.160767334047705,0.001783333020284772,False,True,search,,0.015331792063079774,,,,,,,,,,,,,,,,,,
nhanes_real,4,v3,dsr_full_euclidean,0.05,602,decoded_naive,decoded_banded,euclidean,True,236256,246880,0.009266833076253533,1.160767334047705,0.001783333020284772,False,True,repair,failed,0.01640691701322794,False,False,False,True,0.0,3.0,"step 1 still violates after 3 repair iterations (triggered by {'immutable': False, 'non_decreasing': False, 'age_horizon': False, 'directional': True})",,,,,,,,,,,
nhanes_real,4,v3,dsr_full_euclidean,0.05,603,decoded_naive,decoded_banded,euclidean,True,236256,246880,0.009266833076253533,1.160767334047705,0.001783333020284772,True,False,,clean,0.01659270899835974,,,,,0.0,0.0,,"[3086, 1851]",2.0,1.170223593711853,False,False,False,False,False,False,-6.6063324756274175,2.2004475593566895
nhanes_real,4,v3,dsr_full_euclidean,0.05,604,decoded_naive,decoded_banded,euclidean,True,236256,246880,0.009266833076253533,1.160767334047705,0.001783333020284772,False,True,search,,0.01445079199038446,,,,,,,,,,,,,,,,,,
nhanes_real,4,v3,dsr_full_euclidean,0.05,606,decoded_naive,decoded_banded,euclidean,True,236256,246880,0.009266833076253533,1.160767334047705,0.001783333020284772,False,True,search,,0.017427666927687824,,,,,,,,,,,,,,,,,,
nhanes_real,4,v3,dsr_full_euclidean,0.05,612,decoded_naive,decoded_banded,euclidean,True,236256,246880,0.009266833076253533,1.160767334047705,0.001783333020284772,False,True,search,,0.016549874912016094,,,,,,,,,,,,,,,,,,
nhanes_real,4,v3,dsr_full_euclidean,0.05,615,decoded_naive,decoded_banded,euclidean,True,236256,246880,0.009266833076253533,1.160767334047705,0.001783333020284772,False,True,search,,0.017645999905653298,,,,,,,,,,,,,,,,,,
nhanes_real,4,v3,dsr_full_euclidean,0.05,616,decoded_naive,decoded_banded,euclidean,True,236256,246880,0.009266833076253533,1.160767334047705,0.001783333020284772,False,True,search,,0.01317670801654458,,,,,,,,,,,,,,,,,,
nhanes_real,4,v3,dsr_full_euclidean,0.05,617,decoded_naive,decoded_banded,euclidean,True,236256,246880,0.009266833076253533,1.160767334047705,0.001783333020284772,False,True,repair,failed,0.01758204202633351,False,False,False,True,0.0,3.0,"step 1 still violates after 3 repair iterations (triggered by {'immutable': False, 'non_decreasing': False, 'age_horizon': False, 'directional': True})",,,,,,,,,,,
nhanes_real,4,v3,dsr_full_euclidean,0.05,619,decoded_naive,decoded_banded,euclidean,True,236256,246880,0.009266833076253533,1.160767334047705,0.001783333020284772,False,True,search,,0.016924042021855712,,,,,,,,,,,,,,,,,,
nhanes_real,4,v3,dsr_full_euclidean,0.05,620,decoded_naive,decoded_banded,euclidean,True,236256,246880,0.009266833076253533,1.160767334047705,0.001783333020284772,False,True,search,,0.01693608402274549,,,,,,,,,,,,,,,,,,
nhanes_real,4,v3,dsr_full_euclidean,0.05,621,decoded_naive,decoded_banded,euclidean,True,236256,246880,0.009266833076253533,1.160767334047705,0.001783333020284772,False,True,search,,0.014489083900116384,,,,,,,,,,,,,,,,,,
nhanes_real,4,v3,dsr_full_euclidean,0.05,622,decoded_naive,decoded_banded,euclidean,True,236256,246880,0.009266833076253533,1.160767334047705,0.001783333020284772,False,True,search,,0.014333416009321809,,,,,,,,,,,,,,,,,,
nhanes_real,4,v3,dsr_full_euclidean,0.05,623,decoded_naive,decoded_banded,euclidean,True,236256,246880,0.009266833076253533,1.160767334047705,0.001783333020284772,False,True,search,,0.0173214579699561,,,,,,,,,,,,,,,,,,
nhanes_real,4,v3,dsr_full_euclidean,0.05,624,decoded_naive,decoded_banded,euclidean,True,236256,246880,0.009266833076253533,1.160767334047705,0.001783333020284772,True,False,,clean,0.017182249925099313,,,,,0.0,0.0,,"[3086, 1851]",2.0,1.5991277694702148,False,False,False,False,False,False,-6.588612557866362,3.7594821453094482
nhanes_real,4,v3,dsr_full_euclidean,0.05,625,decoded_naive,decoded_banded,euclidean,True,236256,246880,0.009266833076253533,1.160767334047705,0.001783333020284772,False,True,repair,failed,0.018531208974309266,False,True,False,False,0.0,3.0,"step 1 still violates after 3 repair iterations (triggered by {'immutable': False, 'non_decreasing': True, 'age_horizon': False, 'directional': False})",,,,,,,,,,,
nhanes_real,4,v3,dsr_full_euclidean,0.05,627,decoded_naive,decoded_banded,euclidean,True,236256,246880,0.009266833076253533,1.160767334047705,0.001783333020284772,False,True,search,,0.013940249918960035,,,,,,,,,,,,,,,,,,
nhanes_real,4,v3,dsr_full_euclidean,0.05,628,decoded_naive,decoded_banded,euclidean,True,236256,246880,0.009266833076253533,1.160767334047705,0.001783333020284772,False,True,repair,failed,0.015059457975439727,False,True,False,False,0.0,3.0,"step 1 still violates after 3 repair iterations (triggered by {'immutable': False, 'non_decreasing': True, 'age_horizon': False, 'directional': False})",,,,,,,,,,,
nhanes_real,4,v3,dsr_full_euclidean,0.05,630,decoded_naive,decoded_banded,euclidean,True,236256,246880,0.009266833076253533,1.160767334047705,0.001783333020284772,False,True,repair,failed,0.017103250022046268,False,False,False,True,1.0,1.0,repair broke monotone risk reduction along the path,,,,,,,,,,,
nhanes_real,4,v3,dsr_full_euclidean,0.05,631,decoded_naive,decoded_banded,euclidean,True,236256,246880,0.009266833076253533,1.160767334047705,0.001783333020284772,False,True,search,,0.018161917105317116,,,,,,,,,,,,,,,,,,
nhanes_real,4,v3,dsr_full_euclidean,0.05,635,decoded_naive,decoded_banded,euclidean,True,236256,246880,0.009266833076253533,1.160767334047705,0.001783333020284772,False,True,search,,0.013093499932438135,,,,,,,,,,,,,,,,,,
nhanes_real,4,v3,dsr_full_euclidean,0.05,637,decoded_naive,decoded_banded,euclidean,True,236256,246880,0.009266833076253533,1.160767334047705,0.001783333020284772,False,True,search,,0.01577870803885162,,,,,,,,,,,,,,,,,,
nhanes_real,4,v3,dsr_full_euclidean,0.05,640,decoded_naive,decoded_banded,euclidean,True,236256,246880,0.009266833076253533,1.160767334047705,0.001783333020284772,False,True,repair,failed,0.017485375050455332,False,True,False,False,0.0,3.0,"step 1 still violates after 3 repair iterations (triggered by {'immutable': False, 'non_decreasing': True, 'age_horizon': False, 'directional': False})",,,,,,,,,,,
nhanes_real,4,v3,dsr_full_euclidean,0.05,641,decoded_naive,decoded_banded,euclidean,True,236256,246880,0.009266833076253533,1.160767334047705,0.001783333020284772,False,True,repair,failed,0.020766832982189953,False,False,False,True,1.0,1.0,repaired terminal state is no longer low-risk,,,,,,,,,,,
nhanes_real,4,v3,dsr_full_euclidean,0.05,643,decoded_naive,decoded_banded,euclidean,True,236256,246880,0.009266833076253533,1.160767334047705,0.001783333020284772,False,True,repair,failed,0.016998957959003747,False,False,False,True,0.0,3.0,"step 1 still violates after 3 repair iterations (triggered by {'immutable': False, 'non_decreasing': False, 'age_horizon': False, 'directional': True})",,,,,,,,,,,
nhanes_real,4,v3,dsr_full_euclidean,0.05,645,decoded_naive,decoded_banded,euclidean,True,236256,246880,0.009266833076253533,1.160767334047705,0.001783333020284772,False,True,search,,0.01514050003606826,,,,,,,,,,,,,,,,,,
nhanes_real,4,v3,dsr_full_euclidean,0.05,647,decoded_naive,decoded_banded,euclidean,True,236256,246880,0.009266833076253533,1.160767334047705,0.001783333020284772,True,False,,clean,0.016606166027486324,,,,,0.0,0.0,,"[3086, 1851]",2.0,1.5895193815231323,False,False,False,False,False,False,-6.601377139011878,3.0240426063537598
nhanes_real,4,v3,dsr_full_euclidean,0.05,648,decoded_naive,decoded_banded,euclidean,True,236256,246880,0.009266833076253533,1.160767334047705,0.001783333020284772,True,False,,clean,0.0190222910605371,,,,,0.0,0.0,,"[3086, 1119]",2.0,1.2717479467391968,False,False,False,False,False,False,-10.819229040730935,6.295812606811523
nhanes_real,4,v3,dsr_full_euclidean,0.05,649,decoded_naive,decoded_banded,euclidean,True,236256,246880,0.009266833076253533,1.160767334047705,0.001783333020284772,False,True,search,,0.01067820901516825,,,,,,,,,,,,,,,,,,
nhanes_real,4,v3,dsr_full_euclidean,0.05,650,decoded_naive,decoded_banded,euclidean,True,236256,246880,0.009266833076253533,1.160767334047705,0.001783333020284772,False,True,repair,failed,0.011985457967966795,False,False,False,True,0.0,3.0,"step 1 still violates after 3 repair iterations (triggered by {'immutable': False, 'non_decreasing': False, 'age_horizon': False, 'directional': True})",,,,,,,,,,,
nhanes_real,4,v3,dsr_full_euclidean,0.05,653,decoded_naive,decoded_banded,euclidean,True,236256,246880,0.009266833076253533,1.160767334047705,0.001783333020284772,False,True,search,,0.011282625026069582,,,,,,,,,,,,,,,,,,
nhanes_real,4,v3,dsr_full_euclidean,0.05,660,decoded_naive,decoded_banded,euclidean,True,236256,246880,0.009266833076253533,1.160767334047705,0.001783333020284772,False,True,search,,0.017731792060658336,,,,,,,,,,,,,,,,,,
nhanes_real,4,v3,dsr_full_euclidean,0.05,661,decoded_naive,decoded_banded,euclidean,True,236256,246880,0.009266833076253533,1.160767334047705,0.001783333020284772,False,True,repair,failed,0.010547791025601327,False,False,True,True,0.0,3.0,"step 1 still violates after 3 repair iterations (triggered by {'immutable': False, 'non_decreasing': False, 'age_horizon': True, 'directional': True})",,,,,,,,,,,
nhanes_real,4,v3,dsr_full_euclidean,0.05,663,decoded_naive,decoded_banded,euclidean,True,236256,246880,0.009266833076253533,1.160767334047705,0.001783333020284772,False,True,search,,0.009694207925349474,,,,,,,,,,,,,,,,,,
nhanes_real,4,v3,dsr_full_euclidean,0.05,664,decoded_naive,decoded_banded,euclidean,True,236256,246880,0.009266833076253533,1.160767334047705,0.001783333020284772,False,True,repair,failed,0.010385708068497479,False,False,False,True,0.0,3.0,"step 1 still violates after 3 repair iterations (triggered by {'immutable': False, 'non_decreasing': False, 'age_horizon': False, 'directional': True})",,,,,,,,,,,
nhanes_real,4,v3,dsr_full_euclidean,0.05,668,decoded_naive,decoded_banded,euclidean,True,236256,246880,0.009266833076253533,1.160767334047705,0.001783333020284772,False,True,search,,0.009575042058713734,,,,,,,,,,,,,,,,,,
nhanes_real,4,v3,dsr_full_euclidean,0.05,669,decoded_naive,decoded_banded,euclidean,True,236256,246880,0.009266833076253533,1.160767334047705,0.001783333020284772,False,True,search,,0.010173916933126748,,,,,,,,,,,,,,,,,,
nhanes_real,4,v3,dsr_full_euclidean,0.05,671,decoded_naive,decoded_banded,euclidean,True,236256,246880,0.009266833076253533,1.160767334047705,0.001783333020284772,False,True,search,,0.009470041957683861,,,,,,,,,,,,,,,,,,
nhanes_real,4,v3,dsr_full_euclidean,0.05,673,decoded_naive,decoded_banded,euclidean,True,236256,246880,0.009266833076253533,1.160767334047705,0.001783333020284772,True,False,,clean,0.009619166958145797,,,,,0.0,0.0,,"[3086, 842]",2.0,1.5702455043792725,False,False,False,False,False,False,-9.415058704629407,8.153316497802734
nhanes_real,4,v3,dsr_full_euclidean,0.05,676,decoded_naive,decoded_banded,euclidean,True,236256,246880,0.009266833076253533,1.160767334047705,0.001783333020284772,False,True,repair,failed,0.009895624942146242,False,True,False,True,0.0,3.0,"step 1 still violates after 3 repair iterations (triggered by {'immutable': False, 'non_decreasing': True, 'age_horizon': False, 'directional': True})",,,,,,,,,,,
nhanes_real,4,v3,dsr_full_euclidean,0.05,685,decoded_naive,decoded_banded,euclidean,True,236256,246880,0.009266833076253533,1.160767334047705,0.001783333020284772,False,True,search,,0.009117707959376276,,,,,,,,,,,,,,,,,,
nhanes_real,4,v3,dsr_full_euclidean,0.05,689,decoded_naive,decoded_banded,euclidean,True,236256,246880,0.009266833076253533,1.160767334047705,0.001783333020284772,False,True,repair,failed,0.0095135000301525,False,False,True,True,0.0,3.0,"step 1 still violates after 3 repair iterations (triggered by {'immutable': False, 'non_decreasing': False, 'age_horizon': True, 'directional': True})",,,,,,,,,,,
nhanes_real,4,v3,dsr_full_euclidean,0.05,690,decoded_naive,decoded_banded,euclidean,True,236256,246880,0.009266833076253533,1.160767334047705,0.001783333020284772,True,False,,clean,0.010383500019088387,,,,,0.0,0.0,,"[3086, 2017]",2.0,0.820095419883728,False,False,False,False,False,False,-6.982423233941654,2.5793538093566895
nhanes_real,4,v3,dsr_full_euclidean,0.05,691,decoded_naive,decoded_banded,euclidean,True,236256,246880,0.009266833076253533,1.160767334047705,0.001783333020284772,False,True,search,,0.012170125031843781,,,,,,,,,,,,,,,,,,
nhanes_real,4,v3,dsr_full_euclidean,0.05,693,decoded_naive,decoded_banded,euclidean,True,236256,246880,0.009266833076253533,1.160767334047705,0.001783333020284772,False,True,search,,0.01053779199719429,,,,,,,,,,,,,,,,,,
nhanes_real,4,v3,dsr_full_euclidean,0.05,694,decoded_naive,decoded_banded,euclidean,True,236256,246880,0.009266833076253533,1.160767334047705,0.001783333020284772,True,False,,clean,0.013822415960021317,,,,,0.0,0.0,,"[3086, 147]",2.0,0.34514468908309937,False,False,False,False,False,False,-6.171354683747483,0.9791132807731628
nhanes_real,4,v3,dsr_full_euclidean,0.05,695,decoded_naive,decoded_banded,euclidean,True,236256,246880,0.009266833076253533,1.160767334047705,0.001783333020284772,False,True,search,,0.019993458059616387,,,,,,,,,,,,,,,,,,
nhanes_real,4,v3,dsr_full_euclidean,0.05,696,decoded_naive,decoded_banded,euclidean,True,236256,246880,0.009266833076253533,1.160767334047705,0.001783333020284772,False,True,search,,0.0205679580103606,,,,,,,,,,,,,,,,,,
nhanes_real,4,v3,dsr_full_euclidean,0.05,700,decoded_naive,decoded_banded,euclidean,True,236256,246880,0.009266833076253533,1.160767334047705,0.001783333020284772,False,True,search,,0.022327209007926285,,,,,,,,,,,,,,,,,,
nhanes_real,4,v3,dsr_full_euclidean,0.05,705,decoded_naive,decoded_banded,euclidean,True,236256,246880,0.009266833076253533,1.160767334047705,0.001783333020284772,True,False,,clean,0.02171016705688089,,,,,0.0,0.0,,"[3086, 1851]",2.0,1.965794324874878,False,False,False,False,False,False,-6.728290844726752,4.83212423324585
nhanes_real,4,v3,dsr_full_euclidean,0.05,706,decoded_naive,decoded_banded,euclidean,True,236256,246880,0.009266833076253533,1.160767334047705,0.001783333020284772,False,True,search,,0.02525554201565683,,,,,,,,,,,,,,,,,,
nhanes_real,4,v3,dsr_full_euclidean,0.05,710,decoded_naive,decoded_banded,euclidean,True,236256,246880,0.009266833076253533,1.160767334047705,0.001783333020284772,False,True,search,,0.01755683298688382,,,,,,,,,,,,,,,,,,
nhanes_real,4,v3,dsr_full_euclidean,0.05,711,decoded_naive,decoded_banded,euclidean,True,236256,246880,0.009266833076253533,1.160767334047705,0.001783333020284772,False,True,search,,0.01613195799291134,,,,,,,,,,,,,,,,,,
nhanes_real,4,v3,dsr_full_euclidean,0.05,712,decoded_naive,decoded_banded,euclidean,True,236256,246880,0.009266833076253533,1.160767334047705,0.001783333020284772,False,True,repair,failed,0.01772837503813207,False,False,True,True,0.0,3.0,"step 1 still violates after 3 repair iterations (triggered by {'immutable': False, 'non_decreasing': False, 'age_horizon': True, 'directional': True})",,,,,,,,,,,
nhanes_real,4,v3,dsr_full_euclidean,0.05,713,decoded_naive,decoded_banded,euclidean,True,236256,246880,0.009266833076253533,1.160767334047705,0.001783333020284772,False,True,search,,0.014530083048157394,,,,,,,,,,,,,,,,,,
nhanes_real,4,v3,dsr_full_euclidean,0.05,714,decoded_naive,decoded_banded,euclidean,True,236256,246880,0.009266833076253533,1.160767334047705,0.001783333020284772,False,True,search,,0.015043875086121261,,,,,,,,,,,,,,,,,,
nhanes_real,4,v3,dsr_full_euclidean,0.05,715,decoded_naive,decoded_banded,euclidean,True,236256,246880,0.009266833076253533,1.160767334047705,0.001783333020284772,False,True,repair,failed,0.018466207897290587,False,False,False,True,0.0,3.0,"step 1 still violates after 3 repair iterations (triggered by {'immutable': False, 'non_decreasing': False, 'age_horizon': False, 'directional': True})",,,,,,,,,,,
nhanes_real,4,v3,dsr_full_euclidean,0.05,725,decoded_naive,decoded_banded,euclidean,True,236256,246880,0.009266833076253533,1.160767334047705,0.001783333020284772,False,True,search,,0.020399834029376507,,,,,,,,,,,,,,,,,,
nhanes_real,4,v3,dsr_full_euclidean,0.05,726,decoded_naive,decoded_banded,euclidean,True,236256,246880,0.009266833076253533,1.160767334047705,0.001783333020284772,False,True,search,,0.013523707981221378,,,,,,,,,,,,,,,,,,
nhanes_real,4,v3,dsr_full_euclidean,0.05,727,decoded_naive,decoded_banded,euclidean,True,236256,246880,0.009266833076253533,1.160767334047705,0.001783333020284772,True,False,,clean,0.015545582980848849,,,,,0.0,0.0,,"[3086, 348]",2.0,2.026945114135742,False,False,False,False,False,False,-9.391745134190417,11.674217224121094
nhanes_real,4,v3,dsr_full_euclidean,0.05,728,decoded_naive,decoded_banded,euclidean,True,236256,246880,0.009266833076253533,1.160767334047705,0.001783333020284772,False,True,search,,0.017473708023317158,,,,,,,,,,,,,,,,,,
nhanes_real,4,v3,dsr_full_euclidean,0.05,730,decoded_naive,decoded_banded,euclidean,True,236256,246880,0.009266833076253533,1.160767334047705,0.001783333020284772,False,True,search,,0.015578749938867986,,,,,,,,,,,,,,,,,,
nhanes_real,4,v3,dsr_full_euclidean,0.05,731,decoded_naive,decoded_banded,euclidean,True,236256,246880,0.009266833076253533,1.160767334047705,0.001783333020284772,False,True,search,,0.016383167007006705,,,,,,,,,,,,,,,,,,
nhanes_real,4,v3,dsr_full_euclidean,0.05,732,decoded_naive,decoded_banded,euclidean,True,236256,246880,0.009266833076253533,1.160767334047705,0.001783333020284772,True,False,,clean,0.015022791922092438,,,,,0.0,0.0,,"[3086, 934]",2.0,2.912783622741699,False,False,False,False,False,False,-10.239842809505138,14.724466323852539
nhanes_real,4,v3,dsr_full_euclidean,0.05,733,decoded_naive,decoded_banded,euclidean,True,236256,246880,0.009266833076253533,1.160767334047705,0.001783333020284772,True,False,,clean,0.021540667046792805,,,,,0.0,0.0,,"[3086, 2576]",2.0,0.8259965777397156,False,False,False,False,False,False,-6.8617649619666246,3.9613218307495117
nhanes_real,4,v3,dsr_full_euclidean,0.05,734,decoded_naive,decoded_banded,euclidean,True,236256,246880,0.009266833076253533,1.160767334047705,0.001783333020284772,True,False,,clean,0.016601457959041,,,,,0.0,0.0,,"[3086, 1851]",2.0,1.1840656995773315,False,False,False,False,False,False,-6.599776086486627,2.5762741565704346
nhanes_real,4,v3,dsr_full_euclidean,0.05,735,decoded_naive,decoded_banded,euclidean,True,236256,246880,0.009266833076253533,1.160767334047705,0.001783333020284772,False,True,search,,0.017215459025464952,,,,,,,,,,,,,,,,,,
nhanes_real,4,v3,dsr_full_euclidean,0.05,737,decoded_naive,decoded_banded,euclidean,True,236256,246880,0.009266833076253533,1.160767334047705,0.001783333020284772,False,True,search,,0.013984082965180278,,,,,,,,,,,,,,,,,,
nhanes_real,4,v3,dsr_full_euclidean,0.05,738,decoded_naive,decoded_banded,euclidean,True,236256,246880,0.009266833076253533,1.160767334047705,0.001783333020284772,False,True,repair,failed,0.01574425003491342,False,False,False,True,0.0,3.0,"step 1 still violates after 3 repair iterations (triggered by {'immutable': False, 'non_decreasing': False, 'age_horizon': False, 'directional': True})",,,,,,,,,,,
nhanes_real,4,v3,dsr_full_euclidean,0.05,740,decoded_naive,decoded_banded,euclidean,True,236256,246880,0.009266833076253533,1.160767334047705,0.001783333020284772,True,False,,clean,0.016252834000624716,,,,,0.0,0.0,,"[3086, 2132]",2.0,1.6777102947235107,False,False,False,False,False,False,-7.392736265994443,5.488968849182129
nhanes_real,4,v3,dsr_full_euclidean,0.05,741,decoded_naive,decoded_banded,euclidean,True,236256,246880,0.009266833076253533,1.160767334047705,0.001783333020284772,False,True,repair,failed,0.017187666962854564,False,False,False,True,0.0,3.0,"step 1 still violates after 3 repair iterations (triggered by {'immutable': False, 'non_decreasing': False, 'age_horizon': False, 'directional': True})",,,,,,,,,,,
nhanes_real,4,v3,dsr_full_euclidean,0.05,742,decoded_naive,decoded_banded,euclidean,True,236256,246880,0.009266833076253533,1.160767334047705,0.001783333020284772,False,True,search,,0.016877833986654878,,,,,,,,,,,,,,,,,,
nhanes_real,4,v3,dsr_full_euclidean,0.05,743,decoded_naive,decoded_banded,euclidean,True,236256,246880,0.009266833076253533,1.160767334047705,0.001783333020284772,True,False,,clean,0.01692537497729063,,,,,0.0,0.0,,"[3086, 1851]",2.0,1.6936665773391724,False,False,False,False,False,False,-6.607228327521972,3.4989049434661865
nhanes_real,4,v3,dsr_full_euclidean,0.05,746,decoded_naive,decoded_banded,euclidean,True,236256,246880,0.009266833076253533,1.160767334047705,0.001783333020284772,False,True,search,,0.01552145800087601,,,,,,,,,,,,,,,,,,
nhanes_real,4,v3,dsr_full_euclidean,0.05,747,decoded_naive,decoded_banded,euclidean,True,236256,246880,0.009266833076253533,1.160767334047705,0.001783333020284772,False,True,search,,0.015240542008541524,,,,,,,,,,,,,,,,,,
nhanes_real,4,v3,dsr_full_euclidean,0.05,749,decoded_naive,decoded_banded,euclidean,True,236256,246880,0.009266833076253533,1.160767334047705,0.001783333020284772,False,True,search,,0.01760770904365927,,,,,,,,,,,,,,,,,,
nhanes_real,4,v3,dsr_full_euclidean,0.05,752,decoded_naive,decoded_banded,euclidean,True,236256,246880,0.009266833076253533,1.160767334047705,0.001783333020284772,False,True,search,,0.015949958004057407,,,,,,,,,,,,,,,,,,
nhanes_real,4,v3,dsr_full_euclidean,0.05,754,decoded_naive,decoded_banded,euclidean,True,236256,246880,0.009266833076253533,1.160767334047705,0.001783333020284772,False,True,search,,0.016286041936837137,,,,,,,,,,,,,,,,,,
nhanes_real,4,v3,dsr_full_euclidean,0.05,759,decoded_naive,decoded_banded,euclidean,True,236256,246880,0.009266833076253533,1.160767334047705,0.001783333020284772,False,True,search,,0.014897792018018663,,,,,,,,,,,,,,,,,,
nhanes_real,4,v3,dsr_full_euclidean,0.05,760,decoded_naive,decoded_banded,euclidean,True,236256,246880,0.009266833076253533,1.160767334047705,0.001783333020284772,False,True,search,,0.014791541965678334,,,,,,,,,,,,,,,,,,
nhanes_real,4,v3,dsr_full_euclidean,0.05,764,decoded_naive,decoded_banded,euclidean,True,236256,246880,0.009266833076253533,1.160767334047705,0.001783333020284772,False,True,repair,failed,0.01871158299036324,False,False,False,True,0.0,3.0,"step 1 still violates after 3 repair iterations (triggered by {'immutable': False, 'non_decreasing': False, 'age_horizon': False, 'directional': True})",,,,,,,,,,,
nhanes_real,4,v3,dsr_full_euclidean,0.05,766,decoded_naive,decoded_banded,euclidean,True,236256,246880,0.009266833076253533,1.160767334047705,0.001783333020284772,False,True,repair,failed,0.014262082986533642,False,False,True,True,0.0,3.0,"step 1 still violates after 3 repair iterations (triggered by {'immutable': False, 'non_decreasing': False, 'age_horizon': True, 'directional': True})",,,,,,,,,,,
nhanes_real,4,v3,dsr_full_euclidean,0.05,768,decoded_naive,decoded_banded,euclidean,True,236256,246880,0.009266833076253533,1.160767334047705,0.001783333020284772,False,True,repair,failed,0.01834029203746468,False,False,False,True,0.0,3.0,"step 1 still violates after 3 repair iterations (triggered by {'immutable': False, 'non_decreasing': False, 'age_horizon': False, 'directional': True})",,,,,,,,,,,
nhanes_real,4,v3,dsr_full_euclidean,0.05,769,decoded_naive,decoded_banded,euclidean,True,236256,246880,0.009266833076253533,1.160767334047705,0.001783333020284772,False,True,repair,failed,0.015225707902573049,False,False,False,True,0.0,3.0,"step 1 still violates after 3 repair iterations (triggered by {'immutable': False, 'non_decreasing': False, 'age_horizon': False, 'directional': True})",,,,,,,,,,,
nhanes_real,4,v3,dsr_full_euclidean,0.05,776,decoded_naive,decoded_banded,euclidean,True,236256,246880,0.009266833076253533,1.160767334047705,0.001783333020284772,False,True,search,,0.018195791053585708,,,,,,,,,,,,,,,,,,
nhanes_real,4,v3,dsr_full_euclidean,0.05,781,decoded_naive,decoded_banded,euclidean,True,236256,246880,0.009266833076253533,1.160767334047705,0.001783333020284772,False,True,search,,0.014105458976700902,,,,,,,,,,,,,,,,,,
nhanes_real,4,v3,dsr_full_euclidean,0.05,785,decoded_naive,decoded_banded,euclidean,True,236256,246880,0.009266833076253533,1.160767334047705,0.001783333020284772,False,True,search,,0.01605041604489088,,,,,,,,,,,,,,,,,,
nhanes_real,4,v3,dsr_full_euclidean,0.05,787,decoded_naive,decoded_banded,euclidean,True,236256,246880,0.009266833076253533,1.160767334047705,0.001783333020284772,False,True,search,,0.016337624983862042,,,,,,,,,,,,,,,,,,
nhanes_real,4,v3,dsr_full_euclidean,0.05,788,decoded_naive,decoded_banded,euclidean,True,236256,246880,0.009266833076253533,1.160767334047705,0.001783333020284772,False,True,search,,0.017265709000639617,,,,,,,,,,,,,,,,,,
nhanes_real,4,v3,dsr_full_euclidean,0.05,791,decoded_naive,decoded_banded,euclidean,True,236256,246880,0.009266833076253533,1.160767334047705,0.001783333020284772,False,True,search,,0.018957542022690177,,,,,,,,,,,,,,,,,,
nhanes_real,4,v3,dsr_full_euclidean,0.05,794,decoded_naive,decoded_banded,euclidean,True,236256,246880,0.009266833076253533,1.160767334047705,0.001783333020284772,False,True,repair,failed,0.01505945809185505,False,False,False,True,1.0,1.0,repaired terminal state is no longer low-risk,,,,,,,,,,,
nhanes_real,4,v3,dsr_full_euclidean,0.05,795,decoded_naive,decoded_banded,euclidean,True,236256,246880,0.009266833076253533,1.160767334047705,0.001783333020284772,False,True,search,,0.01573016692418605,,,,,,,,,,,,,,,,,,
nhanes_real,4,v3,dsr_full_euclidean,0.05,797,decoded_naive,decoded_banded,euclidean,True,236256,246880,0.009266833076253533,1.160767334047705,0.001783333020284772,False,True,repair,failed,0.01683716697152704,False,False,False,True,0.0,3.0,"step 1 still violates after 3 repair iterations (triggered by {'immutable': False, 'non_decreasing': False, 'age_horizon': False, 'directional': True})",,,,,,,,,,,
nhanes_real,4,v3,dsr_full_euclidean,0.05,801,decoded_naive,decoded_banded,euclidean,True,236256,246880,0.009266833076253533,1.160767334047705,0.001783333020284772,False,True,search,,0.018907541991211474,,,,,,,,,,,,,,,,,,
nhanes_real,4,v3,dsr_full_euclidean,0.05,802,decoded_naive,decoded_banded,euclidean,True,236256,246880,0.009266833076253533,1.160767334047705,0.001783333020284772,True,False,,clean,0.014078374952077866,,,,,0.0,0.0,,"[3086, 1303]",2.0,2.57025408744812,False,False,False,False,False,False,-10.548784692764702,14.440345764160156
nhanes_real,4,v3,dsr_full_euclidean,0.05,803,decoded_naive,decoded_banded,euclidean,True,236256,246880,0.009266833076253533,1.160767334047705,0.001783333020284772,True,False,,clean,0.01663720898795873,,,,,0.0,0.0,,"[3086, 817]",2.0,1.546560287475586,False,False,False,False,False,False,-6.957721862560455,4.890030860900879
nhanes_real,4,v3,dsr_full_euclidean,0.05,804,decoded_naive,decoded_banded,euclidean,True,236256,246880,0.009266833076253533,1.160767334047705,0.001783333020284772,False,True,search,,0.015609292080625892,,,,,,,,,,,,,,,,,,
nhanes_real,4,v3,dsr_full_euclidean,0.05,805,decoded_naive,decoded_banded,euclidean,True,236256,246880,0.009266833076253533,1.160767334047705,0.001783333020284772,False,True,search,,0.01669283292721957,,,,,,,,,,,,,,,,,,
nhanes_real,4,v3,dsr_full_euclidean,0.05,807,decoded_naive,decoded_banded,euclidean,True,236256,246880,0.009266833076253533,1.160767334047705,0.001783333020284772,False,True,repair,failed,0.018146167043596506,False,False,True,False,0.0,3.0,"step 1 still violates after 3 repair iterations (triggered by {'immutable': False, 'non_decreasing': False, 'age_horizon': True, 'directional': False})",,,,,,,,,,,
nhanes_real,4,v3,dsr_full_euclidean,0.05,811,decoded_naive,decoded_banded,euclidean,True,236256,246880,0.009266833076253533,1.160767334047705,0.001783333020284772,False,True,repair,failed,0.016318583046086133,False,False,False,True,0.0,3.0,"step 1 still violates after 3 repair iterations (triggered by {'immutable': False, 'non_decreasing': False, 'age_horizon': False, 'directional': True})",,,,,,,,,,,
nhanes_real,4,v3,dsr_full_euclidean,0.05,815,decoded_naive,decoded_banded,euclidean,True,236256,246880,0.009266833076253533,1.160767334047705,0.001783333020284772,False,True,search,,0.016038708039559424,,,,,,,,,,,,,,,,,,
nhanes_real,4,v3,dsr_full_euclidean,0.05,820,decoded_naive,decoded_banded,euclidean,True,236256,246880,0.009266833076253533,1.160767334047705,0.001783333020284772,False,True,search,,0.016448750044219196,,,,,,,,,,,,,,,,,,
nhanes_real,4,v3,dsr_full_euclidean,0.05,821,decoded_naive,decoded_banded,euclidean,True,236256,246880,0.009266833076253533,1.160767334047705,0.001783333020284772,True,False,,clean,0.01568612502887845,,,,,0.0,0.0,,"[3086, 1303]",2.0,3.404707908630371,False,False,False,False,False,False,-11.816469077846518,18.91932487487793
nhanes_real,4,v3,dsr_full_euclidean,0.05,825,decoded_naive,decoded_banded,euclidean,True,236256,246880,0.009266833076253533,1.160767334047705,0.001783333020284772,False,True,search,,0.01781558303628117,,,,,,,,,,,,,,,,,,
nhanes_real,4,v3,dsr_full_euclidean,0.05,828,decoded_naive,decoded_banded,euclidean,True,236256,246880,0.009266833076253533,1.160767334047705,0.001783333020284772,False,True,search,,0.015383499907329679,,,,,,,,,,,,,,,,,,
nhanes_real,4,v3,dsr_full_euclidean,0.05,832,decoded_naive,decoded_banded,euclidean,True,236256,246880,0.009266833076253533,1.160767334047705,0.001783333020284772,False,True,repair,failed,0.015774250030517578,False,False,False,True,0.0,3.0,"step 1 still violates after 3 repair iterations (triggered by {'immutable': False, 'non_decreasing': False, 'age_horizon': False, 'directional': True})",,,,,,,,,,,
nhanes_real,4,v3,dsr_full_euclidean,0.05,841,decoded_naive,decoded_banded,euclidean,True,236256,246880,0.009266833076253533,1.160767334047705,0.001783333020284772,False,True,search,,0.014738291967660189,,,,,,,,,,,,,,,,,,
nhanes_real,4,v3,dsr_full_euclidean,0.05,845,decoded_naive,decoded_banded,euclidean,True,236256,246880,0.009266833076253533,1.160767334047705,0.001783333020284772,False,True,search,,0.01719995797611773,,,,,,,,,,,,,,,,,,
nhanes_real,4,v3,dsr_full_euclidean,0.05,846,decoded_naive,decoded_banded,euclidean,True,236256,246880,0.009266833076253533,1.160767334047705,0.001783333020284772,False,True,search,,0.01462720800191164,,,,,,,,,,,,,,,,,,
nhanes_real,4,v3,dsr_full_euclidean,0.05,848,decoded_naive,decoded_banded,euclidean,True,236256,246880,0.009266833076253533,1.160767334047705,0.001783333020284772,True,False,,clean,0.015666124993003905,,,,,0.0,0.0,,"[3086, 2576]",2.0,0.786296546459198,False,False,False,False,False,False,-6.982049903356128,3.443718433380127
nhanes_real,4,v3,dsr_full_euclidean,0.05,849,decoded_naive,decoded_banded,euclidean,True,236256,246880,0.009266833076253533,1.160767334047705,0.001783333020284772,False,True,search,,0.015200834022834897,,,,,,,,,,,,,,,,,,
nhanes_real,4,v3,dsr_full_euclidean,0.05,850,decoded_naive,decoded_banded,euclidean,True,236256,246880,0.009266833076253533,1.160767334047705,0.001783333020284772,False,True,repair,failed,0.012618166976608336,False,False,False,True,0.0,3.0,"step 1 still violates after 3 repair iterations (triggered by {'immutable': False, 'non_decreasing': False, 'age_horizon': False, 'directional': True})",,,,,,,,,,,
nhanes_real,4,v3,dsr_full_euclidean,0.05,855,decoded_naive,decoded_banded,euclidean,True,236256,246880,0.009266833076253533,1.160767334047705,0.001783333020284772,False,True,search,,0.012593124993145466,,,,,,,,,,,,,,,,,,
nhanes_real,4,v3,dsr_full_euclidean,0.05,856,decoded_naive,decoded_banded,euclidean,True,236256,246880,0.009266833076253533,1.160767334047705,0.001783333020284772,False,True,search,,0.012319374945946038,,,,,,,,,,,,,,,,,,
nhanes_real,4,v3,dsr_full_euclidean,0.05,857,decoded_naive,decoded_banded,euclidean,True,236256,246880,0.009266833076253533,1.160767334047705,0.001783333020284772,False,True,search,,0.010876249987632036,,,,,,,,,,,,,,,,,,
nhanes_real,4,v3,dsr_full_euclidean,0.05,858,decoded_naive,decoded_banded,euclidean,True,236256,246880,0.009266833076253533,1.160767334047705,0.001783333020284772,False,True,search,,0.012708500027656555,,,,,,,,,,,,,,,,,,
nhanes_real,4,v3,dsr_full_euclidean,0.05,859,decoded_naive,decoded_banded,euclidean,True,236256,246880,0.009266833076253533,1.160767334047705,0.001783333020284772,False,True,search,,0.011818625032901764,,,,,,,,,,,,,,,,,,
nhanes_real,4,v3,dsr_full_euclidean,0.05,863,decoded_naive,decoded_banded,euclidean,True,236256,246880,0.009266833076253533,1.160767334047705,0.001783333020284772,False,True,search,,0.010754625080153346,,,,,,,,,,,,,,,,,,
nhanes_real,4,v3,dsr_full_euclidean,0.05,866,decoded_naive,decoded_banded,euclidean,True,236256,246880,0.009266833076253533,1.160767334047705,0.001783333020284772,False,True,repair,failed,0.011461458983831108,False,False,False,True,0.0,3.0,"step 1 still violates after 3 repair iterations (triggered by {'immutable': False, 'non_decreasing': False, 'age_horizon': False, 'directional': True})",,,,,,,,,,,
nhanes_real,4,v3,dsr_full_euclidean,0.05,869,decoded_naive,decoded_banded,euclidean,True,236256,246880,0.009266833076253533,1.160767334047705,0.001783333020284772,False,True,search,,0.014417625032365322,,,,,,,,,,,,,,,,,,
nhanes_real,4,v3,dsr_full_euclidean,0.05,870,decoded_naive,decoded_banded,euclidean,True,236256,246880,0.009266833076253533,1.160767334047705,0.001783333020284772,False,True,search,,0.012845915975049138,,,,,,,,,,,,,,,,,,
nhanes_real,4,v3,dsr_full_euclidean,0.05,871,decoded_naive,decoded_banded,euclidean,True,236256,246880,0.009266833076253533,1.160767334047705,0.001783333020284772,False,True,search,,0.012218624935485423,,,,,,,,,,,,,,,,,,
nhanes_real,4,v3,dsr_full_euclidean,0.05,873,decoded_naive,decoded_banded,euclidean,True,236256,246880,0.009266833076253533,1.160767334047705,0.001783333020284772,False,True,repair,failed,0.01128787500783801,False,False,True,False,1.0,1.0,repaired terminal state is no longer low-risk,,,,,,,,,,,
nhanes_real,4,v3,dsr_full_euclidean,0.05,877,decoded_naive,decoded_banded,euclidean,True,236256,246880,0.009266833076253533,1.160767334047705,0.001783333020284772,False,True,repair,failed,0.01535083306953311,False,True,False,True,0.0,3.0,"step 1 still violates after 3 repair iterations (triggered by {'immutable': False, 'non_decreasing': True, 'age_horizon': False, 'directional': True})",,,,,,,,,,,
nhanes_real,4,v3,dsr_full_euclidean,0.05,882,decoded_naive,decoded_banded,euclidean,True,236256,246880,0.009266833076253533,1.160767334047705,0.001783333020284772,False,True,search,,0.022720750072039664,,,,,,,,,,,,,,,,,,
nhanes_real,4,v3,dsr_full_euclidean,0.05,884,decoded_naive,decoded_banded,euclidean,True,236256,246880,0.009266833076253533,1.160767334047705,0.001783333020284772,False,True,search,,0.011790541000664234,,,,,,,,,,,,,,,,,,
nhanes_real,4,v3,dsr_full_euclidean,0.05,888,decoded_naive,decoded_banded,euclidean,True,236256,246880,0.009266833076253533,1.160767334047705,0.001783333020284772,False,True,search,,0.011460958980023861,,,,,,,,,,,,,,,,,,
nhanes_real,4,v3,dsr_full_euclidean,0.05,892,decoded_naive,decoded_banded,euclidean,True,236256,246880,0.009266833076253533,1.160767334047705,0.001783333020284772,False,True,search,,0.011730333091691136,,,,,,,,,,,,,,,,,,
nhanes_real,4,v3,dsr_full_euclidean,0.05,893,decoded_naive,decoded_banded,euclidean,True,236256,246880,0.009266833076253533,1.160767334047705,0.001783333020284772,False,True,search,,0.011310041998513043,,,,,,,,,,,,,,,,,,
nhanes_real,4,v3,dsr_full_euclidean,0.05,896,decoded_naive,decoded_banded,euclidean,True,236256,246880,0.009266833076253533,1.160767334047705,0.001783333020284772,False,True,search,,0.011033958056941628,,,,,,,,,,,,,,,,,,
nhanes_real,4,v3,dsr_full_euclidean,0.05,898,decoded_naive,decoded_banded,euclidean,True,236256,246880,0.009266833076253533,1.160767334047705,0.001783333020284772,True,False,,clean,0.010793374967761338,,,,,0.0,0.0,,"[3086, 1085]",2.0,0.31773483753204346,False,False,False,False,False,False,-6.421460917896216,1.2905523777008057
nhanes_real,4,v3,dsr_full_euclidean,0.05,901,decoded_naive,decoded_banded,euclidean,True,236256,246880,0.009266833076253533,1.160767334047705,0.001783333020284772,False,True,repair,failed,0.011759415967389941,False,False,False,True,0.0,3.0,"step 1 still violates after 3 repair iterations (triggered by {'immutable': False, 'non_decreasing': False, 'age_horizon': False, 'directional': True})",,,,,,,,,,,
nhanes_real,4,v3,dsr_full_euclidean,0.05,902,decoded_naive,decoded_banded,euclidean,True,236256,246880,0.009266833076253533,1.160767334047705,0.001783333020284772,False,True,repair,failed,0.011655916925519705,False,False,True,False,1.0,1.0,repaired terminal state is no longer low-risk,,,,,,,,,,,
nhanes_real,4,v3,dsr_full_euclidean,0.05,903,decoded_naive,decoded_banded,euclidean,True,236256,246880,0.009266833076253533,1.160767334047705,0.001783333020284772,False,True,search,,0.011197417043149471,,,,,,,,,,,,,,,,,,
nhanes_real,4,v3,dsr_full_euclidean,0.05,906,decoded_naive,decoded_banded,euclidean,True,236256,246880,0.009266833076253533,1.160767334047705,0.001783333020284772,False,True,repair,failed,0.011384707991965115,False,False,False,True,0.0,3.0,"step 1 still violates after 3 repair iterations (triggered by {'immutable': False, 'non_decreasing': False, 'age_horizon': False, 'directional': True})",,,,,,,,,,,
