dataset,seed,decoder,cell,tau_level,patient_idx,prune_mode,verify_mode,metric,repair_enabled,n_edges_pruned,n_edges_total,prune_seconds,graph_build_seconds,decode_seconds,success,abstained,abstain_stage,repair_status,n_steps_repaired,n_repair_attempts,repair_failure_reason,path,path_len,path_cost,decoded_cvr_hop,decoded_cvr_endpoint,viol_immutable,viol_non_decreasing,viol_age_horizon,viol_directional,kde,effort,latency_sec,repair_trigger_immutable,repair_trigger_non_decreasing,repair_trigger_age_horizon,repair_trigger_directional
uci,0,v2,old_latent_pruning,0.95,0,raw,raw,riemannian,False,7998,8040,0.0021297080675140023,0.025661374907940626,0.00019291695207357407,True,False,,not_attempted,0.0,0.0,,"[201, 54]",2.0,1.068063735961914,True,True,False,True,False,False,-7.228932518024398,3.6181235313415527,0.0011377920163795352,,,,
uci,0,v2,old_latent_pruning,0.95,1,raw,raw,riemannian,False,7998,8040,0.0021297080675140023,0.025661374907940626,0.00019291695207357407,False,True,search,,,,,,,,,,,,,,,,0.0013014170108363032,,,,
uci,0,v2,old_latent_pruning,0.95,4,raw,raw,riemannian,False,7998,8040,0.0021297080675140023,0.025661374907940626,0.00019291695207357407,False,True,search,,,,,,,,,,,,,,,,0.0012465410400182009,,,,
uci,0,v2,old_latent_pruning,0.95,6,raw,raw,riemannian,False,7998,8040,0.0021297080675140023,0.025661374907940626,0.00019291695207357407,True,False,,not_attempted,0.0,0.0,,"[201, 9]",2.0,1.8675405979156494,True,True,True,True,False,False,-7.0924702024703095,6.176867485046387,0.0014938749372959137,,,,
uci,0,v2,old_latent_pruning,0.95,7,raw,raw,riemannian,False,7998,8040,0.0021297080675140023,0.025661374907940626,0.00019291695207357407,True,False,,not_attempted,0.0,0.0,,"[201, 89]",2.0,0.7159361839294434,True,True,False,True,False,False,-7.3778919785149,2.561875820159912,0.001333917025476694,,,,
uci,0,v2,old_latent_pruning,0.95,8,raw,raw,riemannian,False,7998,8040,0.0021297080675140023,0.025661374907940626,0.00019291695207357407,False,True,search,,,,,,,,,,,,,,,,0.0011389169376343489,,,,
uci,0,v2,old_latent_pruning,0.95,9,raw,raw,riemannian,False,7998,8040,0.0021297080675140023,0.025661374907940626,0.00019291695207357407,False,True,search,,,,,,,,,,,,,,,,0.0011128339683637023,,,,
uci,0,v2,old_latent_pruning,0.95,11,raw,raw,riemannian,False,7998,8040,0.0021297080675140023,0.025661374907940626,0.00019291695207357407,False,True,search,,,,,,,,,,,,,,,,0.0010559160728007555,,,,
uci,0,v2,old_latent_pruning,0.95,14,raw,raw,riemannian,False,7998,8040,0.0021297080675140023,0.025661374907940626,0.00019291695207357407,False,True,search,,,,,,,,,,,,,,,,0.0013427080120891333,,,,
uci,0,v2,old_latent_pruning,0.95,16,raw,raw,riemannian,False,7998,8040,0.0021297080675140023,0.025661374907940626,0.00019291695207357407,False,True,search,,,,,,,,,,,,,,,,0.001142708002589643,,,,
uci,0,v2,old_latent_pruning,0.95,20,raw,raw,riemannian,False,7998,8040,0.0021297080675140023,0.025661374907940626,0.00019291695207357407,False,True,search,,,,,,,,,,,,,,,,0.0009752499172464013,,,,
uci,0,v2,old_latent_pruning,0.95,26,raw,raw,riemannian,False,7998,8040,0.0021297080675140023,0.025661374907940626,0.00019291695207357407,False,True,search,,,,,,,,,,,,,,,,0.0009602910140529275,,,,
uci,0,v2,old_latent_pruning,0.95,30,raw,raw,riemannian,False,7998,8040,0.0021297080675140023,0.025661374907940626,0.00019291695207357407,True,False,,not_attempted,0.0,0.0,,"[201, 127]",2.0,0.45626410841941833,True,True,False,True,False,False,-6.931862957638883,1.5461128950119019,0.0008870000019669533,,,,
uci,0,v2,old_latent_pruning,0.95,32,raw,raw,riemannian,False,7998,8040,0.0021297080675140023,0.025661374907940626,0.00019291695207357407,False,True,search,,,,,,,,,,,,,,,,0.0010343340691179037,,,,
uci,0,v2,old_latent_pruning,0.95,34,raw,raw,riemannian,False,7998,8040,0.0021297080675140023,0.025661374907940626,0.00019291695207357407,False,True,search,,,,,,,,,,,,,,,,0.0010188750457018614,,,,
uci,0,v2,old_latent_pruning,0.95,38,raw,raw,riemannian,False,7998,8040,0.0021297080675140023,0.025661374907940626,0.00019291695207357407,True,False,,not_attempted,0.0,0.0,,"[201, 117]",2.0,1.9891740083694458,True,True,False,True,False,False,-7.026071946436984,6.335110664367676,0.0010116250487044454,,,,
uci,0,v2,old_latent_pruning,0.95,44,raw,raw,riemannian,False,7998,8040,0.0021297080675140023,0.025661374907940626,0.00019291695207357407,True,False,,not_attempted,0.0,0.0,,"[201, 9]",2.0,0.29185524582862854,True,True,False,True,False,False,-6.879421197610931,0.9540122151374817,0.001028624945320189,,,,
uci,0,v2,old_latent_pruning,0.95,50,raw,raw,riemannian,False,7998,8040,0.0021297080675140023,0.025661374907940626,0.00019291695207357407,False,True,search,,,,,,,,,,,,,,,,0.0014131659409031272,,,,
uci,0,v2,old_latent_pruning,0.95,52,raw,raw,riemannian,False,7998,8040,0.0021297080675140023,0.025661374907940626,0.00019291695207357407,False,True,search,,,,,,,,,,,,,,,,0.0009205830283463001,,,,
uci,0,v2,old_latent_pruning,0.95,53,raw,raw,riemannian,False,7998,8040,0.0021297080675140023,0.025661374907940626,0.00019291695207357407,True,False,,not_attempted,0.0,0.0,,"[201, 172]",2.0,2.687854766845703,True,True,True,True,False,False,-7.135659620072405,9.325676918029785,0.0008567499462515116,,,,
uci,0,v2,old_latent_pruning,0.95,55,raw,raw,riemannian,False,7998,8040,0.0021297080675140023,0.025661374907940626,0.00019291695207357407,False,True,search,,,,,,,,,,,,,,,,0.0009009590139612556,,,,
uci,0,v2,old_latent_pruning,0.95,57,raw,raw,riemannian,False,7998,8040,0.0021297080675140023,0.025661374907940626,0.00019291695207357407,False,True,search,,,,,,,,,,,,,,,,0.0008526250021532178,,,,
uci,0,v2,dsr_c1,0.95,0,decoded_naive,decoded_naive,riemannian,False,5331,8040,0.00040300004184246063,0.025661374907940626,0.00019291695207357407,False,True,search,,,,,,,,,,,,,,,,0.0009324999991804361,,,,
uci,0,v2,dsr_c1,0.95,1,decoded_naive,decoded_naive,riemannian,False,5331,8040,0.00040300004184246063,0.025661374907940626,0.00019291695207357407,False,True,search,,,,,,,,,,,,,,,,0.0009538329904899001,,,,
uci,0,v2,dsr_c1,0.95,4,decoded_naive,decoded_naive,riemannian,False,5331,8040,0.00040300004184246063,0.025661374907940626,0.00019291695207357407,False,True,search,,,,,,,,,,,,,,,,0.0008869159501045942,,,,
uci,0,v2,dsr_c1,0.95,6,decoded_naive,decoded_naive,riemannian,False,5331,8040,0.00040300004184246063,0.025661374907940626,0.00019291695207357407,False,True,search,,,,,,,,,,,,,,,,0.0008818750502541661,,,,
uci,0,v2,dsr_c1,0.95,7,decoded_naive,decoded_naive,riemannian,False,5331,8040,0.00040300004184246063,0.025661374907940626,0.00019291695207357407,False,True,search,,,,,,,,,,,,,,,,0.0008856249041855335,,,,
uci,0,v2,dsr_c1,0.95,8,decoded_naive,decoded_naive,riemannian,False,5331,8040,0.00040300004184246063,0.025661374907940626,0.00019291695207357407,False,True,search,,,,,,,,,,,,,,,,0.000881665968336165,,,,
uci,0,v2,dsr_c1,0.95,9,decoded_naive,decoded_naive,riemannian,False,5331,8040,0.00040300004184246063,0.025661374907940626,0.00019291695207357407,False,True,search,,,,,,,,,,,,,,,,0.0008718750905245543,,,,
uci,0,v2,dsr_c1,0.95,11,decoded_naive,decoded_naive,riemannian,False,5331,8040,0.00040300004184246063,0.025661374907940626,0.00019291695207357407,True,False,,not_attempted,0.0,0.0,,"[201, 136, 106, 72]",4.0,0.09332415834069252,False,True,False,False,False,False,-7.072936444971184,0.1835891604423523,0.0008845420088618994,,,,
uci,0,v2,dsr_c1,0.95,14,decoded_naive,decoded_naive,riemannian,False,5331,8040,0.00040300004184246063,0.025661374907940626,0.00019291695207357407,False,True,search,,,,,,,,,,,,,,,,0.0009654999012127519,,,,
uci,0,v2,dsr_c1,0.95,16,decoded_naive,decoded_naive,riemannian,False,5331,8040,0.00040300004184246063,0.025661374907940626,0.00019291695207357407,False,True,search,,,,,,,,,,,,,,,,0.0009200000204145908,,,,
uci,0,v2,dsr_c1,0.95,20,decoded_naive,decoded_naive,riemannian,False,5331,8040,0.00040300004184246063,0.025661374907940626,0.00019291695207357407,False,True,search,,,,,,,,,,,,,,,,0.0008870830060914159,,,,
uci,0,v2,dsr_c1,0.95,26,decoded_naive,decoded_naive,riemannian,False,5331,8040,0.00040300004184246063,0.025661374907940626,0.00019291695207357407,True,False,,not_attempted,0.0,0.0,,"[201, 26, 89]",3.0,0.0388516616076231,False,False,False,False,False,False,-7.012208054106601,0.15707187354564667,0.0008787090191617608,,,,
uci,0,v2,dsr_c1,0.95,30,decoded_naive,decoded_naive,riemannian,False,5331,8040,0.00040300004184246063,0.025661374907940626,0.00019291695207357407,True,False,,not_attempted,0.0,0.0,,"[201, 177, 19, 152, 34, 32]",6.0,0.1747502163052559,False,True,False,False,False,False,-7.133465944604979,0.4131760597229004,0.0009246249683201313,,,,
uci,0,v2,dsr_c1,0.95,32,decoded_naive,decoded_naive,riemannian,False,5331,8040,0.00040300004184246063,0.025661374907940626,0.00019291695207357407,False,True,search,,,,,,,,,,,,,,,,0.0009078750154003501,,,,
uci,0,v2,dsr_c1,0.95,34,decoded_naive,decoded_naive,riemannian,False,5331,8040,0.00040300004184246063,0.025661374907940626,0.00019291695207357407,False,True,search,,,,,,,,,,,,,,,,0.0009225409012287855,,,,
uci,0,v2,dsr_c1,0.95,38,decoded_naive,decoded_naive,riemannian,False,5331,8040,0.00040300004184246063,0.025661374907940626,0.00019291695207357407,False,True,search,,,,,,,,,,,,,,,,0.0009343329584226012,,,,
uci,0,v2,dsr_c1,0.95,44,decoded_naive,decoded_naive,riemannian,False,5331,8040,0.00040300004184246063,0.025661374907940626,0.00019291695207357407,True,False,,not_attempted,0.0,0.0,,"[201, 72]",2.0,0.012220521457493305,False,False,False,False,False,False,-7.048850120373003,0.04180546849966049,0.0009006670443341136,,,,
uci,0,v2,dsr_c1,0.95,50,decoded_naive,decoded_naive,riemannian,False,5331,8040,0.00040300004184246063,0.025661374907940626,0.00019291695207357407,True,False,,not_attempted,0.0,0.0,,"[201, 89]",2.0,0.01635853946208954,False,False,False,False,False,False,-7.039769142879269,0.07476530224084854,0.0009063329780474305,,,,
uci,0,v2,dsr_c1,0.95,52,decoded_naive,decoded_naive,riemannian,False,5331,8040,0.00040300004184246063,0.025661374907940626,0.00019291695207357407,False,True,search,,,,,,,,,,,,,,,,0.000931750051677227,,,,
uci,0,v2,dsr_c1,0.95,53,decoded_naive,decoded_naive,riemannian,False,5331,8040,0.00040300004184246063,0.025661374907940626,0.00019291695207357407,False,True,search,,,,,,,,,,,,,,,,0.000916791963391006,,,,
uci,0,v2,dsr_c1,0.95,55,decoded_naive,decoded_naive,riemannian,False,5331,8040,0.00040300004184246063,0.025661374907940626,0.00019291695207357407,False,True,search,,,,,,,,,,,,,,,,0.0009076250717043877,,,,
uci,0,v2,dsr_c1,0.95,57,decoded_naive,decoded_naive,riemannian,False,5331,8040,0.00040300004184246063,0.025661374907940626,0.00019291695207357407,False,True,search,,,,,,,,,,,,,,,,0.0008699169848114252,,,,
uci,0,v2,dsr_c1c2,0.95,0,decoded_banded,decoded_banded,riemannian,False,8040,8040,0.000203792005777359,0.025661374907940626,0.00019291695207357407,False,True,search,,,,,,,,,,,,,,,,0.00083183404058218,,,,
uci,0,v2,dsr_c1c2,0.95,1,decoded_banded,decoded_banded,riemannian,False,8040,8040,0.000203792005777359,0.025661374907940626,0.00019291695207357407,False,True,search,,,,,,,,,,,,,,,,0.0008292080601677299,,,,
uci,0,v2,dsr_c1c2,0.95,4,decoded_banded,decoded_banded,riemannian,False,8040,8040,0.000203792005777359,0.025661374907940626,0.00019291695207357407,False,True,search,,,,,,,,,,,,,,,,0.0008667500223964453,,,,
uci,0,v2,dsr_c1c2,0.95,6,decoded_banded,decoded_banded,riemannian,False,8040,8040,0.000203792005777359,0.025661374907940626,0.00019291695207357407,False,True,search,,,,,,,,,,,,,,,,0.0008449159795418382,,,,
uci,0,v2,dsr_c1c2,0.95,7,decoded_banded,decoded_banded,riemannian,False,8040,8040,0.000203792005777359,0.025661374907940626,0.00019291695207357407,False,True,search,,,,,,,,,,,,,,,,0.0008302499772980809,,,,
uci,0,v2,dsr_c1c2,0.95,8,decoded_banded,decoded_banded,riemannian,False,8040,8040,0.000203792005777359,0.025661374907940626,0.00019291695207357407,False,True,search,,,,,,,,,,,,,,,,0.0008450839668512344,,,,
uci,0,v2,dsr_c1c2,0.95,9,decoded_banded,decoded_banded,riemannian,False,8040,8040,0.000203792005777359,0.025661374907940626,0.00019291695207357407,False,True,search,,,,,,,,,,,,,,,,0.000881417072378099,,,,
uci,0,v2,dsr_c1c2,0.95,11,decoded_banded,decoded_banded,riemannian,False,8040,8040,0.000203792005777359,0.025661374907940626,0.00019291695207357407,False,True,search,,,,,,,,,,,,,,,,0.0008489160099998116,,,,
uci,0,v2,dsr_c1c2,0.95,14,decoded_banded,decoded_banded,riemannian,False,8040,8040,0.000203792005777359,0.025661374907940626,0.00019291695207357407,False,True,search,,,,,,,,,,,,,,,,0.0008461249526590109,,,,
uci,0,v2,dsr_c1c2,0.95,16,decoded_banded,decoded_banded,riemannian,False,8040,8040,0.000203792005777359,0.025661374907940626,0.00019291695207357407,False,True,search,,,,,,,,,,,,,,,,0.0008118749829009175,,,,
uci,0,v2,dsr_c1c2,0.95,20,decoded_banded,decoded_banded,riemannian,False,8040,8040,0.000203792005777359,0.025661374907940626,0.00019291695207357407,False,True,search,,,,,,,,,,,,,,,,0.0009212080622091889,,,,
uci,0,v2,dsr_c1c2,0.95,26,decoded_banded,decoded_banded,riemannian,False,8040,8040,0.000203792005777359,0.025661374907940626,0.00019291695207357407,False,True,search,,,,,,,,,,,,,,,,0.0009327080333605409,,,,
uci,0,v2,dsr_c1c2,0.95,30,decoded_banded,decoded_banded,riemannian,False,8040,8040,0.000203792005777359,0.025661374907940626,0.00019291695207357407,False,True,search,,,,,,,,,,,,,,,,0.0008195409318432212,,,,
uci,0,v2,dsr_c1c2,0.95,32,decoded_banded,decoded_banded,riemannian,False,8040,8040,0.000203792005777359,0.025661374907940626,0.00019291695207357407,False,True,search,,,,,,,,,,,,,,,,0.0008728338871151209,,,,
uci,0,v2,dsr_c1c2,0.95,34,decoded_banded,decoded_banded,riemannian,False,8040,8040,0.000203792005777359,0.025661374907940626,0.00019291695207357407,False,True,search,,,,,,,,,,,,,,,,0.0008468750165775418,,,,
uci,0,v2,dsr_c1c2,0.95,38,decoded_banded,decoded_banded,riemannian,False,8040,8040,0.000203792005777359,0.025661374907940626,0.00019291695207357407,False,True,search,,,,,,,,,,,,,,,,0.0008500409312546253,,,,
uci,0,v2,dsr_c1c2,0.95,44,decoded_banded,decoded_banded,riemannian,False,8040,8040,0.000203792005777359,0.025661374907940626,0.00019291695207357407,False,True,search,,,,,,,,,,,,,,,,0.0008215409470722079,,,,
uci,0,v2,dsr_c1c2,0.95,50,decoded_banded,decoded_banded,riemannian,False,8040,8040,0.000203792005777359,0.025661374907940626,0.00019291695207357407,False,True,search,,,,,,,,,,,,,,,,0.0008197500137612224,,,,
uci,0,v2,dsr_c1c2,0.95,52,decoded_banded,decoded_banded,riemannian,False,8040,8040,0.000203792005777359,0.025661374907940626,0.00019291695207357407,False,True,search,,,,,,,,,,,,,,,,0.0008624999318271875,,,,
uci,0,v2,dsr_c1c2,0.95,53,decoded_banded,decoded_banded,riemannian,False,8040,8040,0.000203792005777359,0.025661374907940626,0.00019291695207357407,False,True,search,,,,,,,,,,,,,,,,0.0008318750187754631,,,,
uci,0,v2,dsr_c1c2,0.95,55,decoded_banded,decoded_banded,riemannian,False,8040,8040,0.000203792005777359,0.025661374907940626,0.00019291695207357407,False,True,search,,,,,,,,,,,,,,,,0.0008715410949662328,,,,
uci,0,v2,dsr_c1c2,0.95,57,decoded_banded,decoded_banded,riemannian,False,8040,8040,0.000203792005777359,0.025661374907940626,0.00019291695207357407,False,True,search,,,,,,,,,,,,,,,,0.0008139580022543669,,,,
uci,0,v2,dsr_full,0.95,0,decoded_naive,decoded_banded,riemannian,True,5331,8040,0.00038612494245171547,0.025661374907940626,0.00019291695207357407,False,True,search,,,,,,,,,,,,,,,,0.0008887499570846558,,,,
uci,0,v2,dsr_full,0.95,1,decoded_naive,decoded_banded,riemannian,True,5331,8040,0.00038612494245171547,0.025661374907940626,0.00019291695207357407,False,True,search,,,,,,,,,,,,,,,,0.0008677919395267963,,,,
uci,0,v2,dsr_full,0.95,4,decoded_naive,decoded_banded,riemannian,True,5331,8040,0.00038612494245171547,0.025661374907940626,0.00019291695207357407,False,True,search,,,,,,,,,,,,,,,,0.0008722090860828757,,,,
uci,0,v2,dsr_full,0.95,6,decoded_naive,decoded_banded,riemannian,True,5331,8040,0.00038612494245171547,0.025661374907940626,0.00019291695207357407,False,True,search,,,,,,,,,,,,,,,,0.0008941660635173321,,,,
uci,0,v2,dsr_full,0.95,7,decoded_naive,decoded_banded,riemannian,True,5331,8040,0.00038612494245171547,0.025661374907940626,0.00019291695207357407,False,True,search,,,,,,,,,,,,,,,,0.0009521669708192348,,,,
uci,0,v2,dsr_full,0.95,8,decoded_naive,decoded_banded,riemannian,True,5331,8040,0.00038612494245171547,0.025661374907940626,0.00019291695207357407,False,True,search,,,,,,,,,,,,,,,,0.0008777499897405505,,,,
uci,0,v2,dsr_full,0.95,9,decoded_naive,decoded_banded,riemannian,True,5331,8040,0.00038612494245171547,0.025661374907940626,0.00019291695207357407,False,True,search,,,,,,,,,,,,,,,,0.000857542036101222,,,,
uci,0,v2,dsr_full,0.95,11,decoded_naive,decoded_banded,riemannian,True,5331,8040,0.00038612494245171547,0.025661374907940626,0.00019291695207357407,False,True,repair,failed,0.0,3.0,"step 1 still violates after 3 repair iterations (triggered by {'immutable': False, 'non_decreasing': True, 'age_horizon': True, 'directional': True})",,,,,,,,,,,,0.001208124915137887,False,True,True,True
uci,0,v2,dsr_full,0.95,14,decoded_naive,decoded_banded,riemannian,True,5331,8040,0.00038612494245171547,0.025661374907940626,0.00019291695207357407,False,True,search,,,,,,,,,,,,,,,,0.0009044579928740859,,,,
uci,0,v2,dsr_full,0.95,16,decoded_naive,decoded_banded,riemannian,True,5331,8040,0.00038612494245171547,0.025661374907940626,0.00019291695207357407,False,True,search,,,,,,,,,,,,,,,,0.0008678750600665808,,,,
uci,0,v2,dsr_full,0.95,20,decoded_naive,decoded_banded,riemannian,True,5331,8040,0.00038612494245171547,0.025661374907940626,0.00019291695207357407,False,True,search,,,,,,,,,,,,,,,,0.000910041038878262,,,,
uci,0,v2,dsr_full,0.95,26,decoded_naive,decoded_banded,riemannian,True,5331,8040,0.00038612494245171547,0.025661374907940626,0.00019291695207357407,False,True,repair,failed,0.0,3.0,"step 1 still violates after 3 repair iterations (triggered by {'immutable': False, 'non_decreasing': True, 'age_horizon': True, 'directional': True})",,,,,,,,,,,,0.0012424170272424817,False,True,True,True
uci,0,v2,dsr_full,0.95,30,decoded_naive,decoded_banded,riemannian,True,5331,8040,0.00038612494245171547,0.025661374907940626,0.00019291695207357407,False,True,repair,failed,0.0,3.0,"step 1 still violates after 3 repair iterations (triggered by {'immutable': False, 'non_decreasing': True, 'age_horizon': True, 'directional': True})",,,,,,,,,,,,0.001186374924145639,False,True,True,True
uci,0,v2,dsr_full,0.95,32,decoded_naive,decoded_banded,riemannian,True,5331,8040,0.00038612494245171547,0.025661374907940626,0.00019291695207357407,False,True,search,,,,,,,,,,,,,,,,0.0009019580902531743,,,,
uci,0,v2,dsr_full,0.95,34,decoded_naive,decoded_banded,riemannian,True,5331,8040,0.00038612494245171547,0.025661374907940626,0.00019291695207357407,False,True,search,,,,,,,,,,,,,,,,0.0008651250973343849,,,,
uci,0,v2,dsr_full,0.95,38,decoded_naive,decoded_banded,riemannian,True,5331,8040,0.00038612494245171547,0.025661374907940626,0.00019291695207357407,False,True,search,,,,,,,,,,,,,,,,0.0008777090115472674,,,,
uci,0,v2,dsr_full,0.95,44,decoded_naive,decoded_banded,riemannian,True,5331,8040,0.00038612494245171547,0.025661374907940626,0.00019291695207357407,False,True,repair,failed,0.0,3.0,"step 1 still violates after 3 repair iterations (triggered by {'immutable': False, 'non_decreasing': True, 'age_horizon': True, 'directional': True})",,,,,,,,,,,,0.0012047080090269446,False,True,True,True
uci,0,v2,dsr_full,0.95,50,decoded_naive,decoded_banded,riemannian,True,5331,8040,0.00038612494245171547,0.025661374907940626,0.00019291695207357407,False,True,repair,failed,0.0,3.0,"step 1 still violates after 3 repair iterations (triggered by {'immutable': False, 'non_decreasing': True, 'age_horizon': True, 'directional': True})",,,,,,,,,,,,0.0012677499325945973,False,True,True,True
uci,0,v2,dsr_full,0.95,52,decoded_naive,decoded_banded,riemannian,True,5331,8040,0.00038612494245171547,0.025661374907940626,0.00019291695207357407,False,True,search,,,,,,,,,,,,,,,,0.0008696250151842833,,,,
uci,0,v2,dsr_full,0.95,53,decoded_naive,decoded_banded,riemannian,True,5331,8040,0.00038612494245171547,0.025661374907940626,0.00019291695207357407,False,True,search,,,,,,,,,,,,,,,,0.0008402080275118351,,,,
uci,0,v2,dsr_full,0.95,55,decoded_naive,decoded_banded,riemannian,True,5331,8040,0.00038612494245171547,0.025661374907940626,0.00019291695207357407,False,True,search,,,,,,,,,,,,,,,,0.0008948749164119363,,,,
uci,0,v2,dsr_full,0.95,57,decoded_naive,decoded_banded,riemannian,True,5331,8040,0.00038612494245171547,0.025661374907940626,0.00019291695207357407,False,True,search,,,,,,,,,,,,,,,,0.0008839580696076155,,,,
uci,0,v2,dsr_full_euclidean,0.95,0,decoded_naive,decoded_banded,euclidean,True,5331,8040,0.000366375083103776,0.025661374907940626,0.00019291695207357407,False,True,search,,,,,,,,,,,,,,,,0.0008623750181868672,,,,
uci,0,v2,dsr_full_euclidean,0.95,1,decoded_naive,decoded_banded,euclidean,True,5331,8040,0.000366375083103776,0.025661374907940626,0.00019291695207357407,False,True,search,,,,,,,,,,,,,,,,0.0009087910875678062,,,,
uci,0,v2,dsr_full_euclidean,0.95,4,decoded_naive,decoded_banded,euclidean,True,5331,8040,0.000366375083103776,0.025661374907940626,0.00019291695207357407,False,True,search,,,,,,,,,,,,,,,,0.0008749159751459956,,,,
uci,0,v2,dsr_full_euclidean,0.95,6,decoded_naive,decoded_banded,euclidean,True,5331,8040,0.000366375083103776,0.025661374907940626,0.00019291695207357407,False,True,search,,,,,,,,,,,,,,,,0.0008866669377312064,,,,
uci,0,v2,dsr_full_euclidean,0.95,7,decoded_naive,decoded_banded,euclidean,True,5331,8040,0.000366375083103776,0.025661374907940626,0.00019291695207357407,False,True,search,,,,,,,,,,,,,,,,0.0008852920727804303,,,,
uci,0,v2,dsr_full_euclidean,0.95,8,decoded_naive,decoded_banded,euclidean,True,5331,8040,0.000366375083103776,0.025661374907940626,0.00019291695207357407,False,True,search,,,,,,,,,,,,,,,,0.0008866250282153487,,,,
uci,0,v2,dsr_full_euclidean,0.95,9,decoded_naive,decoded_banded,euclidean,True,5331,8040,0.000366375083103776,0.025661374907940626,0.00019291695207357407,False,True,search,,,,,,,,,,,,,,,,0.0008822920499369502,,,,
uci,0,v2,dsr_full_euclidean,0.95,11,decoded_naive,decoded_banded,euclidean,True,5331,8040,0.000366375083103776,0.025661374907940626,0.00019291695207357407,False,True,repair,failed,0.0,3.0,"step 1 still violates after 3 repair iterations (triggered by {'immutable': False, 'non_decreasing': True, 'age_horizon': True, 'directional': True})",,,,,,,,,,,,0.0011606250191107392,False,True,True,True
uci,0,v2,dsr_full_euclidean,0.95,14,decoded_naive,decoded_banded,euclidean,True,5331,8040,0.000366375083103776,0.025661374907940626,0.00019291695207357407,False,True,search,,,,,,,,,,,,,,,,0.0009321250254288316,,,,
uci,0,v2,dsr_full_euclidean,0.95,16,decoded_naive,decoded_banded,euclidean,True,5331,8040,0.000366375083103776,0.025661374907940626,0.00019291695207357407,False,True,search,,,,,,,,,,,,,,,,0.0008926250739023089,,,,
uci,0,v2,dsr_full_euclidean,0.95,20,decoded_naive,decoded_banded,euclidean,True,5331,8040,0.000366375083103776,0.025661374907940626,0.00019291695207357407,False,True,search,,,,,,,,,,,,,,,,0.0008442919934168458,,,,
uci,0,v2,dsr_full_euclidean,0.95,26,decoded_naive,decoded_banded,euclidean,True,5331,8040,0.000366375083103776,0.025661374907940626,0.00019291695207357407,False,True,repair,failed,0.0,3.0,"step 1 still violates after 3 repair iterations (triggered by {'immutable': False, 'non_decreasing': True, 'age_horizon': True, 'directional': True})",,,,,,,,,,,,0.001165625057183206,False,True,True,True
uci,0,v2,dsr_full_euclidean,0.95,30,decoded_naive,decoded_banded,euclidean,True,5331,8040,0.000366375083103776,0.025661374907940626,0.00019291695207357407,False,True,repair,failed,0.0,3.0,"step 1 still violates after 3 repair iterations (triggered by {'immutable': False, 'non_decreasing': True, 'age_horizon': True, 'directional': True})",,,,,,,,,,,,0.001199041958898306,False,True,True,True
uci,0,v2,dsr_full_euclidean,0.95,32,decoded_naive,decoded_banded,euclidean,True,5331,8040,0.000366375083103776,0.025661374907940626,0.00019291695207357407,False,True,search,,,,,,,,,,,,,,,,0.0008905840804800391,,,,
uci,0,v2,dsr_full_euclidean,0.95,34,decoded_naive,decoded_banded,euclidean,True,5331,8040,0.000366375083103776,0.025661374907940626,0.00019291695207357407,False,True,search,,,,,,,,,,,,,,,,0.0008714159484952688,,,,
uci,0,v2,dsr_full_euclidean,0.95,38,decoded_naive,decoded_banded,euclidean,True,5331,8040,0.000366375083103776,0.025661374907940626,0.00019291695207357407,False,True,search,,,,,,,,,,,,,,,,0.0009152500424534082,,,,
uci,0,v2,dsr_full_euclidean,0.95,44,decoded_naive,decoded_banded,euclidean,True,5331,8040,0.000366375083103776,0.025661374907940626,0.00019291695207357407,False,True,repair,failed,0.0,3.0,"step 1 still violates after 3 repair iterations (triggered by {'immutable': False, 'non_decreasing': True, 'age_horizon': True, 'directional': True})",,,,,,,,,,,,0.0011660000309348106,False,True,True,True
uci,0,v2,dsr_full_euclidean,0.95,50,decoded_naive,decoded_banded,euclidean,True,5331,8040,0.000366375083103776,0.025661374907940626,0.00019291695207357407,False,True,repair,failed,0.0,3.0,"step 1 still violates after 3 repair iterations (triggered by {'immutable': False, 'non_decreasing': True, 'age_horizon': True, 'directional': True})",,,,,,,,,,,,0.0012152090203016996,False,True,True,True
uci,0,v2,dsr_full_euclidean,0.95,52,decoded_naive,decoded_banded,euclidean,True,5331,8040,0.000366375083103776,0.025661374907940626,0.00019291695207357407,False,True,search,,,,,,,,,,,,,,,,0.0008614170365035534,,,,
uci,0,v2,dsr_full_euclidean,0.95,53,decoded_naive,decoded_banded,euclidean,True,5331,8040,0.000366375083103776,0.025661374907940626,0.00019291695207357407,False,True,search,,,,,,,,,,,,,,,,0.0008472920162603259,,,,
uci,0,v2,dsr_full_euclidean,0.95,55,decoded_naive,decoded_banded,euclidean,True,5331,8040,0.000366375083103776,0.025661374907940626,0.00019291695207357407,False,True,search,,,,,,,,,,,,,,,,0.0008747919928282499,,,,
uci,0,v2,dsr_full_euclidean,0.95,57,decoded_naive,decoded_banded,euclidean,True,5331,8040,0.000366375083103776,0.025661374907940626,0.00019291695207357407,False,True,search,,,,,,,,,,,,,,,,0.0008726669475436211,,,,
uci,0,v2,dsr_bands_no_identity,0.95,0,banded_no_identity,banded_no_identity,riemannian,False,8040,8040,0.00022666691802442074,0.025661374907940626,0.00019291695207357407,False,True,search,,,,,,,,,,,,,,,,0.0008577499538660049,,,,
uci,0,v2,dsr_bands_no_identity,0.95,1,banded_no_identity,banded_no_identity,riemannian,False,8040,8040,0.00022666691802442074,0.025661374907940626,0.00019291695207357407,False,True,search,,,,,,,,,,,,,,,,0.0009754589991644025,,,,
uci,0,v2,dsr_bands_no_identity,0.95,4,banded_no_identity,banded_no_identity,riemannian,False,8040,8040,0.00022666691802442074,0.025661374907940626,0.00019291695207357407,False,True,search,,,,,,,,,,,,,,,,0.0009200830245390534,,,,
uci,0,v2,dsr_bands_no_identity,0.95,6,banded_no_identity,banded_no_identity,riemannian,False,8040,8040,0.00022666691802442074,0.025661374907940626,0.00019291695207357407,False,True,search,,,,,,,,,,,,,,,,0.000919290934689343,,,,
uci,0,v2,dsr_bands_no_identity,0.95,7,banded_no_identity,banded_no_identity,riemannian,False,8040,8040,0.00022666691802442074,0.025661374907940626,0.00019291695207357407,False,True,search,,,,,,,,,,,,,,,,0.0008717919699847698,,,,
uci,0,v2,dsr_bands_no_identity,0.95,8,banded_no_identity,banded_no_identity,riemannian,False,8040,8040,0.00022666691802442074,0.025661374907940626,0.00019291695207357407,False,True,search,,,,,,,,,,,,,,,,0.0008727500680834055,,,,
uci,0,v2,dsr_bands_no_identity,0.95,9,banded_no_identity,banded_no_identity,riemannian,False,8040,8040,0.00022666691802442074,0.025661374907940626,0.00019291695207357407,False,True,search,,,,,,,,,,,,,,,,0.0008912079501897097,,,,
uci,0,v2,dsr_bands_no_identity,0.95,11,banded_no_identity,banded_no_identity,riemannian,False,8040,8040,0.00022666691802442074,0.025661374907940626,0.00019291695207357407,False,True,search,,,,,,,,,,,,,,,,0.0008400420192629099,,,,
uci,0,v2,dsr_bands_no_identity,0.95,14,banded_no_identity,banded_no_identity,riemannian,False,8040,8040,0.00022666691802442074,0.025661374907940626,0.00019291695207357407,False,True,search,,,,,,,,,,,,,,,,0.000836583087220788,,,,
uci,0,v2,dsr_bands_no_identity,0.95,16,banded_no_identity,banded_no_identity,riemannian,False,8040,8040,0.00022666691802442074,0.025661374907940626,0.00019291695207357407,False,True,search,,,,,,,,,,,,,,,,0.0008546670433133841,,,,
uci,0,v2,dsr_bands_no_identity,0.95,20,banded_no_identity,banded_no_identity,riemannian,False,8040,8040,0.00022666691802442074,0.025661374907940626,0.00019291695207357407,False,True,search,,,,,,,,,,,,,,,,0.0009435840183869004,,,,
uci,0,v2,dsr_bands_no_identity,0.95,26,banded_no_identity,banded_no_identity,riemannian,False,8040,8040,0.00022666691802442074,0.025661374907940626,0.00019291695207357407,False,True,search,,,,,,,,,,,,,,,,0.000850624986924231,,,,
uci,0,v2,dsr_bands_no_identity,0.95,30,banded_no_identity,banded_no_identity,riemannian,False,8040,8040,0.00022666691802442074,0.025661374907940626,0.00019291695207357407,False,True,search,,,,,,,,,,,,,,,,0.000886125024408102,,,,
uci,0,v2,dsr_bands_no_identity,0.95,32,banded_no_identity,banded_no_identity,riemannian,False,8040,8040,0.00022666691802442074,0.025661374907940626,0.00019291695207357407,False,True,search,,,,,,,,,,,,,,,,0.0009707920253276825,,,,
uci,0,v2,dsr_bands_no_identity,0.95,34,banded_no_identity,banded_no_identity,riemannian,False,8040,8040,0.00022666691802442074,0.025661374907940626,0.00019291695207357407,False,True,search,,,,,,,,,,,,,,,,0.0008630419615656137,,,,
uci,0,v2,dsr_bands_no_identity,0.95,38,banded_no_identity,banded_no_identity,riemannian,False,8040,8040,0.00022666691802442074,0.025661374907940626,0.00019291695207357407,False,True,search,,,,,,,,,,,,,,,,0.0008280419278889894,,,,
uci,0,v2,dsr_bands_no_identity,0.95,44,banded_no_identity,banded_no_identity,riemannian,False,8040,8040,0.00022666691802442074,0.025661374907940626,0.00019291695207357407,False,True,search,,,,,,,,,,,,,,,,0.0008239590097218752,,,,
uci,0,v2,dsr_bands_no_identity,0.95,50,banded_no_identity,banded_no_identity,riemannian,False,8040,8040,0.00022666691802442074,0.025661374907940626,0.00019291695207357407,False,True,search,,,,,,,,,,,,,,,,0.0008339169435203075,,,,
uci,0,v2,dsr_bands_no_identity,0.95,52,banded_no_identity,banded_no_identity,riemannian,False,8040,8040,0.00022666691802442074,0.025661374907940626,0.00019291695207357407,False,True,search,,,,,,,,,,,,,,,,0.0008707920787855983,,,,
uci,0,v2,dsr_bands_no_identity,0.95,53,banded_no_identity,banded_no_identity,riemannian,False,8040,8040,0.00022666691802442074,0.025661374907940626,0.00019291695207357407,False,True,search,,,,,,,,,,,,,,,,0.0008289580000564456,,,,
uci,0,v2,dsr_bands_no_identity,0.95,55,banded_no_identity,banded_no_identity,riemannian,False,8040,8040,0.00022666691802442074,0.025661374907940626,0.00019291695207357407,False,True,search,,,,,,,,,,,,,,,,0.0008694160496816039,,,,
uci,0,v2,dsr_bands_no_identity,0.95,57,banded_no_identity,banded_no_identity,riemannian,False,8040,8040,0.00022666691802442074,0.025661374907940626,0.00019291695207357407,False,True,search,,,,,,,,,,,,,,,,0.0008267079247161746,,,,
uci,1,v2,old_latent_pruning,0.95,10,raw,raw,riemannian,False,8010,8040,0.0002730409614741802,0.009330707951448858,6.487499922513962e-05,False,True,search,,,,,,,,,,,,,,,,0.0010531670413911343,,,,
uci,1,v2,old_latent_pruning,0.95,19,raw,raw,riemannian,False,8010,8040,0.0002730409614741802,0.009330707951448858,6.487499922513962e-05,True,False,,not_attempted,0.0,0.0,,"[201, 131]",2.0,0.7087286114692688,True,True,True,True,False,False,-7.6097737897294415,3.025885581970215,0.0010441660415381193,,,,
uci,1,v2,old_latent_pruning,0.95,22,raw,raw,riemannian,False,8010,8040,0.0002730409614741802,0.009330707951448858,6.487499922513962e-05,True,False,,not_attempted,0.0,0.0,,"[201, 17]",2.0,0.5343225598335266,True,True,True,True,False,False,-7.371273421883327,2.1786489486694336,0.0010658330284059048,,,,
uci,1,v2,old_latent_pruning,0.95,29,raw,raw,riemannian,False,8010,8040,0.0002730409614741802,0.009330707951448858,6.487499922513962e-05,False,True,search,,,,,,,,,,,,,,,,0.0010702089639380574,,,,
uci,1,v2,old_latent_pruning,0.95,39,raw,raw,riemannian,False,8010,8040,0.0002730409614741802,0.009330707951448858,6.487499922513962e-05,True,False,,not_attempted,0.0,0.0,,"[201, 79]",2.0,0.5093228816986084,True,True,True,True,False,False,-7.36443028632263,1.910182237625122,0.0009927499340847135,,,,
uci,1,v2,old_latent_pruning,0.95,40,raw,raw,riemannian,False,8010,8040,0.0002730409614741802,0.009330707951448858,6.487499922513962e-05,False,True,search,,,,,,,,,,,,,,,,0.0009010420180857182,,,,
uci,1,v2,old_latent_pruning,0.95,42,raw,raw,riemannian,False,8010,8040,0.0002730409614741802,0.009330707951448858,6.487499922513962e-05,False,True,search,,,,,,,,,,,,,,,,0.0008768750121816993,,,,
uci,1,v2,old_latent_pruning,0.95,45,raw,raw,riemannian,False,8010,8040,0.0002730409614741802,0.009330707951448858,6.487499922513962e-05,False,True,search,,,,,,,,,,,,,,,,0.0008780000498518348,,,,
uci,1,v2,old_latent_pruning,0.95,54,raw,raw,riemannian,False,8010,8040,0.0002730409614741802,0.009330707951448858,6.487499922513962e-05,False,True,search,,,,,,,,,,,,,,,,0.0008915000362321734,,,,
uci,1,v2,old_latent_pruning,0.95,55,raw,raw,riemannian,False,8010,8040,0.0002730409614741802,0.009330707951448858,6.487499922513962e-05,False,True,search,,,,,,,,,,,,,,,,0.0008447500877082348,,,,
uci,1,v2,old_latent_pruning,0.95,56,raw,raw,riemannian,False,8010,8040,0.0002730409614741802,0.009330707951448858,6.487499922513962e-05,True,False,,not_attempted,0.0,0.0,,"[201, 80]",2.0,0.6213183999061584,True,True,True,True,False,False,-7.389100123152552,2.454789876937866,0.00091758300550282,,,,
uci,1,v2,dsr_c1,0.95,10,decoded_naive,decoded_naive,riemannian,False,5939,8040,0.00036308402195572853,0.009330707951448858,6.487499922513962e-05,True,False,,not_attempted,0.0,0.0,,"[201, 62, 58, 65, 135, 28, 61, 191]",8.0,0.3438200205564499,False,True,False,False,False,False,-7.623710010348653,0.9174149036407471,0.0012938750442117453,,,,
uci,1,v2,dsr_c1,0.95,19,decoded_naive,decoded_naive,riemannian,False,5939,8040,0.00036308402195572853,0.009330707951448858,6.487499922513962e-05,False,True,search,,,,,,,,,,,,,,,,0.0012069999938830733,,,,
uci,1,v2,dsr_c1,0.95,22,decoded_naive,decoded_naive,riemannian,False,5939,8040,0.00036308402195572853,0.009330707951448858,6.487499922513962e-05,True,False,,not_attempted,0.0,0.0,,"[201, 145, 102, 135, 28, 61, 191]",7.0,0.23312104539945722,False,True,False,False,False,False,-7.621983182283633,0.8898204565048218,0.0010075420141220093,,,,
uci,1,v2,dsr_c1,0.95,29,decoded_naive,decoded_naive,riemannian,False,5939,8040,0.00036308402195572853,0.009330707951448858,6.487499922513962e-05,True,False,,not_attempted,0.0,0.0,,"[201, 135, 28, 61, 191]",5.0,0.184608431532979,False,True,False,False,False,False,-7.5951541275200345,0.7415914535522461,0.0009843329899013042,,,,
uci,1,v2,dsr_c1,0.95,39,decoded_naive,decoded_naive,riemannian,False,5939,8040,0.00036308402195572853,0.009330707951448858,6.487499922513962e-05,True,False,,not_attempted,0.0,0.0,,"[201, 135, 28, 61, 191]",5.0,0.17054924927651882,False,True,False,False,False,False,-7.591719658679311,0.6741630434989929,0.0009770409669727087,,,,
uci,1,v2,dsr_c1,0.95,40,decoded_naive,decoded_naive,riemannian,False,5939,8040,0.00036308402195572853,0.009330707951448858,6.487499922513962e-05,True,False,,not_attempted,0.0,0.0,,"[201, 45, 191]",3.0,0.0923282690346241,False,True,False,False,False,False,-7.54723558560747,0.3989446759223938,0.001040667062625289,,,,
uci,1,v2,dsr_c1,0.95,42,decoded_naive,decoded_naive,riemannian,False,5939,8040,0.00036308402195572853,0.009330707951448858,6.487499922513962e-05,False,True,search,,,,,,,,,,,,,,,,0.000989499967545271,,,,
uci,1,v2,dsr_c1,0.95,45,decoded_naive,decoded_naive,riemannian,False,5939,8040,0.00036308402195572853,0.009330707951448858,6.487499922513962e-05,True,False,,not_attempted,0.0,0.0,,"[201, 63, 2, 45, 191]",5.0,0.14055711776018143,False,True,False,False,False,False,-7.573697470850144,0.5781476497650146,0.0009205839596688747,,,,
uci,1,v2,dsr_c1,0.95,54,decoded_naive,decoded_naive,riemannian,False,5939,8040,0.00036308402195572853,0.009330707951448858,6.487499922513962e-05,False,True,search,,,,,,,,,,,,,,,,0.0009184170048683882,,,,
uci,1,v2,dsr_c1,0.95,55,decoded_naive,decoded_naive,riemannian,False,5939,8040,0.00036308402195572853,0.009330707951448858,6.487499922513962e-05,True,False,,not_attempted,0.0,0.0,,"[201, 155, 73, 183, 61, 191]",6.0,0.1703275665640831,False,True,False,False,False,False,-7.501285676584384,0.27952611446380615,0.0009030000073835254,,,,
uci,1,v2,dsr_c1,0.95,56,decoded_naive,decoded_naive,riemannian,False,5939,8040,0.00036308402195572853,0.009330707951448858,6.487499922513962e-05,False,True,search,,,,,,,,,,,,,,,,0.0009087499929592013,,,,
uci,1,v2,dsr_c1c2,0.95,10,decoded_banded,decoded_banded,riemannian,False,8040,8040,0.00020925002172589302,0.009330707951448858,6.487499922513962e-05,False,True,search,,,,,,,,,,,,,,,,0.000908208079636097,,,,
uci,1,v2,dsr_c1c2,0.95,19,decoded_banded,decoded_banded,riemannian,False,8040,8040,0.00020925002172589302,0.009330707951448858,6.487499922513962e-05,False,True,search,,,,,,,,,,,,,,,,0.0008539999835193157,,,,
uci,1,v2,dsr_c1c2,0.95,22,decoded_banded,decoded_banded,riemannian,False,8040,8040,0.00020925002172589302,0.009330707951448858,6.487499922513962e-05,False,True,search,,,,,,,,,,,,,,,,0.0008212910033762455,,,,
uci,1,v2,dsr_c1c2,0.95,29,decoded_banded,decoded_banded,riemannian,False,8040,8040,0.00020925002172589302,0.009330707951448858,6.487499922513962e-05,False,True,search,,,,,,,,,,,,,,,,0.000842957990244031,,,,
uci,1,v2,dsr_c1c2,0.95,39,decoded_banded,decoded_banded,riemannian,False,8040,8040,0.00020925002172589302,0.009330707951448858,6.487499922513962e-05,False,True,search,,,,,,,,,,,,,,,,0.0008117500692605972,,,,
uci,1,v2,dsr_c1c2,0.95,40,decoded_banded,decoded_banded,riemannian,False,8040,8040,0.00020925002172589302,0.009330707951448858,6.487499922513962e-05,False,True,search,,,,,,,,,,,,,,,,0.0008794580353423953,,,,
uci,1,v2,dsr_c1c2,0.95,42,decoded_banded,decoded_banded,riemannian,False,8040,8040,0.00020925002172589302,0.009330707951448858,6.487499922513962e-05,False,True,search,,,,,,,,,,,,,,,,0.0008454580092802644,,,,
uci,1,v2,dsr_c1c2,0.95,45,decoded_banded,decoded_banded,riemannian,False,8040,8040,0.00020925002172589302,0.009330707951448858,6.487499922513962e-05,False,True,search,,,,,,,,,,,,,,,,0.0010094169992953539,,,,
uci,1,v2,dsr_c1c2,0.95,54,decoded_banded,decoded_banded,riemannian,False,8040,8040,0.00020925002172589302,0.009330707951448858,6.487499922513962e-05,False,True,search,,,,,,,,,,,,,,,,0.0008190840017050505,,,,
uci,1,v2,dsr_c1c2,0.95,55,decoded_banded,decoded_banded,riemannian,False,8040,8040,0.00020925002172589302,0.009330707951448858,6.487499922513962e-05,False,True,search,,,,,,,,,,,,,,,,0.0008534169755876064,,,,
uci,1,v2,dsr_c1c2,0.95,56,decoded_banded,decoded_banded,riemannian,False,8040,8040,0.00020925002172589302,0.009330707951448858,6.487499922513962e-05,False,True,search,,,,,,,,,,,,,,,,0.0008322090143337846,,,,
uci,1,v2,dsr_full,0.95,10,decoded_naive,decoded_banded,riemannian,True,5939,8040,0.00035916699562221766,0.009330707951448858,6.487499922513962e-05,False,True,repair,failed,0.0,3.0,"step 1 still violates after 3 repair iterations (triggered by {'immutable': False, 'non_decreasing': True, 'age_horizon': True, 'directional': True})",,,,,,,,,,,,0.0011844580294564366,False,True,True,True
uci,1,v2,dsr_full,0.95,19,decoded_naive,decoded_banded,riemannian,True,5939,8040,0.00035916699562221766,0.009330707951448858,6.487499922513962e-05,False,True,search,,,,,,,,,,,,,,,,0.0009607080137357116,,,,
uci,1,v2,dsr_full,0.95,22,decoded_naive,decoded_banded,riemannian,True,5939,8040,0.00035916699562221766,0.009330707951448858,6.487499922513962e-05,False,True,repair,failed,0.0,3.0,"step 1 still violates after 3 repair iterations (triggered by {'immutable': False, 'non_decreasing': True, 'age_horizon': True, 'directional': True})",,,,,,,,,,,,0.0011975419474765658,False,True,True,True
uci,1,v2,dsr_full,0.95,29,decoded_naive,decoded_banded,riemannian,True,5939,8040,0.00035916699562221766,0.009330707951448858,6.487499922513962e-05,False,True,repair,failed,0.0,3.0,"step 1 still violates after 3 repair iterations (triggered by {'immutable': False, 'non_decreasing': True, 'age_horizon': True, 'directional': True})",,,,,,,,,,,,0.0012132920091971755,False,True,True,True
uci,1,v2,dsr_full,0.95,39,decoded_naive,decoded_banded,riemannian,True,5939,8040,0.00035916699562221766,0.009330707951448858,6.487499922513962e-05,False,True,repair,failed,0.0,3.0,"step 1 still violates after 3 repair iterations (triggered by {'immutable': False, 'non_decreasing': True, 'age_horizon': True, 'directional': True})",,,,,,,,,,,,0.0011601250153034925,False,True,True,True
uci,1,v2,dsr_full,0.95,40,decoded_naive,decoded_banded,riemannian,True,5939,8040,0.00035916699562221766,0.009330707951448858,6.487499922513962e-05,False,True,repair,failed,0.0,3.0,"step 1 still violates after 3 repair iterations (triggered by {'immutable': False, 'non_decreasing': True, 'age_horizon': True, 'directional': True})",,,,,,,,,,,,0.001234999974258244,False,True,True,True
uci,1,v2,dsr_full,0.95,42,decoded_naive,decoded_banded,riemannian,True,5939,8040,0.00035916699562221766,0.009330707951448858,6.487499922513962e-05,False,True,search,,,,,,,,,,,,,,,,0.0009638749761506915,,,,
uci,1,v2,dsr_full,0.95,45,decoded_naive,decoded_banded,riemannian,True,5939,8040,0.00035916699562221766,0.009330707951448858,6.487499922513962e-05,False,True,repair,failed,0.0,3.0,"step 1 still violates after 3 repair iterations (triggered by {'immutable': False, 'non_decreasing': True, 'age_horizon': True, 'directional': True})",,,,,,,,,,,,0.0012036670232191682,False,True,True,True
uci,1,v2,dsr_full,0.95,54,decoded_naive,decoded_banded,riemannian,True,5939,8040,0.00035916699562221766,0.009330707951448858,6.487499922513962e-05,False,True,search,,,,,,,,,,,,,,,,0.0009438330307602882,,,,
uci,1,v2,dsr_full,0.95,55,decoded_naive,decoded_banded,riemannian,True,5939,8040,0.00035916699562221766,0.009330707951448858,6.487499922513962e-05,False,True,repair,failed,0.0,3.0,"step 1 still violates after 3 repair iterations (triggered by {'immutable': False, 'non_decreasing': True, 'age_horizon': True, 'directional': True})",,,,,,,,,,,,0.0011844579130411148,False,True,True,True
uci,1,v2,dsr_full,0.95,56,decoded_naive,decoded_banded,riemannian,True,5939,8040,0.00035916699562221766,0.009330707951448858,6.487499922513962e-05,False,True,search,,,,,,,,,,,,,,,,0.0008762079523876309,,,,
uci,1,v2,dsr_full_euclidean,0.95,10,decoded_naive,decoded_banded,euclidean,True,5939,8040,0.00036779092624783516,0.009330707951448858,6.487499922513962e-05,False,True,repair,failed,0.0,3.0,"step 1 still violates after 3 repair iterations (triggered by {'immutable': False, 'non_decreasing': True, 'age_horizon': True, 'directional': True})",,,,,,,,,,,,0.0011805830290541053,False,True,True,True
uci,1,v2,dsr_full_euclidean,0.95,19,decoded_naive,decoded_banded,euclidean,True,5939,8040,0.00036779092624783516,0.009330707951448858,6.487499922513962e-05,False,True,search,,,,,,,,,,,,,,,,0.0009284999687224627,,,,
uci,1,v2,dsr_full_euclidean,0.95,22,decoded_naive,decoded_banded,euclidean,True,5939,8040,0.00036779092624783516,0.009330707951448858,6.487499922513962e-05,False,True,repair,failed,0.0,3.0,"step 1 still violates after 3 repair iterations (triggered by {'immutable': False, 'non_decreasing': True, 'age_horizon': True, 'directional': True})",,,,,,,,,,,,0.0011772919679060578,False,True,True,True
uci,1,v2,dsr_full_euclidean,0.95,29,decoded_naive,decoded_banded,euclidean,True,5939,8040,0.00036779092624783516,0.009330707951448858,6.487499922513962e-05,False,True,repair,failed,0.0,3.0,"step 1 still violates after 3 repair iterations (triggered by {'immutable': False, 'non_decreasing': True, 'age_horizon': True, 'directional': True})",,,,,,,,,,,,0.0012461249716579914,False,True,True,True
uci,1,v2,dsr_full_euclidean,0.95,39,decoded_naive,decoded_banded,euclidean,True,5939,8040,0.00036779092624783516,0.009330707951448858,6.487499922513962e-05,False,True,repair,failed,0.0,3.0,"step 1 still violates after 3 repair iterations (triggered by {'immutable': False, 'non_decreasing': True, 'age_horizon': True, 'directional': True})",,,,,,,,,,,,0.0011552079813554883,False,True,True,True
uci,1,v2,dsr_full_euclidean,0.95,40,decoded_naive,decoded_banded,euclidean,True,5939,8040,0.00036779092624783516,0.009330707951448858,6.487499922513962e-05,False,True,repair,failed,0.0,3.0,"step 1 still violates after 3 repair iterations (triggered by {'immutable': False, 'non_decreasing': True, 'age_horizon': True, 'directional': True})",,,,,,,,,,,,0.0011624579783529043,False,True,True,True
uci,1,v2,dsr_full_euclidean,0.95,42,decoded_naive,decoded_banded,euclidean,True,5939,8040,0.00036779092624783516,0.009330707951448858,6.487499922513962e-05,False,True,search,,,,,,,,,,,,,,,,0.000902332947589457,,,,
uci,1,v2,dsr_full_euclidean,0.95,45,decoded_naive,decoded_banded,euclidean,True,5939,8040,0.00036779092624783516,0.009330707951448858,6.487499922513962e-05,False,True,repair,failed,0.0,3.0,"step 1 still violates after 3 repair iterations (triggered by {'immutable': False, 'non_decreasing': True, 'age_horizon': True, 'directional': True})",,,,,,,,,,,,0.0011755840387195349,False,True,True,True
uci,1,v2,dsr_full_euclidean,0.95,54,decoded_naive,decoded_banded,euclidean,True,5939,8040,0.00036779092624783516,0.009330707951448858,6.487499922513962e-05,False,True,search,,,,,,,,,,,,,,,,0.0008557919645681977,,,,
uci,1,v2,dsr_full_euclidean,0.95,55,decoded_naive,decoded_banded,euclidean,True,5939,8040,0.00036779092624783516,0.009330707951448858,6.487499922513962e-05,False,True,repair,failed,0.0,3.0,"step 1 still violates after 3 repair iterations (triggered by {'immutable': False, 'non_decreasing': True, 'age_horizon': True, 'directional': True})",,,,,,,,,,,,0.001228374894708395,False,True,True,True
uci,1,v2,dsr_full_euclidean,0.95,56,decoded_naive,decoded_banded,euclidean,True,5939,8040,0.00036779092624783516,0.009330707951448858,6.487499922513962e-05,False,True,search,,,,,,,,,,,,,,,,0.000921958009712398,,,,
uci,1,v2,dsr_bands_no_identity,0.95,10,banded_no_identity,banded_no_identity,riemannian,False,8040,8040,0.00022845796775072813,0.009330707951448858,6.487499922513962e-05,False,True,search,,,,,,,,,,,,,,,,0.000836124992929399,,,,
uci,1,v2,dsr_bands_no_identity,0.95,19,banded_no_identity,banded_no_identity,riemannian,False,8040,8040,0.00022845796775072813,0.009330707951448858,6.487499922513962e-05,False,True,search,,,,,,,,,,,,,,,,0.0008271659025922418,,,,
uci,1,v2,dsr_bands_no_identity,0.95,22,banded_no_identity,banded_no_identity,riemannian,False,8040,8040,0.00022845796775072813,0.009330707951448858,6.487499922513962e-05,False,True,search,,,,,,,,,,,,,,,,0.0008310419507324696,,,,
uci,1,v2,dsr_bands_no_identity,0.95,29,banded_no_identity,banded_no_identity,riemannian,False,8040,8040,0.00022845796775072813,0.009330707951448858,6.487499922513962e-05,False,True,search,,,,,,,,,,,,,,,,0.0008357909973710775,,,,
uci,1,v2,dsr_bands_no_identity,0.95,39,banded_no_identity,banded_no_identity,riemannian,False,8040,8040,0.00022845796775072813,0.009330707951448858,6.487499922513962e-05,False,True,search,,,,,,,,,,,,,,,,0.0008287080563604832,,,,
uci,1,v2,dsr_bands_no_identity,0.95,40,banded_no_identity,banded_no_identity,riemannian,False,8040,8040,0.00022845796775072813,0.009330707951448858,6.487499922513962e-05,False,True,search,,,,,,,,,,,,,,,,0.0008840830996632576,,,,
uci,1,v2,dsr_bands_no_identity,0.95,42,banded_no_identity,banded_no_identity,riemannian,False,8040,8040,0.00022845796775072813,0.009330707951448858,6.487499922513962e-05,False,True,search,,,,,,,,,,,,,,,,0.0009117079898715019,,,,
uci,1,v2,dsr_bands_no_identity,0.95,45,banded_no_identity,banded_no_identity,riemannian,False,8040,8040,0.00022845796775072813,0.009330707951448858,6.487499922513962e-05,False,True,search,,,,,,,,,,,,,,,,0.0008489160099998116,,,,
uci,1,v2,dsr_bands_no_identity,0.95,54,banded_no_identity,banded_no_identity,riemannian,False,8040,8040,0.00022845796775072813,0.009330707951448858,6.487499922513962e-05,False,True,search,,,,,,,,,,,,,,,,0.0008277089800685644,,,,
uci,1,v2,dsr_bands_no_identity,0.95,55,banded_no_identity,banded_no_identity,riemannian,False,8040,8040,0.00022845796775072813,0.009330707951448858,6.487499922513962e-05,False,True,search,,,,,,,,,,,,,,,,0.0008172499947249889,,,,
uci,1,v2,dsr_bands_no_identity,0.95,56,banded_no_identity,banded_no_identity,riemannian,False,8040,8040,0.00022845796775072813,0.009330707951448858,6.487499922513962e-05,False,True,search,,,,,,,,,,,,,,,,0.0008327920222654939,,,,
uci,2,v2,old_latent_pruning,0.95,4,raw,raw,riemannian,False,8021,8040,0.0002761250361800194,0.01031595899257809,6.329198367893696e-05,True,False,,not_attempted,0.0,0.0,,"[201, 70]",2.0,0.19016656279563904,True,True,False,True,False,False,-7.084868584874137,1.0868972539901733,0.0010188750457018614,,,,
uci,2,v2,old_latent_pruning,0.95,8,raw,raw,riemannian,False,8021,8040,0.0002761250361800194,0.01031595899257809,6.329198367893696e-05,False,True,search,,,,,,,,,,,,,,,,0.0009373750071972609,,,,
uci,2,v2,old_latent_pruning,0.95,13,raw,raw,riemannian,False,8021,8040,0.0002761250361800194,0.01031595899257809,6.329198367893696e-05,False,True,search,,,,,,,,,,,,,,,,0.0008967919275164604,,,,
uci,2,v2,old_latent_pruning,0.95,14,raw,raw,riemannian,False,8021,8040,0.0002761250361800194,0.01031595899257809,6.329198367893696e-05,False,True,search,,,,,,,,,,,,,,,,0.000988124986179173,,,,
uci,2,v2,old_latent_pruning,0.95,17,raw,raw,riemannian,False,8021,8040,0.0002761250361800194,0.01031595899257809,6.329198367893696e-05,False,True,search,,,,,,,,,,,,,,,,0.0008763329824432731,,,,
uci,2,v2,old_latent_pruning,0.95,25,raw,raw,riemannian,False,8021,8040,0.0002761250361800194,0.01031595899257809,6.329198367893696e-05,False,True,search,,,,,,,,,,,,,,,,0.0008822079980745912,,,,
uci,2,v2,old_latent_pruning,0.95,26,raw,raw,riemannian,False,8021,8040,0.0002761250361800194,0.01031595899257809,6.329198367893696e-05,True,False,,not_attempted,0.0,0.0,,"[201, 77]",2.0,1.5873602628707886,True,True,False,True,False,True,-7.501230705902778,4.939846038818359,0.000933125033043325,,,,
uci,2,v2,old_latent_pruning,0.95,30,raw,raw,riemannian,False,8021,8040,0.0002761250361800194,0.01031595899257809,6.329198367893696e-05,True,False,,not_attempted,0.0,0.0,,"[201, 6]",2.0,0.5311030745506287,True,True,False,True,False,True,-7.333526563194511,2.039398193359375,0.0009645830141380429,,,,
uci,2,v2,old_latent_pruning,0.95,32,raw,raw,riemannian,False,8021,8040,0.0002761250361800194,0.01031595899257809,6.329198367893696e-05,False,True,search,,,,,,,,,,,,,,,,0.0009185830131173134,,,,
uci,2,v2,old_latent_pruning,0.95,35,raw,raw,riemannian,False,8021,8040,0.0002761250361800194,0.01031595899257809,6.329198367893696e-05,False,True,search,,,,,,,,,,,,,,,,0.0008656249847263098,,,,
uci,2,v2,old_latent_pruning,0.95,40,raw,raw,riemannian,False,8021,8040,0.0002761250361800194,0.01031595899257809,6.329198367893696e-05,True,False,,not_attempted,0.0,0.0,,"[201, 77]",2.0,0.3100808262825012,True,True,False,True,False,False,-7.126597491513994,1.7293171882629395,0.0009472080273553729,,,,
uci,2,v2,old_latent_pruning,0.95,42,raw,raw,riemannian,False,8021,8040,0.0002761250361800194,0.01031595899257809,6.329198367893696e-05,False,True,search,,,,,,,,,,,,,,,,0.0008938750252127647,,,,
uci,2,v2,old_latent_pruning,0.95,43,raw,raw,riemannian,False,8021,8040,0.0002761250361800194,0.01031595899257809,6.329198367893696e-05,False,True,search,,,,,,,,,,,,,,,,0.000892207957804203,,,,
uci,2,v2,old_latent_pruning,0.95,45,raw,raw,riemannian,False,8021,8040,0.0002761250361800194,0.01031595899257809,6.329198367893696e-05,True,False,,not_attempted,0.0,0.0,,"[201, 82]",2.0,0.1769254058599472,True,True,False,True,False,False,-7.056594116176797,0.9418182373046875,0.0009027080377563834,,,,
uci,2,v2,old_latent_pruning,0.95,49,raw,raw,riemannian,False,8021,8040,0.0002761250361800194,0.01031595899257809,6.329198367893696e-05,False,True,search,,,,,,,,,,,,,,,,0.000888541922904551,,,,
uci,2,v2,old_latent_pruning,0.95,50,raw,raw,riemannian,False,8021,8040,0.0002761250361800194,0.01031595899257809,6.329198367893696e-05,True,False,,not_attempted,0.0,0.0,,"[201, 36]",2.0,0.1250283122062683,True,True,False,True,False,False,-7.088635273889888,0.5655666589736938,0.0009144999785348773,,,,
uci,2,v2,old_latent_pruning,0.95,51,raw,raw,riemannian,False,8021,8040,0.0002761250361800194,0.01031595899257809,6.329198367893696e-05,True,False,,not_attempted,0.0,0.0,,"[201, 64]",2.0,0.5226190090179443,True,True,False,True,False,False,-7.221036117433406,1.834585189819336,0.0009007080225273967,,,,
uci,2,v2,old_latent_pruning,0.95,53,raw,raw,riemannian,False,8021,8040,0.0002761250361800194,0.01031595899257809,6.329198367893696e-05,True,False,,not_attempted,0.0,0.0,,"[201, 64]",2.0,0.1439184844493866,True,True,False,True,False,False,-7.091025039596856,0.6304645538330078,0.0009712079772725701,,,,
uci,2,v2,old_latent_pruning,0.95,55,raw,raw,riemannian,False,8021,8040,0.0002761250361800194,0.01031595899257809,6.329198367893696e-05,False,True,search,,,,,,,,,,,,,,,,0.0008925830479711294,,,,
uci,2,v2,old_latent_pruning,0.95,56,raw,raw,riemannian,False,8021,8040,0.0002761250361800194,0.01031595899257809,6.329198367893696e-05,False,True,search,,,,,,,,,,,,,,,,0.000877083046361804,,,,
uci,2,v2,dsr_c1,0.95,4,decoded_naive,decoded_naive,riemannian,False,2301,8040,0.0004313329700380564,0.01031595899257809,6.329198367893696e-05,True,False,,not_attempted,0.0,0.0,,"[201, 166]",2.0,0.06174523010849953,False,False,False,False,False,False,-7.143291157006113,0.2290450930595398,0.0009923330508172512,,,,
uci,2,v2,dsr_c1,0.95,8,decoded_naive,decoded_naive,riemannian,False,2301,8040,0.0004313329700380564,0.01031595899257809,6.329198367893696e-05,True,False,,not_attempted,0.0,0.0,,"[201, 62]",2.0,0.04902171343564987,False,False,False,False,False,False,-7.308257347667752,0.18996785581111908,0.0010123340180143714,,,,
uci,2,v2,dsr_c1,0.95,13,decoded_naive,decoded_naive,riemannian,False,2301,8040,0.0004313329700380564,0.01031595899257809,6.329198367893696e-05,True,False,,not_attempted,0.0,0.0,,"[201, 62]",2.0,0.055268410593271255,False,False,False,False,False,False,-7.306741629986346,0.20925894379615784,0.0009760839166119695,,,,
uci,2,v2,dsr_c1,0.95,14,decoded_naive,decoded_naive,riemannian,False,2301,8040,0.0004313329700380564,0.01031595899257809,6.329198367893696e-05,True,False,,not_attempted,0.0,0.0,,"[201, 134, 17, 74, 69]",5.0,0.25614219903945923,False,True,False,False,False,False,-7.455374725296653,1.0617761611938477,0.0010586670832708478,,,,
uci,2,v2,dsr_c1,0.95,17,decoded_naive,decoded_naive,riemannian,False,2301,8040,0.0004313329700380564,0.01031595899257809,6.329198367893696e-05,True,False,,not_attempted,0.0,0.0,,"[201, 6]",2.0,0.03330480307340622,False,False,False,False,False,False,-7.122396160235259,0.089209645986557,0.0009786250302568078,,,,
uci,2,v2,dsr_c1,0.95,25,decoded_naive,decoded_naive,riemannian,False,2301,8040,0.0004313329700380564,0.01031595899257809,6.329198367893696e-05,True,False,,not_attempted,0.0,0.0,,"[201, 43, 182]",3.0,0.051827481016516685,False,True,False,False,False,False,-7.098251260944424,0.19434310495853424,0.0009957080474123359,,,,
uci,2,v2,dsr_c1,0.95,26,decoded_naive,decoded_naive,riemannian,False,2301,8040,0.0004313329700380564,0.01031595899257809,6.329198367893696e-05,False,True,search,,,,,,,,,,,,,,,,0.0012892079539597034,,,,
uci,2,v2,dsr_c1,0.95,30,decoded_naive,decoded_naive,riemannian,False,2301,8040,0.0004313329700380564,0.01031595899257809,6.329198367893696e-05,True,False,,not_attempted,0.0,0.0,,"[201, 45, 17, 74, 69]",5.0,0.2047822456806898,False,True,False,False,False,False,-7.4593619524841,0.8863540291786194,0.001117417006753385,,,,
uci,2,v2,dsr_c1,0.95,32,decoded_naive,decoded_naive,riemannian,False,2301,8040,0.0004313329700380564,0.01031595899257809,6.329198367893696e-05,True,False,,not_attempted,0.0,0.0,,"[201, 199, 62]",3.0,0.08889224007725716,False,False,False,False,False,False,-7.267246164081101,0.22819718718528748,0.001170540926977992,,,,
uci,2,v2,dsr_c1,0.95,35,decoded_naive,decoded_naive,riemannian,False,2301,8040,0.0004313329700380564,0.01031595899257809,6.329198367893696e-05,True,False,,not_attempted,0.0,0.0,,"[201, 22, 166]",3.0,0.06437122449278831,False,True,False,False,False,False,-7.131098966355815,0.24598994851112366,0.0011445420095697045,,,,
uci,2,v2,dsr_c1,0.95,40,decoded_naive,decoded_naive,riemannian,False,2301,8040,0.0004313329700380564,0.01031595899257809,6.329198367893696e-05,True,False,,not_attempted,0.0,0.0,,"[201, 62]",2.0,0.04974079504609108,False,False,False,False,False,False,-7.28956806759561,0.16334950923919678,0.0011725829681381583,,,,
uci,2,v2,dsr_c1,0.95,42,decoded_naive,decoded_naive,riemannian,False,2301,8040,0.0004313329700380564,0.01031595899257809,6.329198367893696e-05,True,False,,not_attempted,0.0,0.0,,"[201, 133, 69]",3.0,0.050819574855268,False,False,False,False,False,False,-7.347919808653771,0.14489927887916565,0.0011041249381378293,,,,
uci,2,v2,dsr_c1,0.95,43,decoded_naive,decoded_naive,riemannian,False,2301,8040,0.0004313329700380564,0.01031595899257809,6.329198367893696e-05,True,False,,not_attempted,0.0,0.0,,"[201, 62]",2.0,0.03537297621369362,False,False,False,False,False,False,-7.279429368464412,0.10440362989902496,0.001095915911719203,,,,
uci,2,v2,dsr_c1,0.95,45,decoded_naive,decoded_naive,riemannian,False,2301,8040,0.0004313329700380564,0.01031595899257809,6.329198367893696e-05,True,False,,not_attempted,0.0,0.0,,"[201, 6]",2.0,0.024435395374894142,False,False,False,False,False,False,-7.128454201765694,0.08794707804918289,0.0011182089801877737,,,,
uci,2,v2,dsr_c1,0.95,49,decoded_naive,decoded_naive,riemannian,False,2301,8040,0.0004313329700380564,0.01031595899257809,6.329198367893696e-05,True,False,,not_attempted,0.0,0.0,,"[201, 0, 86]",3.0,0.057800005190074444,False,True,False,False,False,False,-7.135301649559356,0.24274836480617523,0.0010677080135792494,,,,
uci,2,v2,dsr_c1,0.95,50,decoded_naive,decoded_naive,riemannian,False,2301,8040,0.0004313329700380564,0.01031595899257809,6.329198367893696e-05,True,False,,not_attempted,0.0,0.0,,"[201, 166]",2.0,0.028367094695568085,False,False,False,False,False,False,-7.121436652545457,0.13060590624809265,0.001058666966855526,,,,
uci,2,v2,dsr_c1,0.95,51,decoded_naive,decoded_naive,riemannian,False,2301,8040,0.0004313329700380564,0.01031595899257809,6.329198367893696e-05,True,False,,not_attempted,0.0,0.0,,"[201, 69]",2.0,0.038121894001960754,False,False,False,False,False,False,-7.377226602076103,0.14016088843345642,0.001005167025141418,,,,
uci,2,v2,dsr_c1,0.95,53,decoded_naive,decoded_naive,riemannian,False,2301,8040,0.0004313329700380564,0.01031595899257809,6.329198367893696e-05,True,False,,not_attempted,0.0,0.0,,"[201, 86]",2.0,0.029310598969459534,False,False,False,False,False,False,-7.127068513951958,0.11341071128845215,0.0014608330093324184,,,,
uci,2,v2,dsr_c1,0.95,55,decoded_naive,decoded_naive,riemannian,False,2301,8040,0.0004313329700380564,0.01031595899257809,6.329198367893696e-05,True,False,,not_attempted,0.0,0.0,,"[201, 86]",2.0,0.006762325298041105,False,False,False,False,False,False,-7.112384900285439,0.018103186041116714,0.0010412500705569983,,,,
uci,2,v2,dsr_c1,0.95,56,decoded_naive,decoded_naive,riemannian,False,2301,8040,0.0004313329700380564,0.01031595899257809,6.329198367893696e-05,True,False,,not_attempted,0.0,0.0,,"[201, 120]",2.0,0.017926855012774467,False,False,False,False,False,False,-7.063357680353826,0.0627557635307312,0.0009989580139517784,,,,
uci,2,v2,dsr_c1c2,0.95,4,decoded_banded,decoded_banded,riemannian,False,8040,8040,0.0002115829847753048,0.01031595899257809,6.329198367893696e-05,False,True,search,,,,,,,,,,,,,,,,0.000909708091057837,,,,
uci,2,v2,dsr_c1c2,0.95,8,decoded_banded,decoded_banded,riemannian,False,8040,8040,0.0002115829847753048,0.01031595899257809,6.329198367893696e-05,False,True,search,,,,,,,,,,,,,,,,0.0009083329932764173,,,,
uci,2,v2,dsr_c1c2,0.95,13,decoded_banded,decoded_banded,riemannian,False,8040,8040,0.0002115829847753048,0.01031595899257809,6.329198367893696e-05,False,True,search,,,,,,,,,,,,,,,,0.001013333909213543,,,,
uci,2,v2,dsr_c1c2,0.95,14,decoded_banded,decoded_banded,riemannian,False,8040,8040,0.0002115829847753048,0.01031595899257809,6.329198367893696e-05,False,True,search,,,,,,,,,,,,,,,,0.001133666024543345,,,,
uci,2,v2,dsr_c1c2,0.95,17,decoded_banded,decoded_banded,riemannian,False,8040,8040,0.0002115829847753048,0.01031595899257809,6.329198367893696e-05,False,True,search,,,,,,,,,,,,,,,,0.001063541043549776,,,,
uci,2,v2,dsr_c1c2,0.95,25,decoded_banded,decoded_banded,riemannian,False,8040,8040,0.0002115829847753048,0.01031595899257809,6.329198367893696e-05,False,True,search,,,,,,,,,,,,,,,,0.000988541985861957,,,,
uci,2,v2,dsr_c1c2,0.95,26,decoded_banded,decoded_banded,riemannian,False,8040,8040,0.0002115829847753048,0.01031595899257809,6.329198367893696e-05,False,True,search,,,,,,,,,,,,,,,,0.000999624957330525,,,,
uci,2,v2,dsr_c1c2,0.95,30,decoded_banded,decoded_banded,riemannian,False,8040,8040,0.0002115829847753048,0.01031595899257809,6.329198367893696e-05,False,True,search,,,,,,,,,,,,,,,,0.0009591670241206884,,,,
uci,2,v2,dsr_c1c2,0.95,32,decoded_banded,decoded_banded,riemannian,False,8040,8040,0.0002115829847753048,0.01031595899257809,6.329198367893696e-05,False,True,search,,,,,,,,,,,,,,,,0.0011000829981639981,,,,
uci,2,v2,dsr_c1c2,0.95,35,decoded_banded,decoded_banded,riemannian,False,8040,8040,0.0002115829847753048,0.01031595899257809,6.329198367893696e-05,False,True,search,,,,,,,,,,,,,,,,0.0010521250078454614,,,,
uci,2,v2,dsr_c1c2,0.95,40,decoded_banded,decoded_banded,riemannian,False,8040,8040,0.0002115829847753048,0.01031595899257809,6.329198367893696e-05,False,True,search,,,,,,,,,,,,,,,,0.0010613329941406846,,,,
uci,2,v2,dsr_c1c2,0.95,42,decoded_banded,decoded_banded,riemannian,False,8040,8040,0.0002115829847753048,0.01031595899257809,6.329198367893696e-05,False,True,search,,,,,,,,,,,,,,,,0.0010345419868826866,,,,
uci,2,v2,dsr_c1c2,0.95,43,decoded_banded,decoded_banded,riemannian,False,8040,8040,0.0002115829847753048,0.01031595899257809,6.329198367893696e-05,False,True,search,,,,,,,,,,,,,,,,0.0010554170003160834,,,,
uci,2,v2,dsr_c1c2,0.95,45,decoded_banded,decoded_banded,riemannian,False,8040,8040,0.0002115829847753048,0.01031595899257809,6.329198367893696e-05,False,True,search,,,,,,,,,,,,,,,,0.0009839999256655574,,,,
uci,2,v2,dsr_c1c2,0.95,49,decoded_banded,decoded_banded,riemannian,False,8040,8040,0.0002115829847753048,0.01031595899257809,6.329198367893696e-05,False,True,search,,,,,,,,,,,,,,,,0.0010084999958053231,,,,
uci,2,v2,dsr_c1c2,0.95,50,decoded_banded,decoded_banded,riemannian,False,8040,8040,0.0002115829847753048,0.01031595899257809,6.329198367893696e-05,False,True,search,,,,,,,,,,,,,,,,0.0009373340290039778,,,,
uci,2,v2,dsr_c1c2,0.95,51,decoded_banded,decoded_banded,riemannian,False,8040,8040,0.0002115829847753048,0.01031595899257809,6.329198367893696e-05,False,True,search,,,,,,,,,,,,,,,,0.001027915976010263,,,,
uci,2,v2,dsr_c1c2,0.95,53,decoded_banded,decoded_banded,riemannian,False,8040,8040,0.0002115829847753048,0.01031595899257809,6.329198367893696e-05,False,True,search,,,,,,,,,,,,,,,,0.001065666088834405,,,,
uci,2,v2,dsr_c1c2,0.95,55,decoded_banded,decoded_banded,riemannian,False,8040,8040,0.0002115829847753048,0.01031595899257809,6.329198367893696e-05,False,True,search,,,,,,,,,,,,,,,,0.0009115410503000021,,,,
uci,2,v2,dsr_c1c2,0.95,56,decoded_banded,decoded_banded,riemannian,False,8040,8040,0.0002115829847753048,0.01031595899257809,6.329198367893696e-05,False,True,search,,,,,,,,,,,,,,,,0.0008571670623496175,,,,
uci,2,v2,dsr_full,0.95,4,decoded_naive,decoded_banded,riemannian,True,2301,8040,0.00043299992103129625,0.01031595899257809,6.329198367893696e-05,False,True,repair,failed,0.0,3.0,"step 1 still violates after 3 repair iterations (triggered by {'immutable': False, 'non_decreasing': True, 'age_horizon': True, 'directional': True})",,,,,,,,,,,,0.001269000000320375,False,True,True,True
uci,2,v2,dsr_full,0.95,8,decoded_naive,decoded_banded,riemannian,True,2301,8040,0.00043299992103129625,0.01031595899257809,6.329198367893696e-05,False,True,repair,failed,0.0,3.0,"step 1 still violates after 3 repair iterations (triggered by {'immutable': False, 'non_decreasing': True, 'age_horizon': True, 'directional': True})",,,,,,,,,,,,0.0012646669056266546,False,True,True,True
uci,2,v2,dsr_full,0.95,13,decoded_naive,decoded_banded,riemannian,True,2301,8040,0.00043299992103129625,0.01031595899257809,6.329198367893696e-05,False,True,repair,failed,0.0,3.0,"step 1 still violates after 3 repair iterations (triggered by {'immutable': False, 'non_decreasing': True, 'age_horizon': True, 'directional': True})",,,,,,,,,,,,0.0012160419719293714,False,True,True,True
uci,2,v2,dsr_full,0.95,14,decoded_naive,decoded_banded,riemannian,True,2301,8040,0.00043299992103129625,0.01031595899257809,6.329198367893696e-05,False,True,repair,failed,0.0,3.0,"step 1 still violates after 3 repair iterations (triggered by {'immutable': False, 'non_decreasing': True, 'age_horizon': True, 'directional': True})",,,,,,,,,,,,0.0013409999664872885,False,True,True,True
uci,2,v2,dsr_full,0.95,17,decoded_naive,decoded_banded,riemannian,True,2301,8040,0.00043299992103129625,0.01031595899257809,6.329198367893696e-05,False,True,repair,failed,0.0,3.0,"step 1 still violates after 3 repair iterations (triggered by {'immutable': False, 'non_decreasing': True, 'age_horizon': True, 'directional': True})",,,,,,,,,,,,0.001259207958355546,False,True,True,True
uci,2,v2,dsr_full,0.95,25,decoded_naive,decoded_banded,riemannian,True,2301,8040,0.00043299992103129625,0.01031595899257809,6.329198367893696e-05,False,True,repair,failed,0.0,3.0,"step 1 still violates after 3 repair iterations (triggered by {'immutable': False, 'non_decreasing': True, 'age_horizon': True, 'directional': True})",,,,,,,,,,,,0.0012440410209819674,False,True,True,True
uci,2,v2,dsr_full,0.95,26,decoded_naive,decoded_banded,riemannian,True,2301,8040,0.00043299992103129625,0.01031595899257809,6.329198367893696e-05,False,True,search,,,,,,,,,,,,,,,,0.0008969999616965652,,,,
uci,2,v2,dsr_full,0.95,30,decoded_naive,decoded_banded,riemannian,True,2301,8040,0.00043299992103129625,0.01031595899257809,6.329198367893696e-05,False,True,repair,failed,0.0,3.0,"step 1 still violates after 3 repair iterations (triggered by {'immutable': False, 'non_decreasing': True, 'age_horizon': True, 'directional': True})",,,,,,,,,,,,0.0012470000656321645,False,True,True,True
uci,2,v2,dsr_full,0.95,32,decoded_naive,decoded_banded,riemannian,True,2301,8040,0.00043299992103129625,0.01031595899257809,6.329198367893696e-05,False,True,repair,failed,0.0,3.0,"step 1 still violates after 3 repair iterations (triggered by {'immutable': False, 'non_decreasing': True, 'age_horizon': True, 'directional': True})",,,,,,,,,,,,0.001237250049598515,False,True,True,True
uci,2,v2,dsr_full,0.95,35,decoded_naive,decoded_banded,riemannian,True,2301,8040,0.00043299992103129625,0.01031595899257809,6.329198367893696e-05,False,True,repair,failed,0.0,3.0,"step 1 still violates after 3 repair iterations (triggered by {'immutable': False, 'non_decreasing': True, 'age_horizon': True, 'directional': True})",,,,,,,,,,,,0.0012969999806955457,False,True,True,True
uci,2,v2,dsr_full,0.95,40,decoded_naive,decoded_banded,riemannian,True,2301,8040,0.00043299992103129625,0.01031595899257809,6.329198367893696e-05,False,True,repair,failed,0.0,3.0,"step 1 still violates after 3 repair iterations (triggered by {'immutable': False, 'non_decreasing': True, 'age_horizon': True, 'directional': True})",,,,,,,,,,,,0.0012538749724626541,False,True,True,True
uci,2,v2,dsr_full,0.95,42,decoded_naive,decoded_banded,riemannian,True,2301,8040,0.00043299992103129625,0.01031595899257809,6.329198367893696e-05,False,True,repair,failed,0.0,3.0,"step 1 still violates after 3 repair iterations (triggered by {'immutable': False, 'non_decreasing': True, 'age_horizon': True, 'directional': True})",,,,,,,,,,,,0.0012360840337350965,False,True,True,True
uci,2,v2,dsr_full,0.95,43,decoded_naive,decoded_banded,riemannian,True,2301,8040,0.00043299992103129625,0.01031595899257809,6.329198367893696e-05,False,True,repair,failed,0.0,3.0,"step 1 still violates after 3 repair iterations (triggered by {'immutable': False, 'non_decreasing': True, 'age_horizon': True, 'directional': True})",,,,,,,,,,,,0.0012438340345397592,False,True,True,True
uci,2,v2,dsr_full,0.95,45,decoded_naive,decoded_banded,riemannian,True,2301,8040,0.00043299992103129625,0.01031595899257809,6.329198367893696e-05,False,True,repair,failed,0.0,3.0,"step 1 still violates after 3 repair iterations (triggered by {'immutable': False, 'non_decreasing': True, 'age_horizon': True, 'directional': True})",,,,,,,,,,,,0.0012432499788701534,False,True,True,True
uci,2,v2,dsr_full,0.95,49,decoded_naive,decoded_banded,riemannian,True,2301,8040,0.00043299992103129625,0.01031595899257809,6.329198367893696e-05,False,True,repair,failed,0.0,3.0,"step 1 still violates after 3 repair iterations (triggered by {'immutable': False, 'non_decreasing': True, 'age_horizon': True, 'directional': True})",,,,,,,,,,,,0.0012142499908804893,False,True,True,True
uci,2,v2,dsr_full,0.95,50,decoded_naive,decoded_banded,riemannian,True,2301,8040,0.00043299992103129625,0.01031595899257809,6.329198367893696e-05,False,True,repair,failed,0.0,3.0,"step 1 still violates after 3 repair iterations (triggered by {'immutable': False, 'non_decreasing': True, 'age_horizon': True, 'directional': True})",,,,,,,,,,,,0.0012441250728443265,False,True,True,True
uci,2,v2,dsr_full,0.95,51,decoded_naive,decoded_banded,riemannian,True,2301,8040,0.00043299992103129625,0.01031595899257809,6.329198367893696e-05,False,True,repair,failed,0.0,3.0,"step 1 still violates after 3 repair iterations (triggered by {'immutable': False, 'non_decreasing': True, 'age_horizon': True, 'directional': True})",,,,,,,,,,,,0.001272166962735355,False,True,True,True
uci,2,v2,dsr_full,0.95,53,decoded_naive,decoded_banded,riemannian,True,2301,8040,0.00043299992103129625,0.01031595899257809,6.329198367893696e-05,False,True,repair,failed,0.0,3.0,"step 1 still violates after 3 repair iterations (triggered by {'immutable': False, 'non_decreasing': True, 'age_horizon': True, 'directional': True})",,,,,,,,,,,,0.0012310829479247332,False,True,True,True
uci,2,v2,dsr_full,0.95,55,decoded_naive,decoded_banded,riemannian,True,2301,8040,0.00043299992103129625,0.01031595899257809,6.329198367893696e-05,False,True,repair,failed,0.0,3.0,"step 1 still violates after 3 repair iterations (triggered by {'immutable': False, 'non_decreasing': True, 'age_horizon': True, 'directional': True})",,,,,,,,,,,,0.0012304999399930239,False,True,True,True
uci,2,v2,dsr_full,0.95,56,decoded_naive,decoded_banded,riemannian,True,2301,8040,0.00043299992103129625,0.01031595899257809,6.329198367893696e-05,False,True,repair,failed,0.0,3.0,"step 1 still violates after 3 repair iterations (triggered by {'immutable': False, 'non_decreasing': True, 'age_horizon': True, 'directional': True})",,,,,,,,,,,,0.0012496249983087182,False,True,True,True
uci,2,v2,dsr_full_euclidean,0.95,4,decoded_naive,decoded_banded,euclidean,True,2301,8040,0.00041545904241502285,0.01031595899257809,6.329198367893696e-05,False,True,repair,failed,0.0,3.0,"step 1 still violates after 3 repair iterations (triggered by {'immutable': False, 'non_decreasing': True, 'age_horizon': True, 'directional': True})",,,,,,,,,,,,0.001237833988852799,False,True,True,True
uci,2,v2,dsr_full_euclidean,0.95,8,decoded_naive,decoded_banded,euclidean,True,2301,8040,0.00041545904241502285,0.01031595899257809,6.329198367893696e-05,False,True,repair,failed,0.0,3.0,"step 1 still violates after 3 repair iterations (triggered by {'immutable': False, 'non_decreasing': True, 'age_horizon': True, 'directional': True})",,,,,,,,,,,,0.0012394170043990016,False,True,True,True
uci,2,v2,dsr_full_euclidean,0.95,13,decoded_naive,decoded_banded,euclidean,True,2301,8040,0.00041545904241502285,0.01031595899257809,6.329198367893696e-05,False,True,repair,failed,0.0,3.0,"step 1 still violates after 3 repair iterations (triggered by {'immutable': False, 'non_decreasing': True, 'age_horizon': True, 'directional': True})",,,,,,,,,,,,0.0012894170358777046,False,True,True,True
uci,2,v2,dsr_full_euclidean,0.95,14,decoded_naive,decoded_banded,euclidean,True,2301,8040,0.00041545904241502285,0.01031595899257809,6.329198367893696e-05,False,True,repair,failed,0.0,3.0,"step 1 still violates after 3 repair iterations (triggered by {'immutable': False, 'non_decreasing': True, 'age_horizon': True, 'directional': True})",,,,,,,,,,,,0.0012209159322082996,False,True,True,True
uci,2,v2,dsr_full_euclidean,0.95,17,decoded_naive,decoded_banded,euclidean,True,2301,8040,0.00041545904241502285,0.01031595899257809,6.329198367893696e-05,False,True,repair,failed,0.0,3.0,"step 1 still violates after 3 repair iterations (triggered by {'immutable': False, 'non_decreasing': True, 'age_horizon': True, 'directional': True})",,,,,,,,,,,,0.0012270830338820815,False,True,True,True
uci,2,v2,dsr_full_euclidean,0.95,25,decoded_naive,decoded_banded,euclidean,True,2301,8040,0.00041545904241502285,0.01031595899257809,6.329198367893696e-05,False,True,repair,failed,0.0,3.0,"step 1 still violates after 3 repair iterations (triggered by {'immutable': False, 'non_decreasing': True, 'age_horizon': True, 'directional': True})",,,,,,,,,,,,0.001243417034856975,False,True,True,True
uci,2,v2,dsr_full_euclidean,0.95,26,decoded_naive,decoded_banded,euclidean,True,2301,8040,0.00041545904241502285,0.01031595899257809,6.329198367893696e-05,False,True,search,,,,,,,,,,,,,,,,0.0009629579726606607,,,,
uci,2,v2,dsr_full_euclidean,0.95,30,decoded_naive,decoded_banded,euclidean,True,2301,8040,0.00041545904241502285,0.01031595899257809,6.329198367893696e-05,False,True,repair,failed,0.0,3.0,"step 1 still violates after 3 repair iterations (triggered by {'immutable': False, 'non_decreasing': True, 'age_horizon': True, 'directional': True})",,,,,,,,,,,,0.0012573329731822014,False,True,True,True
uci,2,v2,dsr_full_euclidean,0.95,32,decoded_naive,decoded_banded,euclidean,True,2301,8040,0.00041545904241502285,0.01031595899257809,6.329198367893696e-05,False,True,repair,failed,0.0,3.0,"step 1 still violates after 3 repair iterations (triggered by {'immutable': False, 'non_decreasing': True, 'age_horizon': True, 'directional': True})",,,,,,,,,,,,0.0012343339622020721,False,True,True,True
uci,2,v2,dsr_full_euclidean,0.95,35,decoded_naive,decoded_banded,euclidean,True,2301,8040,0.00041545904241502285,0.01031595899257809,6.329198367893696e-05,False,True,repair,failed,0.0,3.0,"step 1 still violates after 3 repair iterations (triggered by {'immutable': False, 'non_decreasing': True, 'age_horizon': True, 'directional': True})",,,,,,,,,,,,0.0012734589399769902,False,True,True,True
uci,2,v2,dsr_full_euclidean,0.95,40,decoded_naive,decoded_banded,euclidean,True,2301,8040,0.00041545904241502285,0.01031595899257809,6.329198367893696e-05,False,True,repair,failed,0.0,3.0,"step 1 still violates after 3 repair iterations (triggered by {'immutable': False, 'non_decreasing': True, 'age_horizon': True, 'directional': True})",,,,,,,,,,,,0.001198875019326806,False,True,True,True
uci,2,v2,dsr_full_euclidean,0.95,42,decoded_naive,decoded_banded,euclidean,True,2301,8040,0.00041545904241502285,0.01031595899257809,6.329198367893696e-05,False,True,repair,failed,0.0,3.0,"step 1 still violates after 3 repair iterations (triggered by {'immutable': False, 'non_decreasing': True, 'age_horizon': True, 'directional': True})",,,,,,,,,,,,0.0012511250097304583,False,True,True,True
uci,2,v2,dsr_full_euclidean,0.95,43,decoded_naive,decoded_banded,euclidean,True,2301,8040,0.00041545904241502285,0.01031595899257809,6.329198367893696e-05,False,True,repair,failed,0.0,3.0,"step 1 still violates after 3 repair iterations (triggered by {'immutable': False, 'non_decreasing': True, 'age_horizon': True, 'directional': True})",,,,,,,,,,,,0.001202082959935069,False,True,True,True
uci,2,v2,dsr_full_euclidean,0.95,45,decoded_naive,decoded_banded,euclidean,True,2301,8040,0.00041545904241502285,0.01031595899257809,6.329198367893696e-05,False,True,repair,failed,0.0,3.0,"step 1 still violates after 3 repair iterations (triggered by {'immutable': False, 'non_decreasing': True, 'age_horizon': True, 'directional': True})",,,,,,,,,,,,0.0012023329036310315,False,True,True,True
uci,2,v2,dsr_full_euclidean,0.95,49,decoded_naive,decoded_banded,euclidean,True,2301,8040,0.00041545904241502285,0.01031595899257809,6.329198367893696e-05,False,True,repair,failed,0.0,3.0,"step 1 still violates after 3 repair iterations (triggered by {'immutable': False, 'non_decreasing': True, 'age_horizon': True, 'directional': True})",,,,,,,,,,,,0.0012315419735386968,False,True,True,True
uci,2,v2,dsr_full_euclidean,0.95,50,decoded_naive,decoded_banded,euclidean,True,2301,8040,0.00041545904241502285,0.01031595899257809,6.329198367893696e-05,False,True,repair,failed,0.0,3.0,"step 1 still violates after 3 repair iterations (triggered by {'immutable': False, 'non_decreasing': True, 'age_horizon': True, 'directional': True})",,,,,,,,,,,,0.001220499980263412,False,True,True,True
uci,2,v2,dsr_full_euclidean,0.95,51,decoded_naive,decoded_banded,euclidean,True,2301,8040,0.00041545904241502285,0.01031595899257809,6.329198367893696e-05,False,True,repair,failed,0.0,3.0,"step 1 still violates after 3 repair iterations (triggered by {'immutable': False, 'non_decreasing': True, 'age_horizon': True, 'directional': True})",,,,,,,,,,,,0.001258165924809873,False,True,True,True
uci,2,v2,dsr_full_euclidean,0.95,53,decoded_naive,decoded_banded,euclidean,True,2301,8040,0.00041545904241502285,0.01031595899257809,6.329198367893696e-05,False,True,repair,failed,0.0,3.0,"step 1 still violates after 3 repair iterations (triggered by {'immutable': False, 'non_decreasing': True, 'age_horizon': True, 'directional': True})",,,,,,,,,,,,0.0012050829827785492,False,True,True,True
uci,2,v2,dsr_full_euclidean,0.95,55,decoded_naive,decoded_banded,euclidean,True,2301,8040,0.00041545904241502285,0.01031595899257809,6.329198367893696e-05,False,True,repair,failed,0.0,3.0,"step 1 still violates after 3 repair iterations (triggered by {'immutable': False, 'non_decreasing': True, 'age_horizon': True, 'directional': True})",,,,,,,,,,,,0.0012348750606179237,False,True,True,True
uci,2,v2,dsr_full_euclidean,0.95,56,decoded_naive,decoded_banded,euclidean,True,2301,8040,0.00041545904241502285,0.01031595899257809,6.329198367893696e-05,False,True,repair,failed,0.0,3.0,"step 1 still violates after 3 repair iterations (triggered by {'immutable': False, 'non_decreasing': True, 'age_horizon': True, 'directional': True})",,,,,,,,,,,,0.0012160830665379763,False,True,True,True
uci,2,v2,dsr_bands_no_identity,0.95,4,banded_no_identity,banded_no_identity,riemannian,False,8040,8040,0.0002328749978914857,0.01031595899257809,6.329198367893696e-05,False,True,search,,,,,,,,,,,,,,,,0.0009064170299097896,,,,
uci,2,v2,dsr_bands_no_identity,0.95,8,banded_no_identity,banded_no_identity,riemannian,False,8040,8040,0.0002328749978914857,0.01031595899257809,6.329198367893696e-05,False,True,search,,,,,,,,,,,,,,,,0.0009580838959664106,,,,
uci,2,v2,dsr_bands_no_identity,0.95,13,banded_no_identity,banded_no_identity,riemannian,False,8040,8040,0.0002328749978914857,0.01031595899257809,6.329198367893696e-05,False,True,search,,,,,,,,,,,,,,,,0.0010115840705111623,,,,
uci,2,v2,dsr_bands_no_identity,0.95,14,banded_no_identity,banded_no_identity,riemannian,False,8040,8040,0.0002328749978914857,0.01031595899257809,6.329198367893696e-05,False,True,search,,,,,,,,,,,,,,,,0.000919666956178844,,,,
uci,2,v2,dsr_bands_no_identity,0.95,17,banded_no_identity,banded_no_identity,riemannian,False,8040,8040,0.0002328749978914857,0.01031595899257809,6.329198367893696e-05,False,True,search,,,,,,,,,,,,,,,,0.0008602089947089553,,,,
uci,2,v2,dsr_bands_no_identity,0.95,25,banded_no_identity,banded_no_identity,riemannian,False,8040,8040,0.0002328749978914857,0.01031595899257809,6.329198367893696e-05,False,True,search,,,,,,,,,,,,,,,,0.0008639590814709663,,,,
uci,2,v2,dsr_bands_no_identity,0.95,26,banded_no_identity,banded_no_identity,riemannian,False,8040,8040,0.0002328749978914857,0.01031595899257809,6.329198367893696e-05,False,True,search,,,,,,,,,,,,,,,,0.0008599999127909541,,,,
uci,2,v2,dsr_bands_no_identity,0.95,30,banded_no_identity,banded_no_identity,riemannian,False,8040,8040,0.0002328749978914857,0.01031595899257809,6.329198367893696e-05,False,True,search,,,,,,,,,,,,,,,,0.0008527499157935381,,,,
uci,2,v2,dsr_bands_no_identity,0.95,32,banded_no_identity,banded_no_identity,riemannian,False,8040,8040,0.0002328749978914857,0.01031595899257809,6.329198367893696e-05,False,True,search,,,,,,,,,,,,,,,,0.0008514580549672246,,,,
uci,2,v2,dsr_bands_no_identity,0.95,35,banded_no_identity,banded_no_identity,riemannian,False,8040,8040,0.0002328749978914857,0.01031595899257809,6.329198367893696e-05,False,True,search,,,,,,,,,,,,,,,,0.0009461250156164169,,,,
uci,2,v2,dsr_bands_no_identity,0.95,40,banded_no_identity,banded_no_identity,riemannian,False,8040,8040,0.0002328749978914857,0.01031595899257809,6.329198367893696e-05,False,True,search,,,,,,,,,,,,,,,,0.0008363749366253614,,,,
uci,2,v2,dsr_bands_no_identity,0.95,42,banded_no_identity,banded_no_identity,riemannian,False,8040,8040,0.0002328749978914857,0.01031595899257809,6.329198367893696e-05,False,True,search,,,,,,,,,,,,,,,,0.0009095410350710154,,,,
uci,2,v2,dsr_bands_no_identity,0.95,43,banded_no_identity,banded_no_identity,riemannian,False,8040,8040,0.0002328749978914857,0.01031595899257809,6.329198367893696e-05,False,True,search,,,,,,,,,,,,,,,,0.000967166037298739,,,,
uci,2,v2,dsr_bands_no_identity,0.95,45,banded_no_identity,banded_no_identity,riemannian,False,8040,8040,0.0002328749978914857,0.01031595899257809,6.329198367893696e-05,False,True,search,,,,,,,,,,,,,,,,0.0009062919998541474,,,,
uci,2,v2,dsr_bands_no_identity,0.95,49,banded_no_identity,banded_no_identity,riemannian,False,8040,8040,0.0002328749978914857,0.01031595899257809,6.329198367893696e-05,False,True,search,,,,,,,,,,,,,,,,0.0008742079371586442,,,,
uci,2,v2,dsr_bands_no_identity,0.95,50,banded_no_identity,banded_no_identity,riemannian,False,8040,8040,0.0002328749978914857,0.01031595899257809,6.329198367893696e-05,False,True,search,,,,,,,,,,,,,,,,0.0008595830295234919,,,,
uci,2,v2,dsr_bands_no_identity,0.95,51,banded_no_identity,banded_no_identity,riemannian,False,8040,8040,0.0002328749978914857,0.01031595899257809,6.329198367893696e-05,False,True,search,,,,,,,,,,,,,,,,0.0009021250298246741,,,,
uci,2,v2,dsr_bands_no_identity,0.95,53,banded_no_identity,banded_no_identity,riemannian,False,8040,8040,0.0002328749978914857,0.01031595899257809,6.329198367893696e-05,False,True,search,,,,,,,,,,,,,,,,0.0008684589993208647,,,,
uci,2,v2,dsr_bands_no_identity,0.95,55,banded_no_identity,banded_no_identity,riemannian,False,8040,8040,0.0002328749978914857,0.01031595899257809,6.329198367893696e-05,False,True,search,,,,,,,,,,,,,,,,0.0008575830142945051,,,,
uci,2,v2,dsr_bands_no_identity,0.95,56,banded_no_identity,banded_no_identity,riemannian,False,8040,8040,0.0002328749978914857,0.01031595899257809,6.329198367893696e-05,False,True,search,,,,,,,,,,,,,,,,0.0008496249793097377,,,,
uci,3,v2,old_latent_pruning,0.95,5,raw,raw,riemannian,False,8010,8040,0.0002842079848051071,0.010628334013745189,6.616709288209677e-05,False,True,search,,,,,,,,,,,,,,,,0.0011070419568568468,,,,
uci,3,v2,old_latent_pruning,0.95,7,raw,raw,riemannian,False,8010,8040,0.0002842079848051071,0.010628334013745189,6.616709288209677e-05,False,True,search,,,,,,,,,,,,,,,,0.0011170419165864587,,,,
uci,3,v2,old_latent_pruning,0.95,10,raw,raw,riemannian,False,8010,8040,0.0002842079848051071,0.010628334013745189,6.616709288209677e-05,False,True,search,,,,,,,,,,,,,,,,0.0010224169818684459,,,,
uci,3,v2,old_latent_pruning,0.95,12,raw,raw,riemannian,False,8010,8040,0.0002842079848051071,0.010628334013745189,6.616709288209677e-05,True,False,,not_attempted,0.0,0.0,,"[201, 47]",2.0,0.5732506513595581,True,True,False,True,False,False,-7.2307333624490475,1.924914836883545,0.0010108749847859144,,,,
uci,3,v2,old_latent_pruning,0.95,13,raw,raw,riemannian,False,8010,8040,0.0002842079848051071,0.010628334013745189,6.616709288209677e-05,False,True,search,,,,,,,,,,,,,,,,0.00104208302218467,,,,
uci,3,v2,old_latent_pruning,0.95,16,raw,raw,riemannian,False,8010,8040,0.0002842079848051071,0.010628334013745189,6.616709288209677e-05,True,False,,not_attempted,0.0,0.0,,"[201, 94]",2.0,0.5979002118110657,True,True,False,True,False,False,-7.383737879850788,2.134549140930176,0.000917915953323245,,,,
uci,3,v2,old_latent_pruning,0.95,20,raw,raw,riemannian,False,8010,8040,0.0002842079848051071,0.010628334013745189,6.616709288209677e-05,False,True,search,,,,,,,,,,,,,,,,0.0009013339877128601,,,,
uci,3,v2,old_latent_pruning,0.95,22,raw,raw,riemannian,False,8010,8040,0.0002842079848051071,0.010628334013745189,6.616709288209677e-05,False,True,search,,,,,,,,,,,,,,,,0.00089404103346169,,,,
uci,3,v2,old_latent_pruning,0.95,23,raw,raw,riemannian,False,8010,8040,0.0002842079848051071,0.010628334013745189,6.616709288209677e-05,False,True,search,,,,,,,,,,,,,,,,0.0008831250015646219,,,,
uci,3,v2,old_latent_pruning,0.95,25,raw,raw,riemannian,False,8010,8040,0.0002842079848051071,0.010628334013745189,6.616709288209677e-05,False,True,search,,,,,,,,,,,,,,,,0.0008818750502541661,,,,
uci,3,v2,old_latent_pruning,0.95,30,raw,raw,riemannian,False,8010,8040,0.0002842079848051071,0.010628334013745189,6.616709288209677e-05,False,True,search,,,,,,,,,,,,,,,,0.001006542006507516,,,,
uci,3,v2,old_latent_pruning,0.95,33,raw,raw,riemannian,False,8010,8040,0.0002842079848051071,0.010628334013745189,6.616709288209677e-05,False,True,search,,,,,,,,,,,,,,,,0.0009938330622389913,,,,
uci,3,v2,old_latent_pruning,0.95,39,raw,raw,riemannian,False,8010,8040,0.0002842079848051071,0.010628334013745189,6.616709288209677e-05,False,True,search,,,,,,,,,,,,,,,,0.0008775829337537289,,,,
uci,3,v2,old_latent_pruning,0.95,40,raw,raw,riemannian,False,8010,8040,0.0002842079848051071,0.010628334013745189,6.616709288209677e-05,True,False,,not_attempted,0.0,0.0,,"[201, 114]",2.0,0.37687039375305176,True,True,False,True,False,False,-7.196227703512182,1.4837621450424194,0.0008652500109747052,,,,
uci,3,v2,old_latent_pruning,0.95,41,raw,raw,riemannian,False,8010,8040,0.0002842079848051071,0.010628334013745189,6.616709288209677e-05,False,True,search,,,,,,,,,,,,,,,,0.000882541062310338,,,,
uci,3,v2,old_latent_pruning,0.95,45,raw,raw,riemannian,False,8010,8040,0.0002842079848051071,0.010628334013745189,6.616709288209677e-05,False,True,search,,,,,,,,,,,,,,,,0.0008687090594321489,,,,
uci,3,v2,old_latent_pruning,0.95,47,raw,raw,riemannian,False,8010,8040,0.0002842079848051071,0.010628334013745189,6.616709288209677e-05,False,True,search,,,,,,,,,,,,,,,,0.0010183330159634352,,,,
uci,3,v2,old_latent_pruning,0.95,48,raw,raw,riemannian,False,8010,8040,0.0002842079848051071,0.010628334013745189,6.616709288209677e-05,False,True,search,,,,,,,,,,,,,,,,0.0009593750583007932,,,,
uci,3,v2,old_latent_pruning,0.95,52,raw,raw,riemannian,False,8010,8040,0.0002842079848051071,0.010628334013745189,6.616709288209677e-05,False,True,search,,,,,,,,,,,,,,,,0.0009189579868689179,,,,
uci,3,v2,old_latent_pruning,0.95,56,raw,raw,riemannian,False,8010,8040,0.0002842079848051071,0.010628334013745189,6.616709288209677e-05,False,True,search,,,,,,,,,,,,,,,,0.0009303339757025242,,,,
uci,3,v2,dsr_c1,0.95,5,decoded_naive,decoded_naive,riemannian,False,6914,8040,0.00031154195312410593,0.010628334013745189,6.616709288209677e-05,False,True,search,,,,,,,,,,,,,,,,0.0008982920553535223,,,,
uci,3,v2,dsr_c1,0.95,7,decoded_naive,decoded_naive,riemannian,False,6914,8040,0.00031154195312410593,0.010628334013745189,6.616709288209677e-05,False,True,search,,,,,,,,,,,,,,,,0.0008887910516932607,,,,
uci,3,v2,dsr_c1,0.95,10,decoded_naive,decoded_naive,riemannian,False,6914,8040,0.00031154195312410593,0.010628334013745189,6.616709288209677e-05,False,True,search,,,,,,,,,,,,,,,,0.0009131670230999589,,,,
uci,3,v2,dsr_c1,0.95,12,decoded_naive,decoded_naive,riemannian,False,6914,8040,0.00031154195312410593,0.010628334013745189,6.616709288209677e-05,False,True,search,,,,,,,,,,,,,,,,0.0009323339909315109,,,,
uci,3,v2,dsr_c1,0.95,13,decoded_naive,decoded_naive,riemannian,False,6914,8040,0.00031154195312410593,0.010628334013745189,6.616709288209677e-05,False,True,search,,,,,,,,,,,,,,,,0.0009239580249413848,,,,
uci,3,v2,dsr_c1,0.95,16,decoded_naive,decoded_naive,riemannian,False,6914,8040,0.00031154195312410593,0.010628334013745189,6.616709288209677e-05,False,True,search,,,,,,,,,,,,,,,,0.0008802500087767839,,,,
uci,3,v2,dsr_c1,0.95,20,decoded_naive,decoded_naive,riemannian,False,6914,8040,0.00031154195312410593,0.010628334013745189,6.616709288209677e-05,True,False,,not_attempted,0.0,0.0,,"[201, 190]",2.0,0.03131262585520744,False,False,False,False,False,False,-7.23941694885958,0.10334333777427673,0.0008940419647842646,,,,
uci,3,v2,dsr_c1,0.95,22,decoded_naive,decoded_naive,riemannian,False,6914,8040,0.00031154195312410593,0.010628334013745189,6.616709288209677e-05,False,True,search,,,,,,,,,,,,,,,,0.001646749908104539,,,,
uci,3,v2,dsr_c1,0.95,23,decoded_naive,decoded_naive,riemannian,False,6914,8040,0.00031154195312410593,0.010628334013745189,6.616709288209677e-05,False,True,search,,,,,,,,,,,,,,,,0.0014364579692482948,,,,
uci,3,v2,dsr_c1,0.95,25,decoded_naive,decoded_naive,riemannian,False,6914,8040,0.00031154195312410593,0.010628334013745189,6.616709288209677e-05,False,True,search,,,,,,,,,,,,,,,,0.0012900839792564511,,,,
uci,3,v2,dsr_c1,0.95,30,decoded_naive,decoded_naive,riemannian,False,6914,8040,0.00031154195312410593,0.010628334013745189,6.616709288209677e-05,False,True,search,,,,,,,,,,,,,,,,0.0012117089936509728,,,,
uci,3,v2,dsr_c1,0.95,33,decoded_naive,decoded_naive,riemannian,False,6914,8040,0.00031154195312410593,0.010628334013745189,6.616709288209677e-05,False,True,search,,,,,,,,,,,,,,,,0.0010169579181820154,,,,
uci,3,v2,dsr_c1,0.95,39,decoded_naive,decoded_naive,riemannian,False,6914,8040,0.00031154195312410593,0.010628334013745189,6.616709288209677e-05,False,True,search,,,,,,,,,,,,,,,,0.0009503751061856747,,,,
uci,3,v2,dsr_c1,0.95,40,decoded_naive,decoded_naive,riemannian,False,6914,8040,0.00031154195312410593,0.010628334013745189,6.616709288209677e-05,True,False,,not_attempted,0.0,0.0,,"[201, 10, 49, 70, 84, 78, 7]",7.0,0.19206600217148662,False,True,False,False,False,False,-7.382596856102205,0.6555033922195435,0.0009214170277118683,,,,
uci,3,v2,dsr_c1,0.95,41,decoded_naive,decoded_naive,riemannian,False,6914,8040,0.00031154195312410593,0.010628334013745189,6.616709288209677e-05,False,True,search,,,,,,,,,,,,,,,,0.0009546669898554683,,,,
uci,3,v2,dsr_c1,0.95,45,decoded_naive,decoded_naive,riemannian,False,6914,8040,0.00031154195312410593,0.010628334013745189,6.616709288209677e-05,False,True,search,,,,,,,,,,,,,,,,0.0010471659479662776,,,,
uci,3,v2,dsr_c1,0.95,47,decoded_naive,decoded_naive,riemannian,False,6914,8040,0.00031154195312410593,0.010628334013745189,6.616709288209677e-05,False,True,search,,,,,,,,,,,,,,,,0.0011715830769389868,,,,
uci,3,v2,dsr_c1,0.95,48,decoded_naive,decoded_naive,riemannian,False,6914,8040,0.00031154195312410593,0.010628334013745189,6.616709288209677e-05,False,True,search,,,,,,,,,,,,,,,,0.001132874982431531,,,,
uci,3,v2,dsr_c1,0.95,52,decoded_naive,decoded_naive,riemannian,False,6914,8040,0.00031154195312410593,0.010628334013745189,6.616709288209677e-05,False,True,search,,,,,,,,,,,,,,,,0.001093209022656083,,,,
uci,3,v2,dsr_c1,0.95,56,decoded_naive,decoded_naive,riemannian,False,6914,8040,0.00031154195312410593,0.010628334013745189,6.616709288209677e-05,False,True,search,,,,,,,,,,,,,,,,0.0010190419852733612,,,,
uci,3,v2,dsr_c1c2,0.95,5,decoded_banded,decoded_banded,riemannian,False,8040,8040,0.0002127089537680149,0.010628334013745189,6.616709288209677e-05,False,True,search,,,,,,,,,,,,,,,,0.0010566250421106815,,,,
uci,3,v2,dsr_c1c2,0.95,7,decoded_banded,decoded_banded,riemannian,False,8040,8040,0.0002127089537680149,0.010628334013745189,6.616709288209677e-05,False,True,search,,,,,,,,,,,,,,,,0.0011193749960511923,,,,
uci,3,v2,dsr_c1c2,0.95,10,decoded_banded,decoded_banded,riemannian,False,8040,8040,0.0002127089537680149,0.010628334013745189,6.616709288209677e-05,False,True,search,,,,,,,,,,,,,,,,0.001012125052511692,,,,
uci,3,v2,dsr_c1c2,0.95,12,decoded_banded,decoded_banded,riemannian,False,8040,8040,0.0002127089537680149,0.010628334013745189,6.616709288209677e-05,False,True,search,,,,,,,,,,,,,,,,0.0010205829748883843,,,,
uci,3,v2,dsr_c1c2,0.95,13,decoded_banded,decoded_banded,riemannian,False,8040,8040,0.0002127089537680149,0.010628334013745189,6.616709288209677e-05,False,True,search,,,,,,,,,,,,,,,,0.0010609579039737582,,,,
uci,3,v2,dsr_c1c2,0.95,16,decoded_banded,decoded_banded,riemannian,False,8040,8040,0.0002127089537680149,0.010628334013745189,6.616709288209677e-05,False,True,search,,,,,,,,,,,,,,,,0.0010128750000149012,,,,
uci,3,v2,dsr_c1c2,0.95,20,decoded_banded,decoded_banded,riemannian,False,8040,8040,0.0002127089537680149,0.010628334013745189,6.616709288209677e-05,False,True,search,,,,,,,,,,,,,,,,0.0010061250068247318,,,,
uci,3,v2,dsr_c1c2,0.95,22,decoded_banded,decoded_banded,riemannian,False,8040,8040,0.0002127089537680149,0.010628334013745189,6.616709288209677e-05,False,True,search,,,,,,,,,,,,,,,,0.0009948750957846642,,,,
uci,3,v2,dsr_c1c2,0.95,23,decoded_banded,decoded_banded,riemannian,False,8040,8040,0.0002127089537680149,0.010628334013745189,6.616709288209677e-05,False,True,search,,,,,,,,,,,,,,,,0.0008909159805625677,,,,
uci,3,v2,dsr_c1c2,0.95,25,decoded_banded,decoded_banded,riemannian,False,8040,8040,0.0002127089537680149,0.010628334013745189,6.616709288209677e-05,False,True,search,,,,,,,,,,,,,,,,0.0009548329981043935,,,,
uci,3,v2,dsr_c1c2,0.95,30,decoded_banded,decoded_banded,riemannian,False,8040,8040,0.0002127089537680149,0.010628334013745189,6.616709288209677e-05,False,True,search,,,,,,,,,,,,,,,,0.0009837090037763119,,,,
uci,3,v2,dsr_c1c2,0.95,33,decoded_banded,decoded_banded,riemannian,False,8040,8040,0.0002127089537680149,0.010628334013745189,6.616709288209677e-05,False,True,search,,,,,,,,,,,,,,,,0.0008726670639589429,,,,
uci,3,v2,dsr_c1c2,0.95,39,decoded_banded,decoded_banded,riemannian,False,8040,8040,0.0002127089537680149,0.010628334013745189,6.616709288209677e-05,False,True,search,,,,,,,,,,,,,,,,0.0008666669018566608,,,,
uci,3,v2,dsr_c1c2,0.95,40,decoded_banded,decoded_banded,riemannian,False,8040,8040,0.0002127089537680149,0.010628334013745189,6.616709288209677e-05,False,True,search,,,,,,,,,,,,,,,,0.0008533750660717487,,,,
uci,3,v2,dsr_c1c2,0.95,41,decoded_banded,decoded_banded,riemannian,False,8040,8040,0.0002127089537680149,0.010628334013745189,6.616709288209677e-05,False,True,search,,,,,,,,,,,,,,,,0.0008504579309374094,,,,
uci,3,v2,dsr_c1c2,0.95,45,decoded_banded,decoded_banded,riemannian,False,8040,8040,0.0002127089537680149,0.010628334013745189,6.616709288209677e-05,False,True,search,,,,,,,,,,,,,,,,0.0008685829816386104,,,,
uci,3,v2,dsr_c1c2,0.95,47,decoded_banded,decoded_banded,riemannian,False,8040,8040,0.0002127089537680149,0.010628334013745189,6.616709288209677e-05,False,True,search,,,,,,,,,,,,,,,,0.0008662909967824817,,,,
uci,3,v2,dsr_c1c2,0.95,48,decoded_banded,decoded_banded,riemannian,False,8040,8040,0.0002127089537680149,0.010628334013745189,6.616709288209677e-05,False,True,search,,,,,,,,,,,,,,,,0.0009524170309305191,,,,
uci,3,v2,dsr_c1c2,0.95,52,decoded_banded,decoded_banded,riemannian,False,8040,8040,0.0002127089537680149,0.010628334013745189,6.616709288209677e-05,False,True,search,,,,,,,,,,,,,,,,0.0008728340035304427,,,,
uci,3,v2,dsr_c1c2,0.95,56,decoded_banded,decoded_banded,riemannian,False,8040,8040,0.0002127089537680149,0.010628334013745189,6.616709288209677e-05,False,True,search,,,,,,,,,,,,,,,,0.0008606669725850224,,,,
uci,3,v2,dsr_full,0.95,5,decoded_naive,decoded_banded,riemannian,True,6914,8040,0.0003185409586876631,0.010628334013745189,6.616709288209677e-05,False,True,search,,,,,,,,,,,,,,,,0.0009080410236492753,,,,
uci,3,v2,dsr_full,0.95,7,decoded_naive,decoded_banded,riemannian,True,6914,8040,0.0003185409586876631,0.010628334013745189,6.616709288209677e-05,False,True,search,,,,,,,,,,,,,,,,0.0009166250238195062,,,,
uci,3,v2,dsr_full,0.95,10,decoded_naive,decoded_banded,riemannian,True,6914,8040,0.0003185409586876631,0.010628334013745189,6.616709288209677e-05,False,True,search,,,,,,,,,,,,,,,,0.0009211249416694045,,,,
uci,3,v2,dsr_full,0.95,12,decoded_naive,decoded_banded,riemannian,True,6914,8040,0.0003185409586876631,0.010628334013745189,6.616709288209677e-05,False,True,search,,,,,,,,,,,,,,,,0.0009333329508081079,,,,
uci,3,v2,dsr_full,0.95,13,decoded_naive,decoded_banded,riemannian,True,6914,8040,0.0003185409586876631,0.010628334013745189,6.616709288209677e-05,False,True,search,,,,,,,,,,,,,,,,0.0008764999220147729,,,,
uci,3,v2,dsr_full,0.95,16,decoded_naive,decoded_banded,riemannian,True,6914,8040,0.0003185409586876631,0.010628334013745189,6.616709288209677e-05,False,True,search,,,,,,,,,,,,,,,,0.0008713329443708062,,,,
uci,3,v2,dsr_full,0.95,20,decoded_naive,decoded_banded,riemannian,True,6914,8040,0.0003185409586876631,0.010628334013745189,6.616709288209677e-05,False,True,repair,failed,0.0,3.0,"step 1 still violates after 3 repair iterations (triggered by {'immutable': False, 'non_decreasing': True, 'age_horizon': True, 'directional': True})",,,,,,,,,,,,0.0012047500349581242,False,True,True,True
uci,3,v2,dsr_full,0.95,22,decoded_naive,decoded_banded,riemannian,True,6914,8040,0.0003185409586876631,0.010628334013745189,6.616709288209677e-05,False,True,search,,,,,,,,,,,,,,,,0.0009287080029025674,,,,
uci,3,v2,dsr_full,0.95,23,decoded_naive,decoded_banded,riemannian,True,6914,8040,0.0003185409586876631,0.010628334013745189,6.616709288209677e-05,False,True,search,,,,,,,,,,,,,,,,0.0009604590013623238,,,,
uci,3,v2,dsr_full,0.95,25,decoded_naive,decoded_banded,riemannian,True,6914,8040,0.0003185409586876631,0.010628334013745189,6.616709288209677e-05,False,True,search,,,,,,,,,,,,,,,,0.0009348749881610274,,,,
uci,3,v2,dsr_full,0.95,30,decoded_naive,decoded_banded,riemannian,True,6914,8040,0.0003185409586876631,0.010628334013745189,6.616709288209677e-05,False,True,search,,,,,,,,,,,,,,,,0.0010337081039324403,,,,
uci,3,v2,dsr_full,0.95,33,decoded_naive,decoded_banded,riemannian,True,6914,8040,0.0003185409586876631,0.010628334013745189,6.616709288209677e-05,False,True,search,,,,,,,,,,,,,,,,0.0009199579944834113,,,,
uci,3,v2,dsr_full,0.95,39,decoded_naive,decoded_banded,riemannian,True,6914,8040,0.0003185409586876631,0.010628334013745189,6.616709288209677e-05,False,True,search,,,,,,,,,,,,,,,,0.0008987500332295895,,,,
uci,3,v2,dsr_full,0.95,40,decoded_naive,decoded_banded,riemannian,True,6914,8040,0.0003185409586876631,0.010628334013745189,6.616709288209677e-05,False,True,repair,failed,0.0,3.0,"step 1 still violates after 3 repair iterations (triggered by {'immutable': False, 'non_decreasing': True, 'age_horizon': True, 'directional': True})",,,,,,,,,,,,0.0012168340617790818,False,True,True,True
uci,3,v2,dsr_full,0.95,41,decoded_naive,decoded_banded,riemannian,True,6914,8040,0.0003185409586876631,0.010628334013745189,6.616709288209677e-05,False,True,search,,,,,,,,,,,,,,,,0.0009235410252586007,,,,
uci,3,v2,dsr_full,0.95,45,decoded_naive,decoded_banded,riemannian,True,6914,8040,0.0003185409586876631,0.010628334013745189,6.616709288209677e-05,False,True,search,,,,,,,,,,,,,,,,0.0008886669529601932,,,,
uci,3,v2,dsr_full,0.95,47,decoded_naive,decoded_banded,riemannian,True,6914,8040,0.0003185409586876631,0.010628334013745189,6.616709288209677e-05,False,True,search,,,,,,,,,,,,,,,,0.0008822920499369502,,,,
uci,3,v2,dsr_full,0.95,48,decoded_naive,decoded_banded,riemannian,True,6914,8040,0.0003185409586876631,0.010628334013745189,6.616709288209677e-05,False,True,search,,,,,,,,,,,,,,,,0.0010049170814454556,,,,
uci,3,v2,dsr_full,0.95,52,decoded_naive,decoded_banded,riemannian,True,6914,8040,0.0003185409586876631,0.010628334013745189,6.616709288209677e-05,False,True,search,,,,,,,,,,,,,,,,0.000871166936121881,,,,
uci,3,v2,dsr_full,0.95,56,decoded_naive,decoded_banded,riemannian,True,6914,8040,0.0003185409586876631,0.010628334013745189,6.616709288209677e-05,False,True,search,,,,,,,,,,,,,,,,0.0008744579972699285,,,,
uci,3,v2,dsr_full_euclidean,0.95,5,decoded_naive,decoded_banded,euclidean,True,6914,8040,0.0003076250432059169,0.010628334013745189,6.616709288209677e-05,False,True,search,,,,,,,,,,,,,,,,0.0009073750115931034,,,,
uci,3,v2,dsr_full_euclidean,0.95,7,decoded_naive,decoded_banded,euclidean,True,6914,8040,0.0003076250432059169,0.010628334013745189,6.616709288209677e-05,False,True,search,,,,,,,,,,,,,,,,0.0008816251065582037,,,,
uci,3,v2,dsr_full_euclidean,0.95,10,decoded_naive,decoded_banded,euclidean,True,6914,8040,0.0003076250432059169,0.010628334013745189,6.616709288209677e-05,False,True,search,,,,,,,,,,,,,,,,0.0008832919411361217,,,,
uci,3,v2,dsr_full_euclidean,0.95,12,decoded_naive,decoded_banded,euclidean,True,6914,8040,0.0003076250432059169,0.010628334013745189,6.616709288209677e-05,False,True,search,,,,,,,,,,,,,,,,0.0024179168976843357,,,,
uci,3,v2,dsr_full_euclidean,0.95,13,decoded_naive,decoded_banded,euclidean,True,6914,8040,0.0003076250432059169,0.010628334013745189,6.616709288209677e-05,False,True,search,,,,,,,,,,,,,,,,0.0010860839392989874,,,,
uci,3,v2,dsr_full_euclidean,0.95,16,decoded_naive,decoded_banded,euclidean,True,6914,8040,0.0003076250432059169,0.010628334013745189,6.616709288209677e-05,False,True,search,,,,,,,,,,,,,,,,0.0009230000432580709,,,,
uci,3,v2,dsr_full_euclidean,0.95,20,decoded_naive,decoded_banded,euclidean,True,6914,8040,0.0003076250432059169,0.010628334013745189,6.616709288209677e-05,False,True,repair,failed,0.0,3.0,"step 1 still violates after 3 repair iterations (triggered by {'immutable': False, 'non_decreasing': True, 'age_horizon': True, 'directional': True})",,,,,,,,,,,,0.001209916896186769,False,True,True,True
uci,3,v2,dsr_full_euclidean,0.95,22,decoded_naive,decoded_banded,euclidean,True,6914,8040,0.0003076250432059169,0.010628334013745189,6.616709288209677e-05,False,True,search,,,,,,,,,,,,,,,,0.0009247080888599157,,,,
uci,3,v2,dsr_full_euclidean,0.95,23,decoded_naive,decoded_banded,euclidean,True,6914,8040,0.0003076250432059169,0.010628334013745189,6.616709288209677e-05,False,True,search,,,,,,,,,,,,,,,,0.0008949160110205412,,,,
uci,3,v2,dsr_full_euclidean,0.95,25,decoded_naive,decoded_banded,euclidean,True,6914,8040,0.0003076250432059169,0.010628334013745189,6.616709288209677e-05,False,True,search,,,,,,,,,,,,,,,,0.0008834580658003688,,,,
uci,3,v2,dsr_full_euclidean,0.95,30,decoded_naive,decoded_banded,euclidean,True,6914,8040,0.0003076250432059169,0.010628334013745189,6.616709288209677e-05,False,True,search,,,,,,,,,,,,,,,,0.0009465410839766264,,,,
uci,3,v2,dsr_full_euclidean,0.95,33,decoded_naive,decoded_banded,euclidean,True,6914,8040,0.0003076250432059169,0.010628334013745189,6.616709288209677e-05,False,True,search,,,,,,,,,,,,,,,,0.0008695420110598207,,,,
uci,3,v2,dsr_full_euclidean,0.95,39,decoded_naive,decoded_banded,euclidean,True,6914,8040,0.0003076250432059169,0.010628334013745189,6.616709288209677e-05,False,True,search,,,,,,,,,,,,,,,,0.0009163749637082219,,,,
uci,3,v2,dsr_full_euclidean,0.95,40,decoded_naive,decoded_banded,euclidean,True,6914,8040,0.0003076250432059169,0.010628334013745189,6.616709288209677e-05,False,True,repair,failed,0.0,3.0,"step 1 still violates after 3 repair iterations (triggered by {'immutable': False, 'non_decreasing': True, 'age_horizon': True, 'directional': True})",,,,,,,,,,,,0.001187833957374096,False,True,True,True
uci,3,v2,dsr_full_euclidean,0.95,41,decoded_naive,decoded_banded,euclidean,True,6914,8040,0.0003076250432059169,0.010628334013745189,6.616709288209677e-05,False,True,search,,,,,,,,,,,,,,,,0.0008852080209180713,,,,
uci,3,v2,dsr_full_euclidean,0.95,45,decoded_naive,decoded_banded,euclidean,True,6914,8040,0.0003076250432059169,0.010628334013745189,6.616709288209677e-05,False,True,search,,,,,,,,,,,,,,,,0.000876000034622848,,,,
uci,3,v2,dsr_full_euclidean,0.95,47,decoded_naive,decoded_banded,euclidean,True,6914,8040,0.0003076250432059169,0.010628334013745189,6.616709288209677e-05,False,True,search,,,,,,,,,,,,,,,,0.0008910000324249268,,,,
uci,3,v2,dsr_full_euclidean,0.95,48,decoded_naive,decoded_banded,euclidean,True,6914,8040,0.0003076250432059169,0.010628334013745189,6.616709288209677e-05,False,True,search,,,,,,,,,,,,,,,,0.0009274999611079693,,,,
uci,3,v2,dsr_full_euclidean,0.95,52,decoded_naive,decoded_banded,euclidean,True,6914,8040,0.0003076250432059169,0.010628334013745189,6.616709288209677e-05,False,True,search,,,,,,,,,,,,,,,,0.0008901660330593586,,,,
uci,3,v2,dsr_full_euclidean,0.95,56,decoded_naive,decoded_banded,euclidean,True,6914,8040,0.0003076250432059169,0.010628334013745189,6.616709288209677e-05,False,True,search,,,,,,,,,,,,,,,,0.0008617079583927989,,,,
uci,3,v2,dsr_bands_no_identity,0.95,5,banded_no_identity,banded_no_identity,riemannian,False,8040,8040,0.00022941699717193842,0.010628334013745189,6.616709288209677e-05,False,True,search,,,,,,,,,,,,,,,,0.0008448750013485551,,,,
uci,3,v2,dsr_bands_no_identity,0.95,7,banded_no_identity,banded_no_identity,riemannian,False,8040,8040,0.00022941699717193842,0.010628334013745189,6.616709288209677e-05,False,True,search,,,,,,,,,,,,,,,,0.000854582991451025,,,,
uci,3,v2,dsr_bands_no_identity,0.95,10,banded_no_identity,banded_no_identity,riemannian,False,8040,8040,0.00022941699717193842,0.010628334013745189,6.616709288209677e-05,False,True,search,,,,,,,,,,,,,,,,0.0008450420573353767,,,,
uci,3,v2,dsr_bands_no_identity,0.95,12,banded_no_identity,banded_no_identity,riemannian,False,8040,8040,0.00022941699717193842,0.010628334013745189,6.616709288209677e-05,False,True,search,,,,,,,,,,,,,,,,0.0009118339512497187,,,,
uci,3,v2,dsr_bands_no_identity,0.95,13,banded_no_identity,banded_no_identity,riemannian,False,8040,8040,0.00022941699717193842,0.010628334013745189,6.616709288209677e-05,False,True,search,,,,,,,,,,,,,,,,0.0008467090083286166,,,,
uci,3,v2,dsr_bands_no_identity,0.95,16,banded_no_identity,banded_no_identity,riemannian,False,8040,8040,0.00022941699717193842,0.010628334013745189,6.616709288209677e-05,False,True,search,,,,,,,,,,,,,,,,0.0008537910180166364,,,,
uci,3,v2,dsr_bands_no_identity,0.95,20,banded_no_identity,banded_no_identity,riemannian,False,8040,8040,0.00022941699717193842,0.010628334013745189,6.616709288209677e-05,False,True,search,,,,,,,,,,,,,,,,0.0008900420507416129,,,,
uci,3,v2,dsr_bands_no_identity,0.95,22,banded_no_identity,banded_no_identity,riemannian,False,8040,8040,0.00022941699717193842,0.010628334013745189,6.616709288209677e-05,False,True,search,,,,,,,,,,,,,,,,0.0008575830142945051,,,,
uci,3,v2,dsr_bands_no_identity,0.95,23,banded_no_identity,banded_no_identity,riemannian,False,8040,8040,0.00022941699717193842,0.010628334013745189,6.616709288209677e-05,False,True,search,,,,,,,,,,,,,,,,0.0008590830257162452,,,,
uci,3,v2,dsr_bands_no_identity,0.95,25,banded_no_identity,banded_no_identity,riemannian,False,8040,8040,0.00022941699717193842,0.010628334013745189,6.616709288209677e-05,False,True,search,,,,,,,,,,,,,,,,0.0008504590950906277,,,,
uci,3,v2,dsr_bands_no_identity,0.95,30,banded_no_identity,banded_no_identity,riemannian,False,8040,8040,0.00022941699717193842,0.010628334013745189,6.616709288209677e-05,False,True,search,,,,,,,,,,,,,,,,0.0009326249128207564,,,,
uci,3,v2,dsr_bands_no_identity,0.95,33,banded_no_identity,banded_no_identity,riemannian,False,8040,8040,0.00022941699717193842,0.010628334013745189,6.616709288209677e-05,False,True,search,,,,,,,,,,,,,,,,0.000877083046361804,,,,
uci,3,v2,dsr_bands_no_identity,0.95,39,banded_no_identity,banded_no_identity,riemannian,False,8040,8040,0.00022941699717193842,0.010628334013745189,6.616709288209677e-05,False,True,search,,,,,,,,,,,,,,,,0.0008437080541625619,,,,
uci,3,v2,dsr_bands_no_identity,0.95,40,banded_no_identity,banded_no_identity,riemannian,False,8040,8040,0.00022941699717193842,0.010628334013745189,6.616709288209677e-05,False,True,search,,,,,,,,,,,,,,,,0.0008497500093653798,,,,
uci,3,v2,dsr_bands_no_identity,0.95,41,banded_no_identity,banded_no_identity,riemannian,False,8040,8040,0.00022941699717193842,0.010628334013745189,6.616709288209677e-05,False,True,search,,,,,,,,,,,,,,,,0.0008471249602735043,,,,
uci,3,v2,dsr_bands_no_identity,0.95,45,banded_no_identity,banded_no_identity,riemannian,False,8040,8040,0.00022941699717193842,0.010628334013745189,6.616709288209677e-05,False,True,search,,,,,,,,,,,,,,,,0.0008472079643979669,,,,
uci,3,v2,dsr_bands_no_identity,0.95,47,banded_no_identity,banded_no_identity,riemannian,False,8040,8040,0.00022941699717193842,0.010628334013745189,6.616709288209677e-05,False,True,search,,,,,,,,,,,,,,,,0.000851208926178515,,,,
uci,3,v2,dsr_bands_no_identity,0.95,48,banded_no_identity,banded_no_identity,riemannian,False,8040,8040,0.00022941699717193842,0.010628334013745189,6.616709288209677e-05,False,True,search,,,,,,,,,,,,,,,,0.0009185830131173134,,,,
uci,3,v2,dsr_bands_no_identity,0.95,52,banded_no_identity,banded_no_identity,riemannian,False,8040,8040,0.00022941699717193842,0.010628334013745189,6.616709288209677e-05,False,True,search,,,,,,,,,,,,,,,,0.0008996250107884407,,,,
uci,3,v2,dsr_bands_no_identity,0.95,56,banded_no_identity,banded_no_identity,riemannian,False,8040,8040,0.00022941699717193842,0.010628334013745189,6.616709288209677e-05,False,True,search,,,,,,,,,,,,,,,,0.0008501670090481639,,,,
uci,4,v2,old_latent_pruning,0.95,3,raw,raw,riemannian,False,8018,8040,0.00026695895940065384,0.008963083033449948,6.054097320884466e-05,True,False,,not_attempted,0.0,0.0,,"[201, 161]",2.0,0.9952611923217773,True,True,False,True,False,False,-7.472085585064292,3.6045727729797363,0.0010412089759483933,,,,
uci,4,v2,old_latent_pruning,0.95,4,raw,raw,riemannian,False,8018,8040,0.00026695895940065384,0.008963083033449948,6.054097320884466e-05,False,True,search,,,,,,,,,,,,,,,,0.0009474999969825149,,,,
uci,4,v2,old_latent_pruning,0.95,5,raw,raw,riemannian,False,8018,8040,0.00026695895940065384,0.008963083033449948,6.054097320884466e-05,True,False,,not_attempted,0.0,0.0,,"[201, 161]",2.0,1.06747567653656,True,True,False,True,False,False,-7.434102334889454,3.242839813232422,0.0009493749821558595,,,,
uci,4,v2,old_latent_pruning,0.95,6,raw,raw,riemannian,False,8018,8040,0.00026695895940065384,0.008963083033449948,6.054097320884466e-05,True,False,,not_attempted,0.0,0.0,,"[201, 23]",2.0,0.8641254901885986,True,True,False,True,False,False,-7.298529493134986,2.729602813720703,0.0010034169536083937,,,,
uci,4,v2,old_latent_pruning,0.95,11,raw,raw,riemannian,False,8018,8040,0.00026695895940065384,0.008963083033449948,6.054097320884466e-05,False,True,search,,,,,,,,,,,,,,,,0.0009241249645128846,,,,
uci,4,v2,old_latent_pruning,0.95,14,raw,raw,riemannian,False,8018,8040,0.00026695895940065384,0.008963083033449948,6.054097320884466e-05,False,True,search,,,,,,,,,,,,,,,,0.0008755000308156013,,,,
uci,4,v2,old_latent_pruning,0.95,16,raw,raw,riemannian,False,8018,8040,0.00026695895940065384,0.008963083033449948,6.054097320884466e-05,False,True,search,,,,,,,,,,,,,,,,0.000927999964915216,,,,
uci,4,v2,old_latent_pruning,0.95,17,raw,raw,riemannian,False,8018,8040,0.00026695895940065384,0.008963083033449948,6.054097320884466e-05,False,True,search,,,,,,,,,,,,,,,,0.0008599590510129929,,,,
uci,4,v2,old_latent_pruning,0.95,19,raw,raw,riemannian,False,8018,8040,0.00026695895940065384,0.008963083033449948,6.054097320884466e-05,False,True,search,,,,,,,,,,,,,,,,0.0008795410394668579,,,,
uci,4,v2,old_latent_pruning,0.95,20,raw,raw,riemannian,False,8018,8040,0.00026695895940065384,0.008963083033449948,6.054097320884466e-05,False,True,search,,,,,,,,,,,,,,,,0.0009213330922648311,,,,
uci,4,v2,old_latent_pruning,0.95,23,raw,raw,riemannian,False,8018,8040,0.00026695895940065384,0.008963083033449948,6.054097320884466e-05,False,True,search,,,,,,,,,,,,,,,,0.0009430000791326165,,,,
uci,4,v2,old_latent_pruning,0.95,27,raw,raw,riemannian,False,8018,8040,0.00026695895940065384,0.008963083033449948,6.054097320884466e-05,False,True,search,,,,,,,,,,,,,,,,0.0008559579728171229,,,,
uci,4,v2,old_latent_pruning,0.95,31,raw,raw,riemannian,False,8018,8040,0.00026695895940065384,0.008963083033449948,6.054097320884466e-05,True,False,,not_attempted,0.0,0.0,,"[201, 161]",2.0,0.48903489112854004,True,True,False,True,False,False,-7.1885931051410195,1.7136813402175903,0.0008785410318523645,,,,
uci,4,v2,old_latent_pruning,0.95,32,raw,raw,riemannian,False,8018,8040,0.00026695895940065384,0.008963083033449948,6.054097320884466e-05,False,True,search,,,,,,,,,,,,,,,,0.0009248750284314156,,,,
uci,4,v2,old_latent_pruning,0.95,33,raw,raw,riemannian,False,8018,8040,0.00026695895940065384,0.008963083033449948,6.054097320884466e-05,False,True,search,,,,,,,,,,,,,,,,0.0008963749278336763,,,,
uci,4,v2,old_latent_pruning,0.95,34,raw,raw,riemannian,False,8018,8040,0.00026695895940065384,0.008963083033449948,6.054097320884466e-05,False,True,search,,,,,,,,,,,,,,,,0.0008727079257369041,,,,
uci,4,v2,old_latent_pruning,0.95,36,raw,raw,riemannian,False,8018,8040,0.00026695895940065384,0.008963083033449948,6.054097320884466e-05,False,True,search,,,,,,,,,,,,,,,,0.0008599580032750964,,,,
uci,4,v2,old_latent_pruning,0.95,37,raw,raw,riemannian,False,8018,8040,0.00026695895940065384,0.008963083033449948,6.054097320884466e-05,True,False,,not_attempted,0.0,0.0,,"[201, 188]",2.0,1.083317518234253,True,True,False,True,False,False,-7.4502070924676165,3.588592052459717,0.0009517080616205931,,,,
uci,4,v2,old_latent_pruning,0.95,38,raw,raw,riemannian,False,8018,8040,0.00026695895940065384,0.008963083033449948,6.054097320884466e-05,False,True,search,,,,,,,,,,,,,,,,0.0008985829772427678,,,,
uci,4,v2,old_latent_pruning,0.95,40,raw,raw,riemannian,False,8018,8040,0.00026695895940065384,0.008963083033449948,6.054097320884466e-05,False,True,search,,,,,,,,,,,,,,,,0.000888375099748373,,,,
uci,4,v2,old_latent_pruning,0.95,42,raw,raw,riemannian,False,8018,8040,0.00026695895940065384,0.008963083033449948,6.054097320884466e-05,False,True,search,,,,,,,,,,,,,,,,0.0008563329465687275,,,,
uci,4,v2,old_latent_pruning,0.95,44,raw,raw,riemannian,False,8018,8040,0.00026695895940065384,0.008963083033449948,6.054097320884466e-05,False,True,search,,,,,,,,,,,,,,,,0.0008900000248104334,,,,
uci,4,v2,old_latent_pruning,0.95,45,raw,raw,riemannian,False,8018,8040,0.00026695895940065384,0.008963083033449948,6.054097320884466e-05,False,True,search,,,,,,,,,,,,,,,,0.0008556250249966979,,,,
uci,4,v2,old_latent_pruning,0.95,57,raw,raw,riemannian,False,8018,8040,0.00026695895940065384,0.008963083033449948,6.054097320884466e-05,False,True,search,,,,,,,,,,,,,,,,0.0008496250957250595,,,,
uci,4,v2,old_latent_pruning,0.95,58,raw,raw,riemannian,False,8018,8040,0.00026695895940065384,0.008963083033449948,6.054097320884466e-05,False,True,search,,,,,,,,,,,,,,,,0.0009534580167382956,,,,
uci,4,v2,old_latent_pruning,0.95,59,raw,raw,riemannian,False,8018,8040,0.00026695895940065384,0.008963083033449948,6.054097320884466e-05,True,False,,not_attempted,0.0,0.0,,"[201, 170]",2.0,0.6522201895713806,True,True,True,True,False,False,-6.888114856078458,2.1373207569122314,0.0009155831066891551,,,,
uci,4,v2,dsr_c1,0.95,3,decoded_naive,decoded_naive,riemannian,False,6488,8040,0.0003393749939277768,0.008963083033449948,6.054097320884466e-05,False,True,search,,,,,,,,,,,,,,,,0.000898290891200304,,,,
uci,4,v2,dsr_c1,0.95,4,decoded_naive,decoded_naive,riemannian,False,6488,8040,0.0003393749939277768,0.008963083033449948,6.054097320884466e-05,False,True,search,,,,,,,,,,,,,,,,0.0008986670291051269,,,,
uci,4,v2,dsr_c1,0.95,5,decoded_naive,decoded_naive,riemannian,False,6488,8040,0.0003393749939277768,0.008963083033449948,6.054097320884466e-05,False,True,search,,,,,,,,,,,,,,,,0.0009135419968515635,,,,
uci,4,v2,dsr_c1,0.95,6,decoded_naive,decoded_naive,riemannian,False,6488,8040,0.0003393749939277768,0.008963083033449948,6.054097320884466e-05,False,True,search,,,,,,,,,,,,,,,,0.0008895000210031867,,,,
uci,4,v2,dsr_c1,0.95,11,decoded_naive,decoded_naive,riemannian,False,6488,8040,0.0003393749939277768,0.008963083033449948,6.054097320884466e-05,False,True,search,,,,,,,,,,,,,,,,0.0009518750011920929,,,,
uci,4,v2,dsr_c1,0.95,14,decoded_naive,decoded_naive,riemannian,False,6488,8040,0.0003393749939277768,0.008963083033449948,6.054097320884466e-05,False,True,search,,,,,,,,,,,,,,,,0.0009750419994816184,,,,
uci,4,v2,dsr_c1,0.95,16,decoded_naive,decoded_naive,riemannian,False,6488,8040,0.0003393749939277768,0.008963083033449948,6.054097320884466e-05,False,True,search,,,,,,,,,,,,,,,,0.0014062089612707496,,,,
uci,4,v2,dsr_c1,0.95,17,decoded_naive,decoded_naive,riemannian,False,6488,8040,0.0003393749939277768,0.008963083033449948,6.054097320884466e-05,False,True,search,,,,,,,,,,,,,,,,0.0010490840068086982,,,,
uci,4,v2,dsr_c1,0.95,19,decoded_naive,decoded_naive,riemannian,False,6488,8040,0.0003393749939277768,0.008963083033449948,6.054097320884466e-05,False,True,search,,,,,,,,,,,,,,,,0.0010409579845145345,,,,
uci,4,v2,dsr_c1,0.95,20,decoded_naive,decoded_naive,riemannian,False,6488,8040,0.0003393749939277768,0.008963083033449948,6.054097320884466e-05,False,True,search,,,,,,,,,,,,,,,,0.0010058749467134476,,,,
uci,4,v2,dsr_c1,0.95,23,decoded_naive,decoded_naive,riemannian,False,6488,8040,0.0003393749939277768,0.008963083033449948,6.054097320884466e-05,False,True,search,,,,,,,,,,,,,,,,0.001007166923955083,,,,
uci,4,v2,dsr_c1,0.95,27,decoded_naive,decoded_naive,riemannian,False,6488,8040,0.0003393749939277768,0.008963083033449948,6.054097320884466e-05,False,True,search,,,,,,,,,,,,,,,,0.0009915829868987203,,,,
uci,4,v2,dsr_c1,0.95,31,decoded_naive,decoded_naive,riemannian,False,6488,8040,0.0003393749939277768,0.008963083033449948,6.054097320884466e-05,False,True,search,,,,,,,,,,,,,,,,0.0009746670257300138,,,,
uci,4,v2,dsr_c1,0.95,32,decoded_naive,decoded_naive,riemannian,False,6488,8040,0.0003393749939277768,0.008963083033449948,6.054097320884466e-05,False,True,search,,,,,,,,,,,,,,,,0.0009354579960927367,,,,
uci,4,v2,dsr_c1,0.95,33,decoded_naive,decoded_naive,riemannian,False,6488,8040,0.0003393749939277768,0.008963083033449948,6.054097320884466e-05,False,True,search,,,,,,,,,,,,,,,,0.0013264999724924564,,,,
uci,4,v2,dsr_c1,0.95,34,decoded_naive,decoded_naive,riemannian,False,6488,8040,0.0003393749939277768,0.008963083033449948,6.054097320884466e-05,False,True,search,,,,,,,,,,,,,,,,0.0010436250595375896,,,,
uci,4,v2,dsr_c1,0.95,36,decoded_naive,decoded_naive,riemannian,False,6488,8040,0.0003393749939277768,0.008963083033449948,6.054097320884466e-05,False,True,search,,,,,,,,,,,,,,,,0.0013083749217912555,,,,
uci,4,v2,dsr_c1,0.95,37,decoded_naive,decoded_naive,riemannian,False,6488,8040,0.0003393749939277768,0.008963083033449948,6.054097320884466e-05,False,True,search,,,,,,,,,,,,,,,,0.0011753750732168555,,,,
uci,4,v2,dsr_c1,0.95,38,decoded_naive,decoded_naive,riemannian,False,6488,8040,0.0003393749939277768,0.008963083033449948,6.054097320884466e-05,False,True,search,,,,,,,,,,,,,,,,0.0012028750497847795,,,,
uci,4,v2,dsr_c1,0.95,40,decoded_naive,decoded_naive,riemannian,False,6488,8040,0.0003393749939277768,0.008963083033449948,6.054097320884466e-05,False,True,search,,,,,,,,,,,,,,,,0.0011097920360043645,,,,
uci,4,v2,dsr_c1,0.95,42,decoded_naive,decoded_naive,riemannian,False,6488,8040,0.0003393749939277768,0.008963083033449948,6.054097320884466e-05,False,True,search,,,,,,,,,,,,,,,,0.0009960830211639404,,,,
uci,4,v2,dsr_c1,0.95,44,decoded_naive,decoded_naive,riemannian,False,6488,8040,0.0003393749939277768,0.008963083033449948,6.054097320884466e-05,False,True,search,,,,,,,,,,,,,,,,0.0009568750392645597,,,,
uci,4,v2,dsr_c1,0.95,45,decoded_naive,decoded_naive,riemannian,False,6488,8040,0.0003393749939277768,0.008963083033449948,6.054097320884466e-05,False,True,search,,,,,,,,,,,,,,,,0.000930959009565413,,,,
uci,4,v2,dsr_c1,0.95,57,decoded_naive,decoded_naive,riemannian,False,6488,8040,0.0003393749939277768,0.008963083033449948,6.054097320884466e-05,False,True,search,,,,,,,,,,,,,,,,0.0015935840783640742,,,,
uci,4,v2,dsr_c1,0.95,58,decoded_naive,decoded_naive,riemannian,False,6488,8040,0.0003393749939277768,0.008963083033449948,6.054097320884466e-05,False,True,search,,,,,,,,,,,,,,,,0.0011129999766126275,,,,
uci,4,v2,dsr_c1,0.95,59,decoded_naive,decoded_naive,riemannian,False,6488,8040,0.0003393749939277768,0.008963083033449948,6.054097320884466e-05,False,True,search,,,,,,,,,,,,,,,,0.001030915998853743,,,,
uci,4,v2,dsr_c1c2,0.95,3,decoded_banded,decoded_banded,riemannian,False,8040,8040,0.00021566706709563732,0.008963083033449948,6.054097320884466e-05,False,True,search,,,,,,,,,,,,,,,,0.0009847909677773714,,,,
uci,4,v2,dsr_c1c2,0.95,4,decoded_banded,decoded_banded,riemannian,False,8040,8040,0.00021566706709563732,0.008963083033449948,6.054097320884466e-05,False,True,search,,,,,,,,,,,,,,,,0.0009739999659359455,,,,
uci,4,v2,dsr_c1c2,0.95,5,decoded_banded,decoded_banded,riemannian,False,8040,8040,0.00021566706709563732,0.008963083033449948,6.054097320884466e-05,False,True,search,,,,,,,,,,,,,,,,0.000896874931640923,,,,
uci,4,v2,dsr_c1c2,0.95,6,decoded_banded,decoded_banded,riemannian,False,8040,8040,0.00021566706709563732,0.008963083033449948,6.054097320884466e-05,False,True,search,,,,,,,,,,,,,,,,0.0008953340584412217,,,,
uci,4,v2,dsr_c1c2,0.95,11,decoded_banded,decoded_banded,riemannian,False,8040,8040,0.00021566706709563732,0.008963083033449948,6.054097320884466e-05,False,True,search,,,,,,,,,,,,,,,,0.0008477499941363931,,,,
uci,4,v2,dsr_c1c2,0.95,14,decoded_banded,decoded_banded,riemannian,False,8040,8040,0.00021566706709563732,0.008963083033449948,6.054097320884466e-05,False,True,search,,,,,,,,,,,,,,,,0.0009111250983551145,,,,
uci,4,v2,dsr_c1c2,0.95,16,decoded_banded,decoded_banded,riemannian,False,8040,8040,0.00021566706709563732,0.008963083033449948,6.054097320884466e-05,False,True,search,,,,,,,,,,,,,,,,0.0008923329878598452,,,,
uci,4,v2,dsr_c1c2,0.95,17,decoded_banded,decoded_banded,riemannian,False,8040,8040,0.00021566706709563732,0.008963083033449948,6.054097320884466e-05,False,True,search,,,,,,,,,,,,,,,,0.0008795829489827156,,,,
uci,4,v2,dsr_c1c2,0.95,19,decoded_banded,decoded_banded,riemannian,False,8040,8040,0.00021566706709563732,0.008963083033449948,6.054097320884466e-05,False,True,search,,,,,,,,,,,,,,,,0.0008767910767346621,,,,
uci,4,v2,dsr_c1c2,0.95,20,decoded_banded,decoded_banded,riemannian,False,8040,8040,0.00021566706709563732,0.008963083033449948,6.054097320884466e-05,False,True,search,,,,,,,,,,,,,,,,0.0008952919160947204,,,,
uci,4,v2,dsr_c1c2,0.95,23,decoded_banded,decoded_banded,riemannian,False,8040,8040,0.00021566706709563732,0.008963083033449948,6.054097320884466e-05,False,True,search,,,,,,,,,,,,,,,,0.0008561670547351241,,,,
uci,4,v2,dsr_c1c2,0.95,27,decoded_banded,decoded_banded,riemannian,False,8040,8040,0.00021566706709563732,0.008963083033449948,6.054097320884466e-05,False,True,search,,,,,,,,,,,,,,,,0.000853499979712069,,,,
uci,4,v2,dsr_c1c2,0.95,31,decoded_banded,decoded_banded,riemannian,False,8040,8040,0.00021566706709563732,0.008963083033449948,6.054097320884466e-05,False,True,search,,,,,,,,,,,,,,,,0.0009206669637933373,,,,
uci,4,v2,dsr_c1c2,0.95,32,decoded_banded,decoded_banded,riemannian,False,8040,8040,0.00021566706709563732,0.008963083033449948,6.054097320884466e-05,False,True,search,,,,,,,,,,,,,,,,0.0008421660168096423,,,,
uci,4,v2,dsr_c1c2,0.95,33,decoded_banded,decoded_banded,riemannian,False,8040,8040,0.00021566706709563732,0.008963083033449948,6.054097320884466e-05,False,True,search,,,,,,,,,,,,,,,,0.0008483750279992819,,,,
uci,4,v2,dsr_c1c2,0.95,34,decoded_banded,decoded_banded,riemannian,False,8040,8040,0.00021566706709563732,0.008963083033449948,6.054097320884466e-05,False,True,search,,,,,,,,,,,,,,,,0.000903083011507988,,,,
uci,4,v2,dsr_c1c2,0.95,36,decoded_banded,decoded_banded,riemannian,False,8040,8040,0.00021566706709563732,0.008963083033449948,6.054097320884466e-05,False,True,search,,,,,,,,,,,,,,,,0.0009163329377770424,,,,
uci,4,v2,dsr_c1c2,0.95,37,decoded_banded,decoded_banded,riemannian,False,8040,8040,0.00021566706709563732,0.008963083033449948,6.054097320884466e-05,False,True,search,,,,,,,,,,,,,,,,0.0008671670220792294,,,,
uci,4,v2,dsr_c1c2,0.95,38,decoded_banded,decoded_banded,riemannian,False,8040,8040,0.00021566706709563732,0.008963083033449948,6.054097320884466e-05,False,True,search,,,,,,,,,,,,,,,,0.000853958074003458,,,,
uci,4,v2,dsr_c1c2,0.95,40,decoded_banded,decoded_banded,riemannian,False,8040,8040,0.00021566706709563732,0.008963083033449948,6.054097320884466e-05,False,True,search,,,,,,,,,,,,,,,,0.0008897919906303287,,,,
uci,4,v2,dsr_c1c2,0.95,42,decoded_banded,decoded_banded,riemannian,False,8040,8040,0.00021566706709563732,0.008963083033449948,6.054097320884466e-05,False,True,search,,,,,,,,,,,,,,,,0.0008579579880461097,,,,
uci,4,v2,dsr_c1c2,0.95,44,decoded_banded,decoded_banded,riemannian,False,8040,8040,0.00021566706709563732,0.008963083033449948,6.054097320884466e-05,False,True,search,,,,,,,,,,,,,,,,0.0008479160023853183,,,,
uci,4,v2,dsr_c1c2,0.95,45,decoded_banded,decoded_banded,riemannian,False,8040,8040,0.00021566706709563732,0.008963083033449948,6.054097320884466e-05,False,True,search,,,,,,,,,,,,,,,,0.0008628750219941139,,,,
uci,4,v2,dsr_c1c2,0.95,57,decoded_banded,decoded_banded,riemannian,False,8040,8040,0.00021566706709563732,0.008963083033449948,6.054097320884466e-05,False,True,search,,,,,,,,,,,,,,,,0.000862209009937942,,,,
uci,4,v2,dsr_c1c2,0.95,58,decoded_banded,decoded_banded,riemannian,False,8040,8040,0.00021566706709563732,0.008963083033449948,6.054097320884466e-05,False,True,search,,,,,,,,,,,,,,,,0.0008440829114988446,,,,
uci,4,v2,dsr_c1c2,0.95,59,decoded_banded,decoded_banded,riemannian,False,8040,8040,0.00021566706709563732,0.008963083033449948,6.054097320884466e-05,False,True,search,,,,,,,,,,,,,,,,0.0008588340133428574,,,,
uci,4,v2,dsr_full,0.95,3,decoded_naive,decoded_banded,riemannian,True,6488,8040,0.0003399580018594861,0.008963083033449948,6.054097320884466e-05,False,True,search,,,,,,,,,,,,,,,,0.0008877499494701624,,,,
uci,4,v2,dsr_full,0.95,4,decoded_naive,decoded_banded,riemannian,True,6488,8040,0.0003399580018594861,0.008963083033449948,6.054097320884466e-05,False,True,search,,,,,,,,,,,,,,,,0.000904083950445056,,,,
uci,4,v2,dsr_full,0.95,5,decoded_naive,decoded_banded,riemannian,True,6488,8040,0.0003399580018594861,0.008963083033449948,6.054097320884466e-05,False,True,search,,,,,,,,,,,,,,,,0.0009077090071514249,,,,
uci,4,v2,dsr_full,0.95,6,decoded_naive,decoded_banded,riemannian,True,6488,8040,0.0003399580018594861,0.008963083033449948,6.054097320884466e-05,False,True,search,,,,,,,,,,,,,,,,0.0008891659090295434,,,,
uci,4,v2,dsr_full,0.95,11,decoded_naive,decoded_banded,riemannian,True,6488,8040,0.0003399580018594861,0.008963083033449948,6.054097320884466e-05,False,True,search,,,,,,,,,,,,,,,,0.0009132499108090997,,,,
uci,4,v2,dsr_full,0.95,14,decoded_naive,decoded_banded,riemannian,True,6488,8040,0.0003399580018594861,0.008963083033449948,6.054097320884466e-05,False,True,search,,,,,,,,,,,,,,,,0.0008862500544637442,,,,
uci,4,v2,dsr_full,0.95,16,decoded_naive,decoded_banded,riemannian,True,6488,8040,0.0003399580018594861,0.008963083033449948,6.054097320884466e-05,False,True,search,,,,,,,,,,,,,,,,0.0009359170217067003,,,,
uci,4,v2,dsr_full,0.95,17,decoded_naive,decoded_banded,riemannian,True,6488,8040,0.0003399580018594861,0.008963083033449948,6.054097320884466e-05,False,True,search,,,,,,,,,,,,,,,,0.0009001659927889705,,,,
uci,4,v2,dsr_full,0.95,19,decoded_naive,decoded_banded,riemannian,True,6488,8040,0.0003399580018594861,0.008963083033449948,6.054097320884466e-05,False,True,search,,,,,,,,,,,,,,,,0.0008709999965503812,,,,
uci,4,v2,dsr_full,0.95,20,decoded_naive,decoded_banded,riemannian,True,6488,8040,0.0003399580018594861,0.008963083033449948,6.054097320884466e-05,False,True,search,,,,,,,,,,,,,,,,0.0008716669399291277,,,,
uci,4,v2,dsr_full,0.95,23,decoded_naive,decoded_banded,riemannian,True,6488,8040,0.0003399580018594861,0.008963083033449948,6.054097320884466e-05,False,True,search,,,,,,,,,,,,,,,,0.0008830419974401593,,,,
uci,4,v2,dsr_full,0.95,27,decoded_naive,decoded_banded,riemannian,True,6488,8040,0.0003399580018594861,0.008963083033449948,6.054097320884466e-05,False,True,search,,,,,,,,,,,,,,,,0.000945374951697886,,,,
uci,4,v2,dsr_full,0.95,31,decoded_naive,decoded_banded,riemannian,True,6488,8040,0.0003399580018594861,0.008963083033449948,6.054097320884466e-05,False,True,search,,,,,,,,,,,,,,,,0.0008685410721227527,,,,
uci,4,v2,dsr_full,0.95,32,decoded_naive,decoded_banded,riemannian,True,6488,8040,0.0003399580018594861,0.008963083033449948,6.054097320884466e-05,False,True,search,,,,,,,,,,,,,,,,0.0009424579329788685,,,,
uci,4,v2,dsr_full,0.95,33,decoded_naive,decoded_banded,riemannian,True,6488,8040,0.0003399580018594861,0.008963083033449948,6.054097320884466e-05,False,True,search,,,,,,,,,,,,,,,,0.0008705839281901717,,,,
uci,4,v2,dsr_full,0.95,34,decoded_naive,decoded_banded,riemannian,True,6488,8040,0.0003399580018594861,0.008963083033449948,6.054097320884466e-05,False,True,search,,,,,,,,,,,,,,,,0.0008751250570639968,,,,
uci,4,v2,dsr_full,0.95,36,decoded_naive,decoded_banded,riemannian,True,6488,8040,0.0003399580018594861,0.008963083033449948,6.054097320884466e-05,False,True,search,,,,,,,,,,,,,,,,0.0008749159751459956,,,,
uci,4,v2,dsr_full,0.95,37,decoded_naive,decoded_banded,riemannian,True,6488,8040,0.0003399580018594861,0.008963083033449948,6.054097320884466e-05,False,True,search,,,,,,,,,,,,,,,,0.0008782079676166177,,,,
uci,4,v2,dsr_full,0.95,38,decoded_naive,decoded_banded,riemannian,True,6488,8040,0.0003399580018594861,0.008963083033449948,6.054097320884466e-05,False,True,search,,,,,,,,,,,,,,,,0.0009327080333605409,,,,
uci,4,v2,dsr_full,0.95,40,decoded_naive,decoded_banded,riemannian,True,6488,8040,0.0003399580018594861,0.008963083033449948,6.054097320884466e-05,False,True,search,,,,,,,,,,,,,,,,0.000923332991078496,,,,
uci,4,v2,dsr_full,0.95,42,decoded_naive,decoded_banded,riemannian,True,6488,8040,0.0003399580018594861,0.008963083033449948,6.054097320884466e-05,False,True,search,,,,,,,,,,,,,,,,0.0010002499911934137,,,,
uci,4,v2,dsr_full,0.95,44,decoded_naive,decoded_banded,riemannian,True,6488,8040,0.0003399580018594861,0.008963083033449948,6.054097320884466e-05,False,True,search,,,,,,,,,,,,,,,,0.0008719160687178373,,,,
uci,4,v2,dsr_full,0.95,45,decoded_naive,decoded_banded,riemannian,True,6488,8040,0.0003399580018594861,0.008963083033449948,6.054097320884466e-05,False,True,search,,,,,,,,,,,,,,,,0.0009072499815374613,,,,
uci,4,v2,dsr_full,0.95,57,decoded_naive,decoded_banded,riemannian,True,6488,8040,0.0003399580018594861,0.008963083033449948,6.054097320884466e-05,False,True,search,,,,,,,,,,,,,,,,0.000878416933119297,,,,
uci,4,v2,dsr_full,0.95,58,decoded_naive,decoded_banded,riemannian,True,6488,8040,0.0003399580018594861,0.008963083033449948,6.054097320884466e-05,False,True,search,,,,,,,,,,,,,,,,0.0009081249590963125,,,,
uci,4,v2,dsr_full,0.95,59,decoded_naive,decoded_banded,riemannian,True,6488,8040,0.0003399580018594861,0.008963083033449948,6.054097320884466e-05,False,True,search,,,,,,,,,,,,,,,,0.0008752919966354966,,,,
uci,4,v2,dsr_full_euclidean,0.95,3,decoded_naive,decoded_banded,euclidean,True,6488,8040,0.0003510420210659504,0.008963083033449948,6.054097320884466e-05,False,True,search,,,,,,,,,,,,,,,,0.0009742500260472298,,,,
uci,4,v2,dsr_full_euclidean,0.95,4,decoded_naive,decoded_banded,euclidean,True,6488,8040,0.0003510420210659504,0.008963083033449948,6.054097320884466e-05,False,True,search,,,,,,,,,,,,,,,,0.0009008749620988965,,,,
uci,4,v2,dsr_full_euclidean,0.95,5,decoded_naive,decoded_banded,euclidean,True,6488,8040,0.0003510420210659504,0.008963083033449948,6.054097320884466e-05,False,True,search,,,,,,,,,,,,,,,,0.0009075419511646032,,,,
uci,4,v2,dsr_full_euclidean,0.95,6,decoded_naive,decoded_banded,euclidean,True,6488,8040,0.0003510420210659504,0.008963083033449948,6.054097320884466e-05,False,True,search,,,,,,,,,,,,,,,,0.0008835840271785855,,,,
uci,4,v2,dsr_full_euclidean,0.95,11,decoded_naive,decoded_banded,euclidean,True,6488,8040,0.0003510420210659504,0.008963083033449948,6.054097320884466e-05,False,True,search,,,,,,,,,,,,,,,,0.0008884170092642307,,,,
uci,4,v2,dsr_full_euclidean,0.95,14,decoded_naive,decoded_banded,euclidean,True,6488,8040,0.0003510420210659504,0.008963083033449948,6.054097320884466e-05,False,True,search,,,,,,,,,,,,,,,,0.0008825829718261957,,,,
uci,4,v2,dsr_full_euclidean,0.95,16,decoded_naive,decoded_banded,euclidean,True,6488,8040,0.0003510420210659504,0.008963083033449948,6.054097320884466e-05,False,True,search,,,,,,,,,,,,,,,,0.0009151250123977661,,,,
uci,4,v2,dsr_full_euclidean,0.95,17,decoded_naive,decoded_banded,euclidean,True,6488,8040,0.0003510420210659504,0.008963083033449948,6.054097320884466e-05,False,True,search,,,,,,,,,,,,,,,,0.0009365419391542673,,,,
uci,4,v2,dsr_full_euclidean,0.95,19,decoded_naive,decoded_banded,euclidean,True,6488,8040,0.0003510420210659504,0.008963083033449948,6.054097320884466e-05,False,True,search,,,,,,,,,,,,,,,,0.0008714579744264483,,,,
uci,4,v2,dsr_full_euclidean,0.95,20,decoded_naive,decoded_banded,euclidean,True,6488,8040,0.0003510420210659504,0.008963083033449948,6.054097320884466e-05,False,True,search,,,,,,,,,,,,,,,,0.0009635830065235496,,,,
uci,4,v2,dsr_full_euclidean,0.95,23,decoded_naive,decoded_banded,euclidean,True,6488,8040,0.0003510420210659504,0.008963083033449948,6.054097320884466e-05,False,True,search,,,,,,,,,,,,,,,,0.0009457080159336329,,,,
uci,4,v2,dsr_full_euclidean,0.95,27,decoded_naive,decoded_banded,euclidean,True,6488,8040,0.0003510420210659504,0.008963083033449948,6.054097320884466e-05,False,True,search,,,,,,,,,,,,,,,,0.0008859169902279973,,,,
uci,4,v2,dsr_full_euclidean,0.95,31,decoded_naive,decoded_banded,euclidean,True,6488,8040,0.0003510420210659504,0.008963083033449948,6.054097320884466e-05,False,True,search,,,,,,,,,,,,,,,,0.0008781249634921551,,,,
uci,4,v2,dsr_full_euclidean,0.95,32,decoded_naive,decoded_banded,euclidean,True,6488,8040,0.0003510420210659504,0.008963083033449948,6.054097320884466e-05,False,True,search,,,,,,,,,,,,,,,,0.0008724159561097622,,,,
uci,4,v2,dsr_full_euclidean,0.95,33,decoded_naive,decoded_banded,euclidean,True,6488,8040,0.0003510420210659504,0.008963083033449948,6.054097320884466e-05,False,True,search,,,,,,,,,,,,,,,,0.000953792012296617,,,,
uci,4,v2,dsr_full_euclidean,0.95,34,decoded_naive,decoded_banded,euclidean,True,6488,8040,0.0003510420210659504,0.008963083033449948,6.054097320884466e-05,False,True,search,,,,,,,,,,,,,,,,0.0009040830191224813,,,,
uci,4,v2,dsr_full_euclidean,0.95,36,decoded_naive,decoded_banded,euclidean,True,6488,8040,0.0003510420210659504,0.008963083033449948,6.054097320884466e-05,False,True,search,,,,,,,,,,,,,,,,0.0008983750594779849,,,,
uci,4,v2,dsr_full_euclidean,0.95,37,decoded_naive,decoded_banded,euclidean,True,6488,8040,0.0003510420210659504,0.008963083033449948,6.054097320884466e-05,False,True,search,,,,,,,,,,,,,,,,0.000868665985763073,,,,
uci,4,v2,dsr_full_euclidean,0.95,38,decoded_naive,decoded_banded,euclidean,True,6488,8040,0.0003510420210659504,0.008963083033449948,6.054097320884466e-05,False,True,search,,,,,,,,,,,,,,,,0.0008758329786360264,,,,
uci,4,v2,dsr_full_euclidean,0.95,40,decoded_naive,decoded_banded,euclidean,True,6488,8040,0.0003510420210659504,0.008963083033449948,6.054097320884466e-05,False,True,search,,,,,,,,,,,,,,,,0.0008877920918166637,,,,
uci,4,v2,dsr_full_euclidean,0.95,42,decoded_naive,decoded_banded,euclidean,True,6488,8040,0.0003510420210659504,0.008963083033449948,6.054097320884466e-05,False,True,search,,,,,,,,,,,,,,,,0.0008730830159038305,,,,
uci,4,v2,dsr_full_euclidean,0.95,44,decoded_naive,decoded_banded,euclidean,True,6488,8040,0.0003510420210659504,0.008963083033449948,6.054097320884466e-05,False,True,search,,,,,,,,,,,,,,,,0.0009668329730629921,,,,
uci,4,v2,dsr_full_euclidean,0.95,45,decoded_naive,decoded_banded,euclidean,True,6488,8040,0.0003510420210659504,0.008963083033449948,6.054097320884466e-05,False,True,search,,,,,,,,,,,,,,,,0.0008993330411612988,,,,
uci,4,v2,dsr_full_euclidean,0.95,57,decoded_naive,decoded_banded,euclidean,True,6488,8040,0.0003510420210659504,0.008963083033449948,6.054097320884466e-05,False,True,search,,,,,,,,,,,,,,,,0.0008736669551581144,,,,
uci,4,v2,dsr_full_euclidean,0.95,58,decoded_naive,decoded_banded,euclidean,True,6488,8040,0.0003510420210659504,0.008963083033449948,6.054097320884466e-05,False,True,search,,,,,,,,,,,,,,,,0.0009294160408899188,,,,
uci,4,v2,dsr_full_euclidean,0.95,59,decoded_naive,decoded_banded,euclidean,True,6488,8040,0.0003510420210659504,0.008963083033449948,6.054097320884466e-05,False,True,search,,,,,,,,,,,,,,,,0.0009352919878438115,,,,
uci,4,v2,dsr_bands_no_identity,0.95,3,banded_no_identity,banded_no_identity,riemannian,False,8040,8040,0.00023074995260685682,0.008963083033449948,6.054097320884466e-05,False,True,search,,,,,,,,,,,,,,,,0.0008527500322088599,,,,
uci,4,v2,dsr_bands_no_identity,0.95,4,banded_no_identity,banded_no_identity,riemannian,False,8040,8040,0.00023074995260685682,0.008963083033449948,6.054097320884466e-05,False,True,search,,,,,,,,,,,,,,,,0.000969582935795188,,,,
uci,4,v2,dsr_bands_no_identity,0.95,5,banded_no_identity,banded_no_identity,riemannian,False,8040,8040,0.00023074995260685682,0.008963083033449948,6.054097320884466e-05,False,True,search,,,,,,,,,,,,,,,,0.0008552909130230546,,,,
uci,4,v2,dsr_bands_no_identity,0.95,6,banded_no_identity,banded_no_identity,riemannian,False,8040,8040,0.00023074995260685682,0.008963083033449948,6.054097320884466e-05,False,True,search,,,,,,,,,,,,,,,,0.0008505829609930515,,,,
uci,4,v2,dsr_bands_no_identity,0.95,11,banded_no_identity,banded_no_identity,riemannian,False,8040,8040,0.00023074995260685682,0.008963083033449948,6.054097320884466e-05,False,True,search,,,,,,,,,,,,,,,,0.0008612090023234487,,,,
uci,4,v2,dsr_bands_no_identity,0.95,14,banded_no_identity,banded_no_identity,riemannian,False,8040,8040,0.00023074995260685682,0.008963083033449948,6.054097320884466e-05,False,True,search,,,,,,,,,,,,,,,,0.0008602499729022384,,,,
uci,4,v2,dsr_bands_no_identity,0.95,16,banded_no_identity,banded_no_identity,riemannian,False,8040,8040,0.00023074995260685682,0.008963083033449948,6.054097320884466e-05,False,True,search,,,,,,,,,,,,,,,,0.0008723329519852996,,,,
uci,4,v2,dsr_bands_no_identity,0.95,17,banded_no_identity,banded_no_identity,riemannian,False,8040,8040,0.00023074995260685682,0.008963083033449948,6.054097320884466e-05,False,True,search,,,,,,,,,,,,,,,,0.0008735000155866146,,,,
uci,4,v2,dsr_bands_no_identity,0.95,19,banded_no_identity,banded_no_identity,riemannian,False,8040,8040,0.00023074995260685682,0.008963083033449948,6.054097320884466e-05,False,True,search,,,,,,,,,,,,,,,,0.0009538331069052219,,,,
uci,4,v2,dsr_bands_no_identity,0.95,20,banded_no_identity,banded_no_identity,riemannian,False,8040,8040,0.00023074995260685682,0.008963083033449948,6.054097320884466e-05,False,True,search,,,,,,,,,,,,,,,,0.0008461669785901904,,,,
uci,4,v2,dsr_bands_no_identity,0.95,23,banded_no_identity,banded_no_identity,riemannian,False,8040,8040,0.00023074995260685682,0.008963083033449948,6.054097320884466e-05,False,True,search,,,,,,,,,,,,,,,,0.0008458750089630485,,,,
uci,4,v2,dsr_bands_no_identity,0.95,27,banded_no_identity,banded_no_identity,riemannian,False,8040,8040,0.00023074995260685682,0.008963083033449948,6.054097320884466e-05,False,True,search,,,,,,,,,,,,,,,,0.0008424168918281794,,,,
uci,4,v2,dsr_bands_no_identity,0.95,31,banded_no_identity,banded_no_identity,riemannian,False,8040,8040,0.00023074995260685682,0.008963083033449948,6.054097320884466e-05,False,True,search,,,,,,,,,,,,,,,,0.0008490000618621707,,,,
uci,4,v2,dsr_bands_no_identity,0.95,32,banded_no_identity,banded_no_identity,riemannian,False,8040,8040,0.00023074995260685682,0.008963083033449948,6.054097320884466e-05,False,True,search,,,,,,,,,,,,,,,,0.0008475419599562883,,,,
uci,4,v2,dsr_bands_no_identity,0.95,33,banded_no_identity,banded_no_identity,riemannian,False,8040,8040,0.00023074995260685682,0.008963083033449948,6.054097320884466e-05,False,True,search,,,,,,,,,,,,,,,,0.0008780841017141938,,,,
uci,4,v2,dsr_bands_no_identity,0.95,34,banded_no_identity,banded_no_identity,riemannian,False,8040,8040,0.00023074995260685682,0.008963083033449948,6.054097320884466e-05,False,True,search,,,,,,,,,,,,,,,,0.0009278749348595738,,,,
uci,4,v2,dsr_bands_no_identity,0.95,36,banded_no_identity,banded_no_identity,riemannian,False,8040,8040,0.00023074995260685682,0.008963083033449948,6.054097320884466e-05,False,True,search,,,,,,,,,,,,,,,,0.0008582910522818565,,,,
uci,4,v2,dsr_bands_no_identity,0.95,37,banded_no_identity,banded_no_identity,riemannian,False,8040,8040,0.00023074995260685682,0.008963083033449948,6.054097320884466e-05,False,True,search,,,,,,,,,,,,,,,,0.0008505000732839108,,,,
uci,4,v2,dsr_bands_no_identity,0.95,38,banded_no_identity,banded_no_identity,riemannian,False,8040,8040,0.00023074995260685682,0.008963083033449948,6.054097320884466e-05,False,True,search,,,,,,,,,,,,,,,,0.000850832904689014,,,,
uci,4,v2,dsr_bands_no_identity,0.95,40,banded_no_identity,banded_no_identity,riemannian,False,8040,8040,0.00023074995260685682,0.008963083033449948,6.054097320884466e-05,False,True,search,,,,,,,,,,,,,,,,0.0008549160556867719,,,,
uci,4,v2,dsr_bands_no_identity,0.95,42,banded_no_identity,banded_no_identity,riemannian,False,8040,8040,0.00023074995260685682,0.008963083033449948,6.054097320884466e-05,False,True,search,,,,,,,,,,,,,,,,0.0008874170016497374,,,,
uci,4,v2,dsr_bands_no_identity,0.95,44,banded_no_identity,banded_no_identity,riemannian,False,8040,8040,0.00023074995260685682,0.008963083033449948,6.054097320884466e-05,False,True,search,,,,,,,,,,,,,,,,0.0008620839798822999,,,,
uci,4,v2,dsr_bands_no_identity,0.95,45,banded_no_identity,banded_no_identity,riemannian,False,8040,8040,0.00023074995260685682,0.008963083033449948,6.054097320884466e-05,False,True,search,,,,,,,,,,,,,,,,0.0009046669583767653,,,,
uci,4,v2,dsr_bands_no_identity,0.95,57,banded_no_identity,banded_no_identity,riemannian,False,8040,8040,0.00023074995260685682,0.008963083033449948,6.054097320884466e-05,False,True,search,,,,,,,,,,,,,,,,0.0008385000983253121,,,,
uci,4,v2,dsr_bands_no_identity,0.95,58,banded_no_identity,banded_no_identity,riemannian,False,8040,8040,0.00023074995260685682,0.008963083033449948,6.054097320884466e-05,False,True,search,,,,,,,,,,,,,,,,0.0008598329732194543,,,,
uci,4,v2,dsr_bands_no_identity,0.95,59,banded_no_identity,banded_no_identity,riemannian,False,8040,8040,0.00023074995260685682,0.008963083033449948,6.054097320884466e-05,False,True,search,,,,,,,,,,,,,,,,0.000858957995660603,,,,
